condition,hours,seed,policy,dt_ms,iei_ms,fit_min,fit_max,sigma_single,tau_regression,regression_r2,n_avalanches,fit_fraction,mean_size,max_size,tau_mle,exp_rate,llr,vuong_z,ks,fit_n,ks_iid_p,lognormal_a,lognormal_b,lognormal_bound_hit,aic_powerlaw_minus_lognormal,signature_regression,signature_mle
homogeneous,0.25,100,iei_rounded,54.0,54.10211706102117,1,30,0.8440988835725678,2.504686626825956,0.8735462915219653,4048,1.0,3.52149209486166,26,1.4028667840132503,0.333883145999897,-670.6039531831648,-24.178572113321117,0.14661312000874865,4048,0.005,-0.4420150712037874,0.7627441129732271,False,1324.5795341046723,False,False
homogeneous,0.25,100,iei_rounded,54.0,54.10211706102117,1,15,0.8440988835725678,1.8694313746778213,0.8564016676637228,4048,0.9925889328063241,3.52149209486166,26,1.1843032658734085,0.3353500048850746,-351.10383302158607,-16.782867121581997,0.10307309895838068,4018,0.005,-0.3419306571706933,0.7048212650008958,False,704.7067805447841,False,False
homogeneous,0.25,100,iei_rounded,54.0,54.10211706102117,1,59,0.8440988835725678,2.504686626825956,0.8735462915219653,4048,1.0,3.52149209486166,26,1.5213005104614528,0.33403394460363733,-869.7221062055256,-28.735947248927623,0.1743671018488716,4048,0.005,-0.46740879405683333,0.7764642233460595,False,1714.8112359540391,False,False
homogeneous,0.25,100,iei_rounded,54.0,54.10211706102117,3,30,0.8440988835725678,3.2918877686761565,0.9436201237727234,4048,0.5160573122529645,3.52149209486166,26,2.366562941299053,0.34188906135079666,-116.82365561114216,-8.467458441225435,0.08628316396534569,2089,0.005,-1.9829963585258266,1.1843611882426825,False,227.58567573603978,False,False
homogeneous,0.25,100,fixed_10,10.0,54.10211706102117,1,30,0.15586773700305812,4.4335862144769465,0.9336476040610806,11318,1.0,1.2594981445485067,6,2.993957646592653,1.5797190701481512,-400.52157450329565,-18.49564754112572,0.04050439375442927,11318,0.005,0.9313291581319451,1.8454273184728285,False,794.3012904800435,False,False
homogeneous,0.25,100,fixed_10,10.0,54.10211706102117,1,15,0.15586773700305812,4.4335862144769465,0.9336476040610806,11318,1.0,1.2594981445485067,6,2.970559556374015,1.5797190677995414,-385.24437848332445,-18.193387465590668,0.03843581702046095,11318,0.005,0.9313646534813961,1.845386674782187,False,763.7488391309671,False,False
homogeneous,0.25,100,fixed_10,10.0,54.10211706102117,1,59,0.15586773700305812,4.4335862144769465,0.9336476040610806,11318,1.0,1.2594981445485067,6,3.000898820513113,1.5797190701481512,-404.2860045605555,-18.54415290524438,0.041175476858548055,11318,0.005,0.9313290374221718,1.8454274433635955,False,801.8301498338042,False,False
homogeneous,0.25,100,fixed_10,10.0,54.10211706102117,3,30,0.15586773700305812,7.033213017652462,0.99401692986863,11318,0.04117335218236438,1.2594981445485067,6,6.591974600627784,1.6934288594984954,-3.8199510801050636,-2.0716464577073532,0.018769028837683277,466,0.015,-5.10332305487499,4.3669682680643565,False,5.7015504257561815,False,False
homogeneous,0.25,100,selected_regression,64.0,54.10211706102117,1,30,1.0170049369171694,2.017282786796177,0.8678605734915876,3214,0.9993777224642191,4.43528313627878,34,1.2278885602369467,0.25572155933099205,-511.4462154801952,-20.850231786846983,0.13519961116074955,3212,0.005,-0.5391525920764632,0.667074452386775,False,1002.8122245576251,False,False
homogeneous,0.25,100,selected_mle,54.0,54.10211706102117,1,30,0.8440988835725678,2.504686626825956,0.8735462915219653,4048,1.0,3.52149209486166,26,1.4028667840132503,0.333883145999897,-670.6039531831648,-24.178572113321117,0.14661312000874865,4048,0.005,-0.4420150712037874,0.7627441129732271,False,1324.5795341046723,False,False
homogeneous,0.25,101,iei_rounded,53.0,53.28907694495804,1,30,0.8415384615384616,2.666281067683373,0.8655083173551227,4159,1.0,3.519355614330368,27,1.4057219452019627,0.33412480265721634,-674.5078158388345,-23.876523538849863,0.1373599086512053,4159,0.005,-0.38481203880929027,0.7391605679264831,False,1294.2468616394654,False,False
homogeneous,0.25,101,iei_rounded,53.0,53.28907694495804,1,15,0.8415384615384616,1.889859818950199,0.8354732007833493,4159,0.9942293820629959,3.519355614330368,27,1.1843602160027178,0.33295329487526915,-336.74705510286816,-15.882037107265122,0.0930819044474332,4135,0.005,-0.2524949556388508,0.6619201564030666,False,648.3262417294318,False,False
homogeneous,0.25,101,iei_rounded,53.0,53.28907694495804,1,59,0.8415384615384616,2.666281067683373,0.8655083173551227,4159,1.0,3.519355614330368,27,1.5237061952944213,0.3342747304085141,-877.6182124297452,-28.316436583134386,0.16500089966012915,4159,0.005,-0.41260865181840745,0.7541543955577066,False,1691.168649077168,False,False
homogeneous,0.25,101,iei_rounded,53.0,53.28907694495804,3,30,0.8415384615384616,3.480551753217858,0.9296464001621099,4159,0.5203173839865353,3.519355614330368,27,2.3639896420583053,0.34336965152501164,-134.2206115163744,-9.487708389537651,0.08749957338228254,2164,0.005,-2.2726696047257633,1.265182418427851,False,261.9788796678222,False,False
homogeneous,0.25,101,fixed_10,10.0,53.28907694495804,1,30,0.16682563906905762,4.047000229505589,0.9433523894704334,11409,1.0,1.2829345253747042,6,2.9219199407604837,1.5116898190941161,-414.8736801096261,-17.72897252654984,0.043509053916722884,11409,0.005,0.9569513187425912,1.701249224643867,False,826.070409967162,False,False
homogeneous,0.25,101,fixed_10,10.0,53.28907694495804,1,15,0.16682563906905762,4.047000229505589,0.9433523894704334,11409,1.0,1.2829345253747042,6,2.8955168745574316,1.511689813227024,-395.90219174800717,-17.30468734651086,0.04104615829512648,11409,0.005,0.9570363598161002,1.7011540887260215,False,788.1331697614514,False,False
homogeneous,0.25,101,fixed_10,10.0,53.28907694495804,1,59,0.16682563906905762,4.047000229505589,0.9433523894704334,11409,1.0,1.2829345253747042,6,2.9300681132974216,1.5116898190941161,-419.74989806514213,-17.810202318109592,0.04434112593990869,11409,0.005,0.9569511446325638,1.701249407796194,False,835.8228418485305,False,False
homogeneous,0.25,101,fixed_10,10.0,53.28907694495804,3,30,0.16682563906905762,6.121178109279114,0.9871335912777159,11409,0.04619160312034359,1.2829345253747042,6,5.755293796553369,1.4290422108333618,-9.241844689223367,-4.095826308593911,0.03681612060328632,527,0.005,-8.893019126084473,5.3849865185992885,False,19.20361386959712,False,False
homogeneous,0.25,101,selected_regression,64.0,53.28907694495804,1,30,1.0067340067340067,2.1055027481228707,0.8602852499730499,3223,1.0,4.541421036301583,30,1.2076915769047591,0.2476077489906126,-505.5896520896116,-20.33347773058617,0.13105943496625727,3223,0.005,-0.5448211162530087,0.6549493277376343,False,991.5830227756105,False,False
homogeneous,0.25,101,selected_mle,53.0,53.28907694495804,1,30,0.8415384615384616,2.666281067683373,0.8655083173551227,4159,1.0,3.519355614330368,27,1.4057219452019627,0.33412480265721634,-674.5078158388345,-23.876523538849863,0.1373599086512053,4159,0.005,-0.38481203880929027,0.7391605679264831,False,1294.2468616394654,False,False
homogeneous,0.25,102,iei_rounded,54.0,53.936409155937056,1,30,0.8666666666666667,2.476074480695871,0.8758633045208843,4055,1.0,3.5856966707768185,27,1.3880376127594456,0.32677907502721604,-674.1443675320355,-24.602593027301165,0.13921841618055703,4055,0.005,-0.4243684077984433,0.7422976779682825,False,1294.109634059896,False,False
homogeneous,0.25,102,iei_rounded,54.0,53.936409155937056,1,15,0.8666666666666667,1.8381063279039687,0.8481691400345366,4055,0.9933415536374846,3.5856966707768185,27,1.162936718629643,0.32538649379987095,-333.8009691097544,-16.237035486311537,0.09427281717936353,4028,0.005,-0.29062595919652184,0.6652399901655949,False,644.6811197812967,False,False
homogeneous,0.25,102,iei_rounded,54.0,53.936409155937056,1,59,0.8666666666666667,2.476074480695871,0.8758633045208843,4055,1.0,3.5856966707768185,27,1.5088266553066791,0.3269577810866411,-881.1391836321924,-29.16449047217741,0.16756133373327003,4055,0.005,-0.45351978383879277,0.7578704515588947,False,1698.4745185253087,False,False
homogeneous,0.25,102,iei_rounded,54.0,53.936409155937056,3,30,0.8666666666666667,3.2749488626016046,0.9498299276785962,4055,0.5292231812577065,3.5856966707768185,27,2.3361963834647614,0.3373938162379927,-139.0382121048009,-10.038453739636665,0.08177142587682351,2146,0.005,-2.3376449491544236,1.2712468857868582,False,268.0627708944521,False,False
homogeneous,0.25,102,fixed_10,10.0,53.936409155937056,1,30,0.16237774190485235,4.291782916783963,0.9240612874229766,11412,1.0,1.2740974412898702,7,2.9512926592915374,1.5365096494223165,-392.45851540316,-16.1059533329423,0.042052824365962804,11412,0.005,0.9924043785931792,1.7109616233220724,False,790.79721072352,False,False
homogeneous,0.25,102,fixed_10,10.0,53.936409155937056,1,15,0.16237774190485235,4.291782916783963,0.9240612874229766,11412,1.0,1.2740974412898702,7,2.9261541479092212,1.5365096452197058,-375.02848289536695,-15.674608472358981,0.039758524453944455,11412,0.005,0.9924797083518696,1.710876842021633,False,755.9419780917378,False,False
homogeneous,0.25,102,fixed_10,10.0,53.936409155937056,1,59,0.16237774190485235,4.291782916783963,0.9240612874229766,11412,1.0,1.2740974412898702,7,2.958927559539097,1.5365096494223165,-396.86250591675173,-16.194139853911764,0.042815318358874976,11412,0.005,0.9924042342879666,1.7109617769805445,False,799.6051885660218,False,False
homogeneous,0.25,102,fixed_10,10.0,53.936409155937056,3,30,0.16237774190485235,5.801048357616815,0.8749183092094196,11412,0.04372590255871013,1.2740974412898702,7,5.833797878663502,1.42508898545764,0.24474663383927364,0.08483754456594504,0.010222878335259145,499,0.305,2.086753544646852,1.3376044832938634,False,0.4787325472359498,False,False
homogeneous,0.25,102,selected_regression,96.0,53.936409155937056,1,30,1.4876923076923076,1.1154084430950486,0.816842194864341,1588,0.9672544080604534,9.15617128463476,78,0.7593332025434893,0.11657627542079507,-125.84498949636121,-9.671158368902404,0.10512709652952135,1536,0.005,-0.6115860209637886,0.42396355612172304,False,250.09386055015784,False,False
homogeneous,0.25,102,selected_mle,54.0,53.936409155937056,1,30,0.8666666666666667,2.476074480695871,0.8758633045208843,4055,1.0,3.5856966707768185,27,1.3880376127594456,0.32677907502721604,-674.1443675320355,-24.602593027301165,0.13921841618055703,4055,0.005,-0.4243684077984433,0.7422976779682825,False,1294.109634059896,False,False
homogeneous,0.25,103,iei_rounded,54.0,54.01234835355286,1,30,0.8443564356435643,2.5329622777133087,0.8527204774218285,4088,1.0,3.529843444227006,26,1.4034454128994458,0.3329418417874036,-662.3710916021857,-23.8119123774878,0.13959771612196664,4088,0.005,-0.395421035930364,0.7420712582337011,False,1282.8340647699406,False,False
homogeneous,0.25,103,iei_rounded,54.0,54.01234835355286,1,15,0.8443564356435643,1.8274510025258126,0.8661578268215564,4088,0.9936399217221135,3.529843444227006,26,1.1825031809733684,0.33211215386422877,-329.51461154932116,-15.49095745677487,0.09542948588675859,4062,0.005,-0.2669255804194569,0.6675375909005296,False,647.2464127750136,False,False
homogeneous,0.25,103,iei_rounded,54.0,54.01234835355286,1,59,0.8443564356435643,2.5329622777133087,0.8527204774218285,4088,1.0,3.529843444227006,26,1.521787944000403,0.33309607953839127,-863.1582790222811,-28.30319256268554,0.16732878835012044,4088,0.005,-0.4230928769653892,0.7569844716297226,False,1675.331998045789,False,False
homogeneous,0.25,103,iei_rounded,54.0,54.01234835355286,3,30,0.8443564356435643,3.361557341181125,0.9183551534828768,4088,0.5217710371819961,3.529843444227006,26,2.3708852531325117,0.34283073744998616,-118.43807088309752,-8.563029548787723,0.07802411941667542,2133,0.005,-1.910467990644254,1.165742132765798,False,225.84167395672375,False,False
homogeneous,0.25,103,fixed_10,10.0,54.01234835355286,1,30,0.15979629095800904,4.799794510506931,0.9253437512472855,11335,1.0,1.2730480811645346,7,2.9471820876544452,1.5395214666492207,-432.33337694365343,-19.165218051614733,0.0436466187483745,11335,0.005,0.8558910194253025,1.84955937124874,False,863.6018662816787,False,False
homogeneous,0.25,103,fixed_10,10.0,54.01234835355286,1,15,0.15979629095800904,4.799794510506931,0.9253437512472855,11335,1.0,1.2730480811645346,7,2.92186992775264,1.539521462613481,-414.8137151179434,-18.826229123858337,0.04132939302219174,11335,0.005,0.8559301477741571,1.8495148449581111,False,828.5648425921318,False,False
homogeneous,0.25,103,fixed_10,10.0,54.01234835355286,1,59,0.15979629095800904,4.799794510506931,0.9253437512472855,11335,1.0,1.2730480811645346,7,2.9548870214759138,1.5395214666492207,-436.7706633262654,-19.221750591962227,0.04441851079998993,11335,0.005,0.8558908556788122,1.8495595381897922,False,872.4764381153182,False,False
homogeneous,0.25,103,fixed_10,10.0,54.01234835355286,3,30,0.15979629095800904,7.364155395416642,0.9805333528907327,11335,0.04349360388178209,1.2730480811645346,7,6.349475894232656,1.6110626081611032,-3.64990441377347,-1.6957325503915888,0.017837440947605754,493,0.025,-3.138784232474578,3.5060707325954072,False,5.124570547385588,False,False
homogeneous,0.25,103,selected_regression,64.0,54.01234835355286,1,30,1.0098630136986302,2.0904709561925934,0.8675826256250441,3254,0.9996926859250154,4.4345421020282725,33,1.2292587714254584,0.25518487593853667,-504.9983519047485,-20.369440691474022,0.1333629420596195,3253,0.005,-0.5051284859872353,0.6544495506791062,False,984.1582639213975,False,False
homogeneous,0.25,103,selected_mle,54.0,54.01234835355286,1,30,0.8443564356435643,2.5329622777133087,0.8527204774218285,4088,1.0,3.529843444227006,26,1.4034454128994458,0.3329418417874036,-662.3710916021857,-23.8119123774878,0.13959771612196664,4088,0.005,-0.395421035930364,0.7420712582337011,False,1282.8340647699406,False,False
homogeneous,0.25,104,iei_rounded,54.0,54.35913357400722,1,30,0.8614410134600158,2.5783585919508067,0.8332490133677124,4091,0.9997555609875336,3.5223661696406747,34,1.4016438761267498,0.3346282553921778,-693.9054050989921,-26.204260542057014,0.1470840321963809,4090,0.005,-0.45247891418532965,0.7664628846832833,False,1349.8779222682533,False,False
homogeneous,0.25,104,iei_rounded,54.0,54.35913357400722,1,15,0.8614410134600158,1.8000100764168376,0.8644295517912544,4091,0.9963334148130042,3.5223661696406747,34,1.173131936347703,0.32847160485006677,-329.99734648234084,-15.582295507456816,0.10117274945735855,4076,0.005,-0.29377066598323753,0.6738293613911149,False,663.9156019235379,False,False
homogeneous,0.25,104,iei_rounded,54.0,54.35913357400722,1,59,0.8614410134600158,2.5788345955058025,0.84810212173423,4091,1.0,3.5223661696406747,34,1.51976977271792,0.3339355354423905,-889.6192013942846,-29.674845036579946,0.17473799226972764,4091,0.005,-0.4722774466032117,0.777125406940893,False,1739.119173689549,False,False
homogeneous,0.25,104,iei_rounded,54.0,54.35913357400722,3,30,0.8614410134600158,3.4957442319886485,0.902866542107303,4091,0.5128330481544855,3.5223661696406747,34,2.3449706623142585,0.34115804878521383,-145.52701112571617,-11.493970992650487,0.08500368484866039,2098,0.005,-2.5106564580712094,1.3241365001494805,False,276.85210780170564,False,False
homogeneous,0.25,104,fixed_10,10.0,54.35913357400722,1,30,0.15313950184676578,4.744947926763998,0.9373329128620923,11448,1.0,1.2587351502445843,7,2.9981768275581313,1.5820576941658158,-394.80371493571124,-17.69457941854193,0.04027765537811856,11448,0.005,0.9574325991202431,1.8241390170153975,False,787.4046617923705,False,False
homogeneous,0.25,104,fixed_10,10.0,54.35913357400722,1,15,0.15313950184676578,4.744947926763998,0.9373329128620923,11448,1.0,1.2587351502445843,7,2.974944839271325,1.5820576918901081,-379.5387962684579,-17.3622345556671,0.038230229896534684,11448,0.005,0.95747155795551,1.8240944703530366,False,756.876991688945,False,False
homogeneous,0.25,104,fixed_10,10.0,54.35913357400722,1,59,0.15313950184676578,4.744947926763998,0.9373329128620923,11448,1.0,1.2587351502445843,7,3.005052593852236,1.5820576941658158,-398.55575075148016,-17.753054056256182,0.0409402811372771,11448,0.005,0.957432485697984,1.8241391351001177,False,794.9087325115033,False,False
homogeneous,0.25,104,fixed_10,10.0,54.35913357400722,3,30,0.15313950184676578,7.087464771881414,0.9924303298787852,11448,0.04018169112508735,1.2587351502445843,7,6.281866650251926,1.5888892442067082,-3.493781734008314,-1.610844815249888,0.019589498636838343,460,0.01,-3.1710424722072155,3.4864798241299435,False,4.932289257954153,False,False
homogeneous,0.25,104,selected_regression,96.0,54.35913357400722,1,30,1.5007407407407407,1.0741062547809994,0.784157036216569,1563,0.9776071657069738,9.219449776071658,74,0.7197001079353615,0.10929446111904931,-122.01035311968374,-9.893669890063231,0.11615174936321349,1528,0.005,-0.6188771719242668,0.40822534628340834,False,230.41131940402374,False,False
homogeneous,0.25,104,selected_mle,54.0,54.35913357400722,1,30,0.8614410134600158,2.5783585919508067,0.8332490133677124,4091,0.9997555609875336,3.5223661696406747,34,1.4016438761267498,0.3346282553921778,-693.9054050989921,-26.204260542057014,0.1470840321963809,4090,0.005,-0.45247891418532965,0.7664628846832833,False,1349.8779222682533,False,False
homogeneous,0.25,105,iei_rounded,54.0,54.048918156161804,1,30,0.8509972624168948,2.530860968978732,0.8762820930807262,4089,1.0,3.5228662264612374,28,1.4104537933127563,0.3337279013867127,-629.9255032386063,-22.420486605728197,0.13632008472660373,4089,0.005,-0.3311154055398213,0.7187336369255006,False,1213.2411059578553,False,False
homogeneous,0.25,105,iei_rounded,54.0,54.048918156161804,1,15,0.8509972624168948,1.7790658161381105,0.8806783203546319,4089,0.9943751528491074,3.5228662264612374,28,1.190040739295858,0.33180533542430246,-297.77149377753847,-13.685315204475438,0.09218259642040222,4066,0.005,-0.18408437631163138,0.6330872278765994,False,586.4347914701793,False,False
homogeneous,0.25,105,iei_rounded,54.0,54.048918156161804,1,59,0.8509972624168948,2.530860968978732,0.8762820930807262,4089,1.0,3.5228662264612374,28,1.5276959617347163,0.333879262026909,-827.2400030622739,-26.888783164075562,0.1637741154971606,4089,0.005,-0.360930798867145,0.7348126914202092,False,1597.827452456102,False,False
homogeneous,0.25,105,iei_rounded,54.0,54.048918156161804,3,30,0.8509972624168948,3.3120392571367576,0.9459496024249289,4089,0.512350207874786,3.5228662264612374,28,2.3372934875568543,0.33563622800417237,-123.31130437727154,-9.09229684239555,0.08461982832888881,2095,0.005,-2.0534953984358033,1.1916218341288005,False,236.3117951763852,False,False
homogeneous,0.25,105,fixed_10,10.0,54.048918156161804,1,30,0.1558019499139744,4.952184391805274,0.9270013953307481,11371,1.0,1.266819101222408,8,2.970943134966804,1.557693487610142,-404.071230740658,-17.815740099407932,0.04137058872392718,11371,0.005,0.9451259681256277,1.7929221432730855,False,803.4299848255869,False,False
homogeneous,0.25,105,fixed_10,10.0,54.048918156161804,1,15,0.1558019499139744,4.952184391805274,0.9270013953307481,11371,1.0,1.266819101222408,8,2.9466201169677095,1.5576934844500925,-387.66439148385797,-17.46158999615106,0.0391829784322264,11371,0.005,0.9451744900391518,1.7928670404347835,False,770.619155722643,False,False
homogeneous,0.25,105,fixed_10,10.0,54.048918156161804,1,59,0.1558019499139744,4.952184391805274,0.9270013953307481,11371,1.0,1.266819101222408,8,2.978251102977845,1.557693487610142,-408.1692116501843,-17.879257240548604,0.042089618627243586,11371,0.005,0.945125845031072,1.7929222719665148,False,811.625945267424,False,False
homogeneous,0.25,105,fixed_10,10.0,54.048918156161804,3,30,0.1558019499139744,6.862044390180856,0.9317975110372331,11371,0.0430041333216076,1.266819101222408,8,6.36300189762944,1.6110759144383424,-2.518635884879508,-0.8943185692500788,0.018171460459011635,489,0.015,-1.7424510179259398,2.986272997148924,False,3.542746146507284,False,False
homogeneous,0.25,105,selected_regression,96.0,54.048918156161804,1,30,1.4452887537993921,1.1239152936235224,0.7625961261889205,1566,0.9712643678160919,9.198595146871009,71,0.740304079208526,0.11264418732620826,-120.04382954944853,-9.819036545201332,0.09409907956663133,1521,0.005,-0.6057926846068089,0.4135198363678905,False,235.89748496929678,False,False
homogeneous,0.25,105,selected_mle,54.0,54.048918156161804,1,30,0.8509972624168948,2.530860968978732,0.8762820930807262,4089,1.0,3.5228662264612374,28,1.4104537933127563,0.3337279013867127,-629.9255032386063,-22.420486605728197,0.13632008472660373,4089,0.005,-0.3311154055398213,0.7187336369255006,False,1213.2411059578553,False,False
homogeneous,0.25,106,iei_rounded,54.0,54.38809558502113,1,30,0.8745203376822717,2.501151802968158,0.8706337150635994,4060,1.0,3.5246305418719213,25,1.4032393900853908,0.3335287848172377,-666.1163921606978,-24.1575531030264,0.14161656901835173,4060,0.005,-0.41620433725127326,0.7513265702688656,False,1298.3134755744213,False,False
homogeneous,0.25,106,iei_rounded,54.0,54.38809558502113,1,15,0.8745203376822717,1.8437327533408403,0.8635142162123541,4060,0.993103448275862,3.5246305418719213,25,1.1834717090372333,0.3336870338818504,-339.02230023250684,-16.032506398037214,0.09773807807934998,4032,0.005,-0.2998832587834238,0.6840190757453689,False,670.7489297005268,False,False
homogeneous,0.25,106,iei_rounded,54.0,54.38809558502113,1,59,0.8745203376822717,2.501151802968158,0.8706337150635994,4060,1.0,3.5246305418719213,25,1.5216143855304605,0.3336808692981875,-865.6352524277166,-28.6470737497813,0.16935579766606806,4060,0.005,-0.44283024079571365,0.7656929259439034,False,1688.7918611780697,False,False
homogeneous,0.25,106,iei_rounded,54.0,54.38809558502113,3,30,0.8745203376822717,3.332491677742515,0.9450412019887979,4060,0.5229064039408867,3.5246305418719213,25,2.3851792099292286,0.3454133071961646,-111.82225462998062,-8.203716894319339,0.07922726399558894,2123,0.005,-1.7839739292978334,1.1361199433609002,False,213.1379075523364,False,False
homogeneous,0.25,106,fixed_10,10.0,54.38809558502113,1,30,0.15586404978458593,4.623564351102803,0.9197956826404401,11323,1.0,1.2637993464629516,9,2.9815373488262207,1.566689054334382,-394.8323960549906,-17.40717023527942,0.04073915054400201,11323,0.005,0.9617361654781921,1.7923703551314631,False,785.4475310890502,False,False
homogeneous,0.25,106,fixed_10,10.0,54.38809558502113,1,15,0.15586404978458593,4.623564351102803,0.9197956826404401,11323,1.0,1.2637993464629516,9,2.957644093122889,1.566689051534933,-378.98850707234465,-17.055091228927186,0.03860711170018516,11323,0.005,0.9617835509741238,1.7923164641622564,False,753.7624793387986,False,False
homogeneous,0.25,106,fixed_10,10.0,54.38809558502113,1,59,0.15586404978458593,4.623564351102803,0.9197956826404401,11323,1.0,1.2637993464629516,9,2.988674349494639,1.566689054334382,-398.76517618875323,-17.471206847794903,0.041435722916701834,11323,0.005,0.9617360486485099,1.7923704775832061,False,793.3130900502765,False,False
homogeneous,0.25,106,fixed_10,10.0,54.38809558502113,3,30,0.15586404978458593,5.937161894359224,0.8768936812974577,11323,0.04230327651682416,1.2637993464629516,9,6.382658342129284,1.6144672608390933,-1.716916247424292,-0.529615694978313,0.015050413122342343,479,0.06,-0.6361542163067163,2.5800246159426505,False,2.3029882021836556,False,False
homogeneous,0.25,106,selected_regression,96.0,54.38809558502113,1,30,1.5267062314540059,1.1457930810853665,0.7565208483711774,1591,0.9761156505342552,8.994343180389691,85,0.7521576031867934,0.11584886655771173,-131.63932784030487,-10.49824023629004,0.09267861790905163,1553,0.005,-0.700628024135951,0.4478424440239271,False,278.2110523106676,False,False
homogeneous,0.25,106,selected_mle,54.0,54.38809558502113,1,30,0.8745203376822717,2.501151802968158,0.8706337150635994,4060,1.0,3.5246305418719213,25,1.4032393900853908,0.3335287848172377,-666.1163921606978,-24.1575531030264,0.14161656901835173,4060,0.005,-0.41620433725127326,0.7513265702688656,False,1298.3134755744213,False,False
homogeneous,0.25,107,iei_rounded,55.0,54.79763727849486,1,30,0.876750700280112,2.5247196018768405,0.8511939321160771,3993,1.0,3.575256699223641,23,1.3858306438718895,0.3279137992621487,-690.4326601586998,-25.629038471184938,0.14530837715504624,3993,0.005,-0.4950178581200931,0.7722278630726687,False,1355.3066411289947,False,False
homogeneous,0.25,107,iei_rounded,55.0,54.79763727849486,1,15,0.876750700280112,1.8322617049401217,0.8509103044616619,3993,0.9929877285249186,3.575256699223641,23,1.1606490857991698,0.32699235363077084,-352.84083303036505,-17.04171834483306,0.10039481924881122,3965,0.005,-0.3793756835486119,0.7058609522531614,False,706.3091196488349,False,False
homogeneous,0.25,107,iei_rounded,55.0,54.79763727849486,1,59,0.876750700280112,2.5247196018768405,0.8511939321160771,3993,1.0,3.575256699223641,23,1.5069732195088097,0.3280877342614529,-895.3993815262796,-30.237837884942728,0.17373922918069173,3993,0.005,-0.5209270289554581,0.7861056033227368,False,1757.1658707518,False,False
homogeneous,0.25,107,iei_rounded,55.0,54.79763727849486,3,30,0.876750700280112,3.402115708263601,0.9263673241890822,3993,0.5341848234410218,3.575256699223641,23,2.3788889442689847,0.34508514910530785,-119.9568760390264,-8.976383959826244,0.08932891495660783,2133,0.005,-2.009178821440576,1.1970829078914575,False,233.84756554448722,False,False
homogeneous,0.25,107,fixed_10,10.0,54.79763727849486,1,30,0.15465193791067516,4.472839185750311,0.9193515831499834,11347,1.0,1.2581299021767869,6,3.0017703645333587,1.583918737782318,-381.8921702244097,-17.490106808545647,0.0394465618487837,11347,0.005,0.9997836998459692,1.784365476381379,False,756.6621358025786,False,False
homogeneous,0.25,107,fixed_10,10.0,54.79763727849486,1,15,0.15465193791067516,4.472839185750311,0.9193515831499834,11347,1.0,1.2581299021767869,6,2.9786790125743483,1.5839187355629916,-366.91865459936275,-17.161959238946196,0.03741699075102778,11347,0.005,0.9998305565326162,1.7843120757572069,False,726.7177342289633,False,False
homogeneous,0.25,107,fixed_10,10.0,54.79763727849486,1,59,0.15465193791067516,4.472839185750311,0.9193515831499834,11347,1.0,1.2581299021767869,6,3.008590862931685,1.583918737782318,-385.56476444465574,-17.547102648599715,0.04010206351194501,11347,0.005,0.9997835925708275,1.7843655894422223,False,764.0073229726349,False,False
homogeneous,0.25,107,fixed_10,10.0,54.79763727849486,3,30,0.15465193791067516,7.3189436063902455,0.9682141605296285,11347,0.04089186569137217,1.2581299021767869,6,6.299611332473132,1.6025768220541456,-5.353573056708248,-2.9643141315901365,0.023146907092873703,464,0.01,-7.01373287835226,4.952271783201942,False,9.222675640531975,False,False
homogeneous,0.25,107,selected_regression,96.0,54.79763727849486,1,30,1.55895865237366,1.1609498768214646,0.7410485810980649,1569,0.9719566602931804,9.098789037603568,65,0.7404469718253086,0.11447709776785875,-134.62150747578426,-10.927979752452217,0.11013094300641324,1525,0.005,-0.6884298838607192,0.4386773204208759,False,262.682375845543,False,False
homogeneous,0.25,107,selected_mle,55.0,54.79763727849486,1,30,0.876750700280112,2.5247196018768405,0.8511939321160771,3993,1.0,3.575256699223641,23,1.3858306438718895,0.3279137992621487,-690.4326601586998,-25.629038471184938,0.14530837715504624,3993,0.005,-0.4950178581200931,0.7722278630726687,False,1355.3066411289947,False,False
homogeneous,0.25,108,iei_rounded,54.0,54.464203066242405,1,30,0.8860083873427373,2.5764819457598276,0.8414292876797349,4105,1.0,3.5064555420219246,22,1.4008277457502896,0.33559132640178135,-713.0105202819543,-26.718378023063316,0.1423470656157227,4105,0.005,-0.468305285777732,0.7729693245893378,False,1373.2094950359424,False,False
homogeneous,0.25,108,iei_rounded,54.0,54.464203066242405,1,15,0.8860083873427373,1.8625298568639308,0.8467052729725525,4105,0.9958587088915957,3.5064555420219246,22,1.1736394139874005,0.3307084890012353,-351.61146899373733,-16.67417469638848,0.0967303523948439,4088,0.005,-0.32079280065939836,0.6870972770282406,False,689.3080298565656,False,False
homogeneous,0.25,108,iei_rounded,54.0,54.464203066242405,1,59,0.8860083873427373,2.5764819457598276,0.8414292876797349,4105,1.0,3.5064555420219246,22,1.5195832593444063,0.3357360729335427,-915.9823327010047,-30.97677103216225,0.17018182231850965,4105,0.005,-0.4927868052257444,0.7861992892662193,False,1771.4088523930332,False,False
homogeneous,0.25,108,iei_rounded,54.0,54.464203066242405,3,30,0.8860083873427373,3.5147837141838782,0.9180177488831638,4105,0.5259439707673569,3.5064555420219246,22,2.3936556085676433,0.35252844757818824,-143.97950883997206,-11.247509480075387,0.09409439683145338,2159,0.005,-2.509842299940681,1.3460068901528757,False,279.9777194486687,False,False
homogeneous,0.25,108,fixed_10,10.0,54.464203066242405,1,30,0.1654070601741127,4.446834344123153,0.9224175537183202,11314,1.0,1.272229096694361,6,2.9519813285095555,1.5418818561001264,-417.58108436916274,-19.01281559896763,0.04216968580222957,11314,0.005,0.9207977758970983,1.788015147827513,False,823.1435427847373,False,False
homogeneous,0.25,108,fixed_10,10.0,54.464203066242405,1,15,0.1654070601741127,4.446834344123153,0.9224175537183202,11314,1.0,1.272229096694361,6,2.926871805163275,1.5418818521905613,-400.3351478793117,-18.684859120383123,0.03987920595104599,11314,0.005,0.9208498785653377,1.7879561694452177,False,788.654815074342,False,False
homogeneous,0.25,108,fixed_10,10.0,54.464203066242405,1,59,0.1654070601741127,4.446834344123153,0.9224175537183202,11314,1.0,1.272229096694361,6,2.959604551838064,1.5418818561001264,-421.93680503392955,-19.065361108819484,0.042930615802941774,11314,0.005,0.9207976388751864,1.7880152903726727,False,831.8549825375485,False,False
homogeneous,0.25,108,fixed_10,10.0,54.464203066242405,3,30,0.1654070601741127,7.303949098621789,0.9851822165750601,11314,0.04525366802191975,1.272229096694361,6,6.509562883996955,1.6750351949199183,-6.400667077035045,-3.2900851179339368,0.026980254155808625,512,0.005,-10.805264209542255,6.51356989028093,False,13.27663472563006,False,False
homogeneous,0.25,108,selected_regression,96.0,54.464203066242405,1,30,1.5466472303206997,1.1785142400758437,0.7595726936271014,1584,0.9684343434343434,9.087121212121213,53,0.7492079756301191,0.11693841497422733,-142.834628266322,-11.412890785116664,0.11204191737493174,1534,0.005,-0.7233324465103289,0.4533728119732797,False,280.5846821473424,False,False
homogeneous,0.25,108,selected_mle,54.0,54.464203066242405,1,30,0.8860083873427373,2.5764819457598276,0.8414292876797349,4105,1.0,3.5064555420219246,22,1.4008277457502896,0.33559132640178135,-713.0105202819543,-26.718378023063316,0.1423470656157227,4105,0.005,-0.468305285777732,0.7729693245893378,False,1373.2094950359424,False,False
homogeneous,0.25,109,iei_rounded,54.0,54.45489401721768,1,30,0.8630672926447575,2.518909500647376,0.8759447194901472,4085,0.9997552019583843,3.522643818849449,35,1.4026826105690926,0.3346257678151534,-686.6225412724345,-24.874843221609883,0.14515604506150676,4084,0.005,-0.4509271520746052,0.7666442986918135,False,1346.8571705757495,False,False
homogeneous,0.25,109,iei_rounded,54.0,54.45489401721768,1,15,0.8630672926447575,1.895581768508998,0.8441505254954735,4085,0.9931456548347614,3.522643818849449,35,1.1821975496407102,0.3347793271736992,-356.896793848236,-17.104359937048198,0.10115376915659752,4057,0.005,-0.34191792562426837,0.7033072407650022,False,709.6930491728453,False,False
homogeneous,0.25,109,iei_rounded,54.0,54.45489401721768,1,59,0.8630672926447575,2.525368168835659,0.8866804492615843,4085,1.0,3.522643818849449,35,1.520637511852902,0.33390428809085426,-881.2256276124067,-28.479023461084445,0.1727665732517582,4085,0.005,-0.47043773397869776,0.777166293789266,False,1734.3033352917882,False,False
homogeneous,0.25,109,iei_rounded,54.0,54.45489401721768,3,30,0.8630672926447575,3.3236043566873716,0.9489898159888949,4085,0.5211750305997552,3.522643818849449,35,2.3890261648407094,0.34727552688082997,-117.5504540069183,-8.452311996632574,0.07889169849409938,2129,0.005,-1.9237158708610078,1.1772663406984267,False,225.3690646751147,False,False
homogeneous,0.25,109,fixed_10,10.0,54.45489401721768,1,30,0.15919878488703246,4.538599651936833,0.9190977901356249,11396,1.0,1.2627237627237626,6,2.9816410669204227,1.5699232349018346,-416.00338466764424,-19.089301870484782,0.04159568089703125,11396,0.005,0.8923211905343109,1.8673143359726583,False,827.5222853176474,False,False
homogeneous,0.25,109,fixed_10,10.0,54.45489401721768,1,15,0.15919878488703246,4.538599651936833,0.9190977901356249,11396,1.0,1.2627237627237626,6,2.9577519847796143,1.5699232322217567,-400.06213919922277,-18.78874539075817,0.03946417949383596,11396,0.005,0.892354098870905,1.8672766425152358,False,795.6416176948369,False,False
homogeneous,0.25,109,fixed_10,10.0,54.45489401721768,1,59,0.15919878488703246,4.538599651936833,0.9190977901356249,11396,1.0,1.2627237627237626,6,2.9887764118238547,1.5699232349018346,-419.96008891094823,-19.136107321731572,0.042292036700504076,11396,0.005,0.89232105426266,1.8673144759746059,False,835.4356931346847,False,False
homogeneous,0.25,109,fixed_10,10.0,54.45489401721768,3,30,0.15919878488703246,7.494782798991617,0.9802686487524946,11396,0.041242541242541245,1.2627237627237626,6,6.478095252887774,1.6625477377480449,-5.441184475264584,-3.039019069008362,0.02395721897564851,470,0.005,-8.756603702790986,5.7091046897430155,False,10.0895221685779,False,False
homogeneous,0.25,109,selected_regression,64.0,54.45489401721768,1,30,1.0527148128624144,2.1767081337805547,0.8465260880259788,3214,0.9990665836963286,4.477286869943995,40,1.2254354756180508,0.25370600944238575,-497.9738928776034,-20.377350599070624,0.12607470705850643,3211,0.005,-0.4843559186933648,0.6434655139572197,False,948.0841462768767,False,False
homogeneous,0.25,109,selected_mle,54.0,54.45489401721768,1,30,0.8630672926447575,2.518909500647376,0.8759447194901472,4085,0.9997552019583843,3.522643818849449,35,1.4026826105690926,0.3346257678151534,-686.6225412724345,-24.874843221609883,0.14515604506150676,4084,0.005,-0.4509271520746052,0.7666442986918135,False,1346.8571705757495,False,False
homogeneous,0.25,110,iei_rounded,54.0,54.12574415565558,1,30,0.8458837300039017,2.5390874066295357,0.8574606613757518,4073,1.0,3.5268843604222933,24,1.405478183526574,0.33327476629677955,-651.786760716494,-23.719420767601644,0.13868225876290063,4073,0.005,-0.37293999450359183,0.7335769987985246,False,1253.3245597960595,False,False
homogeneous,0.25,110,iei_rounded,54.0,54.12574415565558,1,15,0.8458837300039017,1.8193982758516696,0.8614212489025674,4073,0.9943530567149521,3.5268843604222933,24,1.1834656027218262,0.33107519866447876,-314.5074864059192,-14.748771129944,0.09422954890200236,4050,0.005,-0.2299927749086183,0.6505321590933713,False,615.7524663298755,False,False
homogeneous,0.25,110,iei_rounded,54.0,54.12574415565558,1,59,0.8458837300039017,2.5390874066295357,0.8574606613757518,4073,1.0,3.5268843604222933,24,1.5235007577117639,0.33342777907391674,-850.8150897314135,-28.147934882865737,0.16633289120647138,4073,0.005,-0.40142380925755394,0.7489273152689508,False,1641.9749834385075,False,False
homogeneous,0.25,110,iei_rounded,54.0,54.12574415565558,3,30,0.8458837300039017,3.388094167984808,0.9268099738612525,4073,0.5146083967591456,3.5268843604222933,24,2.3363044767739662,0.33747736173143816,-136.14530166229127,-10.408523860605474,0.09125390525500254,2096,0.005,-2.365098233656725,1.2790508555632885,False,264.23170223912894,False,False
homogeneous,0.25,110,fixed_10,10.0,54.12574415565558,1,30,0.16028935846183134,4.288601157880117,0.9298072152379937,11344,1.0,1.2663081805359662,6,2.9745382421401327,1.5592067900267241,-391.36114776244796,-17.447526644088082,0.04079066372655027,11344,0.005,0.9865582536423655,1.7545005407572716,False,777.3520791399824,False,False
homogeneous,0.25,110,fixed_10,10.0,54.12574415565558,1,15,0.16028935846183134,4.288601157880117,0.9298072152379937,11344,1.0,1.2663081805359662,6,2.950361832082626,1.5592067869304107,-375.1628021173275,-17.085642758771353,0.03862206198059592,11344,0.005,0.9866161954211872,1.7544349559866281,False,744.9588401694728,False,False
homogeneous,0.25,110,fixed_10,10.0,54.12574415565558,1,59,0.16028935846183134,4.288601157880117,0.9298072152379937,11344,1.0,1.2663081805359662,6,2.9817877827911072,1.5592067900267241,-395.3985105319902,-17.51324302795533,0.041501997653594414,11344,0.005,0.9865581332565517,1.754500668211038,False,785.4268027738162,False,False
homogeneous,0.25,110,fixed_10,10.0,54.12574415565558,3,30,0.16028935846183134,6.78259980958041,0.9735364345815024,11344,0.04266572637517631,1.2663081805359662,6,6.1165049636010895,1.54044504094714,-5.4481516684847175,-2.8197183302458404,0.022503859047194985,484,0.01,-5.3894975503749984,4.244512777718226,False,8.854667821351427,False,False
homogeneous,0.25,110,selected_regression,96.0,54.12574415565558,1,30,1.5133928571428572,1.1268302881468593,0.7871634773981662,1600,0.975,8.978125,68,0.752232865404947,0.11550971861389361,-129.38179422919302,-10.156416781675462,0.09901205819711789,1560,0.005,-0.6443765328523742,0.4307182895311348,False,260.88642868941497,False,False
homogeneous,0.25,110,selected_mle,54.0,54.12574415565558,1,30,0.8458837300039017,2.5390874066295357,0.8574606613757518,4073,1.0,3.5268843604222933,24,1.405478183526574,0.33327476629677955,-651.786760716494,-23.719420767601644,0.13868225876290063,4073,0.005,-0.37293999450359183,0.7335769987985246,False,1253.3245597960595,False,False
homogeneous,0.25,111,iei_rounded,54.0,53.943005181347154,1,30,0.8726415094339622,2.567493969385375,0.8335636922872761,4082,0.9997550220480157,3.544341009309162,35,1.397367694219911,0.33218041836912937,-688.4764228793382,-25.755960195065228,0.14065583926380298,4081,0.005,-0.434304914916339,0.7545835168037988,False,1321.8584735320983,False,False
homogeneous,0.25,111,iei_rounded,54.0,53.943005181347154,1,15,0.8726415094339622,1.8702674364147354,0.834604296872197,4082,0.9941205291523763,3.544341009309162,35,1.1724734108132235,0.329182070522118,-338.17954791958493,-16.21648001910451,0.09560212252014272,4058,0.005,-0.29295521040626765,0.6729801089847264,False,659.7201273857063,False,False
homogeneous,0.25,111,iei_rounded,54.0,53.943005181347154,1,59,0.8726415094339622,2.5649367347800816,0.8486802146201701,4082,1.0,3.544341009309162,35,1.516166041959087,0.3314805476739333,-885.6903124366147,-29.193190183231263,0.16847874694333592,4082,0.005,-0.4557699956643742,0.7661067314356619,False,1713.775239376293,False,False
homogeneous,0.25,111,iei_rounded,54.0,53.943005181347154,3,30,0.8726415094339622,3.5023114658561703,0.9078565810865453,4082,0.5262126408623224,3.544341009309162,35,2.371477108903578,0.3456703399270872,-135.79573891789678,-10.431394510917965,0.0792799334760605,2148,0.005,-2.2225835863521315,1.2542951110046983,False,254.91146441780984,False,False
homogeneous,0.25,111,fixed_10,10.0,53.943005181347154,1,30,0.1592599656685104,4.724157253093731,0.9447355257579608,11394,1.0,1.2697911181323505,8,2.96218758973812,1.5489596689734446,-403.39754434884287,-17.243323619459535,0.04199906987816604,11394,0.005,0.9486723336769555,1.7748999609898297,False,807.9157766236458,False,False
homogeneous,0.25,111,fixed_10,10.0,53.943005181347154,1,15,0.1592599656685104,4.724157253093731,0.9447355257579608,11394,1.0,1.2697911181323505,8,2.9375041873134524,1.5489596654190798,-386.53536809073734,-16.8570886770623,0.03976451028929007,11394,0.005,0.948726456761923,1.7748386840034358,False,774.1946871173604,False,False
homogeneous,0.25,111,fixed_10,10.0,53.943005181347154,1,59,0.1592599656685104,4.724157253093731,0.9447355257579608,11394,1.0,1.2697911181323505,8,2.9696396342904325,1.5489596689734446,-407.63095886333133,-17.31696577670348,0.042737170672995095,11394,0.005,0.9486722061595,1.7749000947099622,False,816.3826039565829,False,False
homogeneous,0.25,111,fixed_10,10.0,53.943005181347154,3,30,0.1592599656685104,6.4204003018447615,0.9666290046885624,11394,0.04265402843601896,1.2697911181323505,8,6.036724160070017,1.503277716605714,-2.719570545457813,-0.9349037278579181,0.020869803691997202,486,0.015,-1.3560275320096358,2.6927518834514816,False,4.058125847546876,False,False
homogeneous,0.25,111,selected_regression,64.0,53.943005181347154,1,30,1.0198565912851627,2.03791533619512,0.8189561143771048,3236,0.9996909765142151,4.470951792336217,33,1.2174118563256418,0.2527565873013655,-526.9728687004178,-22.216174931038076,0.1328250642100713,3235,0.005,-0.5548484375854276,0.6658178021898052,False,1014.7388506045409,False,False
homogeneous,0.25,111,selected_mle,54.0,53.943005181347154,1,30,0.8726415094339622,2.567493969385375,0.8335636922872761,4082,0.9997550220480157,3.544341009309162,35,1.397367694219911,0.33218041836912937,-688.4764228793382,-25.755960195065228,0.14065583926380298,4081,0.005,-0.434304914916339,0.7545835168037988,False,1321.8584735320983,False,False
homogeneous,0.25,112,iei_rounded,54.0,54.27805647126272,1,30,0.8306574923547401,2.483498067732326,0.8652324532161968,4129,1.0,3.5122305643012837,27,1.4153626782470656,0.33493322740034615,-620.9833628053406,-21.749204865953338,0.13581775521541495,4129,0.005,-0.31328414839332236,0.7146641856422135,False,1208.1015237630963,False,False
homogeneous,0.25,112,iei_rounded,54.0,54.27805647126272,1,15,0.8306574923547401,1.7803743171003394,0.8898834192700849,4129,0.9927343182368612,3.5122305643012837,27,1.200366559107719,0.3361280236467443,-303.527237652018,-13.68319056695086,0.09288601005585567,4099,0.005,-0.1886037662121864,0.6423401660300635,False,603.3572043453933,False,False
homogeneous,0.25,112,iei_rounded,54.0,54.27805647126272,1,59,0.8306574923547401,2.483498067732326,0.8652324532161968,4129,1.0,3.5122305643012837,27,1.5318387245338254,0.3350802771488016,-817.7710433359468,-26.275832665947615,0.16307823514264774,4129,0.005,-0.34312166488985374,0.7307899374475896,False,1591.526406453755,False,False
homogeneous,0.25,112,iei_rounded,54.0,54.27805647126272,3,30,0.8306574923547401,3.28523974106445,0.932060456322981,4129,0.5131993218697021,3.5122305643012837,27,2.363841639464505,0.3381479705488327,-99.70828513100085,-7.293613450560906,0.07618722715166515,2119,0.005,-1.5130337678604566,1.0510201211239438,False,191.17633884634597,False,False
homogeneous,0.25,112,fixed_10,10.0,54.27805647126272,1,30,0.15457531675269826,4.532465835036357,0.9370995002974312,11504,1.0,1.2606050069541028,7,2.998350564704717,1.5763411712689956,-361.76868451219644,-15.609389616771695,0.03850522931402145,11504,0.005,1.0912224005590714,1.6812794009090608,False,721.0376219120699,False,False
homogeneous,0.25,112,fixed_10,10.0,54.27805647126272,1,15,0.15457531675269826,4.532465835036357,0.9370995002974312,11504,1.0,1.2606050069541028,7,2.9751253934182333,1.57634116881098,-346.4368148198015,-15.220282154916319,0.0364586704254215,11504,0.005,1.0912998479740716,1.6811918863764492,False,690.3786185632562,False,False
homogeneous,0.25,112,fixed_10,10.0,54.27805647126272,1,59,0.15457531675269826,4.532465835036357,0.9370995002974312,11504,1.0,1.2606050069541028,7,3.005223649652061,1.5763411712689956,-365.536789367175,-15.685992875681151,0.039167508975049725,11504,0.005,1.091222268306079,1.6812795440743415,False,728.5738283127357,False,False
homogeneous,0.25,112,fixed_10,10.0,54.27805647126272,3,30,0.15457531675269826,6.658978493537815,0.9730695400620892,11504,0.04233310152990264,1.2606050069541028,7,6.120422810366316,1.5218916330514034,-0.266828645589527,-0.11747056611674478,0.007029055374017323,487,0.545,1.9888044629682078,1.4926689151909185,False,0.28341859179784024,False,False
homogeneous,0.25,112,selected_regression,96.0,54.27805647126272,1,30,1.540983606557377,1.0429864192866074,0.7864283669196952,1514,0.9669749009247027,9.578599735799207,63,0.7304107877412012,0.10787832307407397,-92.5338633883037,-7.684050346916511,0.07943488065287907,1464,0.005,-0.47960801218238686,0.3708317900523698,False,186.03312482456386,False,False
homogeneous,0.25,112,selected_mle,54.0,54.27805647126272,1,30,0.8306574923547401,2.483498067732326,0.8652324532161968,4129,1.0,3.5122305643012837,27,1.4153626782470656,0.33493322740034615,-620.9833628053406,-21.749204865953338,0.13581775521541495,4129,0.005,-0.31328414839332236,0.7146641856422135,False,1208.1015237630963,False,False
homogeneous,0.25,113,iei_rounded,54.0,53.58310140583744,1,30,0.9109863672814755,2.5053193539327396,0.8732431566771328,3980,0.9992462311557789,3.663065326633166,43,1.374310190239461,0.32116490001135156,-673.4585952259304,-24.656930177877722,0.14349144362393162,3977,0.005,-0.4752711523806007,0.7536435643620489,False,1317.2424972849585,False,False
homogeneous,0.25,113,iei_rounded,54.0,53.58310140583744,1,15,0.9109863672814755,1.7739611994697475,0.8592977473982513,3980,0.9922110552763819,3.663065326633166,43,1.145775093920653,0.3196016033585498,-333.4087620388669,-16.253271390008177,0.09797654684141976,3949,0.005,-0.34707379891767126,0.6800663828219646,False,663.3922283757383,False,False
homogeneous,0.25,113,iei_rounded,54.0,53.58310140583744,1,59,0.9109863672814755,2.5078835346847907,0.8959563073581307,3980,1.0,3.663065326633166,43,1.4957874202056782,0.31882243912144825,-864.3664455529944,-26.86540776006557,0.1719235952786649,3980,0.005,-0.48812565414372244,0.760427362647235,False,1708.3320061575541,False,False
homogeneous,0.25,113,iei_rounded,54.0,53.58310140583744,3,30,0.9109863672814755,3.302087250401173,0.9471114195505789,3980,0.5376884422110553,3.663065326633166,43,2.3369704923607326,0.3348204952555581,-121.33930925670178,-8.595109822612358,0.07746875711937917,2140,0.005,-1.9712076972687487,1.1683454196804166,False,234.09535537613374,False,False
homogeneous,0.25,113,fixed_10,10.0,53.58310140583744,1,30,0.15652503075612756,4.320977850615792,0.9271605266350996,11479,1.0,1.270058367453611,6,2.961882878428627,1.5481800256315763,-403.4552480352103,-17.9448230893554,0.04123591183523223,11479,0.005,0.9779578942448858,1.7432503879840773,False,797.9619019442689,False,False
homogeneous,0.25,113,fixed_10,10.0,53.58310140583744,1,15,0.15652503075612756,4.320977850615792,0.9271605266350996,11479,1.0,1.270058367453611,6,2.937186848289551,1.54818002203973,-386.4522837660999,-17.580644794568123,0.038999701424833666,11479,0.005,0.9780210316423502,1.7431791348676111,False,763.9598820750452,False,False
homogeneous,0.25,113,fixed_10,10.0,53.58310140583744,1,59,0.15652503075612756,4.320977850615792,0.9271605266350996,11479,1.0,1.270058367453611,6,2.969339982969588,1.5481800256315763,-407.7247715686502,-18.0096178542123,0.04197468480266753,11479,0.005,0.9779577650688007,1.7432505247534391,False,806.5009467377404,False,False
homogeneous,0.25,113,fixed_10,10.0,53.58310140583744,3,30,0.15652503075612756,6.959909794145181,0.9803935911112154,11479,0.044254726021430435,1.270058367453611,6,6.205939104270987,1.5726803286989228,-6.283362367483781,-3.1901428504173435,0.0254274188958179,508,0.01,-7.33126155015687,5.026105400008339,False,11.40885346316395,False,False
homogeneous,0.25,113,selected_regression,96.0,53.58310140583744,1,30,1.6021840873634945,1.1615386176472788,0.7700110665827395,1558,0.9621309370988447,9.357509627727856,64,0.7429010959439655,0.11577572091102631,-139.10289200902525,-11.429096507779896,0.10712074024243556,1499,0.005,-0.7440336162893937,0.45669358005581817,False,277.2557520962928,False,False
homogeneous,0.25,113,selected_mle,54.0,53.58310140583744,1,30,0.9109863672814755,2.5053193539327396,0.8732431566771328,3980,0.9992462311557789,3.663065326633166,43,1.374310190239461,0.32116490001135156,-673.4585952259304,-24.656930177877722,0.14349144362393162,3977,0.005,-0.4752711523806007,0.7536435643620489,False,1317.2424972849585,False,False
homogeneous,0.25,114,iei_rounded,54.0,53.928499713138265,1,30,0.8644589911436272,2.491287795045135,0.8560452092164278,4033,0.9997520456236053,3.5995536821224894,34,1.3908292856564177,0.32609621455965476,-645.4643197418553,-23.53265594131819,0.1348660749704152,4032,0.005,-0.3744057123612359,0.7221982153445633,False,1230.6283289189378,False,False
homogeneous,0.25,114,iei_rounded,54.0,53.928499713138265,1,15,0.8644589911436272,1.845937011088694,0.8411415355005178,4033,0.9915695512025787,3.5995536821224894,34,1.1699153038071106,0.32669866282065785,-318.2842020817101,-15.371119929489499,0.09080045282495647,3999,0.005,-0.2454244240575148,0.6485693431740235,False,609.1715179747844,False,False
homogeneous,0.25,114,iei_rounded,54.0,53.928499713138265,1,59,0.8644589911436272,2.5070101220963252,0.8690612708747865,4033,1.0,3.5995536821224894,34,1.5106714515836455,0.32547006217362273,-843.9844425512285,-27.344627048569972,0.16295169123757625,4033,0.005,-0.4008631827584195,0.7362813655609165,False,1622.8853737390418,False,False
homogeneous,0.25,114,iei_rounded,54.0,53.928499713138265,3,30,0.8644589911436272,3.340202277926816,0.9275967894636159,4033,0.5293825936027771,3.5995536821224894,34,2.3327325580462865,0.33505772669170697,-129.0875478600198,-9.562880942939813,0.0802233089203378,2135,0.005,-2.0970121480503074,1.2018956190921588,False,245.0856281448996,False,False
homogeneous,0.25,114,fixed_10,10.0,53.928499713138265,1,30,0.1602256699576869,4.231841774483336,0.9369561229643117,11468,1.0,1.2658702476456225,6,2.97881423745004,1.5605067084731776,-378.5676762885694,-16.791794414126123,0.039700981517391654,11468,0.005,1.0502787689023616,1.6936821943320972,False,749.4180066714252,False,False
homogeneous,0.25,114,fixed_10,10.0,53.928499713138265,1,15,0.1602256699576869,4.231841774483336,0.9369561229643117,11468,1.0,1.2658702476456225,6,2.9548111711508422,1.5605067054305986,-362.3938229125287,-16.412061695885455,0.0375547866131114,11468,0.005,1.0503552763932782,1.6935958820796857,False,717.0750729782958,False,False
homogeneous,0.25,114,fixed_10,10.0,53.928499713138265,1,59,0.1602256699576869,4.231841774483336,0.9369561229643117,11468,1.0,1.2658702476456225,6,2.985994834555962,1.5605067084731776,-382.58880393137855,-16.862943706283342,0.040403262583117105,11468,0.005,1.0502786338692844,1.6936823397023095,False,757.4602587032659,False,False
homogeneous,0.25,114,fixed_10,10.0,53.928499713138265,3,30,0.1602256699576869,6.601887713355006,0.9853306547123973,11468,0.04325078479246599,1.2658702476456225,6,5.9979117321378705,1.508009765193992,-7.64805870817138,-3.7042999220077184,0.03216827770932984,496,0.005,-9.07006816670569,5.580933856095969,False,15.472588024451056,False,False
homogeneous,0.25,114,selected_regression,64.0,53.928499713138265,1,30,0.9989029072956664,2.1482900834778267,0.8615138315116326,3176,0.9987405541561712,4.570843828715366,51,1.2103315193837236,0.24862383840437324,-498.21241174211247,-20.619274779501378,0.12765064919052171,3172,0.005,-0.5212463925440756,0.6475024572694117,False,956.3472311016303,False,False
homogeneous,0.25,114,selected_mle,54.0,53.928499713138265,1,30,0.8644589911436272,2.491287795045135,0.8560452092164278,4033,0.9997520456236053,3.5995536821224894,34,1.3908292856564177,0.32609621455965476,-645.4643197418553,-23.53265594131819,0.1348660749704152,4032,0.005,-0.3744057123612359,0.7221982153445633,False,1230.6283289189378,False,False
homogeneous,0.25,115,iei_rounded,54.0,53.54706762630941,1,30,0.8479027832222658,2.4988873825358486,0.8730098711133552,4034,1.0,3.6182449181953396,29,1.3921430724344805,0.3232906522281137,-603.638366772674,-21.416971187584217,0.12337175085061486,4034,0.005,-0.2714251435906168,0.6773563928901857,False,1113.885517191251,False,False
homogeneous,0.25,115,iei_rounded,54.0,53.54706762630941,1,15,0.8479027832222658,1.8172854851905405,0.8543908481484619,4034,0.9923153197818543,3.6182449181953396,29,1.1709818416461513,0.323327481388197,-281.0890683181702,-13.64313852078501,0.08097556658476435,4003,0.005,-0.11485534429246227,0.587409256341069,False,509.02673232632515,False,False
homogeneous,0.25,115,iei_rounded,54.0,53.54706762630941,1,59,0.8479027832222658,2.4988873825358486,0.8730098711133552,4034,1.0,3.6182449181953396,29,1.5122765375577334,0.3234848322584396,-807.427616278833,-25.92510108510762,0.15155128226586223,4034,0.005,-0.30894669876910585,0.697267526599932,False,1507.9647690911515,False,False
homogeneous,0.25,115,iei_rounded,54.0,53.54706762630941,3,30,0.8479027832222658,3.278288094706187,0.9398239465267997,4034,0.5250371839365394,3.6182449181953396,29,2.266718920418201,0.3237131252639819,-158.24383529444796,-11.591941605370458,0.09691553692564231,2118,0.005,-2.8356345899554936,1.380254076795051,False,318.2668548564998,False,False
homogeneous,0.25,115,fixed_10,10.0,53.54706762630941,1,30,0.16507425976728787,4.855341051372957,0.9260627568301948,11462,1.0,1.2734252311987437,7,2.945663043495129,1.5384373746403788,-439.6004971544933,-19.58857635107064,0.043624795324213816,11462,0.005,0.8538389935677206,1.8492479656311687,False,875.4043634223235,False,False
homogeneous,0.25,115,fixed_10,10.0,53.54706762630941,1,15,0.16507425976728787,4.855341051372957,0.9260627568301948,11462,1.0,1.2734252311987437,7,2.920286441791058,1.5384373705453442,-421.80647149684575,-19.260168265052062,0.0412990433048076,11462,0.005,0.8538783321051407,1.8492032112740742,False,839.8186563503787,False,False
homogeneous,0.25,115,fixed_10,10.0,53.54706762630941,1,59,0.16507425976728787,4.855341051372957,0.9260627568301948,11462,1.0,1.2734252311987437,7,2.9533940039346316,1.5384373746403788,-444.11127387221177,-19.641004465317035,0.044400187757874576,11462,0.005,0.8538388278657795,1.8492481344210472,False,884.4259159057165,False,False
homogeneous,0.25,115,fixed_10,10.0,53.54706762630941,3,30,0.16507425976728787,7.46993875665359,0.9858962035198513,11462,0.043884138893735825,1.2734252311987437,7,6.393785385954837,1.6337306050031417,-5.688267845586749,-2.5695799389123213,0.026280437652443145,503,0.005,-8.069812987810195,5.403107062562234,False,10.772416081590109,False,False
homogeneous,0.25,115,selected_regression,96.0,53.54706762630941,1,30,1.4847094801223242,1.0576224560908425,0.7625922423915834,1546,0.9708926261319534,9.441138421733505,75,0.725476131398997,0.10742191713247698,-97.87795903479741,-7.9667467777767635,0.09495130836271504,1501,0.005,-0.4458848844388862,0.35848626227243274,False,179.13408837146926,False,False
homogeneous,0.25,115,selected_mle,54.0,53.54706762630941,1,30,0.8479027832222658,2.4988873825358486,0.8730098711133552,4034,1.0,3.6182449181953396,29,1.3921430724344805,0.3232906522281137,-603.638366772674,-21.416971187584217,0.12337175085061486,4034,0.005,-0.2714251435906168,0.6773563928901857,False,1113.885517191251,False,False
homogeneous,0.25,116,iei_rounded,53.0,53.438097260564874,1,30,0.8530878404296126,2.5435104550731586,0.8792397882969273,4143,1.0,3.5440502051653393,27,1.4105881631022985,0.33135258038221516,-608.241043243784,-20.93191858959064,0.13534448840255087,4143,0.005,-0.2941488074118306,0.7021346427670476,False,1185.9528704301265,False,False
homogeneous,0.25,116,iei_rounded,53.0,53.438097260564874,1,15,0.8530878404296126,1.7919535555183712,0.881218477260588,4143,0.9917933864349505,3.5440502051653393,27,1.1966885290111744,0.33430201439657525,-300.23368596015104,-13.74989052499033,0.09275898929981224,4109,0.005,-0.1773519565961733,0.6344078243385455,False,592.6616982042215,False,False
homogeneous,0.25,116,iei_rounded,53.0,53.438097260564874,1,59,0.8530878404296126,2.5435104550731586,0.8792397882969273,4143,1.0,3.5440502051653393,27,1.527809310221274,0.3315127979095869,-808.0796431088548,-25.57563290198513,0.16279321561609322,4143,0.005,-0.326092143779092,0.719321072418245,False,1574.4786714464317,False,False
homogeneous,0.25,116,iei_rounded,53.0,53.438097260564874,3,30,0.8530878404296126,3.3119542923301433,0.9448682027730788,4143,0.5124306058411779,3.5440502051653393,27,2.3341385781183295,0.33080258434902565,-99.52822358327515,-6.919949070244969,0.06613241606705295,2123,0.005,-1.4704339524706678,1.0270035918251605,False,189.1405335314539,False,False
homogeneous,0.25,116,fixed_10,10.0,53.438097260564874,1,30,0.16467375953300065,4.382236327368506,0.9298261018829606,11531,1.0,1.2733500997311595,6,2.944302250417076,1.5386531899851583,-451.76932115020435,-20.181591849162142,0.044029181919967186,11531,0.005,0.8201560951090455,1.8831990682596722,False,900.7755988121771,False,False
homogeneous,0.25,116,fixed_10,10.0,53.438097260564874,1,15,0.16467375953300065,4.382236327368506,0.9298261018829606,11531,1.0,1.2733500997311595,6,2.918867795908172,1.5386531859020076,-433.7975282728588,-19.87139650692864,0.04169576692415444,11531,0.005,0.8201895741494751,1.8831608659776096,False,864.8339846714316,False,False
homogeneous,0.25,116,fixed_10,10.0,53.438097260564874,1,59,0.16467375953300065,4.382236327368506,0.9298261018829606,11531,1.0,1.2733500997311595,6,2.9520565932413962,1.5386531899851583,-456.3287834481737,-20.228027840452484,0.04480772268869293,11531,0.005,0.8201559048059648,1.8831992604182692,False,909.8945226971955,False,False
homogeneous,0.25,116,fixed_10,10.0,53.438097260564874,3,30,0.16467375953300065,7.020332525048951,0.9919237736995302,11531,0.04414187841470818,1.2733500997311595,6,6.669391881316892,1.712832210638382,-2.696893107694768,-1.4433915433130078,0.012840317308956739,509,0.085,-1.9804079782479702,3.2157916531925315,False,3.136645403116745,False,False
homogeneous,0.25,116,selected_regression,64.0,53.438097260564874,1,30,1.0214994487320839,2.2177993757839927,0.8407746031738532,3195,0.9990610328638497,4.595618153364632,35,1.2097131143446713,0.24590585900154427,-470.40657657496223,-19.096436698973474,0.12429034074663459,3192,0.005,-0.45934306841327016,0.6226984446769095,False,903.8981934079111,False,False
homogeneous,0.25,116,selected_mle,53.0,53.438097260564874,1,30,0.8530878404296126,2.5435104550731586,0.8792397882969273,4143,1.0,3.5440502051653393,27,1.4105881631022985,0.33135258038221516,-608.241043243784,-20.93191858959064,0.13534448840255087,4143,0.005,-0.2941488074118306,0.7021346427670476,False,1185.9528704301265,False,False
homogeneous,0.25,117,iei_rounded,53.0,53.337308104248486,1,30,0.84472049689441,2.5322123030295605,0.8821062484345374,4136,0.9997582205029013,3.5263539651837523,35,1.4055426993891142,0.33419422237555285,-672.5520710895833,-23.608256114093003,0.14128409142942217,4135,0.005,-0.40986922394516456,0.7503889240610101,False,1316.5729347862543,False,False
homogeneous,0.25,117,iei_rounded,53.0,53.337308104248486,1,15,0.84472049689441,1.8467391092657797,0.8689711843199124,4136,0.9922630560928434,3.5263539651837523,35,1.188107947865758,0.3360287564234611,-350.68174750396486,-16.346430667195257,0.09794610223003036,4104,0.005,-0.3066313253364939,0.6905463818704294,False,692.616593708819,False,False
homogeneous,0.25,117,iei_rounded,53.0,53.337308104248486,1,59,0.84472049689441,2.5378047887301727,0.8914993820345954,4136,1.0,3.5263539651837523,35,1.523051643928076,0.3334873043894522,-868.2185528822218,-27.35009923243544,0.16878385352581254,4136,0.005,-0.43109224891898973,0.7618291883445536,False,1705.495149929433,False,False
homogeneous,0.25,117,iei_rounded,53.0,53.337308104248486,3,30,0.84472049689441,3.3188092835522784,0.9535103492476764,4136,0.5224854932301741,3.5263539651837523,35,2.393416454415183,0.34625889978115665,-106.30523681727557,-7.33908685400804,0.0721034510728491,2161,0.005,-1.6729778132176027,1.108262077279944,False,207.0840368107747,False,False
homogeneous,0.25,117,fixed_10,10.0,53.337308104248486,1,30,0.16296507213363706,4.511097635837733,0.9137113506053156,11460,1.0,1.2726876090750436,6,2.9462132329597797,1.5405593201313237,-449.24932166031266,-20.151680577343402,0.04435205390124475,11460,0.005,0.8100612948710203,1.8972766566430581,False,899.6955720895894,False,False
homogeneous,0.25,117,fixed_10,10.0,53.337308104248486,1,15,0.16296507213363706,4.511097635837733,0.9137113506053156,11460,1.0,1.2726876090750436,6,2.920859988634353,1.540559316151557,-431.4867116052076,-19.841477442283328,0.04202939344593193,11460,0.005,0.8100924114673429,1.8972410945004483,False,864.1721526572201,False,False
homogeneous,0.25,117,fixed_10,10.0,53.337308104248486,1,59,0.16296507213363706,4.511097635837733,0.9137113506053156,11460,1.0,1.2726876090750436,6,2.953934757574034,1.5405593201313237,-453.7506877388304,-20.198398905659623,0.04512617680240405,11460,0.005,0.8100610966736612,1.8972768564805778,False,908.6983036301644,False,False
homogeneous,0.25,117,fixed_10,10.0,53.337308104248486,3,30,0.16296507213363706,7.5169896793935935,0.9732920315909216,11460,0.0424956369982548,1.2726876090750436,6,6.296963437285944,1.6077972229766333,-7.121719200216338,-3.8187636311116546,0.0296525616282568,487,0.005,-11.369307142535998,6.619306920591627,False,15.213673358982533,False,False
homogeneous,0.25,117,selected_regression,64.0,53.337308104248486,1,30,1.023535851122058,2.057902004069535,0.8612937731877414,3245,0.9993836671802774,4.4946070878274265,35,1.222848369931386,0.2517744445082978,-490.97778879370327,-19.710469095688484,0.12959558608803237,3243,0.005,-0.48985625117686576,0.6438387082916629,False,960.2614574854706,False,False
homogeneous,0.25,117,selected_mle,53.0,53.337308104248486,1,30,0.84472049689441,2.5322123030295605,0.8821062484345374,4136,0.9997582205029013,3.5263539651837523,35,1.4055426993891142,0.33419422237555285,-672.5520710895833,-23.608256114093003,0.14128409142942217,4135,0.005,-0.40986922394516456,0.7503889240610101,False,1316.5729347862543,False,False
homogeneous,0.25,118,iei_rounded,54.0,54.37503630554749,1,30,0.8672150411280846,2.3649950037260554,0.798991243966912,4109,1.0,3.4906303236797274,19,1.4022272951980579,0.33740792378006357,-727.1341757319846,-27.83814641621939,0.14656402190698353,4109,0.005,-0.4979912301229087,0.7877311405638874,False,1411.4861800556937,False,False
homogeneous,0.25,118,iei_rounded,54.0,54.37503630554749,1,15,0.8672150411280846,1.777539101126495,0.8813864691188138,4109,0.9970795814066683,3.4906303236797274,19,1.1723046256113765,0.32995755851378505,-349.9289113311127,-16.18592618310005,0.10026161176239579,4097,0.005,-0.33615130991783077,0.6934991047499518,False,702.8631144400679,False,False
homogeneous,0.25,118,iei_rounded,54.0,54.37503630554749,1,59,0.8672150411280846,2.3649950037260554,0.798991243966912,4109,1.0,3.4906303236797274,19,1.5207618705344306,0.3375464927041295,-929.5974672085466,-32.03338293355344,0.17434332932983776,4109,0.005,-0.520847337699588,0.8001174081206287,False,1809.3362963460531,False,False
homogeneous,0.25,118,iei_rounded,54.0,54.37503630554749,3,30,0.8672150411280846,3.337745821747203,0.8685859087155483,4109,0.5229982964224872,3.4906303236797274,19,2.4026730912868945,0.3548548616936519,-143.4145732358262,-11.596632729664217,0.08742352250094809,2149,0.005,-2.4576466833757453,1.335195773449537,False,273.09913662488543,False,False
homogeneous,0.25,118,fixed_10,10.0,54.37503630554749,1,30,0.15902990797546013,4.187508463467973,0.9442314226323191,11305,1.0,1.2687306501547988,6,2.967480062406052,1.5520626141384866,-388.1366640593177,-17.34096908743584,0.04045118733269748,11305,0.005,1.0096236503477154,1.718653689932082,False,765.8779226142469,False,False
homogeneous,0.25,118,fixed_10,10.0,54.37503630554749,1,15,0.15902990797546013,4.187508463467973,0.9442314226323191,11305,1.0,1.2687306501547988,6,2.943015068736157,1.5520626107295343,-371.66064512526646,-16.973336274868313,0.038245118915136045,11305,0.005,1.009693787680728,1.7185746699510815,False,732.9301854939713,False,False
homogeneous,0.25,118,fixed_10,10.0,54.37503630554749,1,59,0.15902990797546013,4.187508463467973,0.9442314226323191,11305,1.0,1.2687306501547988,6,2.9748447136136758,1.5520626141384866,-392.2603039749331,-17.407814717122697,0.04117770439121904,11305,0.005,1.009623519072729,1.7186538300971088,False,774.1251997315157,False,False
homogeneous,0.25,118,fixed_10,10.0,54.37503630554749,3,30,0.15902990797546013,6.403812077038222,0.9974071067129298,11305,0.04484741264927023,1.2687306501547988,6,6.340521033539792,1.6078618679786278,-3.6984729624900616,-1.806551436171082,0.01776523068618774,507,0.03,-2.9439006687657696,3.4283290341673682,False,5.142102545071452,False,False
homogeneous,0.25,118,selected_regression,96.0,54.37503630554749,1,30,1.5505952380952381,1.106027203204061,0.8207640760521835,1588,0.9716624685138538,9.032115869017632,72,0.7594861870609169,0.1164461593963331,-125.15791362028415,-9.60316425448931,0.10224253704706487,1543,0.005,-0.6226557313905278,0.4274246327967077,False,254.90959504203965,False,False
homogeneous,0.25,118,selected_mle,54.0,54.37503630554749,1,30,0.8672150411280846,2.3649950037260554,0.798991243966912,4109,1.0,3.4906303236797274,19,1.4022272951980579,0.33740792378006357,-727.1341757319846,-27.83814641621939,0.14656402190698353,4109,0.005,-0.4979912301229087,0.7877311405638874,False,1411.4861800556937,False,False
homogeneous,0.25,119,iei_rounded,55.0,54.52605405405406,1,30,0.8597756410256411,2.4363585829078653,0.8678959799505813,3996,0.9997497497497497,3.6103603603603602,35,1.3914226329778625,0.324968582500869,-622.4162757563703,-21.74865096790613,0.1396405070236017,3995,0.005,-0.37985281012401345,0.7251221251588494,False,1226.0803372362243,False,False
homogeneous,0.25,119,iei_rounded,55.0,54.52605405405406,1,15,0.8597756410256411,1.796957747527034,0.8735688045920158,3996,0.9897397397397397,3.6103603603603602,35,1.1755101591386268,0.329719486857431,-323.55762654319796,-15.35336289369786,0.09684360118436647,3955,0.005,-0.2881765839136988,0.6728195830861321,False,641.583869483442,False,False
homogeneous,0.25,119,iei_rounded,55.0,54.52605405405406,1,59,0.8597756410256411,2.454289625383069,0.879035641524142,3996,1.0,3.6103603603603602,35,1.5111593514621529,0.3243192786186617,-818.5068081396415,-25.816587697654313,0.16769744891038685,3996,0.005,-0.40564474422985336,0.7388683922413211,False,1614.0611385973207,False,False
homogeneous,0.25,119,iei_rounded,55.0,54.52605405405406,3,30,0.8597756410256411,3.177869231448875,0.9286798070211687,3996,0.5257757757757757,3.6103603603603602,35,2.3359078819947374,0.33106502815535954,-97.4455494935614,-6.725053883627049,0.07613634753956039,2101,0.005,-1.556609558317997,1.0517663526159364,False,194.29222093102726,False,False
homogeneous,0.25,119,fixed_10,10.0,54.52605405405406,1,30,0.1585088218554354,4.320009931146656,0.9302035496500668,11393,1.0,1.2663038707978584,6,2.97475556331632,1.5592195700372873,-391.868486065591,-17.604896280782576,0.04034786862580331,11393,0.005,0.9991579467152135,1.7414343197080764,False,773.8360158596861,False,False
homogeneous,0.25,119,fixed_10,10.0,54.52605405405406,1,15,0.1585088218554354,4.320009931146656,0.9302035496500668,11393,1.0,1.2663038707978584,6,2.950587990169014,1.559219566941524,-375.6104085008149,-17.250011596930694,0.03818041094906566,11393,0.005,0.9992196425503592,1.7413645750035802,False,741.3235798119331,False,False
homogeneous,0.25,119,fixed_10,10.0,54.52605405405406,1,59,0.1585088218554354,4.320009931146656,0.9302035496500668,11393,1.0,1.2663038707978584,6,2.98200158564193,1.5592195700372873,-395.92021881882727,-17.668027717152718,0.04105873982453845,11393,0.005,0.9991578247780937,1.741434449307994,False,781.9394792168678,False,False
homogeneous,0.25,119,fixed_10,10.0,54.52605405405406,3,30,0.1585088218554354,6.896553493100092,0.9823443365992676,11393,0.04388659703326604,1.2663038707978584,6,6.358607485324546,1.6158688027643837,-4.142852570253542,-2.1783946662100853,0.017563177910100425,500,0.025,-3.7988950875118177,3.759883730486561,False,5.927871191047984,False,False
homogeneous,0.25,119,selected_regression,96.0,54.52605405405406,1,30,1.5091743119266054,1.2005178807633712,0.7296615180332735,1563,0.963531669865643,9.230326295585412,75,0.7669348825752653,0.11843083865798809,-127.22742502698422,-10.146796693645356,0.10054746167527162,1506,0.005,-0.6193431807369173,0.4298546019731824,False,251.6254022894973,False,False
homogeneous,0.25,119,selected_mle,55.0,54.52605405405406,1,30,0.8597756410256411,2.4363585829078653,0.8678959799505813,3996,0.9997497497497497,3.6103603603603602,35,1.3914226329778625,0.324968582500869,-622.4162757563703,-21.74865096790613,0.1396405070236017,3995,0.005,-0.37985281012401345,0.7251221251588494,False,1226.0803372362243,False,False
uniform,0.25,100,iei_rounded,4.0,4.432377511853692,1,30,0.8963414634146342,2.54230699867899,0.8644220427568962,3667,0.9994545950368149,3.718298336514862,31,1.3675178098478096,0.3145008309070334,-581.484903225375,-21.480692945004407,0.13494487271272704,3665,0.005,-0.39409098502373996,0.7121249486103387,False,1121.2776866083095,False,False
uniform,0.25,100,iei_rounded,4.0,4.432377511853692,1,15,0.8963414634146342,1.7168334468888886,0.8726199697337702,3667,0.9910008181074448,3.718298336514862,31,1.1402677237978533,0.3144088804285534,-278.0639012201131,-13.996342432922575,0.08979706393623099,3634,0.005,-0.2573956860868608,0.6340849029326114,False,539.4885987019261,False,False
uniform,0.25,100,iei_rounded,4.0,4.432377511853692,1,59,0.8963414634146342,2.519474092261564,0.8684942826657398,3667,1.0,3.718298336514862,31,1.490594997988138,0.31325999937014526,-768.8079735556732,-25.236095614297998,0.16380971135931865,3667,0.005,-0.42015293758960737,0.7257024250773548,False,1493.4371844551206,False,False
uniform,0.25,100,iei_rounded,4.0,4.432377511853692,3,30,0.8963414634146342,3.318216962798762,0.9289183999209721,3667,0.5407690209980911,3.718298336514862,31,2.2860988568966807,0.3225474376140638,-113.00576118381446,-8.150102455426444,0.08684874328482678,1983,0.005,-2.016835567137623,1.1594411594311955,False,223.52743101977103,False,False
uniform,0.25,100,fixed_10,10.0,4.432377511853692,1,30,2.3131672597864767,0.5180371629967062,0.5504488421315791,832,0.8329326923076923,16.388221153846153,91,0.37466454379853253,0.05196613145033806,-22.733816875081256,-5.097386821967642,0.09317242720985386,693,0.005,-0.627428644618369,0.2745015744844563,False,40.966407544396134,False,False
uniform,0.25,100,fixed_10,10.0,4.432377511853692,1,15,2.3131672597864767,0.12474471485561898,0.21538143509242647,832,0.5817307692307693,16.388221153846153,91,0.10839366562773911,0.022957192669200287,-0.6600538209175921,-0.8817405700723426,0.03281617666245806,484,0.13,-0.09084012605836547,0.06898286667515971,False,-1.0980215826648418,False,False
uniform,0.25,100,fixed_10,10.0,4.432377511853692,1,59,2.3131672597864767,0.8884863602536058,0.5984999266967673,832,0.9891826923076923,16.388221153846153,91,0.6257628670796453,0.05776111504459236,-101.78714909753786,-11.317555130066589,0.13663948162817496,823,0.005,-1.0095606292195418,0.3838798631636598,False,179.17463089642843,False,False
uniform,0.25,100,fixed_10,10.0,4.432377511853692,3,30,2.3131672597864767,0.7605831824042232,0.6593844389575116,832,0.75,16.388221153846153,91,0.590191451198864,0.05756211314317372,-13.308057391400995,-4.156082147953722,0.07070339167169049,624,0.005,-1.7888718955874865,0.5235928174000322,False,28.13515025546576,False,False
uniform,0.25,100,selected_regression,6.0,4.432377511853692,1,30,1.317829457364341,1.677353790155499,0.7956940216814762,2069,0.9927501208313195,6.590140164330594,63,0.9542926450397697,0.16582744432244717,-263.0305558763633,-15.069298290709135,0.11952128366197967,2054,0.005,-0.6211138669486006,0.5250085540038256,False,488.2542346878581,False,False
uniform,0.25,100,selected_mle,4.0,4.432377511853692,1,30,0.8963414634146342,2.54230699867899,0.8644220427568962,3667,0.9994545950368149,3.718298336514862,31,1.3675178098478096,0.3145008309070334,-581.484903225375,-21.480692945004407,0.13494487271272704,3665,0.005,-0.39409098502373996,0.7121249486103387,False,1121.2776866083095,False,False
uniform,0.25,101,iei_rounded,4.0,4.464743095201358,1,30,0.8842244807777286,2.4648072956795883,0.8841744172677943,3647,0.9986290101453249,3.649026597203181,35,1.3865645252702965,0.3243319493252317,-586.3810043225434,-21.535922924984657,0.14251773040479604,3642,0.005,-0.426512472581772,0.7420370862919894,False,1163.284342893714,False,False
uniform,0.25,101,iei_rounded,4.0,4.464743095201358,1,15,0.8842244807777286,1.7880151186227193,0.8708497783925992,3647,0.9895804771044694,3.649026597203181,35,1.1671138313880771,0.32774215392918926,-306.04901820411175,-15.259531324171903,0.0990110610626524,3609,0.005,-0.3343919121550634,0.6889907242747553,False,613.4751910252398,False,False
uniform,0.25,101,iei_rounded,4.0,4.464743095201358,1,59,0.8842244807777286,2.476424985917445,0.905945360897319,3647,1.0,3.649026597203181,35,1.504865746236776,0.32026815766859495,-745.2367538163079,-23.154702519348373,0.1701159697120167,3647,0.005,-0.42889282681280805,0.7431060867024747,False,1498.4310643903991,False,False
uniform,0.25,101,iei_rounded,4.0,4.464743095201358,3,30,0.8842244807777286,3.211725506520434,0.9522171983209857,3647,0.5330408554976693,3.649026597203181,35,2.3681982809923934,0.33674434726487323,-77.43652077494447,-5.413453477603832,0.06453695414713373,1944,0.005,-1.2438849310562237,0.9774931466212274,False,154.98744484475174,False,False
uniform,0.25,101,fixed_10,10.0,4.464743095201358,1,30,2.332046332046332,0.48970278225159963,0.628459115738385,860,0.8790697674418605,15.474418604651163,85,0.39560809800516417,0.052038351810072755,-18.906061270688472,-4.000239294983662,0.07064502907782111,756,0.005,-0.5395786233704787,0.25821008876358476,False,40.57487006129031,False,False
uniform,0.25,101,fixed_10,10.0,4.464743095201358,1,15,2.332046332046332,0.20429311147223952,0.29539719886653204,860,0.6127906976744186,15.474418604651163,85,0.1814914968424315,0.041642497467296494,-3.0288485357699604,-2.079947923080475,0.03726606220712392,527,0.03,-0.439385240546228,0.21683055120870381,False,7.638621803368096,False,False
uniform,0.25,101,fixed_10,10.0,4.464743095201358,1,59,2.332046332046332,1.059217781136498,0.6563978436226232,860,0.9848837209302326,15.474418604651163,85,0.6817496673794334,0.06458703751158199,-115.34732346623811,-11.65998348596333,0.13957214533929474,847,0.005,-1.0318338517692134,0.41111042076197957,False,214.6942726243842,False,False
uniform,0.25,101,fixed_10,10.0,4.464743095201358,3,30,2.332046332046332,0.6940430995515615,0.7431153169321298,860,0.7802325581395348,15.474418604651163,85,0.6084394117908989,0.05517097728409573,-5.480037673046973,-1.6478607112892165,0.03864556146375997,671,0.01,-0.6845047319793731,0.28563845342130934,False,8.228190642339541,False,False
uniform,0.25,101,selected_regression,6.0,4.464743095201358,1,30,1.3303212851405624,1.6734855028863869,0.7970125165322336,2054,0.991236611489776,6.47906523855891,66,0.9703814669418858,0.17106665140674066,-274.0936986606118,-16.053496744801965,0.11703561214692404,2036,0.005,-0.6925758947831336,0.5582352617479553,False,535.5264173088381,False,False
uniform,0.25,101,selected_mle,4.0,4.464743095201358,1,30,0.8842244807777286,2.4648072956795883,0.8841744172677943,3647,0.9986290101453249,3.649026597203181,35,1.3865645252702965,0.3243319493252317,-586.3810043225434,-21.535922924984657,0.14251773040479604,3642,0.005,-0.426512472581772,0.7420370862919894,False,1163.284342893714,False,False
uniform,0.25,102,iei_rounded,4.0,4.394812462189957,1,30,0.8944567627494456,2.505687684523244,0.8937570834785686,3662,0.9986346258874932,3.7058984161660296,42,1.3730145140560612,0.31865699348364973,-597.9836007313611,-21.226307580920306,0.14039015812564015,3657,0.005,-0.4443616554408497,0.7388118066512692,False,1176.83742547144,False,False
uniform,0.25,102,iei_rounded,4.0,4.394812462189957,1,15,0.8944567627494456,1.8107593592901825,0.8492131687738231,3662,0.9898962315674494,3.7058984161660296,42,1.1489120705671656,0.32152275718431067,-312.8931139967317,-16.043403475002123,0.0960206570710212,3625,0.005,-0.3467978298707526,0.6821212466197929,False,611.1104040905429,False,False
uniform,0.25,102,iei_rounded,4.0,4.394812462189957,1,59,0.8944567627494456,2.503078233946026,0.9143193593691346,3662,1.0,3.7058984161660296,42,1.4934962019630849,0.31449167658152355,-761.6791641327892,-22.72298002786522,0.16851778522247984,3662,0.005,-0.44757926786563346,0.740411924050567,False,1524.0021112801041,False,False
uniform,0.25,102,iei_rounded,4.0,4.394812462189957,3,30,0.8944567627494456,3.1701904563326098,0.9516716883542664,3662,0.5371381758601856,3.7058984161660296,42,2.316798794798869,0.32908716341035826,-106.88596880589971,-6.959068250545782,0.09332690804589866,1967,0.005,-2.0653051340080273,1.1861183128840478,False,224.00537864915168,False,False
uniform,0.25,102,fixed_10,10.0,4.394812462189957,1,30,2.306338028169014,0.491834944575394,0.5759907233679349,848,0.8514150943396226,16.003537735849058,89,0.37338825509583096,0.05154915863460828,-22.9871538492494,-5.052713432377294,0.08356076188360817,722,0.005,-0.6721651117718801,0.2860038999828779,False,46.17653507680279,False,False
uniform,0.25,102,fixed_10,10.0,4.394812462189957,1,15,2.306338028169014,0.10912992407080097,0.15081360870159866,848,0.6002358490566038,16.003537735849058,89,0.10021810693287314,0.0230956676580076,-0.9920385450844229,-1.163985677308688,0.03752117913981423,509,0.03,-0.24789776379247402,0.1199262781418612,False,0.8083655311756957,False,False
uniform,0.25,102,fixed_10,10.0,4.394812462189957,1,59,2.306338028169014,0.9394655627542398,0.6114127426896007,848,0.9858490566037735,16.003537735849058,89,0.6450709227149307,0.06076667604551418,-113.17105481236388,-12.193775719372145,0.13704653992811477,836,0.005,-1.1055825373066137,0.4132932019931987,False,208.16485329646093,False,False
uniform,0.25,102,fixed_10,10.0,4.394812462189957,3,30,2.306338028169014,0.7201979836647047,0.6903470131462854,848,0.7665094339622641,16.003537735849058,89,0.5968182680825347,0.05711710522457626,-11.654923464620925,-3.626386717523168,0.05335943860210757,650,0.005,-1.5589939234026626,0.4749755545726639,False,24.175789365975106,False,False
uniform,0.25,102,selected_regression,6.0,4.394812462189957,1,30,1.3128153380423815,1.7714113488557937,0.7939193607100403,2066,0.9888673765730881,6.568731848983543,66,0.9619959112696623,0.17149826386066852,-300.01949035891175,-17.59567395965465,0.1243101183944113,2043,0.005,-0.7811251464364549,0.5834364260506539,False,579.6100588451882,False,False
uniform,0.25,102,selected_mle,4.0,4.394812462189957,1,30,0.8944567627494456,2.505687684523244,0.8937570834785686,3662,0.9986346258874932,3.7058984161660296,42,1.3730145140560612,0.31865699348364973,-597.9836007313611,-21.226307580920306,0.14039015812564015,3657,0.005,-0.4443616554408497,0.7388118066512692,False,1176.83742547144,False,False
uniform,0.25,103,iei_rounded,5.0,4.50488229505715,1,30,1.1307443365695793,2.1909449276956634,0.835201595924135,2830,0.9978798586572438,4.790812720848057,65,1.1738168418854773,0.2377122494557783,-467.3042980910889,-20.62331576206294,0.12810845437976348,2824,0.005,-0.6213117487578261,0.6610655468307379,False,901.7737905509184,False,False
uniform,0.25,103,iei_rounded,5.0,4.50488229505715,1,15,1.1307443365695793,1.3059764567696304,0.8371150160916961,2830,0.9742049469964664,4.790812720848057,65,0.905213285983594,0.23281163618226558,-181.5589018284728,-12.533843640242758,0.08918265401367442,2757,0.005,-0.4288625958943954,0.562032749208016,False,355.5715197021709,False,False
uniform,0.25,103,iei_rounded,5.0,4.50488229505715,1,59,1.1307443365695793,2.2702976721980175,0.8678673534251908,2830,0.9992932862190813,4.790812720848057,65,1.3304932077917204,0.23642558898906574,-687.1227632760388,-25.47762473409756,0.164400694019235,2828,0.005,-0.6794578529164901,0.6881950483651257,False,1333.712189673186,False,False
uniform,0.25,103,iei_rounded,5.0,4.50488229505715,3,30,1.1307443365695793,2.891000551369326,0.9109562940074732,2830,0.6409893992932862,4.790812720848057,65,1.9400922906004272,0.24972442290560604,-123.12761003134875,-9.315226500821193,0.08874587504508402,1814,0.005,-2.369296881259206,1.1113858787419013,False,247.73901270337956,False,False
uniform,0.25,103,fixed_10,10.0,4.50488229505715,1,30,2.2964285714285713,0.5289374580703065,0.6822084229425129,891,0.8731762065095399,15.216610549943884,105,0.4256621090865682,0.053967666839246475,-14.966199813937028,-2.9945355954836543,0.05969050659923347,778,0.005,-0.31819188644822627,0.20813929104726608,False,27.95730510010526,False,False
uniform,0.25,103,fixed_10,10.0,4.50488229505715,1,15,2.2964285714285713,0.2669820446625794,0.6806658196083795,891,0.6105499438832772,15.216610549943884,105,0.2436400173120301,0.0506063048318532,-2.4468228690928884,-1.4058622623460744,0.0354080406373708,544,0.07,-0.18810528714314081,0.1535898660677254,False,3.254920471353671,False,False
uniform,0.25,103,fixed_10,10.0,4.50488229505715,1,59,2.2964285714285713,1.0710532937472819,0.6651605254722205,891,0.9910213243546577,15.216610549943884,105,0.6904479172173108,0.06439866523396354,-110.11357212661322,-11.061080745979833,0.13226507903634044,883,0.005,-0.8254078720046228,0.366255850375758,False,186.27758191321936,False,False
uniform,0.25,103,fixed_10,10.0,4.50488229505715,3,30,2.2964285714285713,0.706757652743882,0.7349012314944893,891,0.7654320987654321,15.216610549943884,105,0.6118018936922791,0.05500440493135687,-4.5181262802720585,-1.3782747009904612,0.0353576622944034,682,0.025,-0.58277279489564,0.2640368623539656,False,6.930030510651704,False,False
uniform,0.25,103,selected_regression,6.0,4.50488229505715,1,30,1.3521825396825398,1.67984992263017,0.7990810901272493,2094,0.9923591212989494,6.47468958930277,73,0.9630152894215609,0.1694786051518673,-281.97354093704325,-15.80022175949313,0.1272565802637171,2078,0.005,-0.7274369706863528,0.5658376673303394,False,560.0189955602727,False,False
uniform,0.25,103,selected_mle,4.0,4.50488229505715,1,30,0.8854030501089325,2.461896197582491,0.8790850144760063,3729,0.9989273263609547,3.635827299544114,35,1.3877454186053146,0.32486289352427555,-599.2860259875241,-21.18498806663576,0.13905368542537938,3725,0.005,-0.40899225760625724,0.7351606456882415,False,1171.7359533682647,False,False
uniform,0.25,104,iei_rounded,4.0,4.448244344580699,1,30,0.92082239720035,2.4840796989528626,0.8860495874039944,3700,0.9997297297297297,3.642972972972973,33,1.371298063119342,0.3215195590303558,-646.7694651584233,-23.96058461881123,0.14340495333579212,3699,0.005,-0.5162014659109733,0.7693773283777472,False,1267.5085245556165,False,False
uniform,0.25,104,iei_rounded,4.0,4.448244344580699,1,15,0.92082239720035,1.8919231790692275,0.8227863008283467,3700,0.9921621621621621,3.642972972972973,33,1.1435030065976175,0.3220753027860972,-340.2988479592298,-17.839515720926236,0.09816781582669243,3671,0.005,-0.4130174234533448,0.709653702112101,False,665.9853983265093,False,False
uniform,0.25,104,iei_rounded,4.0,4.448244344580699,1,59,0.92082239720035,2.496556488635228,0.8939224537509988,3700,1.0,3.642972972972973,33,1.494262310064821,0.32089565270843534,-838.1233300907095,-27.884652527102112,0.1722602926860317,3700,0.005,-0.53835335306683,0.7810928870016939,False,1647.0066902690342,False,False
uniform,0.25,104,iei_rounded,4.0,4.448244344580699,3,30,0.92082239720035,3.2140984568751882,0.9523964337076951,3700,0.5448648648648649,3.642972972972973,33,2.3595620811772857,0.34095153775196396,-117.4405110673159,-8.009795449401242,0.08844106017333492,2016,0.005,-2.1936811463227466,1.2408625200153762,False,237.60421681393382,False,False
uniform,0.25,104,fixed_10,10.0,4.448244344580699,1,30,2.311864406779661,0.5618445854535644,0.6294983797595863,856,0.8492990654205608,15.746495327102803,101,0.42483873088949586,0.058689933963390534,-26.87413603801931,-5.273283511761966,0.08554711020084971,727,0.005,-0.7036217869722916,0.3130409841097011,False,57.32997099977183,False,False
uniform,0.25,104,fixed_10,10.0,4.448244344580699,1,15,2.311864406779661,0.21540177227641136,0.38334514405575715,856,0.6016355140186916,15.746495327102803,101,0.1917692285872743,0.04592242751990536,-4.077707680809992,-2.427424333808007,0.04410197669556759,515,0.02,-0.5450602654556695,0.257376811681337,False,11.163067039902671,False,False
uniform,0.25,104,fixed_10,10.0,4.448244344580699,1,59,2.311864406779661,1.065949457770022,0.6372201729430147,856,0.9894859813084113,15.746495327102803,101,0.6663817749388716,0.06162694345427623,-103.53928467217196,-10.703706088162022,0.1187151562376807,847,0.005,-0.9691529921750649,0.39040160935182006,False,195.38581320382764,False,False
uniform,0.25,104,fixed_10,10.0,4.448244344580699,3,30,2.311864406779661,0.8464964213568985,0.7928015985533216,856,0.7651869158878505,15.746495327102803,101,0.7159478037326164,0.06648122792169295,-7.7281260044665085,-2.0315972570322987,0.04692455060409262,655,0.005,-0.7390215697040703,0.3247010890252751,False,11.01744987884922,False,False
uniform,0.25,104,selected_regression,6.0,4.448244344580699,1,30,1.3648241206030152,1.6465338982078812,0.8136042118009221,2075,0.9942168674698795,6.4959036144578315,67,0.9610847609125468,0.1677017316484012,-266.6115850281166,-14.833774187621854,0.11868162347517941,2063,0.005,-0.6594800557564003,0.54173490790651,False,516.7208534866604,False,False
uniform,0.25,104,selected_mle,4.0,4.448244344580699,1,30,0.92082239720035,2.4840796989528626,0.8860495874039944,3700,0.9997297297297297,3.642972972972973,33,1.371298063119342,0.3215195590303558,-646.7694651584233,-23.96058461881123,0.14340495333579212,3699,0.005,-0.5162014659109733,0.7693773283777472,False,1267.5085245556165,False,False
uniform,0.25,105,iei_rounded,4.0,4.394309559939302,1,30,0.8922664282521234,2.5401094409970364,0.8747955317577414,3624,0.9988962472406181,3.7323399558498895,46,1.372418472764279,0.3157081578638903,-561.9525735180378,-20.59782448037582,0.13203247787496392,3620,0.005,-0.36542125070089565,0.7034000418212982,False,1081.288830582629,False,False
uniform,0.25,105,iei_rounded,4.0,4.394309559939302,1,15,0.8922664282521234,1.7207787183197165,0.8657158705520009,3624,0.9906181015452539,3.7323399558498895,46,1.1464513783968169,0.3157337180277464,-266.1107611707368,-13.312586828349833,0.08709502749895548,3590,0.005,-0.22514881206190912,0.6230962472749266,False,514.6821186471989,False,False
uniform,0.25,105,iei_rounded,4.0,4.394309559939302,1,59,0.8922664282521234,2.460207363023705,0.8940144606672416,3624,1.0,3.7323399558498895,46,1.49340055644066,0.31187694319390835,-724.4281108169121,-21.621446112714796,0.16029821537467126,3624,0.005,-0.3769051780326715,0.7095373219907876,False,1426.9032677880296,False,False
uniform,0.25,105,iei_rounded,4.0,4.394309559939302,3,30,0.8922664282521234,3.2767826699247586,0.9380282482850332,3624,0.5419426048565121,3.7323399558498895,46,2.3049117703827076,0.32500184965380274,-99.59617798539183,-7.030259640284796,0.08206917317159917,1964,0.005,-1.7285976041787088,1.0869750532050502,False,196.48839949894682,False,False
uniform,0.25,105,fixed_10,10.0,4.394309559939302,1,30,2.1058823529411765,0.4896433577553709,0.6184495335693754,828,0.8429951690821256,16.335748792270532,99,0.3827376925409549,0.051360003954186134,-19.32164241997391,-4.3424345327166,0.07571003049924852,698,0.005,-0.5922620625212957,0.2679056930160397,False,39.655085541865446,False,False
uniform,0.25,105,fixed_10,10.0,4.394309559939302,1,15,2.1058823529411765,0.15666564373318734,0.29076801084398085,828,0.5893719806763285,16.335748792270532,99,0.1426840997498271,0.03195774918583824,-1.5808132822433434,-1.4061693455720876,0.04003353327860859,488,0.045,-0.33037152615622417,0.1641704348133031,False,3.095393106197662,False,False
uniform,0.25,105,fixed_10,10.0,4.394309559939302,1,59,2.1058823529411765,0.9902782585313807,0.6231562509906362,828,0.9879227053140096,16.335748792270532,99,0.638812910259416,0.05857715196471372,-97.53242252237348,-10.820731594667393,0.12457277357141139,818,0.005,-0.9775573343258216,0.3815992305935144,False,178.13284495311564,False,False
uniform,0.25,105,fixed_10,10.0,4.394309559939302,3,30,2.1058823529411765,0.724206815715664,0.7571032455632835,828,0.7596618357487923,16.335748792270532,99,0.6228628424704272,0.057078939563877024,-6.288358051064504,-1.9549485894267609,0.041658344937757774,629,0.015,-0.7780367051628266,0.30985834514974314,False,9.254012209313714,False,False
uniform,0.25,105,selected_regression,6.0,4.394309559939302,1,30,1.2985232067510548,1.6934366512730727,0.7826119596861556,2036,0.9901768172888016,6.643418467583497,72,0.971466711052317,0.16825510113281616,-240.82012660072553,-13.717774724711463,0.10640719412281996,2016,0.005,-0.5722260560858685,0.5179287286063898,False,466.5989212273307,False,False
uniform,0.25,105,selected_mle,4.0,4.394309559939302,1,30,0.8922664282521234,2.5401094409970364,0.8747955317577414,3624,0.9988962472406181,3.7323399558498895,46,1.372418472764279,0.3157081578638903,-561.9525735180378,-20.59782448037582,0.13203247787496392,3620,0.005,-0.36542125070089565,0.7034000418212982,False,1081.288830582629,False,False
uniform,0.25,106,iei_rounded,4.0,4.423587786259542,1,30,0.8563192904656319,2.4837176201004145,0.8492139742820245,3708,0.9991909385113269,3.6264832793959005,39,1.388687379810035,0.3251211629889903,-593.8419850606426,-21.79261288331302,0.1390963845405807,3705,0.005,-0.3976046755236456,0.7308342166511478,False,1153.898962397454,False,False
uniform,0.25,106,iei_rounded,4.0,4.423587786259542,1,15,0.8563192904656319,1.7459971811446422,0.872921205826695,3708,0.993797195253506,3.6264832793959005,39,1.1614125482106932,0.32236161985130696,-282.91213070369685,-13.920609103326031,0.09369298834971124,3685,0.005,-0.25059989474555006,0.6452079659819162,False,558.4710463547017,False,False
uniform,0.25,106,iei_rounded,4.0,4.423587786259542,1,59,0.8563192904656319,2.4906049269759998,0.8759992559129797,3708,1.0,3.6264832793959005,39,1.5077275805808252,0.32261755633208733,-764.3706369140268,-24.109020703664225,0.16692729937342926,3708,0.005,-0.411487858538862,0.7381631687289534,False,1503.7544040273187,False,False
uniform,0.25,106,iei_rounded,4.0,4.423587786259542,3,30,0.8563192904656319,3.2210277494801063,0.8996053008913135,3708,0.5272384034519957,3.6264832793959005,39,2.330208325429963,0.33280600079512546,-108.81582830855349,-7.654479388878609,0.0787708713290799,1955,0.005,-1.9409889295757234,1.1569762539188277,False,211.60949870953118,False,False
uniform,0.25,106,fixed_10,10.0,4.423587786259542,1,30,2.168627450980392,0.49588195214387354,0.6748190599676435,834,0.854916067146283,16.123501199040767,86,0.4084818261326486,0.05222151702003637,-14.55488589263417,-3.0949684578735317,0.06274720230420106,713,0.005,-0.4136886575267222,0.22847378014016398,False,30.313791542382205,False,False
uniform,0.25,106,fixed_10,10.0,4.423587786259542,1,15,2.168627450980392,0.2589790169047807,0.49263708715931287,834,0.5935251798561151,16.123501199040767,86,0.22285453803632826,0.04992131855004639,-3.5326950575412948,-2.0667680111493723,0.051706718423919606,495,0.005,-0.39156084266017327,0.216759465860808,False,7.248972472670175,False,False
uniform,0.25,106,fixed_10,10.0,4.423587786259542,1,59,2.168627450980392,1.1080419077305863,0.6688722025122321,834,0.986810551558753,16.123501199040767,86,0.6632719723227627,0.059960021035208394,-89.23652201145576,-9.160800063858158,0.12295343815485527,823,0.005,-0.8206694406747058,0.35475069511595275,False,161.59373098883134,False,False
uniform,0.25,106,fixed_10,10.0,4.423587786259542,3,30,2.168627450980392,0.6789428597991265,0.751612195848986,834,0.7565947242206235,16.123501199040767,86,0.613048912952225,0.054669061333446706,-3.2677511536838058,-1.0381922834502415,0.036659661769183005,631,0.03,-0.574397454141653,0.2624956767393561,False,6.1706678685031875,False,False
uniform,0.25,106,selected_regression,6.0,4.423587786259542,1,30,1.2764227642276422,1.712534570833873,0.7991424849442076,2067,0.9912917271407837,6.505563618771166,68,0.9721773003869334,0.1704623755909116,-265.29982442362893,-15.024692148306713,0.11827885920321901,2049,0.005,-0.6349104334662211,0.5396390649466056,False,508.70256914524725,False,False
uniform,0.25,106,selected_mle,4.0,4.423587786259542,1,30,0.8563192904656319,2.4837176201004145,0.8492139742820245,3708,0.9991909385113269,3.6264832793959005,39,1.388687379810035,0.3251211629889903,-593.8419850606426,-21.79261288331302,0.1390963845405807,3705,0.005,-0.3976046755236456,0.7308342166511478,False,1153.898962397454,False,False
uniform,0.25,107,iei_rounded,5.0,4.526155021000382,1,30,1.0804289544235925,2.0980934006418392,0.840759984424579,2756,0.9960087082728593,4.879172714078375,63,1.1672845583878537,0.23562612046378645,-456.1798313151241,-20.052464632469007,0.13146273767159977,2745,0.005,-0.6614277627727813,0.6719744574991396,False,903.3891281503966,False,False
uniform,0.25,107,iei_rounded,5.0,4.526155021000382,1,15,1.0804289544235925,1.3855237610949005,0.7838622203306267,2756,0.9687953555878084,4.879172714078375,63,0.9041770201673369,0.23556644170451735,-196.91966974751884,-14.152158864076627,0.08791804777952028,2670,0.005,-0.5324495197064222,0.6055706736854898,False,395.1301992894132,False,False
uniform,0.25,107,iei_rounded,5.0,4.526155021000382,1,59,1.0804289544235925,2.235116934803691,0.8869107980640423,2756,0.9996371552975326,4.879172714078375,63,1.3217530662040655,0.23046993538771676,-647.0488989878779,-22.261745869541702,0.1668911370290941,2755,0.005,-0.686091565814183,0.68337035926423,False,1300.125221435983,False,False
uniform,0.25,107,iei_rounded,5.0,4.526155021000382,3,30,1.0804289544235925,2.7615690431613062,0.9146283822117076,2756,0.6491291727140783,4.879172714078375,63,1.9640134197588228,0.25099683569709075,-97.63556065921966,-7.092947509252822,0.08210626552632216,1789,0.005,-1.8506951574020938,0.9835600331652281,False,196.0329865246822,False,False
uniform,0.25,107,fixed_10,10.0,4.526155021000382,1,30,2.219298245614035,0.5805337194152793,0.6883304341116754,868,0.8490783410138248,15.491935483870968,74,0.4640941996073291,0.061102437558802986,-20.67830287292775,-3.900950830895223,0.05740754434645534,737,0.005,-0.47806898543238213,0.2656258586071008,False,43.80410701353139,False,False
uniform,0.25,107,fixed_10,10.0,4.526155021000382,1,15,2.219298245614035,0.3213302811363805,0.4328994665757583,868,0.6059907834101382,15.491935483870968,74,0.27510832515377537,0.06092483853720877,-4.883155610243119,-2.177672418059103,0.06460329405429599,526,0.005,-0.47433675497158884,0.26714782685496535,False,13.077201639124723,False,False
uniform,0.25,107,fixed_10,10.0,4.526155021000382,1,59,2.219298245614035,1.0071053443943216,0.6570014253784442,868,0.9896313364055299,15.491935483870968,74,0.6892338649949767,0.0627458579822609,-93.69162745043869,-9.52333183574489,0.11247464824663511,859,0.005,-0.7680721827846065,0.3522849137651699,False,169.57287148930118,False,False
uniform,0.25,107,fixed_10,10.0,4.526155021000382,3,30,2.219298245614035,0.8110309115618584,0.7876080787966135,868,0.7488479262672811,15.491935483870968,74,0.7290247554153613,0.065483215248756,-2.211279976047641,-0.6040805341100444,0.033243013190915716,650,0.055,-0.2409156205036476,0.2168534858371464,False,3.901732283383353,False,False
uniform,0.25,107,selected_regression,6.0,4.526155021000382,1,30,1.3497536945812807,1.814763223751457,0.7941038792610811,2092,0.9894837476099426,6.427820267686425,70,0.972057690839387,0.17615516253542113,-325.88168459704025,-18.91970946878228,0.1357548418422645,2070,0.005,-0.8787992469185458,0.6226655761517996,False,652.5916874958293,False,False
uniform,0.25,107,selected_mle,4.0,4.526155021000382,1,30,0.8792878853669127,2.409205067553445,0.8859351988995807,3726,0.9994632313472893,3.6089640365002684,68,1.389906939837866,0.32698672120572747,-611.217499865546,-21.572455409755182,0.14655288214900997,3724,0.005,-0.4573963399715267,0.7587215750291679,False,1225.6808786539805,False,False
uniform,0.25,108,iei_rounded,4.0,4.457988614800759,1,30,0.9171416045594037,2.5935294789699035,0.8834320732315641,3689,0.9994578476551911,3.6671184602873406,45,1.3760174945689858,0.32025490090073827,-604.7959158416327,-21.48087492697764,0.14473266937989532,3687,0.005,-0.4656361502204082,0.750769287774341,False,1211.9000343130047,False,False
uniform,0.25,108,iei_rounded,4.0,4.457988614800759,1,15,0.9171416045594037,1.8482055573312721,0.838929012111097,3689,0.9888858769314177,3.6671184602873406,45,1.1568898039280153,0.3261954128770219,-330.2108340480153,-16.775824701635955,0.10151085984303138,3648,0.005,-0.3991208689046591,0.7125873986039215,False,662.0367944821028,False,False
uniform,0.25,108,iei_rounded,4.0,4.457988614800759,1,59,0.9171416045594037,2.5379131886294566,0.8901645789157767,3689,1.0,3.6671184602873406,45,1.4975960202269558,0.31840748985156875,-783.6566250127544,-24.257240263199883,0.1732040869166792,3689,0.005,-0.48191778156317083,0.759459365124546,False,1576.3130943870183,False,False
uniform,0.25,108,iei_rounded,4.0,4.457988614800759,3,30,0.9171416045594037,3.294904127904926,0.9416480539857827,3689,0.5364597451883979,3.6671184602873406,45,2.343027622042472,0.3321081842879645,-87.72455067766802,-5.801921233464727,0.08766334566200945,1979,0.005,-1.602408563371484,1.067489156567339,False,186.2350676231108,False,False
uniform,0.25,108,fixed_10,10.0,4.457988614800759,1,30,2.1044776119402986,0.4788501578521039,0.5603095511163915,853,0.8628370457209847,15.859320046893318,79,0.3710608596630376,0.04936005712007856,-18.61244886274765,-4.115516099496262,0.08194470034248591,736,0.005,-0.5547141980247497,0.25377296806025357,False,37.42487545214226,False,False
uniform,0.25,108,fixed_10,10.0,4.457988614800759,1,15,2.1044776119402986,0.15521363543368435,0.28159270018466886,853,0.5967174677608441,15.859320046893318,79,0.1366031069450937,0.030310665520994436,-1.4402846553047892,-1.3549773778361618,0.03738409075733096,509,0.055,-0.26877231372808,0.14067670284323344,False,1.9189145713230573,False,False
uniform,0.25,108,fixed_10,10.0,4.457988614800759,1,59,2.1044776119402986,1.111467134393614,0.6350930647352777,853,0.9894490035169988,15.859320046893318,79,0.6492456538878901,0.06047381107028084,-108.1596562008221,-11.39145403214848,0.13076985013123044,844,0.005,-1.0273470109501095,0.39705778982046797,False,197.67597383828706,False,False
uniform,0.25,108,fixed_10,10.0,4.457988614800759,3,30,2.1044776119402986,0.7034327496995982,0.6728307038208237,853,0.7784290738569754,15.859320046893318,79,0.5981982778277359,0.05469864456523847,-6.434023731220769,-1.9458185917755006,0.05225320216489204,664,0.005,-0.8256454151432399,0.31417416275474813,False,10.144242931028202,False,False
uniform,0.25,108,selected_regression,6.0,4.457988614800759,1,30,1.3333333333333333,1.6343467626525368,0.8337431331242351,2096,0.9928435114503816,6.4541984732824424,58,0.9763644582301314,0.17000312653123612,-254.15211624738416,-13.898154350148724,0.1130834419904555,2081,0.005,-0.587351004187298,0.5257880198593056,False,493.79633960596584,False,False
uniform,0.25,108,selected_mle,4.0,4.457988614800759,1,30,0.9171416045594037,2.5935294789699035,0.8834320732315641,3689,0.9994578476551911,3.6671184602873406,45,1.3760174945689858,0.32025490090073827,-604.7959158416327,-21.48087492697764,0.14473266937989532,3687,0.005,-0.4656361502204082,0.750769287774341,False,1211.9000343130047,False,False
uniform,0.25,109,iei_rounded,4.0,4.431650293199299,1,30,0.9137478108581436,2.5740496038320875,0.8738340616908685,3667,0.9994545950368149,3.676029451868012,54,1.3766742827220444,0.31962454253985495,-590.5366889976835,-21.714225446185953,0.13693863964297315,3665,0.005,-0.4131334014284099,0.7279348095469893,False,1148.8032421791395,False,False
uniform,0.25,109,iei_rounded,4.0,4.431650293199299,1,15,0.9137478108581436,1.7370715569043287,0.8710079703431258,3667,0.9912735205890374,3.676029451868012,54,1.1516667324602121,0.3199715323371989,-290.40139311569953,-14.341287211116768,0.09218240465080069,3635,0.005,-0.2877812592085946,0.6561279896843776,False,570.6960827911844,False,False
uniform,0.25,109,iei_rounded,4.0,4.431650293199299,1,59,0.9137478108581436,2.4765965219722395,0.8792124054194311,3667,1.0,3.676029451868012,54,1.4980937807487127,0.3174990243475613,-765.1076774531462,-23.512195170747468,0.16536665373727083,3667,0.005,-0.4312523421832968,0.7376521987789337,False,1508.0623756285786,False,False
uniform,0.25,109,iei_rounded,4.0,4.431650293199299,3,30,0.9137478108581436,3.343669596880007,0.9405185607416289,3667,0.5410417234796837,3.676029451868012,54,2.3385012376540235,0.33254313830695037,-96.9863189184816,-6.849412079481765,0.07948277679027971,1984,0.005,-1.6722771823605524,1.0851654952873633,False,192.47377174641224,False,False
uniform,0.25,109,fixed_10,10.0,4.431650293199299,1,30,2.208955223880597,0.4878008444409964,0.6789592029220763,836,0.8528708133971292,16.124401913875598,81,0.40741800334443035,0.051128040811513065,-12.181867129565468,-2.6326062982545166,0.06614559243672502,713,0.005,-0.31688710975728457,0.20165268833038655,False,23.55691927207954,False,False
uniform,0.25,109,fixed_10,10.0,4.431650293199299,1,15,2.208955223880597,0.2669605755334284,0.47922810194681364,836,0.5873205741626795,16.124401913875598,81,0.23568599762128706,0.05022350909340194,-2.6691159567696103,-1.6270867172330585,0.04517931256574603,491,0.015,-0.24400725345988072,0.17017695169954433,False,3.77292687693307,False,False
uniform,0.25,109,fixed_10,10.0,4.431650293199299,1,59,2.208955223880597,1.0384990340073437,0.6380799876362,836,0.9844497607655502,16.124401913875598,81,0.6654392319199065,0.06073336903067918,-93.88276902813553,-10.107212688200779,0.1247020315189219,823,0.005,-0.8036086808717495,0.3515978420601736,False,159.41514306843965,False,False
uniform,0.25,109,fixed_10,10.0,4.431650293199299,3,30,2.208955223880597,0.6580549628385768,0.7376320259467631,836,0.7547846889952153,16.124401913875598,81,0.6038601104899097,0.05317721830143417,-2.0356682211619095,-0.6416523972762832,0.03957116671808658,631,0.005,-0.3114591329903395,0.2022607002862057,False,2.9044088152813856,False,False
uniform,0.25,109,selected_regression,6.0,4.431650293199299,1,30,1.2774390243902438,1.6122687031936958,0.8293900710163165,2067,0.9888727624576681,6.521528785679729,62,0.9838096711862487,0.17285970453774369,-259.6919967833591,-14.309695634745179,0.11643010355486838,2044,0.005,-0.5903236311899941,0.5309642001457573,False,492.3419334918199,False,False
uniform,0.25,109,selected_mle,4.0,4.431650293199299,1,30,0.9137478108581436,2.5740496038320875,0.8738340616908685,3667,0.9994545950368149,3.676029451868012,54,1.3766742827220444,0.31962454253985495,-590.5366889976835,-21.714225446185953,0.13693863964297315,3665,0.005,-0.4131334014284099,0.7279348095469893,False,1148.8032421791395,False,False
uniform,0.25,110,iei_rounded,5.0,4.505206324720401,1,30,1.0695538057742782,2.1314002191143615,0.8676285893808855,2825,0.9978761061946902,4.715752212389381,62,1.1930902351548323,0.2419469053699887,-437.8129009044574,-18.110073188492105,0.12677424439308665,2819,0.005,-0.5434020444036812,0.6441988678682544,False,852.7876657119032,False,False
uniform,0.25,110,iei_rounded,5.0,4.505206324720401,1,15,1.0695538057742782,1.3346320427815268,0.8503297847343846,2825,0.9748672566371681,4.715752212389381,62,0.9329723792201623,0.24069402123780037,-178.51190018622907,-11.957654220102688,0.0867142189192478,2754,0.005,-0.37725352216166513,0.5564904511439157,False,346.6470280214453,False,False
uniform,0.25,110,iei_rounded,5.0,4.505206324720401,1,59,1.0695538057742782,2.2054882680023513,0.8919409897240219,2825,0.9996460176991151,4.715752212389381,62,1.3452983121676017,0.2394881343189304,-639.6671535110291,-21.879340884702916,0.16206869539495294,2824,0.005,-0.5942188076049617,0.6682416556146861,False,1257.3510728149067,False,False
uniform,0.25,110,iei_rounded,5.0,4.505206324720401,3,30,1.0695538057742782,2.7421897118141194,0.9342505750368921,2825,0.6283185840707964,4.715752212389381,62,1.9544591696273574,0.2501883604744928,-104.28044730567684,-7.315640577315799,0.0890906548430479,1775,0.005,-2.097025867456879,1.0450075448359268,False,216.73883345008835,False,False
uniform,0.25,110,fixed_10,10.0,4.505206324720401,1,30,2.12,0.5639277136771601,0.6485377561933482,860,0.8534883720930233,15.490697674418605,72,0.43509150702358035,0.057768081872179355,-21.245434066333083,-4.1772528496710395,0.0726813140966247,734,0.005,-0.490368456330049,0.2586823401119967,False,40.63406080878667,False,False
uniform,0.25,110,fixed_10,10.0,4.505206324720401,1,15,2.12,0.24212634134697866,0.47326565378805785,860,0.6069767441860465,15.490697674418605,72,0.21824181715663293,0.046768373660837886,-2.6331591402378813,-1.619466872455081,0.045992167062572475,522,0.005,-0.278522392038096,0.17544448658602296,False,4.457340575231228,False,False
uniform,0.25,110,fixed_10,10.0,4.505206324720401,1,59,2.12,1.0666745303491942,0.6391759924327617,860,0.9918604651162791,15.490697674418605,72,0.6753811694645666,0.06204956888779953,-99.8072009493733,-10.177345494159574,0.11841693982513268,853,0.005,-0.8404985171826616,0.3639805442685412,False,176.3322501340117,False,False
uniform,0.25,110,fixed_10,10.0,4.505206324720401,3,30,2.12,0.8001998890244814,0.7488996186347683,860,0.7581395348837209,15.490697674418605,72,0.6792536207146487,0.06243869893793365,-6.554735358996395,-1.852541699595492,0.04466003367991023,652,0.005,-0.7298510976814828,0.3133685828044189,False,10.035934622637797,False,False
uniform,0.25,110,selected_regression,6.0,4.505206324720401,1,30,1.2700296735905046,1.790747536363862,0.8020178052525921,2160,0.9907407407407407,6.167592592592593,68,1.0138876575576798,0.18423586580029733,-309.2319330790227,-16.629008645482127,0.12318377184201779,2140,0.005,-0.6839911575584433,0.5807531758392778,False,595.077511995134,False,False
uniform,0.25,110,selected_mle,4.0,4.505206324720401,1,30,0.8627956989247312,2.5874897209091587,0.8743605420925995,3775,0.9994701986754967,3.5290066225165564,42,1.4066874832652356,0.3351638657569057,-618.1069099536533,-22.076683630378646,0.13768167649898788,3773,0.005,-0.40627915406988596,0.7497207424533081,False,1198.0435256744495,False,False
uniform,0.25,111,iei_rounded,4.0,4.419107020613068,1,30,0.9071013845466727,2.4060855036853046,0.8660303979573106,3668,0.9989094874591058,3.6791166848418757,46,1.3748909112165837,0.32099854778387327,-615.4598278442116,-22.314917093102807,0.14544042683789443,3664,0.005,-0.48934605386996455,0.7604128380523621,False,1229.0927871673466,False,False
uniform,0.25,111,iei_rounded,4.0,4.419107020613068,1,15,0.9071013845466727,1.925987941286421,0.7814934875710117,3668,0.9890948745910578,3.6791166848418757,46,1.1535011882023252,0.32548623560329204,-333.45676258903995,-17.127253246712975,0.10168898192236264,3628,0.005,-0.41523504254398674,0.7178342864122805,False,668.2108423957052,False,False
uniform,0.25,111,iei_rounded,4.0,4.419107020613068,1,59,0.9071013845466727,2.3548132935433994,0.883272052794233,3668,1.0,3.6791166848418757,46,1.4955211380521565,0.3171855024466216,-779.7510513247844,-23.325703384695874,0.173611782463019,3668,0.005,-0.4918431492801741,0.7618046198994728,False,1578.5494580041468,False,False
uniform,0.25,111,iei_rounded,4.0,4.419107020613068,3,30,0.9071013845466727,3.1096431255830583,0.9223895206607884,3668,0.5406215921483097,3.6791166848418757,46,2.3648250722688378,0.3371704754521735,-86.26119995898519,-5.744289097450016,0.07457028521007036,1983,0.005,-1.5000458749544676,1.0477835782469453,False,177.7345554883559,False,False
uniform,0.25,111,fixed_10,10.0,4.419107020613068,1,30,2.1985559566787005,0.5671030870289426,0.6497839335355242,882,0.8639455782312925,15.300453514739228,86,0.4291137328779211,0.0576566481766396,-23.771088721351955,-4.642155060215546,0.074507629366791,762,0.005,-0.5271557620607888,0.2666259954682356,False,44.60337569921376,False,False
uniform,0.25,111,fixed_10,10.0,4.419107020613068,1,15,2.1985559566787005,0.2070061666412736,0.5248466224295218,882,0.6190476190476191,15.300453514739228,86,0.19016672242027788,0.03977586188278473,-1.8033398203207875,-1.2882400243969059,0.03235194667846908,546,0.105,-0.20907360083189466,0.14032329153117792,False,2.3050184917706247,False,False
uniform,0.25,111,fixed_10,10.0,4.419107020613068,1,59,2.1985559566787005,1.140077708658753,0.6541825030984361,882,0.9897959183673469,15.300453514739228,86,0.6844165282551042,0.06424211110383538,-113.25558121400118,-11.213351558235415,0.1316228505237137,873,0.005,-0.9235733492187659,0.38692331797170987,False,200.915429048453,False,False
uniform,0.25,111,fixed_10,10.0,4.419107020613068,3,30,2.1985559566787005,0.7925171836068405,0.7373832015142201,882,0.7630385487528345,15.300453514739228,86,0.6495809214973338,0.0612557399883088,-10.580352166987304,-3.057491709145292,0.04672226556906334,673,0.005,-1.2268831763253403,0.41580297136166133,False,19.277209221767407,False,False
uniform,0.25,111,selected_regression,6.0,4.419107020613068,1,30,1.3905930470347647,1.8119955158016319,0.7772084430493006,2118,0.9915014164305949,6.371576959395656,79,0.9705281552867309,0.17610604655578205,-333.99611004384604,-19.73660030238745,0.1335589652057353,2100,0.005,-0.8812576111040413,0.6225688222636047,False,662.1150994098298,False,False
uniform,0.25,111,selected_mle,4.0,4.419107020613068,1,30,0.9071013845466727,2.4060855036853046,0.8660303979573106,3668,0.9989094874591058,3.6791166848418757,46,1.3748909112165837,0.32099854778387327,-615.4598278442116,-22.314917093102807,0.14544042683789443,3664,0.005,-0.48934605386996455,0.7604128380523621,False,1229.0927871673466,False,False
uniform,0.25,112,iei_rounded,5.0,4.57478254175968,1,30,1.0893997445721584,2.2014755953520937,0.8235763798496402,2893,0.9986173522295195,4.614241272035949,45,1.1887407642551988,0.24601059588085183,-512.5510339185929,-23.49397323595237,0.13745265333794413,2889,0.005,-0.6963713771874656,0.7009577043790717,False,1002.5104538369378,False,False
uniform,0.25,112,iei_rounded,5.0,4.57478254175968,1,15,1.0893997445721584,1.3566706550753234,0.8173791919629407,2893,0.9785689595575527,4.614241272035949,45,0.9180559313541661,0.2388883880849132,-203.0594463896462,-13.754136928272718,0.09456630684810718,2831,0.005,-0.503336411643889,0.6016266899396513,False,412.9244927053278,False,False
uniform,0.25,112,iei_rounded,5.0,4.57478254175968,1,59,1.0893997445721584,2.2712684327415404,0.8648301028598768,2893,1.0,4.614241272035949,45,1.3424762102323964,0.24426355006855022,-728.2658048718184,-27.30646584703735,0.1731260271175427,2893,0.005,-0.7396985483794701,0.7214446055763891,False,1432.3890876695114,False,False
uniform,0.25,112,iei_rounded,5.0,4.57478254175968,3,30,1.0893997445721584,2.960873836584734,0.9059729687138677,2893,0.6332526788800553,4.614241272035949,45,1.987543369432677,0.2607503284700884,-134.0052113560471,-10.784474584751292,0.09049747783970336,1832,0.005,-2.528754038278468,1.1734291319084045,False,264.6720322844103,False,False
uniform,0.25,112,fixed_10,10.0,4.57478254175968,1,30,2.134831460674157,0.5673768249697677,0.6611415610616198,894,0.8668903803131991,14.931767337807607,72,0.4325618155702795,0.059292606308904,-27.781190042188317,-5.107780215953045,0.08837785857174674,775,0.005,-0.6594029822467586,0.30389063372725766,False,58.28845651878146,False,False
uniform,0.25,112,fixed_10,10.0,4.57478254175968,1,15,2.134831460674157,0.1883906872715038,0.41337786955187417,894,0.6319910514541387,14.931767337807607,72,0.16753750323824512,0.03861593892957049,-2.880634743884264,-1.9574783047954043,0.04273066968710104,565,0.015,-0.39246271784896786,0.19515236488713855,False,6.366683864960578,False,False
uniform,0.25,112,fixed_10,10.0,4.57478254175968,1,59,2.134831460674157,0.9887729600320513,0.6428365195269918,894,0.9910514541387024,14.931767337807607,72,0.6891530129576058,0.06562752287917445,-122.94106414808982,-12.369565450635477,0.13239209665307783,886,0.005,-1.0248297649729408,0.412501063850117,False,226.9960684937323,False,False
uniform,0.25,112,fixed_10,10.0,4.57478254175968,3,30,2.134831460674157,0.818503090225277,0.7858667198775853,894,0.7718120805369127,14.931767337807607,72,0.6897648794211175,0.06496151708244993,-10.672605660108628,-2.820811894778628,0.0544774373957454,690,0.005,-1.2404224015758116,0.4293805703278248,False,21.344569881781354,False,False
uniform,0.25,112,selected_regression,6.0,4.57478254175968,1,30,1.354368932038835,1.66132848634777,0.846499123422511,2151,0.99488609948861,6.205950720595072,67,0.9823023657088203,0.1759636305171126,-308.2001384649377,-16.468370240004035,0.1264981463083067,2140,0.005,-0.7936812981547399,0.5997607519908833,False,633.0131308857344,False,False
uniform,0.25,112,selected_mle,4.0,4.57478254175968,1,30,0.9073763621123219,2.586287072287938,0.8533206918080163,3783,0.9994713190589479,3.528680941052075,40,1.397026582568225,0.33507598264409166,-672.1260258043361,-24.81484573992983,0.15082901856691971,3781,0.005,-0.541304077726414,0.8029737488825666,False,1343.3580754004888,False,False
uniform,0.25,113,iei_rounded,4.0,4.415543883687295,1,30,0.8874143835616438,2.284113896114539,0.882597549851946,3739,0.9997325488098422,3.60925381117946,33,1.3847585054771319,0.3250877627727454,-620.333761969381,-23.406284124848195,0.140116438777034,3738,0.005,-0.4379591015560985,0.7456684229250259,False,1205.1154878210255,False,False
uniform,0.25,113,iei_rounded,4.0,4.415543883687295,1,15,0.8874143835616438,1.7884493871205072,0.8524871147000654,3739,0.9933137202460551,3.60925381117946,33,1.1579471051618935,0.32280667408958985,-301.2591625862219,-14.88007072138562,0.0948074595628623,3714,0.005,-0.29933603424310296,0.6659200421282202,False,596.9343356787067,False,False
uniform,0.25,113,iei_rounded,4.0,4.415543883687295,1,59,0.8874143835616438,2.335635191392303,0.893891879428699,3739,1.0,3.60925381117946,33,1.5055435172379976,0.3244367356545911,-807.1459635692825,-27.19561497447544,0.16843448111833903,3739,0.005,-0.46172563082476964,0.7583012049575821,False,1575.1209909348436,False,False
uniform,0.25,113,iei_rounded,4.0,4.415543883687295,3,30,0.8874143835616438,3.015484045283429,0.9559333283732875,3739,0.5365070874565392,3.60925381117946,33,2.3650247307108163,0.34009410922951977,-104.0098269049698,-7.70794812412345,0.08004102077056507,2006,0.005,-1.7300668465552336,1.1124364514302845,False,198.03431089089645,False,False
uniform,0.25,113,fixed_10,10.0,4.415543883687295,1,30,2.1423487544483986,0.5042202107775691,0.7086993383872839,842,0.8396674584323041,16.02731591448931,78,0.4251922127842196,0.05409065057967047,-14.055761092153451,-2.881967006207921,0.05390730511772435,707,0.005,-0.39005792578478127,0.22773173790213552,False,30.209749983135225,False,False
uniform,0.25,113,fixed_10,10.0,4.415543883687295,1,15,2.1423487544483986,0.34570341657420367,0.47066435909323656,842,0.5748218527315915,16.02731591448931,78,0.2809757398184427,0.06661291385288975,-7.078392139824101,-3.101872552690383,0.07628648058853771,484,0.005,-0.5787619937671044,0.30631716962651523,False,16.059596821964988,False,False
uniform,0.25,113,fixed_10,10.0,4.415543883687295,1,59,2.1423487544483986,1.0381595057866444,0.6223000340459567,842,0.9916864608076009,16.02731591448931,78,0.6571580773156658,0.05883276643396773,-86.22353469893322,-9.31794716214568,0.12302925384610919,835,0.005,-0.7627621600333154,0.33900934501753455,False,151.24197482504405,False,False
uniform,0.25,113,fixed_10,10.0,4.415543883687295,3,30,2.1423487544483986,0.6833633207129051,0.7795612665713021,842,0.7422802850356295,16.02731591448931,78,0.640975669825762,0.05678229201823727,-2.105693440303938,-0.666660639798101,0.03351166571324194,625,0.02,-0.5143386553330711,0.25608535451981507,False,5.751567395878283,False,False
uniform,0.25,113,selected_regression,6.0,4.415543883687295,1,30,1.3083657587548638,1.681045642047338,0.778048141018749,2059,0.9927149101505586,6.5541525012141815,61,0.958316714479162,0.1665090375467782,-258.85005400163465,-14.602296904165524,0.1111865078478369,2044,0.005,-0.6482348702679978,0.5363852548112875,False,503.628439824417,False,False
uniform,0.25,113,selected_mle,4.0,4.415543883687295,1,30,0.8874143835616438,2.284113896114539,0.882597549851946,3739,0.9997325488098422,3.60925381117946,33,1.3847585054771319,0.3250877627727454,-620.333761969381,-23.406284124848195,0.140116438777034,3738,0.005,-0.4379591015560985,0.7456684229250259,False,1205.1154878210255,False,False
uniform,0.25,114,iei_rounded,5.0,4.516346810285975,1,30,1.0868686868686868,2.0944344382815006,0.842516250262642,2739,0.9974443227455275,4.936473165388828,89,1.1624626141437755,0.23057132730850366,-416.0424962345167,-18.636885081140566,0.1232369021640026,2732,0.005,-0.5392870776815061,0.6217996177799486,False,795.728081748146,False,False
uniform,0.25,114,iei_rounded,5.0,4.516346810285975,1,15,1.0868686868686868,1.2337765459150298,0.8570736811681369,2739,0.9711573566995254,4.936473165388828,89,0.8946014540202949,0.2255069418480664,-146.46074726971244,-10.272841502660295,0.07740018899654033,2660,0.005,-0.3218775973639169,0.5103782342414377,False,287.11804803712766,False,False
uniform,0.25,114,iei_rounded,5.0,4.516346810285975,1,59,1.0868686868686868,2.1949422770036024,0.8789997670738661,2739,0.9996349032493611,4.936473165388828,89,1.320094303272695,0.22795264190618186,-622.1070496806396,-22.06191349149416,0.15956784208333197,2738,0.005,-0.5992783339138218,0.6496634770964482,False,1208.045015903257,False,False
uniform,0.25,114,iei_rounded,5.0,4.516346810285975,3,30,1.0868686868686868,2.753327122892967,0.9162647925642438,2739,0.6396495071193866,4.936473165388828,89,1.8812256415393254,0.2370860638572444,-111.20660406913558,-8.76696276535098,0.08361547497330013,1752,0.005,-2.1389512604509044,1.0272423860685775,False,217.97992609094945,False,False
uniform,0.25,114,fixed_10,10.0,4.516346810285975,1,30,2.1203007518796992,0.5576404556369917,0.7480091576859865,850,0.8447058823529412,15.907058823529411,97,0.4565486544017663,0.05725353196463184,-12.237737366718342,-2.3949532812057717,0.056692582231262834,718,0.005,-0.1869809045813185,0.18212298221251386,False,19.889591956823097,False,False
uniform,0.25,114,fixed_10,10.0,4.516346810285975,1,15,2.1203007518796992,0.3011515196885607,0.7640311493842907,850,0.5964705882352941,15.907058823529411,97,0.2843993318326721,0.0545974750350641,-0.4620590740041526,-0.2557467051521653,0.02036700740995423,507,0.615,0.05779092946493192,0.08167398289609273,False,-0.5634053416583811,False,False
uniform,0.25,114,fixed_10,10.0,4.516346810285975,1,59,2.1203007518796992,1.015317450625138,0.660029820162112,850,0.9870588235294118,15.907058823529411,97,0.6831841809488193,0.061212342617609314,-83.87995833112541,-8.489427614842281,0.11724010518400596,839,0.005,-0.6014460643143763,0.31070480787432103,False,132.96002327869428,False,False
uniform,0.25,114,fixed_10,10.0,4.516346810285975,3,30,2.1203007518796992,0.6959068017367285,0.7575972346177099,850,0.7235294117647059,15.907058823529411,97,0.5931634533152259,0.05469586977623973,-6.857535039194736,-2.228754607109407,0.046853693029150656,615,0.005,-0.9852334741242805,0.3480080710119011,False,11.683351409136321,False,False
uniform,0.25,114,selected_regression,6.0,4.516346810285975,1,30,1.3612774451097804,1.7651052155544802,0.7564794626397233,2019,0.9910846953937593,6.696879643387816,97,0.9534738315904274,0.16521583757016545,-252.10725137829544,-15.217293313259026,0.11327765436475534,2001,0.005,-0.614249367515983,0.5222468912109967,False,471.3912718142383,False,False
uniform,0.25,114,selected_mle,4.0,4.516346810285975,1,30,0.8780053428317008,2.4616359587974244,0.876586397018517,3670,0.9997275204359674,3.6841961852861034,89,1.3740772991473431,0.31882425694615746,-596.1153586280517,-21.868486760007627,0.14573071814367913,3669,0.005,-0.4524020886891695,0.7432626611131722,False,1190.193572246866,False,False
uniform,0.25,115,iei_rounded,5.0,4.566615737203972,1,30,1.1255813953488372,2.1688420324656494,0.8236063712566642,2734,0.9970738844184345,4.912216532553036,51,1.1541965640429286,0.23195767933027306,-461.89381441073937,-21.44546014633819,0.1309945247709515,2726,0.005,-0.6875107157545962,0.6728039789340071,False,906.0739296010088,False,False
uniform,0.25,115,iei_rounded,5.0,4.566615737203972,1,15,1.1255813953488372,1.2267418995062955,0.8397139992130972,2734,0.9743964886613021,4.912216532553036,51,0.8744580202745968,0.2224183312873474,-165.41262788237046,-11.732570147432025,0.0818608177820982,2664,0.005,-0.4626498015924754,0.5581511734095076,False,340.96707406454516,False,False
uniform,0.25,115,iei_rounded,5.0,4.566615737203972,1,59,1.1255813953488372,2.2219330745207753,0.8777068558855471,2734,1.0,4.912216532553036,51,1.3122376678524414,0.22761665387312213,-659.6654667188468,-23.010413029335623,0.16722135522909384,2734,0.005,-0.7201530011893491,0.6881412585788819,False,1316.61901546226,False,False
uniform,0.25,115,iei_rounded,5.0,4.566615737203972,3,30,1.1255813953488372,2.886536102628668,0.9028718586034115,2734,0.6594732991953182,4.912216532553036,51,1.9542702277064503,0.24941544815771688,-100.88460147194773,-7.696223613725963,0.07163786601097821,1803,0.005,-1.7482229891357146,0.9527604020226924,False,188.39727789348763,False,False
uniform,0.25,115,fixed_10,10.0,4.566615737203972,1,30,2.267148014440433,0.5825711825575516,0.6206372980694538,849,0.839811542991755,15.818610129564194,94,0.44745654748475694,0.058442288750258614,-18.40144676866105,-3.619892819337524,0.06158881155527807,713,0.005,-0.4341520821033127,0.24759249380281828,False,36.50386927132877,False,False
uniform,0.25,115,fixed_10,10.0,4.566615737203972,1,15,2.267148014440433,0.30025845581388455,0.5120643336155355,849,0.591283863368669,15.818610129564194,94,0.26288148324429095,0.05703285376459144,-3.7277256728770816,-1.9107204389138408,0.05091222621810465,502,0.015,-0.35825015218113815,0.22124426905151778,False,7.95335225484132,False,False
uniform,0.25,115,fixed_10,10.0,4.566615737203972,1,59,2.267148014440433,1.0694806539772261,0.6232748925146503,849,0.9905771495877503,15.818610129564194,94,0.6714359825055869,0.060734199764359176,-90.6070792701276,-9.576560964748783,0.1233120805714839,841,0.005,-0.7614863941789851,0.34401842362502943,False,157.66890323068583,False,False
uniform,0.25,115,fixed_10,10.0,4.566615737203972,3,30,2.267148014440433,0.802044385778744,0.6883204647113563,849,0.7373380447585395,15.818610129564194,94,0.673888404120623,0.06116371589875312,-4.637883995483838,-1.3441178775344498,0.04228537382665065,626,0.005,-0.5620679324768734,0.2747882369261739,False,6.951708670263997,False,False
uniform,0.25,115,selected_regression,6.0,4.566615737203972,1,30,1.3516908212560386,1.6921740235917115,0.7887217488516208,2084,0.9937619961612284,6.4443378119001915,62,0.9643677208425938,0.16991773334458876,-282.1361989109985,-15.689216628045997,0.11749713498818548,2071,0.005,-0.7342825792597872,0.568938238887792,False,563.1243706760379,False,False
uniform,0.25,115,selected_mle,4.0,4.566615737203972,1,30,0.8558480794130341,2.4585524626924005,0.8844049992220303,3688,0.9994577006507592,3.641540130151844,40,1.3879031859258166,0.32265464510969055,-567.3780017277352,-20.510094340686077,0.1330968853696704,3686,0.005,-0.3471415475286925,0.7076580783223642,False,1093.72566485873,False,False
uniform,0.25,116,iei_rounded,4.0,4.478926319027842,1,30,0.9177903436276642,2.4850467208370657,0.8781133411716397,3641,0.9989014007140895,3.663828618511398,48,1.3786895497240454,0.322637554653892,-608.8829734822507,-22.409258502421235,0.1401432684360827,3637,0.005,-0.4590949202477416,0.7500747788604292,False,1190.473096166461,False,False
uniform,0.25,116,iei_rounded,4.0,4.478926319027842,1,15,0.9177903436276642,1.8851166869610871,0.8309381092085432,3641,0.9898379566053283,3.663828618511398,48,1.1567061891387223,0.3258636782625949,-323.8789522882105,-16.79726400849876,0.09613145533584083,3604,0.005,-0.367755005204746,0.697532628285309,False,629.7212841260134,False,False
uniform,0.25,116,iei_rounded,4.0,4.478926319027842,1,59,0.9177903436276642,2.4324953105627944,0.9011110119946895,3641,1.0,3.663828618511398,48,1.4986775721957581,0.3187442119508539,-769.7562914157294,-23.125101423721983,0.16816135186296394,3641,0.005,-0.4625487602546203,0.7519738707898888,False,1533.5803376049062,False,False
uniform,0.25,116,iei_rounded,4.0,4.478926319027842,3,30,0.9177903436276642,3.229699517024367,0.9428829699839747,3641,0.5396868992035155,3.663828618511398,48,2.3557509147189553,0.33835989603971206,-105.11006447405796,-7.305122476207782,0.08899323095430633,1965,0.005,-1.976880157516202,1.1779871839323284,False,214.1298569808714,False,False
uniform,0.25,116,fixed_10,10.0,4.478926319027842,1,30,2.2213740458015265,0.5332886162703769,0.632045382205211,844,0.8530805687203792,15.80568720379147,83,0.40907290273212205,0.0564182639835272,-25.33889152838819,-5.081538295907743,0.08627005607383642,720,0.005,-0.7311433490069551,0.31466701280359444,False,56.6258371640497,False,False
uniform,0.25,116,fixed_10,10.0,4.478926319027842,1,15,2.2213740458015265,0.15745210751282135,0.3027960580129204,844,0.6137440758293838,15.80568720379147,83,0.14321496312807902,0.03532768550655241,-2.7354094548170655,-1.9919408298572527,0.03766921474982576,518,0.065,-0.5161363494943947,0.2279708697516909,False,8.206558226024299,False,False
uniform,0.25,116,fixed_10,10.0,4.478926319027842,1,59,2.2213740458015265,1.0348734931687114,0.6597662634070097,844,0.985781990521327,15.80568720379147,83,0.6651579856403931,0.06221436847117527,-107.79132631486011,-11.189707463649766,0.12783015064801517,832,0.005,-1.0528570077145645,0.4092619396097515,False,206.9620921078631,False,False
uniform,0.25,116,fixed_10,10.0,4.478926319027842,3,30,2.2213740458015265,0.8080956874641433,0.8041990807547057,844,0.7701421800947867,15.80568720379147,83,0.6903550162034993,0.06396610221228147,-7.592581038613403,-2.0863642877091695,0.04630828020892053,650,0.005,-0.8860862471674266,0.35087892081516436,False,12.946367988669408,False,False
uniform,0.25,116,selected_regression,6.0,4.478926319027842,1,30,1.377755511022044,1.740216050582971,0.8091051676699159,2050,0.9907317073170732,6.507317073170731,83,0.9691889087433676,0.1737383207147779,-302.9159844728482,-17.279743897454708,0.13390549860154954,2031,0.005,-0.8002561716709323,0.5941742475074122,False,593.0978832496876,False,False
uniform,0.25,116,selected_mle,4.0,4.478926319027842,1,30,0.9177903436276642,2.4850467208370657,0.8781133411716397,3641,0.9989014007140895,3.663828618511398,48,1.3786895497240454,0.322637554653892,-608.8829734822507,-22.409258502421235,0.1401432684360827,3637,0.005,-0.4590949202477416,0.7500747788604292,False,1190.473096166461,False,False
uniform,0.25,117,iei_rounded,5.0,4.591372489348752,1,30,1.090851735015773,2.1319841644442055,0.8282542562991297,2789,0.9960559340265328,4.837217640731445,57,1.1812025887501871,0.23764158056789297,-430.17906725010437,-18.95721487158918,0.12427559711804351,2778,0.005,-0.5325014133975147,0.6318105067360046,False,820.777180388106,False,False
uniform,0.25,117,iei_rounded,5.0,4.591372489348752,1,15,1.090851735015773,1.3175680038270583,0.8354871039893359,2789,0.9705987809250628,4.837217640731445,57,0.9197715163715419,0.23504813047771994,-163.71709059292027,-11.314937786714038,0.08051056271681112,2707,0.005,-0.34035056294098065,0.5328358111781601,False,315.16397053205947,False,False
uniform,0.25,117,iei_rounded,5.0,4.591372489348752,1,59,1.090851735015773,2.195002059327787,0.8802570823774524,2789,1.0,4.837217640731445,57,1.3322690091127551,0.2315884569593038,-610.473734269119,-20.390341075532177,0.15896590031149863,2789,0.005,-0.5610395220018192,0.6451300889059254,False,1201.6322458051327,False,False
uniform,0.25,117,iei_rounded,5.0,4.591372489348752,3,30,1.090851735015773,2.81344838790322,0.8983546895900818,2789,0.630333452850484,4.837217640731445,57,1.9168831549385938,0.2445558623309254,-115.42006753912258,-9.003780514647923,0.08586436778096582,1758,0.005,-2.2454728862594577,1.069304268192954,False,228.65097344096102,False,False
uniform,0.25,117,fixed_10,10.0,4.591372489348752,1,30,2.2651006711409396,0.49587056671557117,0.5840114956334819,873,0.870561282932417,15.45360824742268,142,0.39255662963471316,0.051151008051807764,-17.602564607053633,-3.6728548837619988,0.06824626261070643,760,0.005,-0.5212833149484276,0.2522052385895409,False,38.89726331083057,False,False
uniform,0.25,117,fixed_10,10.0,4.591372489348752,1,15,2.2651006711409396,0.23739019337547532,0.42611048818224606,873,0.5979381443298969,15.45360824742268,142,0.20318088748249785,0.04887425466424494,-4.688712467362407,-2.58933219421685,0.055821446547619,522,0.005,-0.5552879349637668,0.265564846907777,False,12.253935371616535,False,False
uniform,0.25,117,fixed_10,10.0,4.591372489348752,1,59,2.2651006711409396,1.0272813942887076,0.601922935879825,873,0.993127147766323,15.45360824742268,142,0.6666199170015705,0.06230045766505948,-111.75788699234145,-11.747023868070391,0.12963119672777734,867,0.005,-0.9956068035959786,0.3966189389029538,False,205.29504577684565,False,False
uniform,0.25,117,fixed_10,10.0,4.591372489348752,3,30,2.2651006711409396,0.7039855131079902,0.6738520269321238,873,0.7766323024054983,15.45360824742268,142,0.6108603078824988,0.05489840424189464,-4.4537373442664965,-1.3619324244874713,0.03837726579204004,678,0.015,-0.7401944408855591,0.2985148581640556,False,9.26131818894919,False,False
uniform,0.25,117,selected_regression,6.0,4.591372489348752,1,30,1.3025830258302582,1.739192464276102,0.7920239443981067,2149,0.993485342019544,6.2778036295951605,92,0.9932768105929224,0.17633411291676443,-282.48330589126584,-15.168146762535105,0.11619366352595073,2135,0.005,-0.6425529783781307,0.5542829706013563,False,552.0506073032429,False,False
uniform,0.25,117,selected_mle,4.0,4.591372489348752,1,30,0.8784364261168385,2.635787696758562,0.876303878837799,3726,0.999194847020934,3.6207729468599035,41,1.3885091900814235,0.325866540332603,-606.1060080609662,-22.38057319535098,0.14029029544628552,3723,0.005,-0.4151363276456363,0.738545925012036,False,1178.3383319778368,False,False
uniform,0.25,118,iei_rounded,4.0,4.491886563542614,1,30,0.8540176693310896,2.4997958442537116,0.8793754564323808,3725,0.9989261744966443,3.6338255033557045,53,1.3974456948048743,0.3255140692865368,-552.9405679679562,-19.84217700941054,0.12837020950357414,3721,0.005,-0.2892780990931583,0.6894623153686057,False,1050.091842737982,False,False
uniform,0.25,118,iei_rounded,4.0,4.491886563542614,1,15,0.8540176693310896,1.8006516815419684,0.8658554062243612,3725,0.9911409395973154,3.6338255033557045,53,1.1786713002549387,0.32712693667362724,-267.3740189005824,-13.2152445915295,0.08477841172367245,3692,0.005,-0.15432633305375934,0.611210254273222,False,502.5465907465841,False,False
uniform,0.25,118,iei_rounded,4.0,4.491886563542614,1,59,0.8540176693310896,2.420683657719644,0.8921352613671821,3725,1.0,3.6338255033557045,53,1.5144889247567637,0.32184856276419027,-711.2089303675647,-20.989535777988575,0.1556838063785208,3725,0.005,-0.30237417718500387,0.6964112676623714,False,1385.2604324452168,False,False
uniform,0.25,118,iei_rounded,4.0,4.491886563542614,3,30,0.8540176693310896,3.229415775692805,0.9397827043781871,3725,0.5218791946308725,3.6338255033557045,53,2.2977778061578764,0.3266691730369945,-118.45338595308938,-8.513866220205644,0.09071924505500772,1944,0.005,-2.233354943554722,1.2250156807048143,False,236.65358121542886,False,False
uniform,0.25,118,fixed_10,10.0,4.491886563542614,1,30,2.0698529411764706,0.4904594139798579,0.6178931493353528,841,0.8525564803804994,16.09512485136742,108,0.38656924536044635,0.049905585061101695,-15.256392643429379,-3.411558872960484,0.06706396174929241,717,0.005,-0.3764584677940013,0.21093246558918963,False,25.56694587851689,False,False
uniform,0.25,118,fixed_10,10.0,4.491886563542614,1,15,2.0698529411764706,0.20765913905285047,0.3689585933155458,841,0.5873959571938169,16.09512485136742,108,0.17978746811001933,0.03552048036507156,-0.7964207803631376,-0.6756160924723829,0.03257499033478528,494,0.16,-0.0490435805425102,0.0804963754868,False,-0.7027921440517275,False,False
uniform,0.25,118,fixed_10,10.0,4.491886563542614,1,59,2.0698529411764706,0.9474071452082939,0.6186343119245403,841,0.985731272294887,16.09512485136742,108,0.6536262513713123,0.06047435960214653,-102.53625856950718,-11.095942856062907,0.135645857666307,829,0.005,-0.8942756363700222,0.3681427302965588,False,172.0303300742189,False,False
uniform,0.25,118,fixed_10,10.0,4.491886563542614,3,30,2.0698529411764706,0.6764088936480968,0.6811504468191932,841,0.7586206896551724,16.09512485136742,108,0.5703261607664363,0.052591172480820736,-7.040315571830993,-2.3106433520948846,0.04879670824614024,638,0.005,-0.993821573368078,0.3441142453008365,False,11.824500184104181,False,False
uniform,0.25,118,selected_regression,6.0,4.491886563542614,1,30,1.3245531514581375,1.7287182545383624,0.7936607061737017,2108,0.9905123339658444,6.421252371916508,92,0.9835351795670153,0.17559456312370764,-293.8164010432688,-16.443565353261675,0.12221891957068043,2088,0.005,-0.6975230135940262,0.5675232082955273,False,563.0959671345736,False,False
uniform,0.25,118,selected_mle,4.0,4.491886563542614,1,30,0.8540176693310896,2.4997958442537116,0.8793754564323808,3725,0.9989261744966443,3.6338255033557045,53,1.3974456948048743,0.3255140692865368,-552.9405679679562,-19.84217700941054,0.12837020950357414,3721,0.005,-0.2892780990931583,0.6894623153686057,False,1050.091842737982,False,False
uniform,0.25,119,iei_rounded,4.0,4.382610017481189,1,30,0.8995614035087719,2.496740454456501,0.8701957293479788,3610,0.9994459833795014,3.740720221606648,41,1.3671473104038245,0.31269874931747443,-553.9905638016529,-20.232714264043484,0.125466978169972,3608,0.005,-0.3315486398619015,0.6843858480723094,False,1038.4116741244452,False,False
uniform,0.25,119,iei_rounded,4.0,4.382610017481189,1,15,0.8995614035087719,1.7454465149094844,0.8509560316960514,3610,0.9916897506925207,3.740720221606648,41,1.1384827462072113,0.3116655141258148,-255.14154837644816,-13.134046798967473,0.0825581015443807,3580,0.005,-0.1715847043495795,0.5927500260222384,False,470.4219875996987,False,False
uniform,0.25,119,iei_rounded,4.0,4.382610017481189,1,59,0.8995614035087719,2.4733199402547026,0.88467745607115,3610,1.0,3.740720221606648,41,1.490176789632459,0.3110573634321916,-734.4818790847345,-23.21510877028688,0.1543078908181243,3610,0.005,-0.35976224725844974,0.6991639492972826,False,1400.903844261542,False,False
uniform,0.25,119,iei_rounded,4.0,4.382610017481189,3,30,0.8995614035087719,3.226739675704934,0.9290393089623307,3610,0.5434903047091413,3.740720221606648,41,2.2611878046613665,0.3191735466067541,-127.35580757805121,-8.944983007982541,0.09155576438454882,1962,0.005,-2.4086597899678974,1.2580661122435486,False,256.7391521911977,False,False
uniform,0.25,119,fixed_10,10.0,4.382610017481189,1,30,2.180451127819549,0.5237507546048729,0.6464582947739688,809,0.8244746600741656,16.69221260815822,89,0.4056785896037045,0.053917790740254365,-18.367999628025682,-4.003134785712503,0.07846483651518199,667,0.005,-0.4698885454434435,0.2428160362765353,False,31.780537989497134,False,False
uniform,0.25,119,fixed_10,10.0,4.382610017481189,1,15,2.180451127819549,0.20311495832344983,0.4424623793309721,809,0.5760197775030902,16.69221260815822,89,0.18579182059667154,0.038845631794971816,-1.4769962869694666,-1.1631302303119941,0.0344248401477546,466,0.1,-0.14117128791356406,0.11496095063478441,False,0.479053384470717,False,False
uniform,0.25,119,fixed_10,10.0,4.382610017481189,1,59,2.180451127819549,0.9977304823947895,0.6072163538795341,809,0.9826946847960445,16.69221260815822,89,0.6394481959944418,0.05780165091046707,-88.00153137588902,-9.807841077593539,0.12419365566364726,795,0.005,-0.8346725082324791,0.3490805944292954,False,149.33682514615612,False,False
uniform,0.25,119,fixed_10,10.0,4.382610017481189,3,30,2.180451127819549,0.7376243245125567,0.737878276501499,809,0.7342398022249691,16.69221260815822,89,0.6148972866973477,0.05788627756031818,-8.96815555298312,-2.863415541952873,0.05450649252128048,594,0.005,-1.2728514413779628,0.4168654788517585,False,16.749084713282173,False,False
uniform,0.25,119,selected_regression,6.0,4.382610017481189,1,30,1.347783251231527,1.5879340502173225,0.8177257246935024,2030,0.9921182266009853,6.652216748768473,74,0.9521199794279855,0.1638979665035244,-243.7586663641919,-13.528436992756681,0.11777183890922627,2014,0.005,-0.5928834649969241,0.5143178064617835,False,462.26565544505866,False,False
uniform,0.25,119,selected_mle,4.0,4.382610017481189,1,30,0.8995614035087719,2.496740454456501,0.8701957293479788,3610,0.9994459833795014,3.740720221606648,41,1.3671473104038245,0.31269874931747443,-553.9905638016529,-20.232714264043484,0.125466978169972,3608,0.005,-0.3315486398619015,0.6843858480723094,False,1038.4116741244452,False,False
mixed,0.25,100,iei_rounded,4.0,4.4326947001741726,1,30,0.6008359456635318,1.8915150668405993,0.9590068969111638,2743,0.981407218374043,4.523514400291652,183,1.6000969306092951,0.3527213935076906,179.94625553884768,4.807758398568526,0.06899410000242151,2692,0.005,0.9071313098359836,0.290750807379902,False,137.73399506086207,False,False
mixed,0.25,100,iei_rounded,4.0,4.4326947001741726,1,15,0.6008359456635318,1.7965793428935917,0.9699781734882696,2743,0.9522420707254831,4.523514400291652,183,1.516700989993856,0.43677066725517444,31.918245177696598,1.3592657286316332,0.05442904324800535,2612,0.005,0.7892461854143891,0.36137037529610855,False,104.00287339933493,False,False
mixed,0.25,100,iei_rounded,4.0,4.4326947001741726,1,59,0.6008359456635318,1.9217368294222128,0.9423747326906218,2743,0.993073277433467,4.523514400291652,183,1.6575412542920471,0.3050782466525477,338.94579118731485,6.482917831997303,0.08119957086465696,2724,0.005,0.9654621087957711,0.25973744090418094,False,175.96756280433328,False,False
mixed,0.25,100,iei_rounded,4.0,4.4326947001741726,3,30,0.6008359456635318,2.0183521429685016,0.9421743570591987,2743,0.3674808603718556,4.523514400291652,183,2.034035921364369,0.2343488137928506,63.64010548231296,4.981981557580994,0.03839546408040734,1008,0.005,1.662597149691756,0.09423216481627983,False,-0.7157102539895277,False,False
mixed,0.25,100,fixed_10,10.0,4.4326947001741726,1,30,0.9426644182124789,1.5111305000663995,0.9308978288532666,1091,0.9083409715857012,11.373052245646196,183,1.2808490153488297,0.22214017611676634,50.92775109715153,2.7253301954720643,0.07127856005168237,991,0.005,0.6322896764501489,0.24025868619114094,False,47.0018760126859,True,False
mixed,0.25,100,fixed_10,10.0,4.4326947001741726,1,15,0.9426644182124789,1.4255866194031557,0.9284688393735075,1091,0.8414298808432631,11.373052245646196,183,1.1935165420563099,0.3041793296508045,-0.7923578838011043,-0.07045733287206646,0.0585026502829496,918,0.005,0.472738050394218,0.3265030130656746,False,36.36969394266089,False,False
mixed,0.25,100,fixed_10,10.0,4.4326947001741726,1,59,0.9426644182124789,1.5136939041769069,0.8837211479078159,1091,0.9477543538038496,11.373052245646196,183,1.3408165262006353,0.1618046183508371,159.9666827543049,5.633540980741228,0.08163557959782292,1034,0.005,0.7613432621700267,0.18453306891459723,False,53.02896309278822,True,True
mixed,0.25,100,fixed_10,10.0,4.4326947001741726,3,30,0.9426644182124789,1.639456221658814,0.9063692553417575,1091,0.4738771769019248,11.373052245646196,183,1.6237347181306045,0.16607277894011324,28.014980272733904,3.557171764101908,0.016992848121034743,517,0.7,1.6237347181306045,0.0,False,-1.9999999999986358,True,True
mixed,0.25,100,selected_regression,10.0,4.4326947001741726,1,30,0.9426644182124789,1.5111305000663995,0.9308978288532666,1091,0.9083409715857012,11.373052245646196,183,1.2808490153488297,0.22214017611676634,50.92775109715153,2.7253301954720643,0.07127856005168237,991,0.005,0.6322896764501489,0.24025868619114094,False,47.0018760126859,True,False
mixed,0.25,100,selected_mle,8.0,4.4326947001741726,1,30,0.9091995221027479,1.6252587922530533,0.9171075759773359,1350,0.9340740740740741,9.19111111111111,183,1.352427575304299,0.2491186613528697,58.94331038751308,2.7231757066631626,0.07221988358713405,1261,0.005,0.6665993572538628,0.26125388440037484,False,67.03619140703722,True,True
mixed,0.25,101,iei_rounded,4.0,4.470980595980596,1,30,0.6643979057591624,2.0768216543425133,0.9338878273481118,2727,0.9853318665199853,4.359369270260359,179,1.575562073330234,0.346054831984995,136.07264013691278,3.9406865220727103,0.06487077799221336,2687,0.005,0.8614339964789902,0.2971482755051251,False,147.3035058272053,False,False
mixed,0.25,101,iei_rounded,4.0,4.470980595980596,1,15,0.6643979057591624,1.7619315855064543,0.9673042909667309,2727,0.9570957095709571,4.359369270260359,179,1.4779336569390384,0.4161292620970014,44.09551500660455,1.9532197647335308,0.0468845894651711,2610,0.005,0.8254761570438395,0.3193416228147883,False,84.49991307384335,False,False
mixed,0.25,101,iei_rounded,4.0,4.470980595980596,1,59,0.6643979057591624,2.000101776877529,0.9239410409236681,2727,0.9952328566189952,4.359369270260359,179,1.641799844078042,0.30528463404362327,260.25407953249135,5.166053967690967,0.07926336937066908,2714,0.005,0.8968416508546233,0.27883152013009327,False,203.1645189361643,False,False
mixed,0.25,101,iei_rounded,4.0,4.470980595980596,3,30,0.6643979057591624,2.344595957358785,0.9280788006750175,2727,0.3887055372203887,4.359369270260359,179,2.045463503720592,0.24145146582431798,46.37365307176424,3.7016666130973386,0.015340793030181377,1060,0.34,1.339060786611099,0.179856839624816,False,2.7757715728048424,False,False
mixed,0.25,101,fixed_10,10.0,4.470980595980596,1,30,1.0797227036395147,1.5084116087892259,0.8991221332446256,1056,0.9034090909090909,11.257575757575758,179,1.2604155372259047,0.2142719175628347,52.9724594247012,2.9515639767539286,0.07723538629267185,954,0.005,0.629032066264406,0.23203321818491873,False,42.801861847839064,True,False
mixed,0.25,101,fixed_10,10.0,4.470980595980596,1,15,1.0797227036395147,1.3462009289920283,0.9634418955789311,1056,0.834280303030303,11.257575757575758,179,1.1723189776750491,0.2949226120997044,2.3368428782487225,0.21430308863768383,0.06533782474494265,881,0.005,0.46321990873266466,0.31924269806440725,False,33.64583548980863,False,False
mixed,0.25,101,fixed_10,10.0,4.470980595980596,1,59,1.0797227036395147,1.483134623864011,0.8707113584001116,1056,0.9507575757575758,11.257575757575758,179,1.3123933166863093,0.1519866439107403,161.09371019246274,6.0980672883911105,0.08498899021568468,1004,0.005,0.7711096983736947,0.16986461223127916,False,45.02622803867325,True,True
mixed,0.25,101,fixed_10,10.0,4.470980595980596,3,30,1.0797227036395147,1.6377202878671764,0.8608482023613264,1056,0.4659090909090909,11.257575757575758,179,1.5368687710054356,0.15451531667981205,22.87881655128276,3.1362433608461178,0.013185849591003662,492,0.95,1.4393444039958714,0.023516374920141466,False,-1.9502977283623295,True,True
mixed,0.25,101,selected_regression,10.0,4.470980595980596,1,30,1.0797227036395147,1.5084116087892259,0.8991221332446256,1056,0.9034090909090909,11.257575757575758,179,1.2604155372259047,0.2142719175628347,52.9724594247012,2.9515639767539286,0.07723538629267185,954,0.005,0.629032066264406,0.23203321818491873,False,42.801861847839064,True,False
mixed,0.25,101,selected_mle,8.0,4.470980595980596,1,30,0.931077694235589,1.65157659818735,0.9418913310628307,1343,0.9337304542069993,8.851824274013403,179,1.3560162009392887,0.2490865536913358,65.37272085384421,2.9997233813278457,0.06630889960455211,1254,0.005,0.7050948451374021,0.24788729415942562,False,60.03363079428618,True,True
mixed,0.25,102,iei_rounded,5.0,4.628044596912521,1,30,0.6453104359313078,1.9380818551240504,0.964933933859909,2266,0.9735216240070609,5.300970873786408,233,1.550761957510149,0.3391606159952736,76.85538683751246,2.418367495350395,0.072361397390665,2206,0.005,0.7507930802834935,0.33155579109400984,False,151.65916031293636,False,False
mixed,0.25,102,iei_rounded,5.0,4.628044596912521,1,15,0.6453104359313078,1.8388223497935092,0.9504463467486559,2266,0.9435127978817299,5.300970873786408,233,1.451830682630975,0.41349167992563685,-8.573611507616938,-0.4380662558547142,0.05441203178939219,2138,0.005,0.6537024071743214,0.3903066050954761,False,103.83405214028971,False,False
mixed,0.25,102,iei_rounded,5.0,4.628044596912521,1,59,0.6453104359313078,1.8429852889766778,0.9457065474172419,2266,0.9894086496028244,5.300970873786408,233,1.605459114106404,0.2800133447992521,260.866007963788,5.31485660131941,0.08368554153493857,2242,0.005,0.869059864266983,0.2701213330607437,False,167.7619315469583,False,False
mixed,0.25,102,iei_rounded,5.0,4.628044596912521,3,30,0.6453104359313078,2.1422739843749588,0.9648329807990463,2266,0.40158870255957635,5.300970873786408,233,2.091915408163638,0.2479676117312023,48.75466999032753,3.9417896822293055,0.021347358977887643,910,0.155,1.5559475329746444,0.13695437993867762,False,0.33987260267349484,False,False
mixed,0.25,102,fixed_10,10.0,4.628044596912521,1,30,0.9036544850498339,1.6181963154384453,0.8393125754748563,1101,0.9100817438692098,10.91008174386921,233,1.2959239580333186,0.2299657510325021,40.70537118444786,2.146465928459181,0.061437061743120414,1002,0.005,0.6286460940694253,0.24873442384780603,False,50.31252475561814,True,False
mixed,0.25,102,fixed_10,10.0,4.628044596912521,1,15,0.9036544850498339,1.347662942832673,0.9626747965511037,1101,0.8555858310626703,10.91008174386921,233,1.1784129919576483,0.293177599678922,12.095409597469086,1.0487944903327744,0.04093022586759665,942,0.005,0.6194950735834214,0.25108278629507913,False,21.85806209222801,False,False
mixed,0.25,102,fixed_10,10.0,4.628044596912521,1,59,0.9036544850498339,1.5118345042364958,0.8289090779454228,1101,0.9545867393278837,10.91008174386921,233,1.3439873925418606,0.16258025180066282,164.20056592519634,5.778763990554506,0.06937789994378318,1051,0.005,0.7898069257856903,0.1764871645264702,False,49.31984841405756,True,True
mixed,0.25,102,fixed_10,10.0,4.628044596912521,3,30,0.9036544850498339,1.8161413563245041,0.7878648830910762,1101,0.47956403269754766,10.91008174386921,233,1.6755470861739585,0.17728920339787868,20.982735639999134,2.5823070736994387,0.028189228239544728,528,0.135,1.157010981215713,0.12696972437558324,False,-0.5536969697313907,False,True
mixed,0.25,102,selected_regression,12.0,4.628044596912521,1,30,0.9815950920245399,1.366214949615114,0.9231295767938453,927,0.8824163969795038,12.957928802588997,233,1.2391466572312186,0.20111804062833755,68.04545614060281,3.9882656911615677,0.04431043638033849,818,0.005,0.786255570869856,0.1641901568467821,False,18.075950680752612,True,False
mixed,0.25,102,selected_mle,8.0,4.628044596912521,1,30,0.8127906976744186,1.7385201977180622,0.8931942056240642,1415,0.942756183745583,8.48904593639576,233,1.387890037154163,0.26185408963392054,67.51124992339281,2.973816836654654,0.05324256200850902,1334,0.005,0.7505782193064767,0.2454339210927902,False,61.02631008296248,False,True
mixed,0.25,103,iei_rounded,4.0,4.321969080553296,1,30,0.6125385405960946,1.9798433554604027,0.9389597095377706,2804,0.9835948644793152,4.508559201141227,248,1.601006090520423,0.355857400994693,163.83249589763352,4.349339556951965,0.06981321982192962,2758,0.005,0.8765610561399078,0.3047953859408973,False,153.75391739091356,False,False
mixed,0.25,103,iei_rounded,4.0,4.321969080553296,1,15,0.6125385405960946,1.8331411392860013,0.9743048343943201,2804,0.9547075606276747,4.508559201141227,248,1.5163898012751265,0.4395883119164118,15.960703694866478,0.6811109389804458,0.05496563173771757,2677,0.005,0.7489355798098836,0.38197215764357445,False,118.62842578806703,False,False
mixed,0.25,103,iei_rounded,4.0,4.321969080553296,1,59,0.6125385405960946,1.965072342278782,0.9490847832648992,2804,0.992867332382311,4.508559201141227,248,1.6650989676432904,0.3169182798165652,278.23720803420656,5.462558308522482,0.08369383475662168,2784,0.005,0.9120051295920302,0.28568040603556405,False,209.32973402193602,False,False
mixed,0.25,103,iei_rounded,4.0,4.321969080553296,3,30,0.6125385405960946,2.1578237187901266,0.9189196073911443,2804,0.37589158345221113,4.508559201141227,248,2.097807819620167,0.2441922845233585,76.444127786895,5.678550345160497,0.01091313479709255,1054,0.72,2.003906751581389,0.023929036880805544,False,-1.9149897775914724,False,False
mixed,0.25,103,fixed_10,10.0,4.321969080553296,1,30,1.0118243243243243,1.5733131814959673,0.9284164823077817,1085,0.9032258064516129,11.651612903225807,248,1.2706037906793899,0.22231186064980996,35.11031928884033,1.9246875510397374,0.06604647095695332,980,0.005,0.5867030318538426,0.2527476746582033,False,51.70896097849436,False,False
mixed,0.25,103,fixed_10,10.0,4.321969080553296,1,15,1.0118243243243243,1.3763157383305642,0.9523759291408552,1085,0.840552995391705,11.651612903225807,248,1.1643747234175823,0.29211623610393667,2.165068883157498,0.19853559945362537,0.04847351278240403,912,0.005,0.5182587355394139,0.28979904028388764,False,28.72807842276825,False,False
mixed,0.25,103,fixed_10,10.0,4.321969080553296,1,59,1.0118243243243243,1.4647526259026378,0.9063577573011599,1085,0.9483870967741935,11.651612903225807,248,1.3245276389153116,0.15939055610668657,141.37971651783906,5.25092283526216,0.07516876309252812,1029,0.005,0.7321500863466587,0.18739152636666476,False,55.240539294788505,True,True
mixed,0.25,103,fixed_10,10.0,4.321969080553296,3,30,1.0118243243243243,1.7641787211073598,0.9170710183355224,1085,0.4838709677419355,11.651612903225807,248,1.6403733707706767,0.17209208807750997,19.962729745438654,2.495557316705579,0.019819663645165186,525,0.43,1.182507513606156,0.11169092895468061,False,-0.8676889737653255,False,True
mixed,0.25,103,selected_regression,10.0,4.321969080553296,1,30,1.0118243243243243,1.5733131814959673,0.9284164823077817,1085,0.9032258064516129,11.651612903225807,248,1.2706037906793899,0.22231186064980996,35.11031928884033,1.9246875510397374,0.06604647095695332,980,0.005,0.5867030318538426,0.2527476746582033,False,51.70896097849436,False,False
mixed,0.25,103,selected_mle,8.0,4.321969080553296,1,30,0.8580171358629131,1.755041648733138,0.9231029471843851,1388,0.9322766570605188,9.10806916426513,248,1.3587507210043643,0.25570294965494356,39.90903850707442,1.80560978256303,0.06728182190663773,1294,0.005,0.620912593705858,0.282422131460937,False,79.46770645816741,False,False
mixed,0.25,104,iei_rounded,4.0,4.282730796614192,1,30,0.586856851757514,1.9655424058270377,0.9574661665671992,2812,0.9818634423897582,4.619132290184922,182,1.6101101058139111,0.35618381793753473,197.2095303261618,5.309424858072318,0.06572674930925432,2761,0.005,0.9530755275497558,0.2760319788788159,False,126.84987455758892,False,False
mixed,0.25,104,iei_rounded,4.0,4.282730796614192,1,15,0.586856851757514,1.8088363768006879,0.9612050018855598,2812,0.9534139402560455,4.619132290184922,182,1.5271738156974823,0.43804627739961943,54.29859576091343,2.3070964430763965,0.051087707690841144,2681,0.005,0.8659190870462024,0.3283931098740117,False,87.96500047123664,False,False
mixed,0.25,104,iei_rounded,4.0,4.282730796614192,1,59,0.586856851757514,1.940118749536035,0.9451155808866272,2812,0.9911095305832148,4.619132290184922,182,1.672276581229065,0.3152570886817174,328.0548833636374,6.282579232427012,0.07909815740833198,2787,0.005,0.9818883711598647,0.2610831455736804,False,177.47051923330037,False,False
mixed,0.25,104,iei_rounded,4.0,4.282730796614192,3,30,0.586856851757514,2.126767986736661,0.9453476347857647,2812,0.36024182076813654,4.619132290184922,182,2.007793301600687,0.23186132507422985,53.9423475718043,4.292262644828651,0.01903246749947246,1013,0.19,1.4976260912476318,0.129204069790432,False,0.44035821836587274,False,False
mixed,0.25,104,fixed_10,10.0,4.282730796614192,1,30,0.8962585034013606,1.476298520200476,0.9386970781161836,1062,0.8935969868173258,12.230696798493408,187,1.2910174511640538,0.22031286232702202,70.13065631054299,3.7750272938946767,0.0552484614468024,949,0.005,0.7583929147723644,0.19714393803430816,False,29.977454740932444,True,False
mixed,0.25,104,fixed_10,10.0,4.282730796614192,1,15,0.8962585034013606,1.489200111659643,0.9585095894743263,1062,0.8173258003766478,12.230696798493408,187,1.2416418914294116,0.323806049029691,-3.408992672505768,-0.29213504178192784,0.050120517808889264,868,0.005,0.5107345307810374,0.3356485522043987,False,35.26196934452901,False,False
mixed,0.25,104,fixed_10,10.0,4.282730796614192,1,59,0.8962585034013606,1.4357369403011957,0.9075823960588536,1062,0.9453860640301318,12.230696798493408,187,1.327590426900267,0.15297101203920738,184.8652809610549,7.033439312652231,0.06071080642785748,1004,0.005,0.8867093553610443,0.13856815260526142,False,29.565807629619485,True,True
mixed,0.25,104,fixed_10,10.0,4.282730796614192,3,30,0.8962585034013606,1.586695878642813,0.9121943414742111,1062,0.4661016949152542,12.230696798493408,187,1.6129854693993995,0.16238488678626783,31.605498347944252,4.34410553458402,0.026157461870430665,495,0.235,1.6129854693993995,0.0,False,-2.0000000000004547,True,True
mixed,0.25,104,selected_regression,10.0,4.282730796614192,1,30,0.8962585034013606,1.476298520200476,0.9386970781161836,1062,0.8935969868173258,12.230696798493408,187,1.2910174511640538,0.22031286232702202,70.13065631054299,3.7750272938946767,0.0552484614468024,949,0.005,0.7583929147723644,0.19714393803430816,False,29.977454740932444,True,False
mixed,0.25,104,selected_mle,10.0,4.282730796614192,1,30,0.8962585034013606,1.476298520200476,0.9386970781161836,1062,0.8935969868173258,12.230696798493408,187,1.2910174511640538,0.22031286232702202,70.13065631054299,3.7750272938946767,0.0552484614468024,949,0.005,0.7583929147723644,0.19714393803430816,False,29.977454740932444,True,False
mixed,0.25,105,iei_rounded,4.0,4.219178082191781,1,30,0.6056555269922879,2.0250068052838426,0.9626950067730502,2835,0.9834215167548501,4.629982363315697,213,1.6008389145311295,0.36081189939740543,126.90836074539934,3.593399156882944,0.07419782063873653,2788,0.005,0.8384728377792757,0.3216541462108075,False,171.48494917403877,False,False
mixed,0.25,105,iei_rounded,4.0,4.219178082191781,1,15,0.6056555269922879,1.783613625103383,0.9653900961052094,2835,0.9590828924162258,4.629982363315697,213,1.4990256726400357,0.4267879648776124,41.83589009777959,1.804084991746516,0.05557848666707732,2719,0.005,0.79889146079446,0.345545329611929,False,100.90227882291401,False,False
mixed,0.25,105,iei_rounded,4.0,4.219178082191781,1,59,0.6056555269922879,2.0213516067763044,0.9598940444366445,2835,0.9904761904761905,4.629982363315697,213,1.6708308962096314,0.3285649908910748,208.33606996610476,4.26833322031066,0.08947633342882821,2808,0.005,0.8579462902646016,0.3113879950739308,False,241.8618370152799,False,False
mixed,0.25,105,iei_rounded,4.0,4.219178082191781,3,30,0.6056555269922879,2.2369126218122575,0.9616677503541613,2835,0.36860670194003525,4.629982363315697,213,2.0663043056020296,0.2456940543814919,44.95815324364698,3.5673334039832074,0.01677684481178654,1045,0.265,1.3634227445267608,0.17934798573891375,False,2.624520080522416,False,False
mixed,0.25,105,fixed_10,10.0,4.219178082191781,1,30,1.0704225352112675,1.4622624660642778,0.8995158369863538,1059,0.8999055712936733,12.394711992445703,225,1.1952241066636926,0.20071141303979873,21.478020446695783,1.308352866266085,0.06914745296687763,953,0.005,0.4877429677032913,0.25463077775033655,False,53.62614809604838,False,False
mixed,0.25,105,fixed_10,10.0,4.219178082191781,1,15,1.0704225352112675,1.2993976690107512,0.8478602995603794,1059,0.8271954674220963,12.394711992445703,225,1.078321924508666,0.26134565173981383,2.8205684531801998,0.27907977939913764,0.05050789792292787,876,0.005,0.4526891239649977,0.27408868262757446,False,25.508088867514743,False,False
mixed,0.25,105,fixed_10,10.0,4.219178082191781,1,59,1.0704225352112675,1.4951684544043007,0.8893363732173457,1059,0.9461756373937678,12.394711992445703,225,1.2681665631456607,0.14846893312491333,96.39165859124316,3.859575961840145,0.0822855889262882,1002,0.005,0.5893217396961138,0.21022308342891877,False,70.5262947066476,True,False
mixed,0.25,105,fixed_10,10.0,4.219178082191781,3,30,1.0704225352112675,1.6439905617095232,0.8755300589835997,1059,0.5136921624173749,12.394711992445703,225,1.549032020132616,0.15979356295105457,16.256921211455026,2.1738113043079714,0.020954908164340313,544,0.39,1.075000219132303,0.11460445662081065,False,-0.723334436273035,True,True
mixed,0.25,105,selected_regression,10.0,4.219178082191781,1,30,1.0704225352112675,1.4622624660642778,0.8995158369863538,1059,0.8999055712936733,12.394711992445703,225,1.1952241066636926,0.20071141303979873,21.478020446695783,1.308352866266085,0.06914745296687763,953,0.005,0.4877429677032913,0.25463077775033655,False,53.62614809604838,False,False
mixed,0.25,105,selected_mle,8.0,4.219178082191781,1,30,0.9291139240506329,1.6067210536583472,0.9152623750020918,1370,0.9364963503649635,9.581021897810219,225,1.2866266456782665,0.23243768940627252,21.77089315741607,1.0798816594832452,0.06630423031348726,1283,0.005,0.5277171589507077,0.28294727380417434,False,83.8568446031286,False,False
mixed,0.25,106,iei_rounded,4.0,4.4925545043192106,1,30,0.606508875739645,2.219797357746032,0.9183726042211832,2904,0.9855371900826446,4.306129476584022,228,1.6187180454175358,0.3761544462425037,85.2345583634013,2.3825923508627946,0.07333182169989294,2862,0.005,0.7976105891651598,0.35062144504423065,False,201.14818639489022,False,False
mixed,0.25,106,iei_rounded,4.0,4.4925545043192106,1,15,0.606508875739645,1.9031589809510006,0.9384802452304681,2904,0.9645316804407713,4.306129476584022,228,1.5106880085301366,0.4366987081946718,17.4050466550945,0.757525511842106,0.053296988289825764,2801,0.005,0.7679379140323103,0.3685993237089042,False,116.6038829070203,False,False
mixed,0.25,106,iei_rounded,4.0,4.4925545043192106,1,59,0.606508875739645,1.9805177224518975,0.9033570505395776,2904,0.9941460055096418,4.306129476584022,228,1.6811259952849174,0.33169241843770303,238.8428734440804,4.213230044469531,0.08665729817715967,2887,0.005,0.8672741803973328,0.31356979568446103,False,247.39161508146208,False,False
mixed,0.25,106,iei_rounded,4.0,4.4925545043192106,3,30,0.606508875739645,2.510480945141558,0.9068117324213895,2904,0.3681129476584022,4.306129476584022,228,2.1351063297658737,0.2635106646410743,29.87707564208074,2.278634453646249,0.031846044499465154,1069,0.015,0.8321916837574105,0.33646292671245775,False,13.22599778104086,False,False
mixed,0.25,106,fixed_10,10.0,4.4925545043192106,1,30,1.03,1.4593845938674415,0.9527910632276666,1093,0.9130832570905764,11.440988106129918,229,1.2239971116133628,0.20607714029895352,39.2000177336493,2.2742784493904247,0.05885947665197033,998,0.005,0.6159609986240476,0.22040632116973558,False,41.534722305239484,True,False
mixed,0.25,106,fixed_10,10.0,4.4925545043192106,1,15,1.03,1.2880857170951434,0.9536440665501881,1093,0.838975297346752,11.440988106129918,229,1.1233424630903261,0.2737308515640018,10.726182862817524,1.0063979660075713,0.042437965368070096,917,0.005,0.5940751925744304,0.23417354893129422,False,18.797357637129608,False,False
mixed,0.25,106,fixed_10,10.0,4.4925545043192106,1,59,1.03,1.4863297808180063,0.9128212946169239,1093,0.9551692589204026,11.440988106129918,229,1.2959950262992148,0.1536249320661438,122.60203520328207,4.594691849651941,0.07247316341279597,1044,0.005,0.6879494195767901,0.19005032853356155,False,59.202048526962244,True,False
mixed,0.25,106,fixed_10,10.0,4.4925545043192106,3,30,1.03,1.6172950283614806,0.9482240325439875,1093,0.494967978042086,11.440988106129918,229,1.4863179132671664,0.15444878291713682,5.931518071475825,0.8493731455549498,0.034495268835148474,541,0.02,0.3495402080621549,0.27378339442366056,False,5.153975576923585,False,False
mixed,0.25,106,selected_regression,10.0,4.4925545043192106,1,30,1.03,1.4593845938674415,0.9527910632276666,1093,0.9130832570905764,11.440988106129918,229,1.2239971116133628,0.20607714029895352,39.2000177336493,2.2742784493904247,0.05885947665197033,998,0.005,0.6159609986240476,0.22040632116973558,False,41.534722305239484,True,False
mixed,0.25,106,selected_mle,8.0,4.4925545043192106,1,30,0.8526570048309179,1.6355763987483056,0.9142711674463773,1391,0.9403306973400432,8.989935298346513,228,1.314288149060319,0.23497704415565318,61.35581411183764,2.823334995206759,0.0614844142888728,1308,0.005,0.6823434333349574,0.23680434878975926,False,59.383920994634536,True,True
mixed,0.25,107,iei_rounded,5.0,4.530332029624699,1,30,0.6200762388818297,1.964110180304873,0.9269114604388878,2299,0.9725967812092214,5.377120487168334,229,1.5735699237619212,0.33638131214199285,169.39310340824537,5.168742321670614,0.057718980172150214,2236,0.005,0.9651052604694593,0.25106747733942547,False,89.44137206728374,False,False
mixed,0.25,107,iei_rounded,5.0,4.530332029624699,1,15,0.6200762388818297,1.838821124965384,0.9500957961021465,2299,0.9386689865158765,5.377120487168334,229,1.497485220036955,0.4246900081248616,39.54226165838995,1.9833768602669501,0.04429216097534455,2158,0.005,0.8700899745953525,0.3084254218657715,False,63.87181463587331,False,False
mixed,0.25,107,iei_rounded,5.0,4.530332029624699,1,59,0.6200762388818297,1.8530603510124821,0.9190531103244864,2299,0.9869508481948673,5.377120487168334,229,1.627851497482835,0.28234768178528535,337.0039749134234,6.852255432905887,0.06919826741320856,2269,0.005,1.0226815588287796,0.2216140155200535,False,115.62305600611217,False,False
mixed,0.25,107,iei_rounded,5.0,4.530332029624699,3,30,0.6200762388818297,2.161699902805103,0.9044458951015049,2299,0.37755545889517184,5.377120487168334,229,1.9599400293774618,0.22388744453822562,42.90526946637784,3.754281965645081,0.019335949346249937,868,0.25,1.4011316324525003,0.14087219629857592,False,0.5451430416087533,False,False
mixed,0.25,107,fixed_10,10.0,4.530332029624699,1,30,0.9825396825396825,1.5586760427584077,0.87962646706465,1104,0.907608695652174,11.197463768115941,229,1.2831566481832635,0.22307704919646398,50.88428265730935,2.6668126039876436,0.06835273574294981,1002,0.005,0.6283374521658341,0.24283905318267718,False,48.47120839809486,True,False
mixed,0.25,107,fixed_10,10.0,4.530332029624699,1,15,0.9825396825396825,1.4112965934354385,0.9572293313350975,1104,0.8442028985507246,11.197463768115941,229,1.1892678224209607,0.303171996995374,-2.1810544723075456,-0.19082974819338275,0.054151500407765785,932,0.005,0.4718483544749599,0.32457084148395426,False,36.59752185925481,False,False
mixed,0.25,107,fixed_10,10.0,4.530332029624699,1,59,0.9825396825396825,1.5013906710347662,0.8967736589551147,1104,0.947463768115942,11.197463768115941,229,1.3437926295573863,0.16537118587666733,145.35769745191982,5.28558838099079,0.0793874621661963,1046,0.005,0.7375421856630474,0.1936037663784319,False,58.66632758994456,True,True
mixed,0.25,107,fixed_10,10.0,4.530332029624699,3,30,0.9825396825396825,1.7158072772692543,0.8362356407102907,1104,0.4782608695652174,11.197463768115941,229,1.6495719173535601,0.16922458820153063,30.769708744791124,3.852349229116722,0.013595002166892134,528,0.925,1.6495719173535601,0.0,False,-1.9999999999990905,False,True
mixed,0.25,107,selected_regression,10.0,4.530332029624699,1,30,0.9825396825396825,1.5586760427584077,0.87962646706465,1104,0.907608695652174,11.197463768115941,229,1.2831566481832635,0.22307704919646398,50.88428265730935,2.6668126039876436,0.06835273574294981,1002,0.005,0.6283374521658341,0.24283905318267718,False,48.47120839809486,True,False
mixed,0.25,107,selected_mle,10.0,4.530332029624699,1,30,0.9825396825396825,1.5586760427584077,0.87962646706465,1104,0.907608695652174,11.197463768115941,229,1.2831566481832635,0.22307704919646398,50.88428265730935,2.6668126039876436,0.06835273574294981,1002,0.005,0.6283374521658341,0.24283905318267718,False,48.47120839809486,True,False
mixed,0.25,108,iei_rounded,4.0,3.9765172084831586,1,30,0.6095138525875589,2.017571321557202,0.9545501550598205,2820,0.9773049645390071,4.95886524822695,226,1.5857864052511257,0.3487535570714566,158.7613426382878,4.454744425315081,0.06411308705209012,2756,0.005,0.8957639376049853,0.28779244894408124,False,140.79035975499028,False,False
mixed,0.25,108,iei_rounded,4.0,3.9765172084831586,1,15,0.6095138525875589,1.7540138025545073,0.970370593550311,2820,0.949645390070922,4.95886524822695,226,1.4910270445401625,0.42070469468790583,54.44467954605924,2.3428568516568102,0.046777377257352926,2678,0.005,0.856626204895707,0.31140053461324785,False,81.69740878600896,False,False
mixed,0.25,108,iei_rounded,4.0,3.9765172084831586,1,59,0.6095138525875589,1.93691498065131,0.951042257073622,2820,0.9907801418439717,4.95886524822695,226,1.6406795162176824,0.29555852411127304,352.14145043848816,6.589926363589323,0.07572107292711794,2794,0.005,0.9683666638210028,0.24956690084594124,False,172.91041560559097,False,False
mixed,0.25,108,iei_rounded,4.0,3.9765172084831586,3,30,0.6095138525875589,2.237088829003974,0.9506283640852025,2820,0.375886524822695,4.95886524822695,226,2.018583908427482,0.23697117566089287,43.504214804608075,3.4710117033946744,0.02541870879604824,1060,0.02,1.1886032470139802,0.21091099517756207,False,4.61486812561634,False,False
mixed,0.25,108,fixed_10,10.0,3.9765172084831586,1,30,0.969335604770017,1.5390490504938572,0.9153518970922689,1076,0.8903345724907064,12.996282527881041,226,1.274797981632835,0.22070018384101503,46.67777241150387,2.515716376826333,0.06318605997073956,958,0.005,0.630459318461629,0.23813547753938885,False,44.784018090502286,True,False
mixed,0.25,108,fixed_10,10.0,3.9765172084831586,1,15,0.969335604770017,1.4097299804725227,0.9488418390885173,1076,0.8252788104089219,12.996282527881041,226,1.183602104156689,0.3011368236400218,-2.252652119404491,-0.20059913988954486,0.05040786312536116,888,0.005,0.4853566155231528,0.31524421101392996,False,32.86810121877852,False,False
mixed,0.25,108,fixed_10,10.0,3.9765172084831586,1,59,0.969335604770017,1.4111484428977294,0.8728296992148895,1076,0.9460966542750929,12.996282527881041,226,1.3069045672652972,0.14685697985362323,186.77269228803934,6.8694448486857835,0.06652240370858303,1018,0.005,0.8365756962364108,0.1467340365494746,False,34.35736627213191,True,True
mixed,0.25,108,fixed_10,10.0,3.9765172084831586,3,30,0.969335604770017,1.7009288636766633,0.8898887868438674,1076,0.4739776951672863,12.996282527881041,226,1.6308495658957387,0.16830067206135646,24.922031310872768,3.2547961699368813,0.025591202404438906,510,0.195,1.330308653153627,0.07319338112872804,False,-1.5220408967525145,False,True
mixed,0.25,108,selected_regression,10.0,3.9765172084831586,1,30,0.969335604770017,1.5390490504938572,0.9153518970922689,1076,0.8903345724907064,12.996282527881041,226,1.274797981632835,0.22070018384101503,46.67777241150387,2.515716376826333,0.06318605997073956,958,0.005,0.630459318461629,0.23813547753938885,False,44.784018090502286,True,False
mixed,0.25,108,selected_mle,10.0,3.9765172084831586,1,30,0.969335604770017,1.5390490504938572,0.9153518970922689,1076,0.8903345724907064,12.996282527881041,226,1.274797981632835,0.22070018384101503,46.67777241150387,2.515716376826333,0.06318605997073956,958,0.005,0.630459318461629,0.23813547753938885,False,44.784018090502286,True,False
mixed,0.25,109,iei_rounded,5.0,4.8713025904831895,1,30,0.6616294349540078,1.9936262428011953,0.9128048521121508,2314,0.9792566983578219,4.853500432152117,161,1.531524648715683,0.32460361120422143,113.96069710008624,3.5970356397921974,0.06782407555416864,2266,0.005,0.8179480692478787,0.29172051366234425,False,125.93199891546101,False,False
mixed,0.25,109,iei_rounded,5.0,4.8713025904831895,1,15,0.6616294349540078,1.7472780583178034,0.9571341188595848,2314,0.9455488331892826,4.853500432152117,161,1.4369382355710432,0.4001781559328016,22.6036702150008,1.1353755725642072,0.05069759558429682,2188,0.005,0.7508667229326702,0.33238938427448905,False,78.83362282683265,False,False
mixed,0.25,109,iei_rounded,5.0,4.8713025904831895,1,59,0.6616294349540078,1.9033356212817552,0.9136637813486421,2314,0.9926534140017286,4.853500432152117,161,1.5965653927381265,0.2787546784870687,240.34941536908215,5.249475956638409,0.08186019111843101,2297,0.005,0.8689356892424077,0.26542926489358526,False,169.02486177287574,False,False
mixed,0.25,109,iei_rounded,5.0,4.8713025904831895,3,30,0.6616294349540078,2.2280565320657715,0.8919868672133088,2314,0.39844425237683667,4.853500432152117,161,1.9500732547054778,0.22551023020463967,32.538748350475124,2.818613777191608,0.033880571387544856,922,0.01,0.9915334466647889,0.24203697560829196,False,5.812871104668375,False,False
mixed,0.25,109,fixed_10,10.0,4.8713025904831895,1,30,0.9796557120500783,1.6210934218182882,0.902673385813544,1107,0.912375790424571,10.145438121047878,173,1.27122818170748,0.22710701050994986,16.794617714710302,0.9357453804504074,0.06295955485393201,1010,0.005,0.5306902314379494,0.274324568696443,False,62.51793617525982,False,False
mixed,0.25,109,fixed_10,10.0,4.8713025904831895,1,15,0.9796557120500783,1.3794985397406063,0.9097748741427523,1107,0.8554652213188798,10.145438121047878,173,1.1449523599734146,0.28492489638882856,2.588573444516488,0.2371951282207871,0.04046502853038031,947,0.005,0.5452314567683526,0.26729112441959346,False,25.526619599291735,False,False
mixed,0.25,109,fixed_10,10.0,4.8713025904831895,1,59,0.9796557120500783,1.5036865247373097,0.8750950882952145,1107,0.9611562782294489,10.145438121047878,173,1.319321035373422,0.1578003917176269,145.79758334050914,5.09767035421022,0.07064458097337639,1064,0.005,0.7209860713786383,0.18889116896962363,False,58.36585833377194,True,True
mixed,0.25,109,fixed_10,10.0,4.8713025904831895,3,30,0.9796557120500783,1.8545612414754238,0.8882045281974578,1107,0.49232158988256547,10.145438121047878,173,1.652539753313354,0.17978657342783738,6.090736425854491,0.7877418901353833,0.04949503340307071,545,0.005,0.3307886069451707,0.3241059389615649,False,7.384978534513721,False,False
mixed,0.25,109,selected_regression,10.0,4.8713025904831895,1,30,0.9796557120500783,1.6210934218182882,0.902673385813544,1107,0.912375790424571,10.145438121047878,173,1.27122818170748,0.22710701050994986,16.794617714710302,0.9357453804504074,0.06295955485393201,1010,0.005,0.5306902314379494,0.274324568696443,False,62.51793617525982,False,False
mixed,0.25,109,selected_mle,8.0,4.8713025904831895,1,30,0.819047619047619,1.7585549718050577,0.9344574823315446,1404,0.9401709401709402,7.999287749287749,174,1.3880980575902324,0.26425081673374984,55.52876549295035,2.464850138899735,0.05949233039517682,1320,0.005,0.702859085831817,0.2645445935453016,False,69.73750459698203,False,True
mixed,0.25,110,iei_rounded,4.0,4.297057893071813,1,30,0.6109925293489862,1.8591916569472406,0.9555452177675953,2753,0.9832909553214675,4.715219760261533,219,1.555185604667967,0.3233921085405975,238.6562533104523,6.698002986114292,0.05530015064090821,2707,0.005,1.0012612145587223,0.22608760670066558,False,90.97047040622056,False,False
mixed,0.25,110,iei_rounded,4.0,4.297057893071813,1,15,0.6109925293489862,1.6878274013283325,0.9686097943111281,2753,0.945877224845623,4.715219760261533,219,1.4825081371688764,0.41174858951363524,81.20464257933897,3.529940401904314,0.04250365625535646,2604,0.005,0.9274127378218257,0.2708125760875126,False,60.692346132133025,False,False
mixed,0.25,110,iei_rounded,4.0,4.297057893071813,1,59,0.6109925293489862,2.015653072771166,0.9437375183688526,2753,0.9927351979658554,4.715219760261533,219,1.626276864396024,0.29017323956980356,323.98996078900575,6.824871323559325,0.07103670417839342,2733,0.005,0.977483071354336,0.23846032880670642,False,159.55905294399236,False,False
mixed,0.25,110,iei_rounded,4.0,4.297057893071813,3,30,0.6109925293489862,2.0117896479235733,0.9413254671763818,2753,0.38830366872502725,4.715219760261533,219,1.916118705892286,0.21328789069941329,64.67579204341263,5.233104294070395,0.018410236004902436,1069,0.165,1.7972227396854616,0.02975502351496658,False,-1.8528892811846163,False,False
mixed,0.25,110,fixed_10,10.0,4.297057893071813,1,30,0.977818853974122,1.6342700016333334,0.90557822168129,1021,0.8805093046033301,12.714005876591576,219,1.2861412120729323,0.23245756395482575,14.548297831251508,0.8542857056493429,0.07853062105319403,899,0.005,0.4842814822442249,0.29941314081860776,False,64.84490858935078,False,False
mixed,0.25,110,fixed_10,10.0,4.297057893071813,1,15,0.977818853974122,1.4534010379331517,0.9296701807700107,1021,0.821743388834476,12.714005876591576,219,1.1780507131011415,0.303362014745186,-11.258947078252817,-1.0597026844480981,0.060910181909201666,839,0.005,0.36401545259135454,0.36806500727068503,False,42.47748095005409,False,False
mixed,0.25,110,fixed_10,10.0,4.297057893071813,1,59,0.977818853974122,1.3284324260673668,0.8431241091438204,1021,0.9441723800195886,12.714005876591576,219,1.298152435095142,0.1415765245285318,194.90668735028274,7.139181556922944,0.07532795368084477,964,0.005,0.835464748021196,0.1437583259784716,False,31.370967315475355,True,False
mixed,0.25,110,fixed_10,10.0,4.297057893071813,3,30,0.977818853974122,1.8558113299429424,0.8903033312629277,1021,0.46620959843290893,12.714005876591576,219,1.7032018587894076,0.18321335084853885,15.68495291029622,2.14462781934601,0.02518476158627614,476,0.335,1.0347245834967087,0.16425948602945178,False,0.1391988581726764,False,False
mixed,0.25,110,selected_regression,12.0,4.297057893071813,1,30,1.0263157894736843,1.470020213214207,0.8806919938655968,842,0.8432304038004751,15.41686460807601,219,1.2077129365087682,0.20130482908242736,26.637850291523343,1.7767272305235835,0.06845664467439289,710,0.005,0.5434274067863029,0.23983882417612865,False,34.732418503686404,False,False
mixed,0.25,110,selected_mle,8.0,4.297057893071813,1,30,0.8595578673602081,1.6376059773561096,0.886471361002785,1307,0.9196633511859219,9.931905126243306,219,1.3753409617280408,0.25726048001706336,59.28700513726494,2.662277455436036,0.07671032394901733,1202,0.005,0.6492060417309179,0.2795457796533973,False,71.19624051274513,True,True
mixed,0.25,111,iei_rounded,5.0,4.510064908388793,1,30,0.6979236436704621,1.9176252103934286,0.9420153254849445,2261,0.9756744803184432,5.534276868642194,203,1.491720772980342,0.306626720383524,107.01085934163024,3.527414607224869,0.06673820419229937,2206,0.005,0.7859701317938996,0.2838777472375365,False,121.62096668939375,False,False
mixed,0.25,111,iei_rounded,5.0,4.510064908388793,1,15,0.6979236436704621,1.6804648159232278,0.956333087801089,2261,0.9376382131800088,5.534276868642194,203,1.396039555907608,0.38188027503062083,21.932470128946015,1.1267358587741982,0.04944277280475323,2120,0.005,0.7230883184932774,0.3220843547616909,False,74.04251295706945,False,False
mixed,0.25,111,iei_rounded,5.0,4.510064908388793,1,59,0.6979236436704621,1.8634656001336647,0.92824616834486,2261,0.9893852277753207,5.534276868642194,203,1.562150227662352,0.26053999897715674,242.53873830253926,5.14147926399624,0.08190592990209228,2237,0.005,0.8349966352353655,0.26053107566642775,False,167.59286253139544,False,False
mixed,0.25,111,iei_rounded,5.0,4.510064908388793,3,30,0.6979236436704621,2.1499896485504784,0.9370054939326191,2261,0.41839893852277754,5.534276868642194,203,1.9167639256158058,0.218513968123287,36.87888246007891,3.2439648798458807,0.018148885189256392,946,0.235,1.168816749416855,0.18794375182605363,False,2.9929206658844123,False,False
mixed,0.25,111,fixed_10,10.0,4.510064908388793,1,30,0.9637931034482758,1.5902225398618113,0.9122385441777368,1075,0.8986046511627906,11.64,205,1.2430587181486548,0.21678421706776368,19.02869631896248,1.0693009170711203,0.068591708897489,966,0.005,0.49080670052187425,0.2758947482672124,False,61.60200812096991,False,False
mixed,0.25,111,fixed_10,10.0,4.510064908388793,1,15,0.9637931034482758,1.3344822855622456,0.9552361652436507,1075,0.8372093023255814,11.64,205,1.120905783095493,0.2792442071406356,-4.268741331139326,-0.4008300424617825,0.04813131336378157,900,0.005,0.4354666597655981,0.30411837882017995,False,31.967049388969826,False,False
mixed,0.25,111,fixed_10,10.0,4.510064908388793,1,59,0.9637931034482758,1.4796183679802868,0.8815362429739831,1075,0.9497674418604651,11.64,205,1.294115520477698,0.15124439581674753,131.86228502694718,4.951593632533452,0.07647703174115367,1021,0.005,0.676383334354398,0.1930046777781297,False,59.69589580294905,True,False
mixed,0.25,111,fixed_10,10.0,4.510064908388793,3,30,0.9637931034482758,1.8135756153225817,0.9029777136922719,1075,0.4958139534883721,11.64,205,1.626008614901055,0.1723524465284797,13.995110198582216,1.7991914629873547,0.03504956782386037,533,0.03,0.6937077089272335,0.22757717378409495,False,2.6788780299893915,False,False
mixed,0.25,111,selected_regression,10.0,4.510064908388793,1,30,0.9637931034482758,1.5902225398618113,0.9122385441777368,1075,0.8986046511627906,11.64,205,1.2430587181486548,0.21678421706776368,19.02869631896248,1.0693009170711203,0.068591708897489,966,0.005,0.49080670052187425,0.2758947482672124,False,61.60200812096991,False,False
mixed,0.25,111,selected_mle,8.0,4.510064908388793,1,30,0.8020050125313283,1.6064682303417124,0.9258856977447353,1366,0.931185944363104,9.160322108345534,203,1.3451990928619093,0.24501197656526463,66.31071996976482,3.0002242939394943,0.06184645028889063,1272,0.005,0.6986718217207032,0.24518235496915894,False,60.19311445200219,True,True
mixed,0.25,112,iei_rounded,4.0,4.464657308009909,1,30,0.6258811681772407,2.0706538360904676,0.934227838665282,2823,0.9844137442437123,4.411973078285512,194,1.599875599239466,0.360162355231329,127.63228658222818,3.756077984101444,0.06783176095263954,2779,0.005,0.862534928431433,0.31038148953303607,False,160.3801654480376,False,False
mixed,0.25,112,iei_rounded,4.0,4.464657308009909,1,15,0.6258811681772407,1.7326503833581877,0.965721711170074,2823,0.9596174282678002,4.411973078285512,194,1.4978046095111264,0.42289192927468566,61.03923667915711,2.5309103298259004,0.0488116221055388,2709,0.005,0.8570060149063361,0.315245574078695,False,84.19353552015127,False,False
mixed,0.25,112,iei_rounded,4.0,4.464657308009909,1,59,0.6258811681772407,2.036241786766002,0.9350353536206655,2823,0.9922068721218562,4.411973078285512,194,1.6680117712353724,0.3249881297904502,224.39869503927142,4.541928411210613,0.08269868115669271,2801,0.005,0.8854302836886087,0.29830821814649033,False,225.5516722097509,False,False
mixed,0.25,112,iei_rounded,4.0,4.464657308009909,3,30,0.6258811681772407,2.336581952302858,0.9256191742222293,2823,0.3744243712362735,4.411973078285512,194,2.0697285254969895,0.24811350129498172,38.38974308866703,3.2988289294593396,0.021877290581027997,1057,0.08,1.1993460578258517,0.22244460541569466,False,5.094001847038271,False,False
mixed,0.25,112,fixed_10,10.0,4.464657308009909,1,30,1.0570469798657718,1.5034871050570222,0.9304107898558391,1063,0.8974600188146754,11.71683913452493,194,1.2343245833623637,0.21262529484931791,24.031101674647417,1.3972214642282363,0.06589165157660426,954,0.005,0.5234580714236289,0.2595157285607764,False,54.32544612658421,False,False
mixed,0.25,112,fixed_10,10.0,4.464657308009909,1,15,1.0570469798657718,1.408646748500346,0.9357497443993712,1063,0.825964252116651,11.71683913452493,194,1.1355830215910796,0.2871228275294302,-10.140901253795878,-0.9842155229012032,0.05039722119085971,878,0.005,0.39884453535346803,0.3285726501058403,False,36.21723344121801,False,False
mixed,0.25,112,fixed_10,10.0,4.464657308009909,1,59,1.0570469798657718,1.3914077633204924,0.871766296334626,1063,0.9520225776105362,11.71683913452493,194,1.2806640667751505,0.14449574230046291,149.34611596826227,5.588325086075684,0.0722972092660989,1012,0.005,0.7218553759138417,0.17308427057293965,False,48.49420021223614,True,False
mixed,0.25,112,fixed_10,10.0,4.464657308009909,3,30,1.0570469798657718,1.686660279340841,0.9191221430606997,1063,0.49388523047977423,11.71683913452493,194,1.580891684871757,0.16634809777005527,11.372946713060044,1.5848849733601214,0.03670985353628117,525,0.035,0.5881844172892572,0.24127112468521142,False,3.2542852570209106,False,False
mixed,0.25,112,selected_regression,10.0,4.464657308009909,1,30,1.0570469798657718,1.5034871050570222,0.9304107898558391,1063,0.8974600188146754,11.71683913452493,194,1.2343245833623637,0.21262529484931791,24.031101674647417,1.3972214642282363,0.06589165157660426,954,0.005,0.5234580714236289,0.2595157285607764,False,54.32544612658421,False,False
mixed,0.25,112,selected_mle,8.0,4.464657308009909,1,30,0.8573248407643312,1.7275629846975464,0.877475977246342,1372,0.9300291545189504,9.07798833819242,194,1.3414980852837086,0.2508347004253664,30.760838853701834,1.444763482888657,0.0801940883056767,1276,0.005,0.544244059480447,0.30399394517877915,False,91.39079975138702,False,False
mixed,0.25,113,iei_rounded,4.0,4.234326505276226,1,30,0.6315255955397872,2.0489754004088763,0.9566950182836982,2811,0.9807897545357525,4.709000355745286,298,1.5922809940565568,0.3579482419443525,113.57589250596504,3.242331194248123,0.07144118334900751,2757,0.005,0.8226452534917477,0.3237579172882861,False,173.34928140200645,False,False
mixed,0.25,113,iei_rounded,4.0,4.234326505276226,1,15,0.6315255955397872,1.7665648041550015,0.9729170600898762,2811,0.9558875844895055,4.709000355745286,298,1.48888179028007,0.42258529989330385,37.78074675181298,1.6378208969842927,0.05230024441656872,2687,0.005,0.7936097837547403,0.3420590177576724,False,98.59295166716947,False,False
mixed,0.25,113,iei_rounded,4.0,4.234326505276226,1,59,0.6315255955397872,1.9559315943150184,0.9328718250041638,2811,0.9925293489861259,4.709000355745286,298,1.6503202767868732,0.3061244867305941,302.11057721070233,5.482858923677509,0.08367733327368027,2790,0.005,0.9075588416712597,0.2792148264322482,False,206.58971471119366,False,False
mixed,0.25,113,iei_rounded,4.0,4.234326505276226,3,30,0.6315255955397872,2.285435824832628,0.9568020165386704,2811,0.3774457488438278,4.709000355745286,298,2.0852370493555643,0.24978106368359893,44.17803576454766,3.430129819774843,0.019309163848130473,1061,0.125,1.3066198527607555,0.19918262618211396,False,3.6933363886355437,False,False
mixed,0.25,113,fixed_10,10.0,4.234326505276226,1,30,0.9447322970639033,1.5107930787272295,0.8905487471890905,1062,0.8888888888888888,12.464218455743879,298,1.2828822375578408,0.21840182492977556,66.30622141866301,3.617776490894392,0.05675640622715378,944,0.005,0.7517447398273343,0.19602245025337509,False,29.646795239500534,True,False
mixed,0.25,113,fixed_10,10.0,4.234326505276226,1,15,0.9447322970639033,1.4001634525464308,0.9532934936623406,1062,0.82015065913371,12.464218455743879,298,1.2082159129270185,0.3050397558757483,9.550016931525612,0.8506243981688452,0.0458128255845659,871,0.005,0.6181097693185492,0.2674321757896295,False,22.561812293799903,False,False
mixed,0.25,113,fixed_10,10.0,4.234326505276226,1,59,0.9447322970639033,1.427256937160344,0.867696479111044,1062,0.948210922787194,12.464218455743879,298,1.3080844673483494,0.14549053065593442,196.37502068706027,7.538006015076747,0.059064538319835436,1007,0.005,0.913108235000075,0.12283964292799653,False,23.597504949172617,True,True
mixed,0.25,113,fixed_10,10.0,4.234326505276226,3,30,0.9447322970639033,1.6337206387453487,0.8426269368188114,1062,0.4576271186440678,12.464218455743879,298,1.5541124777803983,0.1574761886639473,21.693655707865133,3.0331302675612717,0.020983371493395353,486,0.46,1.2959584445474903,0.06239128807961925,False,-1.6589935988608886,True,True
mixed,0.25,113,selected_regression,10.0,4.234326505276226,1,30,0.9447322970639033,1.5107930787272295,0.8905487471890905,1062,0.8888888888888888,12.464218455743879,298,1.2828822375578408,0.21840182492977556,66.30622141866301,3.617776490894392,0.05675640622715378,944,0.005,0.7517447398273343,0.19602245025337509,False,29.646795239500534,True,False
mixed,0.25,113,selected_mle,8.0,4.234326505276226,1,30,0.871571072319202,1.5788495285822444,0.930795156859558,1327,0.9284099472494348,9.975131876412961,298,1.3489887881619165,0.24213528134136286,85.02639508335925,4.007337585941478,0.05696946593951435,1232,0.005,0.7974589964495495,0.20855035294246124,False,42.214134215350896,True,True
mixed,0.25,114,iei_rounded,4.0,4.393874643874644,1,30,0.6243550051599587,1.958424739989289,0.9470237624829457,2837,0.9820232640112795,4.575960521677828,297,1.5931623349767658,0.3501690134787465,178.68274642386476,4.836584530974073,0.07064219421981655,2786,0.005,0.8931208872283076,0.29305555870232053,False,145.9011616074913,False,False
mixed,0.25,114,iei_rounded,4.0,4.393874643874644,1,15,0.6243550051599587,1.7179977390482224,0.971588396035377,2837,0.9545294324991188,4.575960521677828,297,1.5012297114170732,0.42544231836246515,55.61412984574083,2.269741733628062,0.054264561377540155,2708,0.005,0.8195169328796802,0.3363673082577025,False,95.20529431354043,False,False
mixed,0.25,114,iei_rounded,4.0,4.393874643874644,1,59,0.6243550051599587,1.9750103043383802,0.9390727923711174,2837,0.9908353894959464,4.575960521677828,297,1.65948523414224,0.3130186204399984,287.73713282779454,5.690894080074401,0.08502937710246544,2811,0.005,0.9175382532447266,0.2802588893360905,False,206.44422090292574,False,False
mixed,0.25,114,iei_rounded,4.0,4.393874643874644,3,30,0.6243550051599587,2.1246688733642283,0.9299971274196766,2837,0.37187169545294324,4.575960521677828,297,2.0413771059521455,0.2349691654549695,69.84985499208236,5.46827766431056,0.015996077963417288,1055,0.265,1.8919316116610305,0.03788187217429039,False,-1.7804850192178492,False,False
mixed,0.25,114,fixed_10,10.0,4.393874643874644,1,30,0.9316666666666666,1.479634047305325,0.9295452360927363,1071,0.8916900093370682,12.121381886087768,297,1.2911822318968458,0.22250681218948665,61.92408645199326,3.3077049447342595,0.05305182401398961,955,0.005,0.7402667277907549,0.20407086799553825,False,32.371877360036706,True,False
mixed,0.25,114,fixed_10,10.0,4.393874643874644,1,15,0.9316666666666666,1.418874401499501,0.941965289781382,1071,0.8244631185807656,12.121381886087768,297,1.2134767522218386,0.30747725016941163,8.686504952974909,0.7500729272681573,0.04714456245137033,883,0.005,0.6257960368303948,0.26669183539525654,False,22.697462714062112,False,False
mixed,0.25,114,fixed_10,10.0,4.393874643874644,1,59,0.9316666666666666,1.3915644057223382,0.9014622900522661,1071,0.942110177404295,12.121381886087768,297,1.32790103965762,0.15222858768878272,191.2562106908548,6.992472746516116,0.05831767334917182,1009,0.005,0.8927650759357814,0.13674041787727692,False,28.92274883662867,True,True
mixed,0.25,114,fixed_10,10.0,4.393874643874644,3,30,0.9316666666666666,1.5955463814098028,0.8989957987637409,1071,0.46218487394957986,12.121381886087768,297,1.590741282979737,0.1636297639158601,20.64810469046868,2.8000149846581226,0.030435301784618174,495,0.08,1.1247515304961204,0.11312012260557401,False,-0.8844978773881849,True,True
mixed,0.25,114,selected_regression,12.0,4.393874643874644,1,30,1.024498886414254,1.4474960360292048,0.8965445999545466,875,0.8468571428571429,14.836571428571428,297,1.2395738506496574,0.20601110297950986,45.830299874897015,2.9217332998944103,0.047347802414035134,741,0.005,0.7282529358224111,0.18576238110658075,False,21.070048260514795,True,False
mixed,0.25,114,selected_mle,8.0,4.393874643874644,1,30,0.86489898989899,1.7409549477173456,0.9030702171486906,1331,0.9233658903080391,9.753568745304282,297,1.3461309930659748,0.24608188468636588,60.60339778222499,2.94945423623378,0.05666203327784397,1229,0.005,0.7295331882781508,0.23359659731482266,False,52.81111855208292,False,True
mixed,0.25,115,iei_rounded,5.0,4.781041629122364,1,30,0.618682021753039,1.8403869067553302,0.9137198170092169,2303,0.9756838905775076,4.972210160660008,228,1.5449303229855271,0.3175043743030047,205.5393738858926,6.2087252867318,0.05546033464322314,2247,0.005,0.9995861507399906,0.22159102435978145,False,73.15287677701417,False,False
mixed,0.25,115,iei_rounded,5.0,4.781041629122364,1,15,0.618682021753039,1.6783479951998381,0.9738718195945629,2303,0.9387755102040817,4.972210160660008,228,1.4695189357900222,0.4057834174262721,67.21958350838949,3.2368921339210734,0.04236865871189455,2162,0.005,0.9218104461783624,0.26615594964794687,False,48.85931750189411,False,False
mixed,0.25,115,iei_rounded,5.0,4.781041629122364,1,59,0.618682021753039,1.8260241788861735,0.9356993003994968,2303,0.9926183239253148,4.972210160660008,228,1.598905553526846,0.26524176696886126,361.84777708334286,7.922102021645663,0.06697855324659474,2286,0.005,1.0369964666874163,0.20193424716159364,False,102.7449099593141,False,False
mixed,0.25,115,iei_rounded,5.0,4.781041629122364,3,30,0.618682021753039,1.9788247410456816,0.8736440827419419,2303,0.38862353452019105,4.972210160660008,228,1.8963712773021708,0.20895321045317117,57.31197014148709,4.925613948332904,0.007599689796507048,895,0.98,1.8368807347797085,0.014853465020058519,False,-1.9688917453804606,False,False
mixed,0.25,115,fixed_10,10.0,4.781041629122364,1,30,0.916256157635468,1.549771394280026,0.9446428950046258,1083,0.9039704524469068,10.573407202216066,228,1.283529247676091,0.2243717046323785,44.915005062676,2.453854629660154,0.06984903156829936,979,0.005,0.6238242332556598,0.24473022628998015,False,48.026286007398994,True,False
mixed,0.25,115,fixed_10,10.0,4.781041629122364,1,15,0.916256157635468,1.448730103784903,0.9584441559399726,1083,0.8356417359187442,10.573407202216066,228,1.2007788152492065,0.3087994207369962,-5.100138554660246,-0.4577863009711609,0.05770804727897483,905,0.005,0.45632771160160845,0.33812412532414254,False,38.30158357814935,False,False
mixed,0.25,115,fixed_10,10.0,4.781041629122364,1,59,0.916256157635468,1.4250646832336504,0.9177641544771669,1083,0.9538319482917821,10.573407202216066,228,1.3246378681924487,0.15410785212815958,176.61271394041418,6.389001296646969,0.07530977041373926,1033,0.005,0.8086355862993743,0.1625965340778319,False,42.06936201177541,True,True
mixed,0.25,115,fixed_10,10.0,4.781041629122364,3,30,0.916256157635468,1.7059339456585398,0.934008327000149,1083,0.46814404432132967,10.573407202216066,228,1.6101667206857382,0.16713820350710845,19.88435686122059,2.671693770839473,0.01602772604516456,507,0.83,1.1662943657304619,0.10794773242906078,False,-0.9658870584021315,False,True
mixed,0.25,115,selected_regression,10.0,4.781041629122364,1,30,0.916256157635468,1.549771394280026,0.9446428950046258,1083,0.9039704524469068,10.573407202216066,228,1.283529247676091,0.2243717046323785,44.915005062676,2.453854629660154,0.06984903156829936,979,0.005,0.6238242332556598,0.24473022628998015,False,48.026286007398994,True,False
mixed,0.25,115,selected_mle,10.0,4.781041629122364,1,30,0.916256157635468,1.549771394280026,0.9446428950046258,1083,0.9039704524469068,10.573407202216066,228,1.283529247676091,0.2243717046323785,44.915005062676,2.453854629660154,0.06984903156829936,979,0.005,0.6238242332556598,0.24473022628998015,False,48.026286007398994,True,False
mixed,0.25,116,iei_rounded,5.0,4.957115715190446,1,30,0.6905829596412556,2.0153552713738763,0.9213876641047831,2346,0.9799658994032395,4.85848252344416,218,1.5115186733101194,0.31875731049711076,90.02739781313984,2.919040222211823,0.06653183126440221,2299,0.005,0.7732271314243159,0.29992045388139876,False,137.51727536487851,False,False
mixed,0.25,116,iei_rounded,5.0,4.957115715190446,1,15,0.6905829596412556,1.7015524744604653,0.942898354235186,2346,0.9475703324808185,4.85848252344416,218,1.4046904607355284,0.38483704087122816,27.38968861202177,1.3664484328362336,0.046681319777900354,2223,0.005,0.7561245261091889,0.3108610622732708,False,72.0328535482713,False,False
mixed,0.25,116,iei_rounded,5.0,4.957115715190446,1,59,0.6905829596412556,1.8598984942598338,0.9185588191348466,2346,0.9923273657289002,4.85848252344416,218,1.5824125863455034,0.2760410745038705,205.8578711344455,4.453357128376881,0.08198808087989623,2328,0.005,0.8156680856813091,0.27867931598352685,False,190.46441213209255,False,False
mixed,0.25,116,iei_rounded,5.0,4.957115715190446,3,30,0.6905829596412556,2.284748636419234,0.9122750981342382,2346,0.41091219096334186,4.85848252344416,218,1.9394543154840225,0.2270559523100572,20.174390515165307,1.7662930564785915,0.036109283648809776,964,0.005,0.5828145720438667,0.34307656052175844,False,14.059072091270536,False,False
mixed,0.25,116,fixed_10,10.0,4.957115715190446,1,30,1.0218408736349454,1.6154479584469177,0.859176128291281,1130,0.9088495575221239,10.086725663716814,218,1.2889220215219535,0.22615955182543623,47.47453687968771,2.4813095970719847,0.0669960928618939,1027,0.005,0.6270424230820135,0.2460399920359628,False,50.801658215434145,True,False
mixed,0.25,116,fixed_10,10.0,4.957115715190446,1,15,1.0218408736349454,1.447201332437745,0.944385784035376,1130,0.8442477876106195,10.086725663716814,218,1.198606218603766,0.3074193102768895,-4.0262919362811225,-0.349298437763211,0.053091984659000224,954,0.005,0.4772600204351685,0.32722579633538257,False,37.93765559077656,False,False
mixed,0.25,116,fixed_10,10.0,4.957115715190446,1,59,1.0218408736349454,1.4352950393674193,0.8420244777412659,1130,0.9584070796460177,10.086725663716814,218,1.3314899776634004,0.15826743538828997,171.29509421956675,6.1493404731867525,0.07339024297424934,1083,0.005,0.7904810890629389,0.17121470334317637,False,48.5756598475009,True,True
mixed,0.25,116,fixed_10,10.0,4.957115715190446,3,30,1.0218408736349454,1.8010995019351124,0.8145399551998169,1130,0.47345132743362833,10.086725663716814,218,1.636704100384728,0.17038625608277547,23.18578599596213,2.968527201721362,0.022248086706609105,535,0.375,1.2095875040938655,0.10413784351189637,False,-0.9938606444211473,False,True
mixed,0.25,116,selected_regression,10.0,4.957115715190446,1,30,1.0218408736349454,1.6154479584469177,0.859176128291281,1130,0.9088495575221239,10.086725663716814,218,1.2889220215219535,0.22615955182543623,47.47453687968771,2.4813095970719847,0.0669960928618939,1027,0.005,0.6270424230820135,0.2460399920359628,False,50.801658215434145,True,False
mixed,0.25,116,selected_mle,10.0,4.957115715190446,1,30,1.0218408736349454,1.6154479584469177,0.859176128291281,1130,0.9088495575221239,10.086725663716814,218,1.2889220215219535,0.22615955182543623,47.47453687968771,2.4813095970719847,0.0669960928618939,1027,0.005,0.6270424230820135,0.2460399920359628,False,50.801658215434145,True,False
mixed,0.25,117,iei_rounded,4.0,4.289428615911568,1,30,0.6226226226226226,2.176851767422697,0.9249067524549397,2837,0.9837856891082128,4.653507225942898,258,1.5884341638482322,0.3562803012561261,112.52175809723173,3.3467461479584384,0.06062655582884807,2791,0.005,0.86471713792131,0.30292182388698335,False,156.19959231378198,False,False
mixed,0.25,117,iei_rounded,4.0,4.289428615911568,1,15,0.6226226226226226,1.7674555451330796,0.9730812375795409,2837,0.9587592527317589,4.653507225942898,258,1.4826059646729934,0.41626418770846507,58.155119123596705,2.560146433880837,0.040512279981322175,2720,0.005,0.8914323545211198,0.2889044923465786,False,72.14618378025807,False,False
mixed,0.25,117,iei_rounded,4.0,4.289428615911568,1,59,0.6226226226226226,2.113602851897996,0.9444953848640965,2837,0.9915403595347198,4.653507225942898,258,1.6586423011823417,0.3227406733360715,198.45008686960804,4.099625508535076,0.07609350381048147,2813,0.005,0.8768358507825748,0.2964700527135644,False,227.6134802452707,False,False
mixed,0.25,117,iei_rounded,4.0,4.289428615911568,3,30,0.6226226226226226,2.502439239267088,0.9245034256472138,2837,0.38209376101515685,4.653507225942898,258,2.0399082860595197,0.2487226831663329,12.465229644654954,1.0335510827291006,0.03704412663479456,1084,0.005,0.4195307891597994,0.41507474814668066,False,22.38079932470464,False,False
mixed,0.25,117,fixed_10,10.0,4.289428615911568,1,30,0.980701754385965,1.5928577446523804,0.8668038049708531,1055,0.8815165876777251,12.513744075829385,258,1.2777312706135096,0.2201836750350029,51.30681168326231,2.8390463628702354,0.05447248359828272,930,0.005,0.7036009029494223,0.2118495750990758,False,34.295854372815484,True,False
mixed,0.25,117,fixed_10,10.0,4.289428615911568,1,15,0.980701754385965,1.2932439184130144,0.9492472958163038,1055,0.8265402843601896,12.513744075829385,258,1.1614003078999087,0.2823154801557367,21.560520710934796,1.9659776122243222,0.034398951457475735,872,0.005,0.7291428626028112,0.1927173228070725,False,11.270748245108734,False,False
mixed,0.25,117,fixed_10,10.0,4.289428615911568,1,59,0.980701754385965,1.3070671272122474,0.7937827302205421,1055,0.9563981042654028,12.513744075829385,258,1.2748587009452006,0.13116819506111482,232.89377401186343,8.797040061035629,0.049198309904524506,1009,0.005,0.9825666692341641,0.08926158259673665,False,12.226247354513362,True,False
mixed,0.25,117,fixed_10,10.0,4.289428615911568,3,30,0.980701754385965,1.7719132831713722,0.8231406031864485,1055,0.4597156398104265,12.513744075829385,258,1.5625994965491063,0.16247503789902912,13.018639290932843,1.7977495462682187,0.03171880005047589,485,0.1,0.7169571476625283,0.20502374561665193,False,1.5569071054396773,False,False
mixed,0.25,117,selected_regression,12.0,4.289428615911568,1,30,1.0192307692307692,1.4650660690149768,0.8887913970717759,899,0.8464961067853171,14.685205784204673,258,1.2457499038407231,0.20767500052970783,48.19039592247063,3.065738249820156,0.056201141629894924,761,0.005,0.7285466800741521,0.18833721811215517,False,22.231292004194074,True,False
mixed,0.25,117,selected_mle,10.0,4.289428615911568,1,30,0.980701754385965,1.5928577446523804,0.8668038049708531,1055,0.8815165876777251,12.513744075829385,258,1.2777312706135096,0.2201836750350029,51.30681168326231,2.8390463628702354,0.05447248359828272,930,0.005,0.7036009029494223,0.2118495750990758,False,34.295854372815484,True,False
mixed,0.25,118,iei_rounded,4.0,4.246407826352797,1,30,0.6034308779011099,1.9370473985289989,0.9110934832255212,2878,0.9808895066018068,4.665045170257123,198,1.586833099893349,0.3437821982149969,206.83519873163226,5.510282719185302,0.06121239807030049,2823,0.005,0.9513461278182807,0.2640987129718757,False,122.8396860702469,False,False
mixed,0.25,118,iei_rounded,4.0,4.246407826352797,1,15,0.6034308779011099,1.7581032994657226,0.9804264396600996,2878,0.9499652536483669,4.665045170257123,198,1.5039640396364913,0.4259756665970207,60.66518248418897,2.5767581807847173,0.04641015704065682,2734,0.005,0.8762231829884312,0.30917019719673045,False,81.39367049497014,False,False
mixed,0.25,118,iei_rounded,4.0,4.246407826352797,1,59,0.6034308779011099,1.9288976133481852,0.9295979919882111,2878,0.9913134120917304,4.665045170257123,198,1.6501734382564148,0.3035935103512941,331.69447274836455,6.49241143111471,0.0750048936094278,2853,0.005,0.9703871149231904,0.2537996125611277,False,179.1935336388924,False,False
mixed,0.25,118,iei_rounded,4.0,4.246407826352797,3,30,0.6034308779011099,2.106253689165481,0.8748299350493749,2878,0.3763029881862405,4.665045170257123,198,2.002412016243076,0.22955117670495367,63.345955744835464,4.7657910758772015,0.015480200820363887,1083,0.33,1.6537294915870164,0.0881589241969306,False,-0.7685608003794187,False,False
mixed,0.25,118,fixed_10,10.0,4.246407826352797,1,30,1.0707236842105263,1.5335070092657876,0.9137722320523214,1084,0.8948339483394834,12.385608856088561,198,1.2471805892662946,0.21281232587218651,41.5295602545161,2.3481843229979256,0.06413251312198287,970,0.005,0.6139261482411488,0.2316377324211386,False,43.81432578580916,True,False
mixed,0.25,118,fixed_10,10.0,4.246407826352797,1,15,1.0707236842105263,1.3109934052809893,0.9494457995468816,1084,0.8302583025830258,12.385608856088561,198,1.1388499901665998,0.2797265744859918,9.418898424756852,0.8833440651370278,0.0465759852394978,900,0.005,0.5713780826118773,0.2523195401575483,False,21.449591773086468,False,False
mixed,0.25,118,fixed_10,10.0,4.246407826352797,1,59,1.0707236842105263,1.4379795665292427,0.8654638160027177,1084,0.9437269372693727,12.385608856088561,198,1.2995172851041428,0.14954729035766262,154.43792708446588,5.698242724075309,0.07248311534245777,1023,0.005,0.7572598832798599,0.16921874628237035,False,46.12967338610633,True,False
mixed,0.25,118,fixed_10,10.0,4.246407826352797,3,30,1.0707236842105263,1.7045306894798167,0.8915247633411556,1084,0.47878228782287824,12.385608856088561,198,1.5481236808916865,0.160037518033453,14.565813558520889,1.9851441452913559,0.023982883396550858,519,0.33,0.8577256210785237,0.1670397828700774,False,0.5602804068007572,False,False
mixed,0.25,118,selected_regression,10.0,4.246407826352797,1,30,1.0707236842105263,1.5335070092657876,0.9137722320523214,1084,0.8948339483394834,12.385608856088561,198,1.2471805892662946,0.21281232587218651,41.5295602545161,2.3481843229979256,0.06413251312198287,970,0.005,0.6139261482411488,0.2316377324211386,False,43.81432578580916,True,False
mixed,0.25,118,selected_mle,8.0,4.246407826352797,1,30,0.8689740420271941,1.6603996327151387,0.901624166828258,1394,0.9282639885222381,9.631276901004304,198,1.3432767671372847,0.24753876203666275,51.05153009775539,2.350460494877559,0.07118687517255218,1294,0.005,0.6356565041337712,0.26890094203716186,False,73.33330776671392,True,True
mixed,0.25,119,iei_rounded,4.0,4.4542922258799695,1,30,0.6309644670050761,2.039039517116373,0.9447637395798228,2841,0.986272439281943,4.294262583597325,192,1.5790130297656422,0.35017544416508717,123.01701584896196,3.4998727287594016,0.07153542698938081,2802,0.005,0.820179637464258,0.3172267279824661,False,172.51449907857932,False,False
mixed,0.25,119,iei_rounded,4.0,4.4542922258799695,1,15,0.6309644670050761,1.7510523520014956,0.96506715687112,2841,0.9598732840549102,4.294262583597325,192,1.4761417284833076,0.4162190715617169,40.53789277034236,1.7561533392558586,0.05257988078110398,2727,0.005,0.7862748895384802,0.3380677237588524,False,98.88069106884723,False,False
mixed,0.25,119,iei_rounded,4.0,4.4542922258799695,1,59,0.6309644670050761,2.1023605546316952,0.9571438456905499,2841,0.9936642027455121,4.294262583597325,192,1.6517146239754137,0.31903441072641747,196.9811860111161,4.078074193134739,0.08753805474424275,2823,0.005,0.8324558695013141,0.3107635070966924,False,250.01944383810587,False,False
mixed,0.25,119,iei_rounded,4.0,4.4542922258799695,3,30,0.6309644670050761,2.2811902483523667,0.9399918553557746,2841,0.3861316437873988,4.294262583597325,192,2.0723539557855855,0.24547378876143688,53.12635205284849,4.095958452846989,0.022151263978207547,1097,0.08,1.5290662852123287,0.13854966584174788,False,0.9195771942095234,False,False
mixed,0.25,119,fixed_10,10.0,4.4542922258799695,1,30,0.9982046678635548,1.570947150526082,0.9109129898116881,1037,0.8939247830279653,11.764705882352942,232,1.223268916657295,0.20896511610241908,23.58706664135791,1.3937685211201694,0.05141540806310557,927,0.005,0.5608037762400602,0.2404983680792772,False,45.74686535793626,False,False
mixed,0.25,119,fixed_10,10.0,4.4542922258799695,1,15,0.9982046678635548,1.3081051197881026,0.94944292441465,1037,0.8254580520732884,11.764705882352942,232,1.1094969318296055,0.27158362211884934,3.984732957706136,0.39171102223361953,0.036853077143080504,856,0.005,0.5642166432230011,0.24046857533554364,False,18.56800184150461,False,False
mixed,0.25,119,fixed_10,10.0,4.4542922258799695,1,59,0.9982046678635548,1.4283358128713495,0.8463312664850748,1037,0.9517839922854388,11.764705882352942,232,1.2667537881010293,0.13993816302010376,149.6441604214161,5.668663406136801,0.05772653000299299,987,0.005,0.751835609618978,0.15822550356274068,False,40.073952965691205,True,False
mixed,0.25,119,fixed_10,10.0,4.4542922258799695,3,30,0.9982046678635548,1.8124854114984221,0.9063489519220918,1037,0.506268081002893,11.764705882352942,232,1.57801453808049,0.16722066575298566,8.110601722051836,1.1097701045991035,0.03619076738198507,525,0.025,0.4185894836446659,0.28190227170911414,False,5.115086195331969,False,False
mixed,0.25,119,selected_regression,10.0,4.4542922258799695,1,30,0.9982046678635548,1.570947150526082,0.9109129898116881,1037,0.8939247830279653,11.764705882352942,232,1.223268916657295,0.20896511610241908,23.58706664135791,1.3937685211201694,0.05141540806310557,927,0.005,0.5608037762400602,0.2404983680792772,False,45.74686535793626,False,False
mixed,0.25,119,selected_mle,8.0,4.4542922258799695,1,30,0.9019354838709678,1.5752353229025498,0.9046938952776632,1331,0.9286250939143501,9.166040570999249,232,1.3028960877229903,0.23432444628617782,40.7188116161498,1.9598410814358527,0.07209903796784567,1236,0.005,0.5770758808173232,0.27189757027447936,False,73.85473595377698,False,False
capped,0.25,100,iei_rounded,1.0,1.2615512173060979,1,30,0.39784172661870504,2.16011987920712,0.963530695940428,5180,0.9911196911196911,2.8102316602316604,51,1.9398596398438475,0.5159666902021243,724.5717334851128,12.102160680077725,0.022298667487038015,5134,0.005,1.6291805962997907,0.14388542259732381,False,44.263570666957094,False,False
capped,0.25,100,iei_rounded,1.0,1.2615512173060979,1,15,0.39784172661870504,2.0914575143235417,0.9874022501004378,5180,0.976061776061776,2.8102316602316604,51,1.8993382760247446,0.6126855206089135,366.0510245428973,9.958830026094322,0.015645164410722168,5056,0.005,1.5998941941915663,0.16157615991756294,False,28.20549587041387,False,False
capped,0.25,100,iei_rounded,1.0,1.2615512173060979,1,59,0.39784172661870504,2.005439820446757,0.9379682963126671,5180,1.0,2.8102316602316604,51,1.9536966896107497,0.4398120950826748,1201.1216715348442,13.641419620118706,0.024925943015110974,5180,0.005,1.6848329184152708,0.11107727896269955,False,42.83800172238989,False,False
capped,0.25,100,iei_rounded,1.0,1.2615512173060979,3,30,0.39784172661870504,2.247039759529059,0.9399921215998605,5180,0.25096525096525096,2.8102316602316604,51,2.241919252438036,0.2718765940870892,100.35432590480343,6.284595969030841,0.01285132038439829,1300,0.405,2.162581838087757,0.020514757945477687,False,-1.9294144356945253,False,False
capped,0.25,100,fixed_10,10.0,1.2615512173060979,1,30,1.4170918367346939,1.663011897171414,0.9216747245066601,1290,0.862015503875969,11.284496124031008,60,1.520361483704237,0.2806387745187914,196.92264058482152,8.723559708044561,0.009046506381539587,1112,0.79,1.4521516244898556,0.026669326023419322,False,-1.3921411276351137,False,False
capped,0.25,100,fixed_10,10.0,1.2615512173060979,1,15,1.4170918367346939,1.488102281097435,0.990437466203641,1290,0.8155038759689922,11.284496124031008,60,1.4905617016388621,0.3851594126479221,104.35974110031972,7.166430612203048,0.0081526868936177,1052,0.795,1.4905617016388621,0.0,False,-2.0000000000004547,False,False
capped,0.25,100,fixed_10,10.0,1.2615512173060979,1,59,1.4170918367346939,1.5116709771798258,0.8891000295003295,1290,0.8922480620155039,11.284496124031008,60,1.5374207983733204,0.20472182871042155,347.7971239506718,10.44514149547012,0.010730453335592083,1151,0.61,1.4430046867724338,0.03168287467198083,False,-0.36630814299769554,False,False
capped,0.25,100,fixed_10,10.0,1.2615512173060979,3,30,1.4170918367346939,1.7456864198599888,0.8743670093842303,1290,0.33798449612403103,11.284496124031008,60,1.5407665637688144,0.1596066633763809,10.835048482482991,1.6246195153124479,0.02486607878612851,436,0.375,0.74609000418307,0.19220592896319894,False,0.8398100529097974,False,False
capped,0.25,100,selected_regression,5.0,1.2615512173060979,1,30,0.879472693032015,1.5868817435429328,0.9661463556168257,1360,0.8705882352941177,10.703676470588235,60,1.5553544480442145,0.2919993328306565,223.58898280454258,9.30275004340948,0.009157066637777489,1184,0.735,1.5148663302248875,0.015984251996383883,False,-1.7741735067538684,True,True
capped,0.25,100,selected_mle,4.0,1.2615512173060979,1,30,0.9790697674418605,1.663011897171414,0.9216747245066601,1290,0.862015503875969,11.284496124031008,60,1.520361483704237,0.2806387745187914,196.92264058482152,8.723559708044561,0.009046506381539587,1112,0.785,1.4521516244898556,0.026669326023419322,False,-1.3921411276351137,True,True
capped,0.25,101,iei_rounded,1.0,1.2754558415247244,1,30,0.3672262946323008,2.052836873535395,0.9855643934399215,5238,0.9919816723940436,2.7701412752959143,58,1.9770753420605143,0.5246966536543203,876.8841793072143,14.345446420629592,0.018170145056842335,5196,0.005,1.7755077039725613,0.0935365325051363,False,17.4992802030265,False,False
capped,0.25,101,iei_rounded,1.0,1.2754558415247244,1,15,0.3672262946323008,2.122514318528973,0.9887271276551489,5238,0.9728904161893852,2.7701412752959143,58,1.9667076991543002,0.6498836574646942,400.4953109641736,10.493928606290043,0.01661419421683341,5096,0.005,1.6901274893500624,0.15180316368114505,False,23.041794289370955,False,False
capped,0.25,101,iei_rounded,1.0,1.2754558415247244,1,59,0.3672262946323008,1.9996993208833511,0.9505901250753566,5238,1.0,2.7701412752959143,58,1.9887765392935197,0.4478389608183635,1374.382760485238,14.658360693145546,0.020277766950260512,5238,0.005,1.809294574663423,0.0743894447624489,False,18.039390827701936,False,False
capped,0.25,101,iei_rounded,1.0,1.2754558415247244,3,30,0.3672262946323008,2.067927129279262,0.9730092878650395,5238,0.23157693776250476,2.7701412752959143,58,2.1545745767619326,0.2514032328965635,106.0872546261941,7.5011964504517605,0.012518590031631804,1213,0.52,2.1545745767619326,0.0,False,-2.0000000000027285,False,False
capped,0.25,101,fixed_10,10.0,1.2754558415247244,1,30,1.436337625178827,1.531768035847881,0.8552556878870163,1183,0.8478444632290786,12.265426880811496,60,1.448304730958819,0.250890236416776,181.2760213814725,8.18697064270671,0.015301735039478292,1003,0.27,1.3623008721787444,0.03288799071857022,False,-1.1124462556426806,False,False
capped,0.25,101,fixed_10,10.0,1.2754558415247244,1,15,1.436337625178827,1.4848368939725791,0.9581774538298918,1183,0.7928994082840237,12.265426880811496,60,1.4279484107746807,0.36783740865367476,70.8114111148654,5.315789230984893,0.015400126415034077,938,0.245,1.3070444132051033,0.05708024544702287,False,-0.9016433248830253,False,False
capped,0.25,101,fixed_10,10.0,1.2754558415247244,1,59,1.436337625178827,1.4070091393503157,0.8573782633552864,1183,0.8884192730346576,12.265426880811496,60,1.4573055846316425,0.173676065552276,328.81257241906843,11.008787542613502,0.016304918880109986,1051,0.275,1.3829985968027132,0.02411132721289199,False,-1.0498329158635897,False,False
capped,0.25,101,fixed_10,10.0,1.2754558415247244,3,30,1.436337625178827,1.5647801868947269,0.7627295478949162,1183,0.3693998309382925,12.265426880811496,60,1.5741873721356558,0.1526532742875497,35.975008727617734,4.748395712789152,0.03527617997250121,437,0.065,1.5741873721356558,0.0,False,-2.0,False,False
capped,0.25,101,selected_regression,4.0,1.2754558415247244,1,30,1.0152155536770922,1.531768035847881,0.8552556878870163,1183,0.8478444632290786,12.265426880811496,60,1.448304730958819,0.250890236416776,181.2760213814725,8.18697064270671,0.015301735039478292,1003,0.265,1.3623008721787444,0.03288799071857022,False,-1.1124462556426806,True,True
capped,0.25,101,selected_mle,5.0,1.2754558415247244,1,30,0.9796334012219959,1.5913167129848256,0.8127022983755149,1247,0.8580593424218124,11.635926222935044,60,1.4867213396989403,0.26179608274723276,209.51789521984776,8.93600670735245,0.01463720328849849,1070,0.255,1.4620133759563316,0.009533759838934551,False,-1.9223878657694513,True,True
capped,0.25,102,iei_rounded,1.0,1.3048301886792453,1,30,0.3873684210526316,2.138844827347111,0.9342677575121389,5324,0.9934259954921112,2.7255822689706988,59,1.9510645184166098,0.518165569585425,795.1845952924559,12.674956305738363,0.022776602976850358,5289,0.005,1.6679203153920283,0.1312975782124355,False,37.43456545569825,False,False
capped,0.25,102,iei_rounded,1.0,1.3048301886792453,1,15,0.3873684210526316,2.1827825001644516,0.9711869783145984,5324,0.9770848985725019,2.7255822689706988,59,1.9203336962703563,0.6268637308749545,365.08508256836484,10.054070514285547,0.01793401700747843,5202,0.005,1.6038034051089405,0.17202092923190282,False,32.29186346391543,False,False
capped,0.25,102,iei_rounded,1.0,1.3048301886792453,1,59,0.3873684210526316,2.046009097414006,0.938088692795199,5324,1.0,2.7255822689706988,59,1.9733597957842637,0.45711754119532166,1177.6038210363213,13.214189973701988,0.02704028728993413,5324,0.005,1.6896326798843897,0.11863510390438291,False,48.28307289435179,False,False
capped,0.25,102,iei_rounded,1.0,1.3048301886792453,3,30,0.3873684210526316,2.193140977973802,0.887375830284278,5324,0.24154770848985724,2.7255822689706988,59,2.1849558358109658,0.26061337527815387,97.39671175431911,6.095801085852701,0.017163917245852645,1286,0.175,2.028829297505774,0.04016085305681037,False,-1.7240981315626414,False,False
capped,0.25,102,fixed_10,10.0,1.3048301886792453,1,30,1.343342036553525,1.4613680427486877,0.9496490233978141,1261,0.8604282315622522,11.507533703409992,60,1.4702655413705603,0.26049680769228434,191.5863623745598,8.680119754594855,0.011284669465143282,1085,0.62,1.4223573700427237,0.018412350889121104,False,-1.7031430455299414,False,False
capped,0.25,102,fixed_10,10.0,1.3048301886792453,1,15,1.343342036553525,1.573199247636937,0.9391519367226078,1261,0.8033306899286281,11.507533703409992,60,1.4597085179617633,0.37842782078951787,84.2472399519643,6.2002309733665655,0.010341733677420306,1013,0.675,1.4356751033115105,0.011390764692913868,False,-1.9534139797419812,False,False
capped,0.25,102,fixed_10,10.0,1.3048301886792453,1,59,1.343342036553525,1.4578740538037356,0.916378124171375,1261,0.8977002379064235,11.507533703409992,60,1.48236178473506,0.18290129863814536,350.5960762439269,10.85340058202364,0.011975955136252159,1132,0.565,1.4209583703447775,0.02010510530763441,False,-1.305541161455949,False,False
capped,0.25,102,fixed_10,10.0,1.3048301886792453,3,30,1.343342036553525,1.4654436624999216,0.9068276049030999,1261,0.3600317208564631,11.507533703409992,60,1.509155702843513,0.15316716851980322,15.101450810250338,2.2401301853499107,0.021990440518122822,454,0.515,0.9849471785187134,0.1262637344597403,False,-0.6925012100682579,False,False
capped,0.25,102,selected_regression,4.0,1.3048301886792453,1,30,1.0031720856463124,1.4613680427486877,0.9496490233978141,1261,0.8604282315622522,11.507533703409992,60,1.4702655413705603,0.26049680769228434,191.5863623745598,8.680119754594855,0.011284669465143282,1085,0.585,1.4223573700427237,0.018412350889121104,False,-1.7031430455299414,True,True
capped,0.25,102,selected_mle,4.0,1.3048301886792453,1,30,1.0031720856463124,1.4613680427486877,0.9496490233978141,1261,0.8604282315622522,11.507533703409992,60,1.4702655413705603,0.26049680769228434,191.5863623745598,8.680119754594855,0.011284669465143282,1085,0.585,1.4223573700427237,0.018412350889121104,False,-1.7031430455299414,True,True
capped,0.25,103,iei_rounded,1.0,1.3013626439810284,1,30,0.3581254371648403,2.0608812127390315,0.9529011086909279,5331,0.9924967173138248,2.722753704745826,56,1.9791741654506279,0.5292997812589593,860.7223088817767,13.51653845196885,0.02175530844196405,5291,0.005,1.7378491581392705,0.11258306282724585,False,26.266716041367545,False,False
capped,0.25,103,iei_rounded,1.0,1.3013626439810284,1,15,0.3581254371648403,2.166749588273851,0.9816438796714867,5331,0.9744888388670043,2.722753704745826,56,1.9644871524861411,0.6535522297921172,369.5989970348469,9.733037004115193,0.019653303782000253,5195,0.005,1.6320446584533954,0.183157880182277,False,34.795156589381804,False,False
capped,0.25,103,iei_rounded,1.0,1.3013626439810284,1,59,0.3581254371648403,1.9760169331022248,0.943445750025576,5331,1.0,2.722753704745826,56,1.9933916428047507,0.4577197578758738,1317.6802041228834,14.254387578629109,0.024378298223334927,5331,0.005,1.7723686857317138,0.0924142589388858,False,28.505041625059675,False,False
capped,0.25,103,iei_rounded,1.0,1.3013626439810284,3,30,0.3581254371648403,2.061226308747117,0.9128611186706048,5331,0.23297692740574,2.722753704745826,56,2.211011670827782,0.258632438637696,127.1462122351293,8.309832250355456,0.018732075749490873,1242,0.12,2.211011670827782,0.0,False,-2.0000000000009095,False,False
capped,0.25,103,fixed_10,10.0,1.3013626439810284,1,30,1.5649263721552877,1.5455796493697225,0.8541887203576842,1232,0.8555194805194806,11.781655844155845,60,1.4495231879414003,0.2507674685633503,192.8745856031286,8.720557952907097,0.013280721736255385,1054,0.425,1.4188740260200958,0.011691880806693325,False,-1.8813169997347359,False,False
capped,0.25,103,fixed_10,10.0,1.3013626439810284,1,15,1.5649263721552877,1.4533420813337496,0.9444652447162238,1232,0.8011363636363636,11.781655844155845,60,1.4232752761351701,0.35824943039525947,92.2308434327311,6.895626639778741,0.011305284823603712,987,0.655,1.4232752761351701,0.0,False,-2.0,False,False
capped,0.25,103,fixed_10,10.0,1.3013626439810284,1,59,1.5649263721552877,1.4259105591819559,0.8562013488191288,1232,0.8969155844155844,11.781655844155845,60,1.4579936976479058,0.1746036447577814,341.32912696160236,11.309465938367149,0.01390379851307122,1105,0.4,1.4109696702388492,0.015235421247628759,False,-1.599160605222096,False,False
capped,0.25,103,fixed_10,10.0,1.3013626439810284,3,30,1.5649263721552877,1.571565054692822,0.7593968717308507,1232,0.3530844155844156,11.781655844155845,60,1.4128290728231807,0.14074037886937046,11.49542868827481,1.776243297456207,0.036539112823111286,435,0.065,0.63618022958678,0.18545562527722503,False,0.7489463528904707,False,False
capped,0.25,103,selected_regression,5.0,1.3013626439810284,1,30,0.9903660886319846,1.5073890226930744,0.8733837240757665,1303,0.8656945510360706,11.139677666922486,60,1.4791193458766418,0.2579749528240385,224.42214260234283,9.599913449372734,0.011625080516932895,1128,0.495,1.4791193458766418,0.0,False,-2.0,True,True
capped,0.25,103,selected_mle,5.0,1.3013626439810284,1,30,0.9903660886319846,1.5073890226930744,0.8733837240757665,1303,0.8656945510360706,11.139677666922486,60,1.4791193458766418,0.2579749528240385,224.42214260234283,9.599913449372734,0.011625080516932895,1128,0.495,1.4791193458766418,0.0,False,-2.0,True,True
capped,0.25,104,iei_rounded,1.0,1.22507677327541,1,30,0.3765090543259557,1.982797554200303,0.9804809024326463,4962,0.9901249496170899,2.9324869004433696,59,1.9454645387842877,0.495945517562448,916.6411640995173,15.463035634424532,0.012875432196995829,4913,0.005,1.8165764650597591,0.05864020702216575,False,5.768174755352447,False,False
capped,0.25,104,iei_rounded,1.0,1.22507677327541,1,15,0.3765090543259557,2.020427797617875,0.9923034482376692,4962,0.9691656590084643,2.9324869004433696,59,1.9370022115127217,0.6222751909628759,446.30984351487854,11.972584128553953,0.011608367382349827,4809,0.005,1.7657059200217822,0.09250124461707383,False,7.2712076243387855,False,False
capped,0.25,104,iei_rounded,1.0,1.22507677327541,1,59,0.3765090543259557,2.007450848292689,0.9605112796757657,4962,1.0,2.9324869004433696,59,1.9538382265936978,0.41704311139208194,1411.3279215561065,16.264963705097756,0.014461020442306016,4962,0.005,1.8338127901261647,0.04848917134811015,False,6.846028866541019,False,False
capped,0.25,104,iei_rounded,1.0,1.22507677327541,3,30,0.3765090543259557,1.9822189643383727,0.9627724806308369,4962,0.2370012091898428,2.9324869004433696,59,2.036236765846125,0.23150483049338372,89.59490733460518,6.553791651268644,0.008490907810509873,1176,0.94,2.036236765846125,0.0,False,-1.999999999998181,False,False
capped,0.25,104,fixed_10,10.0,1.22507677327541,1,30,1.5585331452750353,1.683685234967841,0.9032374275425057,1200,0.8508333333333333,12.125833333333333,60,1.4628676354884416,0.2653575010333612,150.8996449297223,7.425078215953902,0.020486488136613135,1021,0.08,1.2685724389856445,0.07507690879211282,False,2.5704824371932773,False,False
capped,0.25,104,fixed_10,10.0,1.22507677327541,1,15,1.5585331452750353,1.3967136943096061,0.9447871562931885,1200,0.8041666666666667,12.125833333333333,60,1.4087588931280681,0.35323742979255734,87.49914691118236,6.27937663133843,0.017366434061478087,965,0.175,1.3659783700170236,0.02004279121115146,False,-1.8578960448594444,False,False
capped,0.25,104,fixed_10,10.0,1.22507677327541,1,59,1.5585331452750353,1.5256642571395036,0.9001649690059447,1200,0.8791666666666667,12.125833333333333,60,1.497384303027383,0.19881151366961458,269.5198774406883,8.74156233194261,0.027650936142032123,1055,0.01,1.2675342898710174,0.07664135557582757,False,6.882289271582522,False,False
capped,0.25,104,fixed_10,10.0,1.22507677327541,3,30,1.5585331452750353,1.8012939323142922,0.8542862489301688,1200,0.3566666666666667,12.125833333333333,60,1.567147703632715,0.16088849714688364,16.132499894326877,2.4372465335678335,0.02493148559024816,428,0.395,1.3642895263617856,0.04907846702695852,False,-1.8145203990980008,False,False
capped,0.25,104,selected_regression,4.0,1.22507677327541,1,30,1.0175,1.683685234967841,0.9032374275425057,1200,0.8508333333333333,12.125833333333333,60,1.4628676354884416,0.2653575010333612,150.8996449297223,7.425078215953902,0.020486488136613135,1021,0.09,1.2685724389856445,0.07507690879211282,False,2.5704824371932773,True,True
capped,0.25,104,selected_mle,5.0,1.22507677327541,1,30,0.9726996966632963,1.6844335250215272,0.9124876936415907,1265,0.8592885375494071,11.502766798418973,60,1.502301004510036,0.27865158365174647,171.49146079548228,7.90225497520419,0.02210816990236908,1087,0.02,1.3176999295306848,0.07223519255848976,False,2.349084881589988,True,True
capped,0.25,105,iei_rounded,1.0,1.278061224489796,1,30,0.3753897817222355,2.1715908264825967,0.9525313095905893,5260,0.9929657794676806,2.7652091254752853,57,1.9387291550754053,0.5142424608390703,747.1569684535566,12.340851202182197,0.024343648442736177,5223,0.005,1.6243552356187334,0.145592656002836,False,46.20394058745296,False,False
capped,0.25,105,iei_rounded,1.0,1.278061224489796,1,15,0.3753897817222355,2.1396227203625946,0.9888456890935459,5260,0.9758555133079848,2.7652091254752853,57,1.9076313752483376,0.6219560954322141,337.7356529962869,9.221882256094096,0.019311216958715405,5133,0.005,1.5531883384374365,0.19248935913779305,False,40.628914798766345,False,False
capped,0.25,105,iei_rounded,1.0,1.278061224489796,1,59,0.3753897817222355,2.069483061309038,0.9395352498959442,5260,1.0,2.7652091254752853,57,1.9602579107736116,0.4488470971043599,1162.5889557060932,13.02447295903327,0.02842144199571739,5260,0.005,1.661060890688942,0.1245909461039335,False,53.653135354117694,False,False
capped,0.25,105,iei_rounded,1.0,1.278061224489796,3,30,0.3753897817222355,2.265089151408307,0.9223764315037407,5260,0.2511406844106464,2.7652091254752853,57,2.2502881225191604,0.2703153098066954,117.45206133176197,7.390203293790833,0.008675334137148383,1321,0.825,2.2502881225191604,0.0,False,-1.9999999999990905,False,False
capped,0.25,105,fixed_10,10.0,1.278061224489796,1,30,1.4938101788170564,1.4599877959007324,0.9588919061358496,1217,0.8520953163516845,11.95152013147083,60,1.4584960169936796,0.25321886670675553,193.671675024501,9.033412099377673,0.013516338678825679,1037,0.425,1.3978275600726624,0.023244908632031866,False,-1.5439531572546912,False,False
capped,0.25,105,fixed_10,10.0,1.278061224489796,1,15,1.4938101788170564,1.511438355774869,0.9586676704821002,1217,0.7912900575184881,11.95152013147083,60,1.4612496750946686,0.3807927740036333,76.3367889630068,5.404504646432398,0.01527595232706025,963,0.27,1.3116693907349575,0.07128735325893784,False,-0.287112429561148,False,False
capped,0.25,105,fixed_10,10.0,1.278061224489796,1,59,1.4938101788170564,1.4620652087932564,0.9308780893614382,1217,0.8915365653245686,11.95152013147083,60,1.469208292574356,0.17880629346824878,333.0072394616067,11.265455513673297,0.015515034893629265,1085,0.205,1.3928072696317926,0.024911177507950185,False,-0.9666934609258533,False,False
capped,0.25,105,fixed_10,10.0,1.278061224489796,3,30,1.4938101788170564,1.436661769447441,0.9224266491955868,1217,0.35168447000821695,11.95152013147083,60,1.4852512112157523,0.14392627292483706,26.163282617082487,4.041793962448037,0.02069492619737756,428,0.53,1.4852512112157523,0.0,False,-2.0,False,False
capped,0.25,105,selected_regression,5.0,1.278061224489796,1,30,0.9752475247524752,1.5206909620781432,0.9251098553394124,1285,0.8614785992217899,11.319066147859923,60,1.5010454946550578,0.2666783204978802,220.0244190906755,9.77933668052741,0.013123070629497802,1107,0.42,1.470315953431453,0.011915216213239077,False,-1.8763042617601968,True,True
capped,0.25,105,selected_mle,5.0,1.278061224489796,1,30,0.9752475247524752,1.5206909620781432,0.9251098553394124,1285,0.8614785992217899,11.319066147859923,60,1.5010454946550578,0.2666783204978802,220.0244190906755,9.77933668052741,0.013123070629497802,1107,0.42,1.470315953431453,0.011915216213239077,False,-1.8763042617601968,True,True
capped,0.25,106,iei_rounded,1.0,1.2936035560913133,1,30,0.3520799442249593,2.176860319255174,0.9683773172946876,5364,0.9919835943325876,2.7069351230425056,56,1.98371391954697,0.5395219597125882,794.3474052774177,13.251512211186638,0.019918119675036428,5321,0.005,1.7246013154805755,0.12133926217966298,False,30.585236299051758,False,False
capped,0.25,106,iei_rounded,1.0,1.2936035560913133,1,15,0.3520799442249593,2.087509500211854,0.9834954639712665,5364,0.9780014914243103,2.7069351230425056,56,1.947601034265153,0.6340750378908917,443.842751718767,11.539007843672904,0.014017035124817445,5246,0.005,1.72063585184897,0.12343703927867687,False,15.601158504665364,False,False
capped,0.25,106,iei_rounded,1.0,1.2936035560913133,1,59,0.3520799442249593,2.0236958420853135,0.9544706372163172,5364,1.0,2.7069351230425056,56,1.9948727117415626,0.4611176072868045,1297.5678343276306,13.967959619194321,0.021947079603142905,5364,0.005,1.7738275981365585,0.0924905949695578,False,28.661061073478777,False,False
capped,0.25,106,iei_rounded,1.0,1.2936035560913133,3,30,0.3520799442249593,2.2547062354044423,0.9466936785712845,5364,0.23061148396718867,2.7069351230425056,56,2.189210095535296,0.26535157744212046,76.20382449974971,5.206693134696795,0.013195352557479112,1237,0.32,1.8077748232018567,0.09834077458755787,False,-0.43910073726965493,False,False
capped,0.25,106,fixed_10,10.0,1.2936035560913133,1,30,1.5117801047120418,1.5190719819265515,0.8602146704182236,1247,0.859663191659984,11.643945469125903,60,1.4644570339632406,0.25521099174595474,201.45323018016268,9.573379665494071,0.017027015179502447,1072,0.145,1.4602232657426168,0.0016204673649301117,False,-1.997702438206943,False,False
capped,0.25,106,fixed_10,10.0,1.2936035560913133,1,15,1.5117801047120418,1.4718463957768082,0.9498501424649343,1247,0.7979149959903769,11.643945469125903,60,1.4670748017229922,0.3754586341887005,97.10346883509543,6.997220129669546,0.018665647439534916,995,0.13,1.4670748017229922,0.0,False,-1.9999999999995453,False,False
capped,0.25,106,fixed_10,10.0,1.2936035560913133,1,59,1.5117801047120418,1.4484446206750703,0.8579624408624802,1247,0.8989574979951884,11.643945469125903,60,1.4719318599754612,0.1755620496915667,370.35058249579595,11.6773767651717,0.01528401738944729,1121,0.26,1.4623185466558486,0.00312385611910716,False,-1.9830257729645382,False,False
capped,0.25,106,fixed_10,10.0,1.2936035560913133,3,30,1.5117801047120418,1.5163958650659164,0.7589655138763818,1247,0.3408179631114675,11.643945469125903,60,1.3719955718279255,0.13707138676722114,7.081421012183898,1.2242977440744163,0.02672770155377624,425,0.385,0.5845610172289206,0.1872804754475095,False,0.7676752546281023,False,False
capped,0.25,106,selected_regression,4.0,1.2936035560913133,1,30,0.9879711307137129,1.5190719819265515,0.8602146704182236,1247,0.859663191659984,11.643945469125903,60,1.4644570339632406,0.25521099174595474,201.45323018016268,9.573379665494071,0.017027015179502447,1072,0.17,1.4602232657426168,0.0016204673649301117,False,-1.997702438206943,True,True
capped,0.25,106,selected_mle,4.0,1.2936035560913133,1,30,0.9879711307137129,1.5190719819265515,0.8602146704182236,1247,0.859663191659984,11.643945469125903,60,1.4644570339632406,0.25521099174595474,201.45323018016268,9.573379665494071,0.017027015179502447,1072,0.17,1.4602232657426168,0.0016204673649301117,False,-1.997702438206943,True,True
capped,0.25,107,iei_rounded,1.0,1.2918264531167758,1,30,0.3788300835654596,2.0793599302253427,0.969015053288394,5326,0.9915508824633872,2.7326323695080736,55,1.9804278671745248,0.5350466341109221,811.1156677570895,12.762789918829858,0.02196844802454534,5281,0.005,1.7090281215522314,0.1271125756589842,False,33.49976103969493,False,False
capped,0.25,107,iei_rounded,1.0,1.2918264531167758,1,15,0.3788300835654596,2.1615095335354617,0.9814816927793134,5326,0.9752159218926023,2.7326323695080736,55,1.9570515917387912,0.6495433924289742,364.62248184214025,9.520434499058059,0.018379790641570026,5194,0.005,1.625047684463011,0.1825251213114837,False,34.85184150936766,False,False
capped,0.25,107,iei_rounded,1.0,1.2918264531167758,1,59,0.3788300835654596,2.0064865412808013,0.9436529148561837,5326,1.0,2.7326323695080736,55,1.990205476954971,0.4556235295870291,1317.5400149861173,14.204169354766147,0.023734838359259713,5326,0.005,1.7648701014354589,0.0941353295065148,False,29.730007159098022,False,False
capped,0.25,107,iei_rounded,1.0,1.2918264531167758,3,30,0.3788300835654596,2.0930613699478973,0.9427098425864278,5326,0.23469770935035675,2.7326323695080736,55,2.2423909263415833,0.2672127846795648,117.77608184609393,7.529102257588962,0.01212920921762728,1250,0.545,2.2423909263415833,0.0,False,-2.0000000000027285,False,False
capped,0.25,107,fixed_10,10.0,1.2918264531167758,1,30,1.4817708333333333,1.4693558053009268,0.9216149673797784,1255,0.8629482071713147,11.596812749003984,60,1.4629132084108836,0.25006345679126196,222.37265993424685,10.159274113035181,0.010631346546730036,1083,0.62,1.4629132084108836,0.0,False,-1.9999999999990905,False,False
capped,0.25,107,fixed_10,10.0,1.2918264531167758,1,15,1.4817708333333333,1.4897095123232993,0.9746891110768573,1255,0.8007968127490039,11.596812749003984,60,1.4724180685276185,0.3782687618677124,97.0105402315648,7.05234270912177,0.011209671707504643,1005,0.56,1.4724180685276185,0.0,False,-2.0000000000004547,False,False
capped,0.25,107,fixed_10,10.0,1.2918264531167758,1,59,1.4817708333333333,1.4775631501377626,0.9104589423440821,1255,0.8924302788844621,11.596812749003984,60,1.49620840595035,0.1905705302470695,330.8100507115022,10.836457506058638,0.012911639445440715,1120,0.445,1.4254426433962561,0.023313729242545763,False,-1.092069808796623,False,False
capped,0.25,107,fixed_10,10.0,1.2918264531167758,3,30,1.4817708333333333,1.449193157486194,0.8563573606310937,1255,0.34820717131474105,11.596812749003984,60,1.3834058097260833,0.13466213481569417,15.754185113410633,2.5664688361912065,0.020460129441627783,437,0.68,1.1672952094975046,0.051374711667969815,False,-1.78083421086194,False,False
capped,0.25,107,selected_regression,4.0,1.2918264531167758,1,30,0.9737051792828685,1.4693558053009268,0.9216149673797784,1255,0.8629482071713147,11.596812749003984,60,1.4629132084108836,0.25006345679126196,222.37265993424685,10.159274113035181,0.010631346546730036,1083,0.695,1.4629132084108836,0.0,False,-1.9999999999990905,True,True
capped,0.25,107,selected_mle,4.0,1.2918264531167758,1,30,0.9737051792828685,1.4693558053009268,0.9216149673797784,1255,0.8629482071713147,11.596812749003984,60,1.4629132084108836,0.25006345679126196,222.37265993424685,10.159274113035181,0.010631346546730036,1083,0.695,1.4629132084108836,0.0,False,-1.9999999999990905,True,True
capped,0.25,108,iei_rounded,1.0,1.3264841913715975,1,30,0.34181169120928157,2.187532702167492,0.9666568418817612,5515,0.9918404351767905,2.6344514959202177,55,2.0320285060357737,0.5633625104079494,888.1704214818955,13.752579660785715,0.016424016629959848,5470,0.005,1.825173200123024,0.0980695711853282,False,18.77821422789384,False,False
capped,0.25,108,iei_rounded,1.0,1.3264841913715975,1,15,0.34181169120928157,2.1462736796113218,0.9870642282161524,5515,0.9776971894832276,2.6344514959202177,55,2.0094004319040177,0.6720981195081153,459.38448421442973,11.585701556080636,0.012944628863978291,5392,0.005,1.7853372764695818,0.1239262499413298,False,15.013448121229885,False,False
capped,0.25,108,iei_rounded,1.0,1.3264841913715975,1,59,0.34181169120928157,2.0419519113121494,0.9443269370400207,5515,1.0,2.6344514959202177,55,2.0358452048018894,0.4773677278127093,1445.348518613542,14.764620972706243,0.017045980443650688,5515,0.005,1.8782472409255104,0.0665776056646228,False,13.714467067726218,False,False
capped,0.25,108,iei_rounded,1.0,1.3264841913715975,3,30,0.34181169120928157,2.2422287597269595,0.9419417313579974,5515,0.21740707162284678,2.6344514959202177,55,2.220825775989111,0.2658770101883422,99.67344263372844,6.682026659568916,0.015925269215949944,1199,0.255,2.220825775989111,0.0,False,-2.0,False,False
capped,0.25,108,fixed_10,10.0,1.3264841913715975,1,30,1.4452466907340553,1.4943101269796848,0.9053406193765541,1340,0.8753731343283582,10.842537313432835,60,1.4580827436091308,0.25152558813415693,225.95672757345386,9.84721901429892,0.006262885656688089,1173,0.985,1.4580827436091308,0.0,False,-2.0,False,False
capped,0.25,108,fixed_10,10.0,1.3264841913715975,1,15,1.4452466907340553,1.423351234844035,0.9621426693405697,1340,0.817910447761194,10.842537313432835,60,1.4424755807111556,0.36328985543028014,110.73678839331134,7.507130595893518,0.00822707460590455,1096,0.8,1.4424755807111556,0.0,False,-2.0,False,False
capped,0.25,108,fixed_10,10.0,1.3264841913715975,1,59,1.4452466907340553,1.5605125186722697,0.9104950942515015,1340,0.9044776119402985,10.842537313432835,60,1.4954370206537302,0.1947276562457952,330.16240806359144,10.685304519767087,0.014330262348483003,1212,0.315,1.368554345933526,0.04195661428283766,False,1.143998112051122,False,False
capped,0.25,108,fixed_10,10.0,1.3264841913715975,3,30,1.4452466907340553,1.5062017204121474,0.8348275108812726,1340,0.367910447761194,10.842537313432835,60,1.4779156469431936,0.14476816084736271,25.58286675137179,3.5696491517320563,0.016458938558400693,493,0.805,1.4779156469431936,0.0,False,-1.9999999999990905,False,False
capped,0.25,108,selected_regression,4.0,1.3264841913715975,1,30,0.9970149253731343,1.4943101269796848,0.9053406193765541,1340,0.8753731343283582,10.842537313432835,60,1.4580827436091308,0.25152558813415693,225.95672757345386,9.84721901429892,0.006262885656688089,1173,0.98,1.4580827436091308,0.0,False,-2.0,True,True
capped,0.25,108,selected_mle,4.0,1.3264841913715975,1,30,0.9970149253731343,1.4943101269796848,0.9053406193765541,1340,0.8753731343283582,10.842537313432835,60,1.4580827436091308,0.25152558813415693,225.95672757345386,9.84721901429892,0.006262885656688089,1173,0.98,1.4580827436091308,0.0,False,-2.0,True,True
capped,0.25,109,iei_rounded,1.0,1.2746261928018634,1,30,0.3638737241870401,2.171776056196825,0.9372380887354842,5229,0.9904379422451711,2.7752916427615224,57,1.9820405714818623,0.5400667287158727,757.962976927774,12.542834883047258,0.022965545636709495,5179,0.005,1.696236873876176,0.13416520308977478,False,36.481899123826224,False,False
capped,0.25,109,iei_rounded,1.0,1.2746261928018634,1,15,0.3638737241870401,2.0504250467469523,0.9806838759747545,5229,0.9776247848537005,2.7752916427615224,57,1.9401796706103749,0.6298280892520192,430.2949173530808,11.048376966033311,0.01619992943306725,5112,0.005,1.693710493962257,0.13397042970115977,False,18.28875058077938,False,False
capped,0.25,109,iei_rounded,1.0,1.2746261928018634,1,59,0.3638737241870401,1.927661588776844,0.9165596583811574,5229,1.0,2.7752916427615224,57,1.9858511149139222,0.44679112291233136,1363.3115642356988,13.970890207935438,0.02347587400390605,5229,0.005,1.7800747248688584,0.08551901447243349,False,24.198118491147397,False,False
capped,0.25,109,iei_rounded,1.0,1.2746261928018634,3,30,0.3638737241870401,2.2315815303500304,0.8914409464441991,5229,0.23235800344234078,2.7752916427615224,57,2.2338631601450576,0.2699424431659341,94.94607853396636,6.229524664092624,0.012450204241077845,1215,0.51,2.2338631601450576,0.0,False,-2.0,False,False
capped,0.25,109,fixed_10,10.0,1.2746261928018634,1,30,1.4496350364963504,1.4655415114655477,0.938819710742163,1203,0.8503740648379052,12.063175394846217,60,1.4653722036475845,0.2538451985742126,198.92130786898522,9.05170109851807,0.014734759644504991,1023,0.29,1.4470480846715703,0.007020664133550885,False,-1.958958079934746,False,False
capped,0.25,109,fixed_10,10.0,1.2746261928018634,1,15,1.4496350364963504,1.5118597760610932,0.9725372914134038,1203,0.7913549459684123,12.063175394846217,60,1.466982979473011,0.3818015065724978,78.8278887735259,5.700524687397208,0.015081505664247263,952,0.295,1.3844998055576985,0.03925650168408613,False,-1.4853876562460755,False,False
capped,0.25,109,fixed_10,10.0,1.2746261928018634,1,59,1.4496350364963504,1.449023185976864,0.9114184394962592,1203,0.8861180382377389,12.063175394846217,60,1.483456506193443,0.18559703238244063,316.87791760088305,10.95182316381907,0.012880235144184016,1066,0.58,1.4015090907654781,0.026881611587006547,False,-0.8375549703769138,False,False
capped,0.25,109,fixed_10,10.0,1.2746261928018634,3,30,1.4496350364963504,1.4548896185164324,0.8872278701828122,1203,0.3566084788029925,12.063175394846217,60,1.5142978446045188,0.14692660478712344,28.781758735306337,4.240633835639717,0.027928528420415932,429,0.235,1.5142978446045188,0.0,False,-2.0000000000009095,False,False
capped,0.25,109,selected_regression,96.0,1.2746261928018634,1,30,0.9788583509513742,1.4655415114655477,0.938819710742163,1203,0.8503740648379052,12.063175394846217,60,1.4653722036475845,0.2538451985742126,198.92130786898522,9.05170109851807,0.014734759644504991,1023,0.345,1.4470480846715703,0.007020664133550885,False,-1.958958079934746,True,True
capped,0.25,109,selected_mle,96.0,1.2746261928018634,1,30,0.9788583509513742,1.4655415114655477,0.938819710742163,1203,0.8503740648379052,12.063175394846217,60,1.4653722036475845,0.2538451985742126,198.92130786898522,9.05170109851807,0.014734759644504991,1023,0.345,1.4470480846715703,0.007020664133550885,False,-1.958958079934746,True,True
capped,0.25,110,iei_rounded,1.0,1.282333558001947,1,30,0.37707247749881573,2.1871628345710903,0.9462063941401949,5244,0.9914187643020596,2.7698321891685738,59,1.9661252869113444,0.528426808176689,774.6405129052123,12.648223097692792,0.019918202266329565,5199,0.005,1.6926870379500474,0.12739391423250637,False,33.824033511136804,False,False
capped,0.25,110,iei_rounded,1.0,1.282333558001947,1,15,0.37707247749881573,2.1038783447795377,0.990636694605087,5244,0.9765446224256293,2.7698321891685738,59,1.9311743827768293,0.6287210548759585,396.7596543484721,10.616943825643776,0.014259227449504364,5121,0.005,1.6634256474700286,0.14541059901614087,False,22.07786312434473,False,False
capped,0.25,110,iei_rounded,1.0,1.282333558001947,1,59,0.37707247749881573,1.9764143053414571,0.9354984729257623,5244,1.0,2.7698321891685738,59,1.9770392085669162,0.4479020030845656,1291.3765573270002,13.80674557903856,0.02189876277686198,5244,0.005,1.7490060526241769,0.09469292078582658,False,30.332156758686324,False,False
capped,0.25,110,iei_rounded,1.0,1.282333558001947,3,30,0.37707247749881573,2.2740683847354877,0.91090095857699,5244,0.2410373760488177,2.7698321891685738,59,2.2318268232048784,0.26931027285011633,99.73308438697475,6.311797066163096,0.012227602712851504,1264,0.45,2.2135965558478468,0.004706622504492309,False,-1.996347624968621,False,False
capped,0.25,110,fixed_10,10.0,1.282333558001947,1,30,1.5343839541547277,1.4673376491613508,0.9177517981594742,1172,0.8523890784982935,12.393344709897612,60,1.4196873145878488,0.23889352920389473,185.57040978553297,9.012791760558551,0.00667174752063926,999,0.975,1.4196873145878488,0.0,False,-2.0000000000009095,False,False
capped,0.25,110,fixed_10,10.0,1.282333558001947,1,15,1.5343839541547277,1.5023141474682626,0.9663379788379955,1172,0.7832764505119454,12.393344709897612,60,1.432737761189868,0.3677056478965165,74.06607335417623,5.670233224900237,0.009254105122792122,918,0.81,1.3870042506093634,0.021553226464551167,False,-1.8462453718666438,False,False
capped,0.25,110,fixed_10,10.0,1.282333558001947,1,59,1.5343839541547277,1.478538088791743,0.8992827514325186,1172,0.8848122866894198,12.393344709897612,60,1.4536592822688323,0.1759655982465737,303.6093651231285,10.100815959116984,0.014961144846437291,1037,0.35,1.366562630758666,0.02824427549361963,False,-0.712024512953576,False,False
capped,0.25,110,fixed_10,10.0,1.282333558001947,3,30,1.5343839541547277,1.4956034720172644,0.8582917809711201,1172,0.37457337883959047,12.393344709897612,60,1.4449373260976497,0.14095467537348977,20.83202955221739,3.2684896433453337,0.01609876094609053,439,0.86,1.4449373260976497,0.0,False,-2.0,False,False
capped,0.25,110,selected_regression,4.0,1.282333558001947,1,30,1.0298634812286689,1.4673376491613508,0.9177517981594742,1172,0.8523890784982935,12.393344709897612,60,1.4196873145878488,0.23889352920389473,185.57040978553297,9.012791760558551,0.00667174752063926,999,0.975,1.4196873145878488,0.0,False,-2.0000000000009095,True,True
capped,0.25,110,selected_mle,5.0,1.282333558001947,1,30,0.9551148225469729,1.5203830657617996,0.9141180429755879,1244,0.8617363344051447,11.67604501607717,60,1.462829474510082,0.25383534548315734,204.49713854268535,9.300117811192068,0.00933164708730283,1072,0.82,1.462829474510082,0.0,False,-2.0,True,True
capped,0.25,111,iei_rounded,1.0,1.2619029766814127,1,30,0.37943432406519656,2.1595073130545455,0.9539595783711313,5168,0.9905185758513931,2.812113003095975,55,1.9642739900251147,0.5237298335348801,796.2216045261273,13.118314301591118,0.019888485344972118,5119,0.005,1.7141084519958898,0.11616229994805186,False,27.658407959506803,False,False
capped,0.25,111,iei_rounded,1.0,1.2619029766814127,1,15,0.37943432406519656,2.07934248279626,0.9872643710495854,5168,0.9748452012383901,2.812113003095975,55,1.9330689632019098,0.6274384566500879,409.1135941594367,10.903301619881196,0.014865833679868268,5038,0.005,1.6829171113879615,0.13574362427409303,False,18.67489491703418,False,False
capped,0.25,111,iei_rounded,1.0,1.2619029766814127,1,59,0.37943432406519656,1.9460016500160482,0.9286249209519842,5168,1.0,2.812113003095975,55,1.971655499170181,0.43944258968434735,1331.3989099133948,14.49811789963831,0.021208596925927248,5168,0.005,1.771706917846745,0.08245447714019771,False,22.771863791323995,False,False
capped,0.25,111,iei_rounded,1.0,1.2619029766814127,3,30,0.37943432406519656,2.2336070821355487,0.9224205710057256,5168,0.23703560371517027,2.812113003095975,55,2.1783497956050457,0.259533786847272,91.62943614674667,6.0710100420441595,0.007949969926349776,1225,0.89,2.0964373142486075,0.021043727969536876,False,-1.927156802904392,False,False
capped,0.25,111,fixed_10,10.0,1.2619029766814127,1,30,1.5555555555555556,1.448215245362844,0.9286444853450979,1196,0.8520066889632107,12.15133779264214,60,1.419748256796309,0.24297927688948745,172.83632640293476,8.2529512586052,0.024451123228888427,1019,0.015,1.291623101773516,0.0486506894763861,False,0.009469669413192605,False,False
capped,0.25,111,fixed_10,10.0,1.2619029766814127,1,15,1.5555555555555556,1.5602289692743252,0.9535724758559179,1196,0.7842809364548495,12.15133779264214,60,1.4287099794198692,0.3773542361625506,50.67548682464045,3.6713898916592993,0.02648865513319787,938,0.005,1.1119858202688877,0.15073253988175803,False,5.508492955378642,False,False
capped,0.25,111,fixed_10,10.0,1.2619029766814127,1,59,1.5555555555555556,1.437055024541392,0.898471069025199,1196,0.8929765886287625,12.15133779264214,60,1.4358774276446997,0.16934042755957895,316.5116107473894,10.652015459591857,0.022276699627506003,1068,0.03,1.3154047670715698,0.0388761286094573,False,0.5426534263142457,False,False
capped,0.25,111,fixed_10,10.0,1.2619029766814127,3,30,1.5555555555555556,1.4462895752684404,0.8711270384905564,1196,0.3770903010033445,12.15133779264214,60,1.5369103717181485,0.14846544761639585,34.163328760629575,5.119175003796444,0.03467027369517667,451,0.08,1.5369103717181485,0.0,False,-2.0000000000004547,False,False
capped,0.25,111,selected_regression,5.0,1.2619029766814127,1,30,0.9969666329625885,1.4930139890624337,0.8976910504638408,1247,0.8588612670408982,11.654370489174017,60,1.458225515310561,0.2542441172406783,195.41667158581816,8.909358822578103,0.023090997205817865,1071,0.025,1.3756337161094587,0.031678050170351905,False,-1.1278461741158026,True,True
capped,0.25,111,selected_mle,5.0,1.2619029766814127,1,30,0.9969666329625885,1.4930139890624337,0.8976910504638408,1247,0.8588612670408982,11.654370489174017,60,1.458225515310561,0.2542441172406783,195.41667158581816,8.909358822578103,0.023090997205817865,1071,0.025,1.3756337161094587,0.031678050170351905,False,-1.1278461741158026,True,True
capped,0.25,112,iei_rounded,1.0,1.288828543411028,1,30,0.3700677095493813,2.2096447304542655,0.9045566333049816,5337,0.9928798950721379,2.718755855349447,59,1.9657332250416015,0.5258841349682604,812.0690893409657,13.126686805696282,0.021492814010949712,5299,0.005,1.7014534035024984,0.1229807023106939,False,32.16161033802382,False,False
capped,0.25,112,iei_rounded,1.0,1.288828543411028,1,15,0.3700677095493813,2.11245372345999,0.9889133022873391,5337,0.9762038598463556,2.718755855349447,59,1.9391408008491684,0.6346681280404951,395.2030645861179,10.41258510850378,0.017197288212315143,5210,0.005,1.6475842241310588,0.15898105346781266,False,26.876166001740785,False,False
capped,0.25,112,iei_rounded,1.0,1.288828543411028,1,59,0.3700677095493813,2.056118628195476,0.9131318887922744,5337,1.0,2.718755855349447,59,1.983557615006605,0.45857368034613144,1238.2480093441438,13.738856744599513,0.024848264477913773,5337,0.005,1.7316475402523723,0.10533576411171695,False,37.70284419824384,False,False
capped,0.25,112,iei_rounded,1.0,1.288828543411028,3,30,0.3700677095493813,2.2986492912514085,0.8446239785306464,5337,0.23758665917181937,2.718755855349447,59,2.198755628550538,0.2621240145915933,102.00044734945854,6.589887322670157,0.0063428974362719215,1268,0.95,2.198755628550538,0.0,False,-2.000000000001819,False,False
capped,0.25,112,fixed_10,10.0,1.288828543411028,1,30,1.5243101182654402,1.5930716377674854,0.9341619426298001,1253,0.8539505187549881,11.580207501995211,60,1.472151948950943,0.262192710467844,185.15573746696592,8.660507276455464,0.012768154412110877,1070,0.47,1.42020276298095,0.019981667706341886,False,-1.6559939317330645,False,False
capped,0.25,112,fixed_10,10.0,1.288828543411028,1,15,1.5243101182654402,1.4252628131941534,0.9780716240615331,1253,0.8012769353551477,11.580207501995211,60,1.4443283112565002,0.3640455487400691,101.54363834772366,7.297295581401381,0.008977703970254991,1004,0.745,1.4443283112565002,0.0,False,-2.0,False,False
capped,0.25,112,fixed_10,10.0,1.288828543411028,1,59,1.5243101182654402,1.4654484786404767,0.9111367078301013,1253,0.9010375099760575,11.580207501995211,60,1.4622774287965097,0.1739204369527355,362.4969754391229,11.825339512781628,0.009622054984904427,1129,0.84,1.4537614758487312,0.00275676853803081,False,-1.986547070202505,False,False
capped,0.25,112,fixed_10,10.0,1.288828543411028,3,30,1.5243101182654402,1.6666854390545969,0.8930024185739923,1253,0.35275339185953714,11.580207501995211,60,1.4899939743774961,0.15239159702440663,10.37260412029115,1.5782099386416995,0.029019404651394853,442,0.195,0.8113126378676386,0.16325216195502174,False,0.12499653911163477,False,False
capped,0.25,112,selected_regression,4.0,1.288828543411028,1,30,1.0279329608938548,1.5930716377674854,0.9341619426298001,1253,0.8539505187549881,11.580207501995211,60,1.472151948950943,0.262192710467844,185.15573746696592,8.660507276455464,0.012768154412110877,1070,0.445,1.42020276298095,0.019981667706341886,False,-1.6559939317330645,True,True
capped,0.25,112,selected_mle,5.0,1.288828543411028,1,30,0.9806576402321083,1.6172268674472237,0.9336999860315849,1307,0.8615149196633511,11.1017597551645,60,1.494913219006607,0.2704939193677395,198.16255788986783,8.90447597190153,0.00947482009397338,1126,0.705,1.440056781692962,0.02125713647320107,False,-1.5987692444514323,True,True
capped,0.25,113,iei_rounded,1.0,1.322536908707442,1,30,0.3657271702367531,2.281219129828148,0.9611194745506499,5489,0.9918017853889597,2.644744033521589,57,2.007182071763266,0.5652626238648832,712.7115393186364,11.56279732057733,0.02548734888820192,5444,0.005,1.6636672937153836,0.163963527869487,False,54.85840188085422,False,False
capped,0.25,113,iei_rounded,1.0,1.322536908707442,1,15,0.3657271702367531,2.1475932160635174,0.9939335693694091,5489,0.9799599198396793,2.644744033521589,57,1.9651045465665309,0.6535800516325885,385.5242492675641,9.91638582867596,0.018707295937123836,5379,0.005,1.6386935304674413,0.17978007804021334,False,34.73026194742306,False,False
capped,0.25,113,iei_rounded,1.0,1.322536908707442,1,59,0.3657271702367531,1.9983352898375648,0.9194604337188687,5489,1.0,2.644744033521589,57,2.0137960746231425,0.47498951751484786,1306.8059914518776,12.839305099932718,0.026520568380724807,5489,0.005,1.7559466579541305,0.10954459845529681,False,39.60618344197064,False,False
capped,0.25,113,iei_rounded,1.0,1.322536908707442,3,30,0.3657271702367531,2.389053664924011,0.9379381840123829,5489,0.2286390963745673,2.644744033521589,57,2.330768691589677,0.2903387185191535,98.38493507464135,6.216201880238827,0.005771602017967226,1255,0.97,2.3065881071052594,0.006306832000027547,False,-1.9939002812898252,False,False
capped,0.25,113,fixed_10,10.0,1.322536908707442,1,30,1.5391644908616189,1.4941074174780489,0.8661839992953297,1241,0.8557614826752619,11.697824335213538,60,1.4436657821719532,0.24641226777268088,203.1252820346936,9.525228485641135,0.012483283798898293,1062,0.41,1.4436657821719532,0.0,False,-2.0,False,False
capped,0.25,113,fixed_10,10.0,1.322536908707442,1,15,1.5391644908616189,1.4082583738900014,0.9785646168278604,1241,0.7953263497179693,11.697824335213538,60,1.4348395881951905,0.358401701517168,103.50070565746299,7.584517272711509,0.013441250923632131,987,0.375,1.4348395881951905,0.0,False,-1.9999999999995453,False,False
capped,0.25,113,fixed_10,10.0,1.322536908707442,1,59,1.5391644908616189,1.4350827744890866,0.865467215356735,1241,0.8992747784045125,11.697824335213538,60,1.450984283012792,0.17314904092943129,338.84816048059145,11.534032252389412,0.01376047818406878,1116,0.405,1.4386018837080183,0.003992006917609013,False,-1.9718072963105442,False,False
capped,0.25,113,fixed_10,10.0,1.322536908707442,3,30,1.5391644908616189,1.5230332549728798,0.7759255651159351,1241,0.36099919419822724,11.697824335213538,60,1.4034889191463176,0.13976251940293438,11.119458326238714,1.790704790682829,0.023643761428701116,448,0.415,0.7707249385405146,0.15089418191503395,False,-0.10797292997904151,False,False
capped,0.25,113,selected_regression,4.0,1.322536908707442,1,30,1.0048348106365834,1.4941074174780489,0.8661839992953297,1241,0.8557614826752619,11.697824335213538,60,1.4436657821719532,0.24641226777268088,203.1252820346936,9.525228485641135,0.012483283798898293,1062,0.48,1.4436657821719532,0.0,False,-2.0,True,True
capped,0.25,113,selected_mle,5.0,1.322536908707442,1,30,0.9559386973180076,1.5701337255814851,0.9030615407002065,1304,0.8627300613496932,11.132668711656441,60,1.4838569581989152,0.2600580553653329,222.8484402657029,9.951164987220304,0.010785640641863159,1125,0.585,1.4838569581989152,0.0,False,-2.0,True,True
capped,0.25,114,iei_rounded,1.0,1.3192857683286676,1,30,0.36526811756787075,2.206930333685098,0.9437050125217733,5471,0.9915920307073661,2.6554560409431547,56,2.009928145139641,0.5570402441655855,804.6884010613303,12.433145224327502,0.023307563971684986,5425,0.005,1.7268942924926354,0.13426646633359535,False,36.75971215484242,False,False
capped,0.25,114,iei_rounded,1.0,1.3192857683286676,1,15,0.36526811756787075,2.2269633983441004,0.9805719870494628,5471,0.9773350392981174,2.6554560409431547,56,1.9828081348650723,0.6658217387396497,374.72658429173396,9.933823747830859,0.019166177687652275,5347,0.005,1.654002701780531,0.18204457879347757,False,34.65769120670848,False,False
capped,0.25,114,iei_rounded,1.0,1.3192857683286676,1,59,0.36526811756787075,1.9575331246253518,0.9256504361982156,5471,1.0,2.6554560409431547,56,2.015939899829265,0.4725398824556659,1345.801470249242,13.966409362121366,0.024339977678302094,5471,0.005,1.7952330858019743,0.0932989108922699,False,28.618347603522125,False,False
capped,0.25,114,iei_rounded,1.0,1.3192857683286676,3,30,0.36526811756787075,2.2640223546003937,0.9032600266596582,5471,0.22189727654907695,2.6554560409431547,56,2.2382500616151138,0.2703656390380085,96.96086293243603,6.166908237141767,0.012635036692424384,1214,0.465,2.1838959361021053,0.014046430680005655,False,-1.9689672326940126,False,False
capped,0.25,114,fixed_10,10.0,1.3192857683286676,1,30,1.4061728395061728,1.577550882669448,0.9190508476926897,1311,0.8619374523264683,11.081617086193745,60,1.5140460875180022,0.2738453654181109,216.78655842100096,9.298704523711175,0.007358237133006318,1130,0.915,1.4876285530673876,0.01028328178686677,False,-1.9070104651109432,False,False
capped,0.25,114,fixed_10,10.0,1.3192857683286676,1,15,1.4061728395061728,1.5678102914339254,0.9739052351728124,1311,0.8093058733790999,11.081617086193745,60,1.5083306671943486,0.39727934781334895,95.32142919150154,6.554219998185247,0.007072956980981537,1061,0.89,1.4808668536978493,0.013173013428473681,False,-1.9370429104756113,False,False
capped,0.25,114,fixed_10,10.0,1.3192857683286676,1,59,1.4061728395061728,1.4249698634614043,0.8417734217275288,1311,0.9061784897025171,11.081617086193745,60,1.4990562521447846,0.18171899346176296,413.5791997031781,12.836619633264371,0.007237901288472792,1188,0.925,1.4990562521447846,0.0,False,-2.0000000000009095,False,False
capped,0.25,114,fixed_10,10.0,1.3192857683286676,3,30,1.4061728395061728,1.6129251391803328,0.8612660313851245,1311,0.34477498093058734,11.081617086193745,60,1.5602409560379602,0.15670661746009334,23.83961990317683,3.3536743278547965,0.011936402911963628,452,0.97,1.5602409560379602,0.0,False,-2.0000000000004547,False,False
capped,0.25,114,selected_regression,4.0,1.3192857683286676,1,30,0.9336384439359268,1.577550882669448,0.9190508476926897,1311,0.8619374523264683,11.081617086193745,60,1.5140460875180022,0.2738453654181109,216.78655842100096,9.298704523711175,0.007358237133006318,1130,0.96,1.4876285530673876,0.01028328178686677,False,-1.9070104651109432,True,True
capped,0.25,114,selected_mle,4.0,1.3192857683286676,1,30,0.9336384439359268,1.577550882669448,0.9190508476926897,1311,0.8619374523264683,11.081617086193745,60,1.5140460875180022,0.2738453654181109,216.78655842100096,9.298704523711175,0.007358237133006318,1130,0.96,1.4876285530673876,0.01028328178686677,False,-1.9070104651109432,True,True
capped,0.25,115,iei_rounded,1.0,1.28306299509619,1,30,0.39463781749764815,2.143512432001255,0.9385210724838551,5231,0.9912062703116039,2.773848212578857,59,1.9694730155001583,0.5249715259536101,826.2013881097242,13.237783868838836,0.019947243793551506,5185,0.005,1.7273963572128848,0.1125264247335528,False,26.059489457711607,False,False
capped,0.25,115,iei_rounded,1.0,1.28306299509619,1,15,0.39463781749764815,2.035824533623917,0.9913402606423035,5231,0.9764863314853757,2.773848212578857,59,1.935318130425534,0.6258470893354211,437.9644407047149,11.354396272919606,0.014522079577477642,5108,0.005,1.7058904765035063,0.12437927301631824,False,15.630495310721017,False,False
capped,0.25,115,iei_rounded,1.0,1.28306299509619,1,59,0.39463781749764815,2.036424899249178,0.9472783403745083,5231,1.0,2.773848212578857,59,1.9795111378670196,0.44708428448307114,1315.266889590865,14.552290631654717,0.02182645717920184,5231,0.005,1.7718215957897832,0.0860753729076571,False,24.82803598915234,False,False
capped,0.25,115,iei_rounded,1.0,1.28306299509619,3,30,0.39463781749764815,2.199541824390583,0.8944963905138208,5231,0.2364748614031734,2.773848212578857,59,2.1947447473230444,0.2594349356682779,108.04963600562024,6.902234585365425,0.008963194298135524,1237,0.825,2.1947447473230444,0.0,False,-2.0,False,False
capped,0.25,115,fixed_10,10.0,1.28306299509619,1,30,1.4015645371577574,1.5881718592730976,0.9068552902287016,1255,0.8565737051792829,11.56175298804781,60,1.5097106398005788,0.2737631199631666,199.77164848602888,9.06053759489088,0.01622973977136266,1075,0.18,1.4234300210515434,0.033653592291964705,False,-1.0575994494965926,False,False
capped,0.25,115,fixed_10,10.0,1.28306299509619,1,15,1.4015645371577574,1.4696633697349888,0.9416300756773317,1255,0.8063745019920319,11.56175298804781,60,1.4927063064900832,0.38778270841048157,96.53423360260555,6.3648871245922605,0.01698360369859353,1012,0.105,1.4182529603941918,0.035647580481035376,False,-1.5570372933725594,False,False
capped,0.25,115,fixed_10,10.0,1.28306299509619,1,59,1.4015645371577574,1.4737335922908565,0.8779663424699623,1255,0.8932270916334661,11.56175298804781,60,1.5128441536798274,0.1902378859636843,368.57799422642694,11.425964177210437,0.015615197877813736,1121,0.215,1.4551615710306764,0.019112049355132815,False,-1.3989195249732802,False,False
capped,0.25,115,fixed_10,10.0,1.28306299509619,3,30,1.4015645371577574,1.6083869247532225,0.8390982227874721,1255,0.3362549800796813,11.56175298804781,60,1.5562455183440473,0.1540838729443651,26.36723584754531,3.9838275135996164,0.035819124611230824,422,0.05,1.5562455183440473,0.0,False,-2.0,False,False
capped,0.25,115,selected_regression,4.0,1.28306299509619,1,30,0.9880478087649402,1.5881718592730976,0.9068552902287016,1255,0.8565737051792829,11.56175298804781,60,1.5097106398005788,0.2737631199631666,199.77164848602888,9.06053759489088,0.01622973977136266,1075,0.185,1.4234300210515434,0.033653592291964705,False,-1.0575994494965926,True,True
capped,0.25,115,selected_mle,4.0,1.28306299509619,1,30,0.9880478087649402,1.5881718592730976,0.9068552902287016,1255,0.8565737051792829,11.56175298804781,60,1.5097106398005788,0.2737631199631666,199.77164848602888,9.06053759489088,0.01622973977136266,1075,0.185,1.4234300210515434,0.033653592291964705,False,-1.0575994494965926,True,True
capped,0.25,116,iei_rounded,1.0,1.3045118454806097,1,30,0.3666285714285714,2.1978458717026066,0.9709664848048715,5376,0.9914434523809523,2.7021949404761907,58,1.9981861855269702,0.5468735715756494,814.5614257904759,13.22792546366266,0.022737946068276504,5330,0.005,1.7325111009325063,0.12520290579938778,False,31.929465245631945,False,False
capped,0.25,116,iei_rounded,1.0,1.3045118454806097,1,15,0.3666285714285714,2.1017526376941653,0.9916830290354002,5376,0.9756324404761905,2.7021949404761907,58,1.975174589605773,0.656378599198348,402.87329760336877,10.12495422898564,0.01909174834787053,5245,0.005,1.6685181458105107,0.16911421208092087,False,29.46666592901056,False,False
capped,0.25,116,iei_rounded,1.0,1.3045118454806097,1,59,0.3666285714285714,2.040043875007132,0.9484860366417679,5376,1.0,2.7021949404761907,58,2.004830645603862,0.46214582393904036,1360.5155183082627,14.241410370662129,0.02386245701651335,5376,0.005,1.7967101613464913,0.08732568003502786,False,25.09595684402666,False,False
capped,0.25,116,iei_rounded,1.0,1.3045118454806097,3,30,0.3666285714285714,2.278357236563969,0.9519669830026412,5376,0.22712053571428573,2.7021949404761907,58,2.242357147960748,0.2679916204229488,111.59206491650929,7.704717145411753,0.01766566385364554,1221,0.14,2.242357147960748,0.0,False,-2.0000000000009095,False,False
capped,0.25,116,fixed_10,10.0,1.3045118454806097,1,30,1.458950201884253,1.5581057689706235,0.9291901609928362,1273,0.8609583660644148,11.411626080125687,60,1.4535746426791025,0.2620268299999694,160.50326980438268,7.067575969815232,0.027519063065910343,1096,0.01,1.2103278928672074,0.09394670127327556,False,5.684736653103755,False,False
capped,0.25,116,fixed_10,10.0,1.3045118454806097,1,15,1.458950201884253,1.5234533494084226,0.9688556985218648,1273,0.8114689709347996,11.411626080125687,60,1.4089827077635224,0.3664682229179108,61.382385994829875,4.437920068281347,0.020554195737240377,1033,0.04,1.1569483082628513,0.1190326325891508,False,3.264697624222663,False,False
capped,0.25,116,fixed_10,10.0,1.3045118454806097,1,59,1.458950201884253,1.5314441902853522,0.9181417473460696,1273,0.8978790259230165,11.411626080125687,60,1.4719467081444417,0.18618913517344254,310.8394387784522,9.83689443540775,0.030674033908917264,1143,0.005,1.2630163174585793,0.06882205296629296,False,6.035419500356511,False,False
capped,0.25,116,fixed_10,10.0,1.3045118454806097,3,30,1.458950201884253,1.6022444524280062,0.880553195634272,1273,0.36213668499607227,11.411626080125687,60,1.565964568651692,0.15876662194517432,21.66168524820503,2.988830617674998,0.02032734231104605,461,0.58,1.2552824077329239,0.07518842774476142,False,-1.5333436250080013,False,False
capped,0.25,116,selected_regression,4.0,1.3045118454806097,1,30,1.03299293008641,1.5581057689706235,0.9291901609928362,1273,0.8609583660644148,11.411626080125687,60,1.4535746426791025,0.2620268299999694,160.50326980438268,7.067575969815232,0.027519063065910343,1096,0.01,1.2103278928672074,0.09394670127327556,False,5.684736653103755,True,True
capped,0.25,116,selected_mle,5.0,1.3045118454806097,1,30,0.9515972894482091,1.6208415472738817,0.904204245232517,1359,0.8712288447387785,10.689477557027226,60,1.5007457916880913,0.27879748593580156,183.50610158182297,7.589405065705875,0.02745658566600634,1184,0.005,1.2714809182788387,0.08989784605103034,False,5.290346442502596,True,True
capped,0.25,117,iei_rounded,1.0,1.3070789137139849,1,30,0.3550420168067227,2.1360063339116753,0.9788674398577403,5376,0.9918154761904762,2.704799107142857,58,1.9931583723797441,0.5436015874222397,815.164181476979,12.884723441944075,0.02273670761191593,5332,0.005,1.7286310952221493,0.12440385683239859,False,31.776904006677796,False,False
capped,0.25,117,iei_rounded,1.0,1.3070789137139849,1,15,0.3550420168067227,2.1944217283508825,0.9792328401599927,5376,0.9763764880952381,2.704799107142857,58,1.9680847740833993,0.654613777658563,382.6206214407654,10.220861036886438,0.018878629202087605,5249,0.005,1.6596188057367505,0.1697971001745303,False,29.992434129797402,False,False
capped,0.25,117,iei_rounded,1.0,1.3070789137139849,1,59,0.3550420168067227,1.9813236820772473,0.9555255647234647,5376,1.0,2.704799107142857,58,2.0020397777533336,0.4615803642206404,1346.9224790838339,14.001226201010235,0.024269781455815043,5376,0.005,1.7876731270414634,0.08991424541439573,False,26.77132587199958,False,False
capped,0.25,117,iei_rounded,1.0,1.3070789137139849,3,30,0.3550420168067227,2.1674613507297757,0.9622607496983591,5376,0.22265625,2.704799107142857,58,2.1614784782964467,0.25877513102909966,77.84557029696285,5.247647213464739,0.02710842815896569,1197,0.015,1.7133619685377195,0.11526104454292498,False,0.10136018509274436,False,False
capped,0.25,117,fixed_10,10.0,1.3070789137139849,1,30,1.485981308411215,1.4910194418508294,0.8941510212621774,1248,0.8597756410256411,11.651442307692308,60,1.4536224857847824,0.2486777058132446,211.45308188754603,9.821800598452786,0.013706991203709773,1073,0.47,1.4536224857847824,0.0,False,-2.0,False,False
capped,0.25,117,fixed_10,10.0,1.3070789137139849,1,15,1.485981308411215,1.5684310792210963,0.9448400208760466,1248,0.7932692307692307,11.651442307692308,60,1.4744613693739819,0.3853174216767695,81.54004042444802,5.890100629056429,0.0093911268493021,990,0.77,1.4021114064088216,0.03448250151937647,False,-1.5889515711992317,False,False
capped,0.25,117,fixed_10,10.0,1.3070789137139849,1,59,1.485981308411215,1.484382842011982,0.9076771813311164,1248,0.8958333333333334,11.651442307692308,60,1.4741176524724882,0.18129895218203562,338.3205790267676,11.19133718533882,0.011228875628170987,1118,0.635,1.4181129642996617,0.018271085853825964,False,-1.4277742533495257,False,False
capped,0.25,117,fixed_10,10.0,1.3070789137139849,3,30,1.485981308411215,1.492332166462067,0.8147643264162456,1248,0.359775641025641,11.651442307692308,60,1.4505279232306432,0.14092541587517105,23.10939132172914,3.629002490724982,0.03214385806740716,449,0.145,1.4505279232306432,0.0,False,-1.9999999999990905,False,False
capped,0.25,117,selected_regression,4.0,1.3070789137139849,1,30,1.015224358974359,1.4910194418508294,0.8941510212621774,1248,0.8597756410256411,11.651442307692308,60,1.4536224857847824,0.2486777058132446,211.45308188754603,9.821800598452786,0.013706991203709773,1073,0.375,1.4536224857847824,0.0,False,-2.0,True,True
capped,0.25,117,selected_mle,5.0,1.3070789137139849,1,30,0.9772942289498581,1.4987436821535132,0.9032418131555997,1320,0.8689393939393939,11.01590909090909,60,1.4944479796794798,0.25992447812356645,245.51261154310237,10.758591915994394,0.014101720275429552,1147,0.28,1.4944479796794798,0.0,False,-1.9999999999990905,True,True
capped,0.25,118,iei_rounded,1.0,1.3170713316241893,1,30,0.34742729306487696,2.161604267104269,0.9694266107113719,5490,0.9903460837887067,2.651912568306011,57,2.0473428141109142,0.5848748700900184,777.632915979047,11.806152604506577,0.024970182604729385,5437,0.005,1.7398488312880653,0.14846235206853345,False,42.4085110317028,False,False
capped,0.25,118,iei_rounded,1.0,1.3170713316241893,1,15,0.34742729306487696,2.2670597443652025,0.98547976506633,5490,0.9768670309653916,2.651912568306011,57,2.0244874093393026,0.6967725058453407,344.29936087601095,8.878197551455,0.02157400885071914,5363,0.005,1.639002800863682,0.21700726557082003,False,47.04943989757521,False,False
capped,0.25,118,iei_rounded,1.0,1.3170713316241893,1,59,0.34742729306487696,1.861026129146909,0.9313362165844048,5490,1.0,2.651912568306011,57,2.040532040819789,0.4733473546157472,1517.6703190841354,13.934648915386173,0.023388247950040908,5490,0.005,1.864847351460524,0.07460792309432772,False,17.27451293856575,False,False
capped,0.25,118,iei_rounded,1.0,1.3170713316241893,3,30,0.34742729306487696,2.1718309868741152,0.9432805600626756,5490,0.21475409836065573,2.651912568306011,57,2.350065780811752,0.2867836396874375,122.99538088620082,7.78698250009156,0.013128469972700452,1179,0.39,2.350065780811752,0.0,False,-1.9999999999990905,False,False
capped,0.25,118,fixed_10,10.0,1.3170713316241893,1,30,1.5,1.4377399696211655,0.8997707382705064,1297,0.8696993060909792,11.225134926754048,60,1.42991661973611,0.23990687085194168,221.91885354896462,9.996279754639117,0.013840019109706003,1128,0.34,1.42991661973611,0.0,False,-1.999999999998181,False,False
capped,0.25,118,fixed_10,10.0,1.3170713316241893,1,15,1.5,1.4860778777275023,0.9815878024024782,1297,0.8003084040092521,11.225134926754048,60,1.4476329042161087,0.37484560300830616,82.16428119379552,5.784635269082912,0.013909396630649773,1038,0.33,1.3193339207530732,0.060885037188703965,False,-0.637137490675741,False,False
capped,0.25,118,fixed_10,10.0,1.3170713316241893,1,59,1.5,1.491674268063986,0.9246445201130411,1297,0.9036237471087124,11.225134926754048,60,1.4627545421747588,0.18151331802896586,327.58982293635205,11.1675837734849,0.016570043151561742,1172,0.19,1.3462253098188826,0.03799990274911328,False,0.5926807046744216,False,False
capped,0.25,118,fixed_10,10.0,1.3170713316241893,3,30,1.5,1.4108666812826935,0.8188877275191512,1297,0.36391673091750193,11.225134926754048,60,1.399391307691479,0.1327808970729515,26.436836429435147,4.058945342887713,0.02502533816549074,472,0.34,1.399391307691479,0.0,False,-2.0000000000009095,False,False
capped,0.25,118,selected_regression,4.0,1.3170713316241893,1,30,1.0115651503469545,1.4377399696211655,0.8997707382705064,1297,0.8696993060909792,11.225134926754048,60,1.42991661973611,0.23990687085194168,221.91885354896462,9.996279754639117,0.013840019109706003,1128,0.34,1.42991661973611,0.0,False,-1.999999999998181,True,True
capped,0.25,118,selected_mle,5.0,1.3170713316241893,1,30,0.9835164835164835,1.4255729172449951,0.9019640462328702,1374,0.8791848617176128,10.596069868995633,60,1.465384128016174,0.24760968040695952,263.8809347089672,11.17128964012088,0.012165942766994897,1208,0.44,1.465384128016174,0.0,False,-2.000000000001819,True,True
capped,0.25,119,iei_rounded,1.0,1.2834184439771703,1,30,0.369354457318515,2.0364143262102576,0.969285883769524,5213,0.9921350469978899,2.7840015346249762,58,1.966802088572214,0.5187860950684133,867.8174533043621,13.481871622335376,0.019369858889306202,5172,0.005,1.7400152522722023,0.10513060246373512,False,22.66159899194281,False,False
capped,0.25,119,iei_rounded,1.0,1.2834184439771703,1,15,0.369354457318515,2.1349547602447707,0.9885717717340582,5213,0.9735277191636293,2.7840015346249762,58,1.9527584510320022,0.6457557839073025,364.63829256791274,9.627461334127126,0.017414561422887553,5075,0.005,1.6311494932561867,0.1764515057424955,False,31.895635588936784,False,False
capped,0.25,119,iei_rounded,1.0,1.2834184439771703,1,59,0.369354457318515,2.0056667571146534,0.944864688191853,5213,1.0,2.7840015346249762,58,1.9806310227451807,0.445030399282076,1342.3244685188185,14.42131570089865,0.021895826687921116,5213,0.005,1.77524471933516,0.08513638267001247,False,24.135690044766307,False,False
capped,0.25,119,iei_rounded,1.0,1.2834184439771703,3,30,0.369354457318515,2.0372818364086624,0.9428124938699649,5213,0.2399769806253597,2.7840015346249762,58,2.2158368799464245,0.2572594115002511,138.90315884349405,8.86056025746767,0.018467733928974384,1251,0.095,2.2158368799464245,0.0,False,-1.9999999999990905,False,False
capped,0.25,119,fixed_10,10.0,1.2834184439771703,1,30,1.507163323782235,1.5690647599239267,0.8736755081044114,1197,0.8454469507101086,12.124477861319967,60,1.469594475007428,0.2590225812465533,183.26940987803172,8.632713370032187,0.0067353513626742245,1012,0.975,1.4192162979060197,0.019360033957787275,False,-1.6938089544701143,False,False
capped,0.25,119,fixed_10,10.0,1.2834184439771703,1,15,1.507163323782235,1.5255872910095816,0.9520892755058437,1197,0.7886382623224728,12.124477861319967,60,1.4619120748885504,0.37835065017028713,80.80340572804025,5.9832490486228815,0.006401101016693889,944,0.97,1.4121743643873625,0.02361070641309621,False,-1.814186187287305,False,False
capped,0.25,119,fixed_10,10.0,1.2834184439771703,1,59,1.507163323782235,1.4488371311852424,0.8878562790045836,1197,0.8897243107769424,12.124477861319967,60,1.4661503028551532,0.1761260519060786,336.5764733661962,11.49888884584602,0.005732493318881149,1065,0.99,1.435244234516498,0.010034605588565672,False,-1.833300288690225,False,False
capped,0.25,119,fixed_10,10.0,1.2834184439771703,3,30,1.507163323782235,1.607039922966592,0.7911892422707232,1197,0.3483709273182957,12.124477861319967,60,1.4909702767324031,0.14888587008685922,17.138969895434073,2.6551116208609495,0.013810124170427152,417,0.935,1.3090812165192771,0.04368056867456786,False,-1.8530855398289532,False,False
capped,0.25,119,selected_regression,4.0,1.2834184439771703,1,30,1.0025062656641603,1.5690647599239267,0.8736755081044114,1197,0.8454469507101086,12.124477861319967,60,1.469594475007428,0.2590225812465533,183.26940987803172,8.632713370032187,0.0067353513626742245,1012,0.99,1.4192162979060197,0.019360033957787275,False,-1.6938089544701143,True,True
capped,0.25,119,selected_mle,5.0,1.2834184439771703,1,30,0.981,1.583421978104925,0.8452121949088297,1261,0.8572561459159397,11.509119746233148,60,1.4948683145315886,0.2645427678264186,213.57072678130393,9.524609801043502,0.004919636019758644,1081,1.0,1.4948683145315886,0.0,False,-2.000000000001819,True,True
refractory_0.8,0.25,100,iei_rounded,17.0,17.16064605765891,1,30,0.8566493955094991,2.063722318717933,0.9051957701452098,3942,0.9941653982749873,3.683916793505835,53,1.6067715225049657,0.33728370438779065,472.1946321179468,11.596052029570966,0.02424428796401573,3919,0.005,1.2765257901358034,0.13526127105320981,False,45.90507205355425,False,True
refractory_0.8,0.25,100,iei_rounded,17.0,17.16064605765891,1,15,0.8566493955094991,1.6215101988236023,0.9883047773535012,3942,0.9601725012683917,3.683916793505835,53,1.5380846512294806,0.41619990153803,296.4682543779229,10.572201046490875,0.010823388716173776,3785,0.05,1.3822136915650427,0.07575539774312635,False,5.1649929555169365,True,True
refractory_0.8,0.25,100,iei_rounded,17.0,17.16064605765891,1,59,0.8566493955094991,2.1077642535931407,0.9181937506912161,3942,1.0,3.683916793505835,53,1.6801735986811988,0.31669926872751153,500.356956896688,10.012214519324782,0.040769033194334225,3942,0.005,1.1711374180368674,0.18944815139397966,False,140.65301134402762,False,True
refractory_0.8,0.25,100,iei_rounded,17.0,17.16064605765891,3,30,0.8566493955094991,2.332344529018505,0.8852677016467658,3942,0.3637747336377473,3.683916793505835,53,1.7897953401988733,0.20349724942674824,10.151917125889517,0.8184554572742974,0.03732828847512221,1434,0.005,0.3272359312595391,0.3641702450270568,False,26.982768920376657,False,False
refractory_0.8,0.25,100,fixed_10,10.0,17.16064605765891,1,30,0.9128971962616822,2.063722318717933,0.9051957701452098,3942,0.9941653982749873,3.683916793505835,53,1.6067715225049657,0.33728370438779065,472.1946321179468,11.596052029570966,0.02424428796401573,3919,0.005,1.2765257901358034,0.13526127105320981,False,45.90507205355425,False,True
refractory_0.8,0.25,100,fixed_10,10.0,17.16064605765891,1,15,0.9128971962616822,1.6215101988236023,0.9883047773535012,3942,0.9601725012683917,3.683916793505835,53,1.5380846512294806,0.41619990153803,296.4682543779229,10.572201046490875,0.010823388716173776,3785,0.025,1.3822136915650427,0.07575539774312635,False,5.1649929555169365,True,True
refractory_0.8,0.25,100,fixed_10,10.0,17.16064605765891,1,59,0.9128971962616822,2.1077642535931407,0.9181937506912161,3942,1.0,3.683916793505835,53,1.6801735986811988,0.31669926872751153,500.356956896688,10.012214519324782,0.040769033194334225,3942,0.005,1.1711374180368674,0.18944815139397966,False,140.65301134402762,False,True
refractory_0.8,0.25,100,fixed_10,10.0,17.16064605765891,3,30,0.9128971962616822,2.332344529018505,0.8852677016467658,3942,0.3637747336377473,3.683916793505835,53,1.7897953401988733,0.20349724942674824,10.151917125889517,0.8184554572742974,0.03732828847512221,1434,0.005,0.3272359312595391,0.3641702450270568,False,26.982768920376657,False,False
refractory_0.8,0.25,100,selected_regression,128.0,17.16064605765891,1,30,1.0427682737169517,1.784830939170716,0.8823780753799568,2830,0.9879858657243816,5.131448763250884,53,1.2927041913135806,0.2354104159329914,38.332814967430075,1.3126045947052596,0.07428673179917178,2796,0.005,0.5105542237049054,0.29254942488020325,False,196.17128057980517,False,False
refractory_0.8,0.25,100,selected_mle,12.0,17.16064605765891,1,30,0.9557487159225603,2.063722318717933,0.9051957701452098,3942,0.9941653982749873,3.683916793505835,53,1.6067715225049657,0.33728370438779065,472.1946321179468,11.596052029570966,0.02424428796401573,3919,0.005,1.2765257901358034,0.13526127105320981,False,45.90507205355425,False,True
refractory_0.8,0.25,101,iei_rounded,14.0,13.621590608173713,1,30,0.8687042617305208,1.9945500778082506,0.9111670860097272,3867,0.9956038272562711,3.7496767520041376,49,1.5797925479915786,0.32490284003510794,457.7927080260402,11.335919264738004,0.02290757674351207,3850,0.005,1.2504048020288228,0.13360239202749474,False,45.31853685092938,False,True
refractory_0.8,0.25,101,iei_rounded,14.0,13.621590608173713,1,15,0.8687042617305208,1.5714050379329352,0.9931822010119289,3867,0.9604344453064391,3.7496767520041376,49,1.5058447993671198,0.40106052903347367,292.67902379926494,10.571591014313688,0.008565358066016882,3714,0.135,1.370626735934246,0.06512523975438901,False,3.3401085190998856,True,True
refractory_0.8,0.25,101,iei_rounded,14.0,13.621590608173713,1,59,0.8687042617305208,2.1450995270669173,0.924806068230735,3867,1.0,3.7496767520041376,49,1.6610038055565663,0.3101862122576926,441.0251177551685,9.225224383682063,0.041321990038528156,3867,0.005,1.1234207549907225,0.19877582636040592,False,155.09572379455858,False,True
refractory_0.8,0.25,101,iei_rounded,14.0,13.621590608173713,3,30,0.8687042617305208,2.2477600317548787,0.8921212430403703,3867,0.37988104473752266,3.7496767520041376,49,1.7851222352006975,0.2011907505719921,20.045429777298462,1.5539004455357164,0.026508537233646434,1469,0.005,0.5459653616951496,0.30800510100507084,False,19.598041239082704,False,False
refractory_0.8,0.25,101,fixed_10,10.0,13.621590608173713,1,30,0.9656881433473122,1.9945500778082506,0.9111670860097272,3867,0.9956038272562711,3.7496767520041376,49,1.5797925479915786,0.32490284003510794,457.7927080260402,11.335919264738004,0.02290757674351207,3850,0.005,1.2504048020288228,0.13360239202749474,False,45.31853685092938,False,True
refractory_0.8,0.25,101,fixed_10,10.0,13.621590608173713,1,15,0.9656881433473122,1.5714050379329352,0.9931822010119289,3867,0.9604344453064391,3.7496767520041376,49,1.5058447993671198,0.40106052903347367,292.67902379926494,10.571591014313688,0.008565358066016882,3714,0.18,1.370626735934246,0.06512523975438901,False,3.3401085190998856,True,True
refractory_0.8,0.25,101,fixed_10,10.0,13.621590608173713,1,59,0.9656881433473122,2.1450995270669173,0.924806068230735,3867,1.0,3.7496767520041376,49,1.6610038055565663,0.3101862122576926,441.0251177551685,9.225224383682063,0.041321990038528156,3867,0.005,1.1234207549907225,0.19877582636040592,False,155.09572379455858,False,True
refractory_0.8,0.25,101,fixed_10,10.0,13.621590608173713,3,30,0.9656881433473122,2.2477600317548787,0.8921212430403703,3867,0.37988104473752266,3.7496767520041376,49,1.7851222352006975,0.2011907505719921,20.045429777298462,1.5539004455357164,0.026508537233646434,1469,0.005,0.5459653616951496,0.30800510100507084,False,19.598041239082704,False,False
refractory_0.8,0.25,101,selected_regression,128.0,13.621590608173713,1,30,1.030441400304414,1.7281259654804875,0.9158214545196062,2882,0.9892435808466343,5.031228313671062,54,1.314486160308972,0.239719962866078,80.19276083477828,2.6014219260147042,0.06288315065179756,2851,0.005,0.6102274058892634,0.2647231994970461,False,162.9565483724018,False,True
refractory_0.8,0.25,101,selected_mle,12.0,13.621590608173713,1,30,0.9795584627964022,1.9945500778082506,0.9111670860097272,3867,0.9956038272562711,3.7496767520041376,49,1.5797925479915786,0.32490284003510794,457.7927080260402,11.335919264738004,0.02290757674351207,3850,0.005,1.2504048020288228,0.13360239202749474,False,45.31853685092938,False,True
refractory_0.8,0.25,102,iei_rounded,15.0,15.257372888772206,1,30,0.9797125950972105,1.9805494566453266,0.9472103861811214,3897,0.9964074929432897,3.7261996407492943,58,1.574721286731295,0.3259515391906349,421.1774591619434,10.49045896467693,0.023274748696960168,3883,0.005,1.2152614156903565,0.1458334930486409,False,54.80158087695236,False,True
refractory_0.8,0.25,102,iei_rounded,15.0,15.257372888772206,1,15,0.9797125950972105,1.5646798722506061,0.9910568134275262,3897,0.9633051064921735,3.7261996407492943,58,1.4909035031795046,0.394776367102904,291.48294241320366,10.625976613915823,0.009601762180156848,3754,0.07,1.3660702643775147,0.05987227988393928,False,2.6188596815045457,True,True
refractory_0.8,0.25,102,iei_rounded,15.0,15.257372888772206,1,59,0.9797125950972105,2.100141032422052,0.9490170967346171,3897,1.0,3.7261996407492943,58,1.6584971576800331,0.31248022763635674,398.7785129209771,8.131048625114504,0.04224596428016569,3897,0.005,1.0903287351858546,0.21050794244486531,False,174.04312205827046,False,True
refractory_0.8,0.25,102,iei_rounded,15.0,15.257372888772206,3,30,0.9797125950972105,2.224625318783108,0.943773329062809,3897,0.3831152168334616,3.7261996407492943,58,1.78653586965107,0.2045607781611563,-0.005051744475530029,-0.00038773668652005604,0.04199470901899344,1493,0.005,0.09345596700065936,0.4219659153133934,False,37.963436548897334,False,False
refractory_0.8,0.25,102,fixed_10,10.0,15.257372888772206,1,30,0.982791586998088,1.9805494566453266,0.9472103861811214,3897,0.9964074929432897,3.7261996407492943,58,1.574721286731295,0.3259515391906349,421.1774591619434,10.49045896467693,0.023274748696960168,3883,0.005,1.2152614156903565,0.1458334930486409,False,54.80158087695236,False,True
refractory_0.8,0.25,102,fixed_10,10.0,15.257372888772206,1,15,0.982791586998088,1.5646798722506061,0.9910568134275262,3897,0.9633051064921735,3.7261996407492943,58,1.4909035031795046,0.394776367102904,291.48294241320366,10.625976613915823,0.009601762180156848,3754,0.07,1.3660702643775147,0.05987227988393928,False,2.6188596815045457,True,True
refractory_0.8,0.25,102,fixed_10,10.0,15.257372888772206,1,59,0.982791586998088,2.100141032422052,0.9490170967346171,3897,1.0,3.7261996407492943,58,1.6584971576800331,0.31248022763635674,398.7785129209771,8.131048625114504,0.04224596428016569,3897,0.005,1.0903287351858546,0.21050794244486531,False,174.04312205827046,False,True
refractory_0.8,0.25,102,fixed_10,10.0,15.257372888772206,3,30,0.982791586998088,2.224625318783108,0.943773329062809,3897,0.3831152168334616,3.7261996407492943,58,1.78653586965107,0.2045607781611563,-0.005051744475530029,-0.00038773668652005604,0.04199470901899344,1493,0.005,0.09345596700065936,0.4219659153133934,False,37.963436548897334,False,False
refractory_0.8,0.25,102,selected_regression,128.0,15.257372888772206,1,30,1.0947368421052632,1.7308913861010669,0.90985898025387,2858,0.9923023093072079,5.080825752274317,59,1.2855694450314292,0.23188196386765314,50.21725764081468,1.68470959726655,0.06071516772148128,2836,0.005,0.5625044413894447,0.26909801889961915,False,170.9490775909362,False,False
refractory_0.8,0.25,102,selected_mle,8.0,15.257372888772206,1,30,1.0091132141605328,1.9805494566453266,0.9472103861811214,3897,0.9964074929432897,3.7261996407492943,58,1.574721286731295,0.3259515391906349,421.1774591619434,10.49045896467693,0.023274748696960168,3883,0.005,1.2152614156903565,0.1458334930486409,False,54.80158087695236,False,True
refractory_0.8,0.25,103,iei_rounded,22.0,21.87101734005296,1,30,0.6880400181900864,2.0408195279072903,0.9193306303551487,4052,0.9977788746298124,3.5784797630799603,45,1.583860915471563,0.3357212777723323,373.68755853013295,9.152952299447943,0.02971662349015508,4043,0.005,1.1439393120254486,0.18007376029119587,False,85.62704234345983,False,False
refractory_0.8,0.25,103,iei_rounded,22.0,21.87101734005296,1,15,0.6880400181900864,1.6015415864932994,0.9815570182862041,4052,0.9691510365251728,3.5784797630799603,45,1.4888079356608852,0.3981529549302725,266.5894598907988,9.449593396244659,0.013008829484362328,3927,0.01,1.2841830882434313,0.09843145418660224,False,10.972968198766466,False,False
refractory_0.8,0.25,103,iei_rounded,22.0,21.87101734005296,1,59,0.6880400181900864,2.2604592737528,0.9267645866833744,4052,1.0,3.5784797630799603,45,1.6702869341425544,0.3277380513045349,306.9019690510767,6.688267894739064,0.049290279016495187,4052,0.005,1.0222599345425813,0.2436624307574991,False,230.3722227304006,False,False
refractory_0.8,0.25,103,iei_rounded,22.0,21.87101734005296,3,30,0.6880400181900864,2.3238328479868486,0.9090075299500469,4052,0.3872161895360316,3.5784797630799603,45,1.8757710147827726,0.21862783132823188,11.681563411115622,0.8527765395245388,0.03386862911780414,1569,0.005,0.34784619483248364,0.3841510466227011,False,31.56514943820548,False,False
refractory_0.8,0.25,103,fixed_10,10.0,21.87101734005296,1,30,0.9864170337738619,2.0408195279072903,0.9193306303551487,4052,0.9977788746298124,3.5784797630799603,45,1.583860915471563,0.3357212777723323,373.68755853013295,9.152952299447943,0.02971662349015508,4043,0.005,1.1439393120254486,0.18007376029119587,False,85.62704234345983,False,True
refractory_0.8,0.25,103,fixed_10,10.0,21.87101734005296,1,15,0.9864170337738619,1.6015415864932994,0.9815570182862041,4052,0.9691510365251728,3.5784797630799603,45,1.4888079356608852,0.3981529549302725,266.5894598907988,9.449593396244659,0.013008829484362328,3927,0.005,1.2841830882434313,0.09843145418660224,False,10.972968198766466,True,True
refractory_0.8,0.25,103,fixed_10,10.0,21.87101734005296,1,59,0.9864170337738619,2.2604592737528,0.9267645866833744,4052,1.0,3.5784797630799603,45,1.6702869341425544,0.3277380513045349,306.9019690510767,6.688267894739064,0.049290279016495187,4052,0.005,1.0222599345425813,0.2436624307574991,False,230.3722227304006,False,True
refractory_0.8,0.25,103,fixed_10,10.0,21.87101734005296,3,30,0.9864170337738619,2.3238328479868486,0.9090075299500469,4052,0.3872161895360316,3.5784797630799603,45,1.8757710147827726,0.21862783132823188,11.681563411115622,0.8527765395245388,0.03386862911780414,1569,0.005,0.34784619483248364,0.3841510466227011,False,31.56514943820548,False,False
refractory_0.8,0.25,103,selected_regression,128.0,21.87101734005296,1,30,1.3154906731549068,1.6896007706758573,0.9214740121052368,2716,0.991899852724595,5.338733431516936,60,1.2128025656405494,0.21714899128757142,-67.56896039915245,-2.4962538734502875,0.08825416629083863,2694,0.005,0.24272853540227923,0.35431238357421563,False,285.2171652052275,False,False
refractory_0.8,0.25,103,selected_mle,10.0,21.87101734005296,1,30,0.9864170337738619,2.0408195279072903,0.9193306303551487,4052,0.9977788746298124,3.5784797630799603,45,1.583860915471563,0.3357212777723323,373.68755853013295,9.152952299447943,0.02971662349015508,4043,0.005,1.1439393120254486,0.18007376029119587,False,85.62704234345983,False,True
refractory_0.8,0.25,104,iei_rounded,14.0,14.47777582572031,1,30,0.906790383804302,1.9502583444237809,0.9139044338106203,3881,0.9969080133986086,3.7392424632826593,53,1.5777794914956988,0.32195277611066986,483.6824026565011,12.147744802719219,0.01755629837553596,3869,0.005,1.2883605302750243,0.11698911823096093,False,34.85673421667707,False,True
refractory_0.8,0.25,104,iei_rounded,14.0,14.47777582572031,1,15,0.906790383804302,1.5480825394485482,0.9894751247710681,3881,0.9600618397320279,3.7392424632826593,53,1.5079856895741397,0.39894861133900794,319.441450388294,11.389302699454296,0.007246466590080436,3726,0.29,1.4287225060082163,0.03810166369378629,False,-0.15895962675313058,True,True
refractory_0.8,0.25,104,iei_rounded,14.0,14.47777582572031,1,59,0.906790383804302,2.1916651538395393,0.9209255830138309,3881,1.0,3.7392424632826593,53,1.6626015392418854,0.3112015709153263,440.9343816566743,9.46459361598746,0.0363696492168038,3881,0.005,1.1415174196625644,0.1924889613525458,False,146.46669862472118,False,True
refractory_0.8,0.25,104,iei_rounded,14.0,14.47777582572031,3,30,0.906790383804302,2.1953549870892473,0.89407712658978,3881,0.382633341922185,3.7392424632826593,53,1.767842529493512,0.1987479120725783,16.928693048667782,1.3688391035539278,0.02835570327148562,1485,0.005,0.5033893194696665,0.31376144982588383,False,20.81343795193152,False,False
refractory_0.8,0.25,104,fixed_10,10.0,14.47777582572031,1,30,0.9522900763358778,1.9502583444237809,0.9139044338106203,3881,0.9969080133986086,3.7392424632826593,53,1.5777794914956988,0.32195277611066986,483.6824026565011,12.147744802719219,0.01755629837553596,3869,0.005,1.2883605302750243,0.11698911823096093,False,34.85673421667707,False,True
refractory_0.8,0.25,104,fixed_10,10.0,14.47777582572031,1,15,0.9522900763358778,1.5480825394485482,0.9894751247710681,3881,0.9600618397320279,3.7392424632826593,53,1.5079856895741397,0.39894861133900794,319.441450388294,11.389302699454296,0.007246466590080436,3726,0.22,1.4287225060082163,0.03810166369378629,False,-0.15895962675313058,True,True
refractory_0.8,0.25,104,fixed_10,10.0,14.47777582572031,1,59,0.9522900763358778,2.1916651538395393,0.9209255830138309,3881,1.0,3.7392424632826593,53,1.6626015392418854,0.3112015709153263,440.9343816566743,9.46459361598746,0.0363696492168038,3881,0.005,1.1415174196625644,0.1924889613525458,False,146.46669862472118,False,True
refractory_0.8,0.25,104,fixed_10,10.0,14.47777582572031,3,30,0.9522900763358778,2.1953549870892473,0.89407712658978,3881,0.382633341922185,3.7392424632826593,53,1.767842529493512,0.1987479120725783,16.928693048667782,1.3688391035539278,0.02835570327148562,1485,0.005,0.5033893194696665,0.31376144982588383,False,20.81343795193152,False,False
refractory_0.8,0.25,104,selected_regression,128.0,14.47777582572031,1,30,1.0837138508371384,1.712982865199644,0.9113802383465215,2893,0.9930867611475976,5.016246111303145,53,1.2967515640294867,0.23274669587907126,87.40471105920525,2.9223312673060446,0.06586597819167683,2873,0.005,0.6059210610696117,0.2578354068405426,False,158.37722300976566,False,False
refractory_0.8,0.25,104,selected_mle,12.0,14.47777582572031,1,30,0.9984233346472211,1.9502583444237809,0.9139044338106203,3881,0.9969080133986086,3.7392424632826593,53,1.5777794914956988,0.32195277611066986,483.6824026565011,12.147744802719219,0.01755629837553596,3869,0.005,1.2883605302750243,0.11698911823096093,False,34.85673421667707,False,True
refractory_0.8,0.25,105,iei_rounded,17.0,17.115766550522647,1,30,0.8384849804092295,1.93714210514521,0.9466223420442517,3954,0.9957005563985837,3.669195751138088,55,1.6022098946760135,0.3330844664232063,497.5005259203677,11.839561650956107,0.022599819768960083,3937,0.005,1.2890547430780472,0.12789628909832207,False,41.4146517522222,False,True
refractory_0.8,0.25,105,iei_rounded,17.0,17.115766550522647,1,15,0.8384849804092295,1.5911839251129993,0.9904284830677293,3954,0.9630753667172484,3.669195751138088,55,1.5290822720736177,0.4102646651438613,312.80056243934314,11.05630824137087,0.008532405422553235,3808,0.145,1.4030550780552298,0.061027903054332845,False,2.726711197004988,True,True
refractory_0.8,0.25,105,iei_rounded,17.0,17.115766550522647,1,59,0.8384849804092295,2.1311894007145136,0.938287505170246,3954,1.0,3.669195751138088,55,1.6804791246326314,0.3181952441055712,485.49990749950206,9.91276470501044,0.040257870132005935,3954,0.005,1.1640968461573518,0.19236700720399022,False,145.0037644191907,False,True
refractory_0.8,0.25,105,iei_rounded,17.0,17.115766550522647,3,30,0.8384849804092295,2.135229724145852,0.933689649551155,3954,0.36949924127465855,3.669195751138088,55,1.8008671603708688,0.20235479568651354,29.816002886135994,2.2405583419850372,0.02621397075677412,1461,0.005,0.7165324030197113,0.2697362524235644,False,14.507378915581285,False,False
refractory_0.8,0.25,105,fixed_10,10.0,17.115766550522647,1,30,0.9061102831594635,1.93714210514521,0.9466223420442517,3954,0.9957005563985837,3.669195751138088,55,1.6022098946760135,0.3330844664232063,497.5005259203677,11.839561650956107,0.022599819768960083,3937,0.005,1.2890547430780472,0.12789628909832207,False,41.4146517522222,False,True
refractory_0.8,0.25,105,fixed_10,10.0,17.115766550522647,1,15,0.9061102831594635,1.5911839251129993,0.9904284830677293,3954,0.9630753667172484,3.669195751138088,55,1.5290822720736177,0.4102646651438613,312.80056243934314,11.05630824137087,0.008532405422553235,3808,0.115,1.4030550780552298,0.061027903054332845,False,2.726711197004988,True,True
refractory_0.8,0.25,105,fixed_10,10.0,17.115766550522647,1,59,0.9061102831594635,2.1311894007145136,0.938287505170246,3954,1.0,3.669195751138088,55,1.6804791246326314,0.3181952441055712,485.49990749950206,9.91276470501044,0.040257870132005935,3954,0.005,1.1640968461573518,0.19236700720399022,False,145.0037644191907,False,True
refractory_0.8,0.25,105,fixed_10,10.0,17.115766550522647,3,30,0.9061102831594635,2.135229724145852,0.933689649551155,3954,0.36949924127465855,3.669195751138088,55,1.8008671603708688,0.20235479568651354,29.816002886135994,2.2405583419850372,0.02621397075677412,1461,0.015,0.7165324030197113,0.2697362524235644,False,14.507378915581285,False,False
refractory_0.8,0.25,105,selected_regression,128.0,17.115766550522647,1,30,1.1329305135951662,1.7733852221429751,0.8883794940528191,2848,0.9901685393258427,5.094101123595506,56,1.2897824958524478,0.23439935829823028,38.244207903414306,1.3148373717135464,0.07345425205706513,2820,0.005,0.5219537969105414,0.2867128392752264,False,190.95492998635928,False,False
refractory_0.8,0.25,105,selected_mle,8.0,17.115766550522647,1,30,0.9299758537426699,1.93714210514521,0.9466223420442517,3954,0.9957005563985837,3.669195751138088,55,1.6022098946760135,0.3330844664232063,497.5005259203677,11.839561650956107,0.022599819768960083,3937,0.005,1.2890547430780472,0.12789628909832207,False,41.4146517522222,False,True
refractory_0.8,0.25,106,iei_rounded,14.0,14.133896366675463,1,30,0.9826418289585097,1.9238388035264704,0.9262590174948026,3866,0.9961200206932229,3.7519399896533887,41,1.5797911087630343,0.32180653891197253,494.24719387124765,11.985585902111184,0.0214664184453629,3851,0.005,1.2822716318561516,0.12041494696840588,False,36.71413250289879,False,True
refractory_0.8,0.25,106,iei_rounded,14.0,14.133896366675463,1,15,0.9826418289585097,1.6242150615516529,0.9789297800574036,3866,0.9575788929125711,3.7519399896533887,41,1.5181580187791202,0.4081344233367562,280.1076329158314,10.3254897432268,0.010448709235987508,3702,0.06,1.3623625697364465,0.07533808835771678,False,5.040582318639281,True,True
refractory_0.8,0.25,106,iei_rounded,14.0,14.133896366675463,1,59,0.9826418289585097,2.1004708902482765,0.9271506136327249,3866,1.0,3.7519399896533887,41,1.6625903809616371,0.3099668577921805,454.40054129885607,9.815141640128504,0.040287295375364074,3866,0.005,1.1403336008366143,0.19294529736293498,False,146.52636481240916,False,True
refractory_0.8,0.25,106,iei_rounded,14.0,14.133896366675463,3,30,0.9826418289585097,2.130980182338515,0.9051202634679361,3866,0.3776513191929643,3.7519399896533887,41,1.7621723116987642,0.19600074447674237,28.192059685145274,2.150907049457229,0.022966111524711397,1460,0.01,0.6837781593558228,0.2671634057139845,False,14.496847415781303,False,False
refractory_0.8,0.25,106,fixed_10,10.0,14.133896366675463,1,30,0.936562860438293,1.9238388035264704,0.9262590174948026,3866,0.9961200206932229,3.7519399896533887,41,1.5797911087630343,0.32180653891197253,494.24719387124765,11.985585902111184,0.0214664184453629,3851,0.005,1.2822716318561516,0.12041494696840588,False,36.71413250289879,False,True
refractory_0.8,0.25,106,fixed_10,10.0,14.133896366675463,1,15,0.936562860438293,1.6242150615516529,0.9789297800574036,3866,0.9575788929125711,3.7519399896533887,41,1.5181580187791202,0.4081344233367562,280.1076329158314,10.3254897432268,0.010448709235987508,3702,0.03,1.3623625697364465,0.07533808835771678,False,5.040582318639281,True,True
refractory_0.8,0.25,106,fixed_10,10.0,14.133896366675463,1,59,0.936562860438293,2.1004708902482765,0.9271506136327249,3866,1.0,3.7519399896533887,41,1.6625903809616371,0.3099668577921805,454.40054129885607,9.815141640128504,0.040287295375364074,3866,0.005,1.1403336008366143,0.19294529736293498,False,146.52636481240916,False,True
refractory_0.8,0.25,106,fixed_10,10.0,14.133896366675463,3,30,0.936562860438293,2.130980182338515,0.9051202634679361,3866,0.3776513191929643,3.7519399896533887,41,1.7621723116987642,0.19600074447674237,28.192059685145274,2.150907049457229,0.022966111524711397,1460,0.005,0.6837781593558228,0.2671634057139845,False,14.496847415781303,False,False
refractory_0.8,0.25,106,selected_regression,128.0,14.133896366675463,1,30,1.1005291005291005,1.7052119163314257,0.9129255372277872,2868,0.9909344490934449,5.057531380753138,59,1.3009428240155732,0.2337853337993096,91.76989333960906,3.007111628073088,0.058292742424376154,2842,0.005,0.6320180766122008,0.2498232306994803,False,147.03844755375576,False,True
refractory_0.8,0.25,106,selected_mle,14.0,14.133896366675463,1,30,0.9826418289585097,1.9238388035264704,0.9262590174948026,3866,0.9961200206932229,3.7519399896533887,41,1.5797911087630343,0.32180653891197253,494.24719387124765,11.985585902111184,0.0214664184453629,3851,0.005,1.2822716318561516,0.12041494696840588,False,36.71413250289879,False,True
refractory_0.8,0.25,107,iei_rounded,14.0,13.98565898293155,1,30,0.909206081081081,1.8566702624330325,0.9491659175033337,3857,0.9958516982110448,3.7593984962406015,47,1.5792587669669391,0.32278559144937624,478.53844037425785,11.618153778847491,0.021878502167478442,3841,0.005,1.2858488241627153,0.11869630215194629,False,35.573759976827205,False,True
refractory_0.8,0.25,107,iei_rounded,14.0,13.98565898293155,1,15,0.909206081081081,1.6272052739999792,0.9629225443185094,3857,0.9600725952813067,3.7593984962406015,47,1.508292712734585,0.40218094900268864,291.8135665071657,10.908855264131622,0.011721166393752425,3703,0.015,1.407158677099225,0.0486655568693145,False,0.9777715282216377,True,True
refractory_0.8,0.25,107,iei_rounded,14.0,13.98565898293155,1,59,0.909206081081081,2.0410033988727547,0.9282217730681145,3857,1.0,3.7593984962406015,47,1.6612316233493924,0.3092461826052769,453.04242298103816,9.496855117721923,0.03557890222499943,3857,0.005,1.1474758657638475,0.18950381871267377,False,141.75387365828828,False,True
refractory_0.8,0.25,107,iei_rounded,14.0,13.98565898293155,3,30,0.909206081081081,2.032393688004849,0.9330510411881431,3857,0.3787918071039668,3.7593984962406015,47,1.7493835749167221,0.1973813444790779,5.246043493152708,0.4019082425902803,0.040231711888086275,1461,0.005,0.1140942547341068,0.4057912711394537,False,34.99012514563947,False,False
refractory_0.8,0.25,107,fixed_10,10.0,13.98565898293155,1,30,0.8729846637829335,1.8566702624330325,0.9491659175033337,3857,0.9958516982110448,3.7593984962406015,47,1.5792587669669391,0.32278559144937624,478.53844037425785,11.618153778847491,0.021878502167478442,3841,0.005,1.2858488241627153,0.11869630215194629,False,35.573759976827205,False,True
refractory_0.8,0.25,107,fixed_10,10.0,13.98565898293155,1,15,0.8729846637829335,1.6272052739999792,0.9629225443185094,3857,0.9600725952813067,3.7593984962406015,47,1.508292712734585,0.40218094900268864,291.8135665071657,10.908855264131622,0.011721166393752425,3703,0.02,1.407158677099225,0.0486655568693145,False,0.9777715282216377,True,True
refractory_0.8,0.25,107,fixed_10,10.0,13.98565898293155,1,59,0.8729846637829335,2.0410033988727547,0.9282217730681145,3857,1.0,3.7593984962406015,47,1.6612316233493924,0.3092461826052769,453.04242298103816,9.496855117721923,0.03557890222499943,3857,0.005,1.1474758657638475,0.18950381871267377,False,141.75387365828828,False,True
refractory_0.8,0.25,107,fixed_10,10.0,13.98565898293155,3,30,0.8729846637829335,2.032393688004849,0.9330510411881431,3857,0.3787918071039668,3.7593984962406015,47,1.7493835749167221,0.1973813444790779,5.246043493152708,0.4019082425902803,0.040231711888086275,1461,0.005,0.1140942547341068,0.4057912711394537,False,34.99012514563947,False,False
refractory_0.8,0.25,107,selected_regression,128.0,13.98565898293155,1,30,0.9882266372332598,1.7174202953125068,0.9382503221178707,2923,0.9907629148135477,4.960656859391037,47,1.3187757859458085,0.23986737890504922,97.89480703604596,3.1679656659922624,0.05832666271209552,2896,0.005,0.6590119062540473,0.2479246498391832,False,145.6734146073104,False,True
refractory_0.8,0.25,107,selected_mle,8.0,13.98565898293155,1,30,0.9808917197452229,1.8566702624330325,0.9491659175033337,3857,0.9958516982110448,3.7593984962406015,47,1.5792587669669391,0.32278559144937624,478.53844037425785,11.618153778847491,0.021878502167478442,3841,0.005,1.2858488241627153,0.11869630215194629,False,35.573759976827205,False,True
refractory_0.8,0.25,108,iei_rounded,23.0,23.48828690689156,1,30,0.6592689295039165,2.070263338600138,0.9129949124861125,4108,0.9973222979552093,3.523612463485881,44,1.6180900078930396,0.34348987398619635,485.65136588345996,11.61660810155579,0.021852568379408077,4097,0.005,1.2956088043758096,0.13254658357700663,False,45.56366974630146,False,False
refractory_0.8,0.25,108,iei_rounded,23.0,23.48828690689156,1,15,0.6592689295039165,1.5998742103262393,0.9862312654470878,4108,0.9681110029211295,3.523612463485881,44,1.5367225941443845,0.41184957427076085,343.9066809139573,11.958312919431325,0.006485735495573519,3977,0.42,1.4586446437377292,0.03779773224547178,False,-0.10829921722324798,False,False
refractory_0.8,0.25,108,iei_rounded,23.0,23.48828690689156,1,59,0.6592689295039165,2.2423027146529244,0.9258512093207104,4108,1.0,3.523612463485881,44,1.6986520242446748,0.3337953205452341,438.34540399899004,9.313719550601142,0.037359868457951806,4108,0.005,1.16233448271748,0.20208326739377497,False,160.12929267200707,False,False
refractory_0.8,0.25,108,iei_rounded,23.0,23.48828690689156,3,30,0.6592689295039165,2.3403230042974075,0.8964665403332768,4108,0.36587147030185,3.523612463485881,44,1.8196090133718332,0.20983631127927538,3.2563345365437835,0.24655714014573882,0.034190315423368145,1503,0.005,0.18919423765662355,0.4076700133170365,False,35.06592224178985,False,False
refractory_0.8,0.25,108,fixed_10,10.0,23.48828690689156,1,30,0.8659644024700327,2.070263338600138,0.9129949124861125,4108,0.9973222979552093,3.523612463485881,44,1.6180900078930396,0.34348987398619635,485.65136588345996,11.61660810155579,0.021852568379408077,4097,0.005,1.2956088043758096,0.13254658357700663,False,45.56366974630146,False,True
refractory_0.8,0.25,108,fixed_10,10.0,23.48828690689156,1,15,0.8659644024700327,1.5998742103262393,0.9862312654470878,4108,0.9681110029211295,3.523612463485881,44,1.5367225941443845,0.41184957427076085,343.9066809139573,11.958312919431325,0.006485735495573519,3977,0.315,1.4586446437377292,0.03779773224547178,False,-0.10829921722324798,True,True
refractory_0.8,0.25,108,fixed_10,10.0,23.48828690689156,1,59,0.8659644024700327,2.2423027146529244,0.9258512093207104,4108,1.0,3.523612463485881,44,1.6986520242446748,0.3337953205452341,438.34540399899004,9.313719550601142,0.037359868457951806,4108,0.005,1.16233448271748,0.20208326739377497,False,160.12929267200707,False,True
refractory_0.8,0.25,108,fixed_10,10.0,23.48828690689156,3,30,0.8659644024700327,2.3403230042974075,0.8964665403332768,4108,0.36587147030185,3.523612463485881,44,1.8196090133718332,0.20983631127927538,3.2563345365437835,0.24655714014573882,0.034190315423368145,1503,0.005,0.18919423765662355,0.4076700133170365,False,35.06592224178985,False,False
refractory_0.8,0.25,108,selected_regression,128.0,23.48828690689156,1,30,1.3811379579111458,1.7062041292925205,0.90125375835415,2692,0.9914561664190193,5.377043090638931,68,1.219268618292963,0.21789025228740877,-50.88657420949788,-1.8996759093674018,0.09264011634331151,2669,0.005,0.2724900665717866,0.3464078103944795,False,269.9382397092213,False,False
refractory_0.8,0.25,108,selected_mle,8.0,23.48828690689156,1,30,0.9414650098103335,2.070263338600138,0.9129949124861125,4108,0.9973222979552093,3.523612463485881,44,1.6180900078930396,0.34348987398619635,485.65136588345996,11.61660810155579,0.021852568379408077,4097,0.005,1.2956088043758096,0.13254658357700663,False,45.56366974630146,False,True
refractory_0.8,0.25,109,iei_rounded,15.0,15.258608573436401,1,30,0.8992744344857021,1.9897736803538089,0.9260313532146756,3904,0.9951331967213115,3.710297131147541,44,1.5962415447966283,0.32985858344479757,495.21975025250657,12.217047499646688,0.019209045068446784,3885,0.005,1.3119157994374908,0.115641995484737,False,33.48166066587328,False,True
refractory_0.8,0.25,109,iei_rounded,15.0,15.258608573436401,1,15,0.8992744344857021,1.58365359761609,0.9899142355657283,3904,0.9608094262295082,3.710297131147541,44,1.5254813919821633,0.40654750057117295,325.14392633619366,11.809692847434574,0.005500560167762569,3751,0.615,1.4528503680670062,0.035054475174602834,False,-0.4510678237220418,True,True
refractory_0.8,0.25,109,iei_rounded,15.0,15.258608573436401,1,59,0.8992744344857021,2.121829508221545,0.9334941876993255,3904,1.0,3.710297131147541,44,1.6740005426320845,0.3140536386597106,486.08425586963335,10.253348040996817,0.03616541939042328,3904,0.005,1.180949537536243,0.18261649082708753,False,131.4815929484048,False,True
refractory_0.8,0.25,109,iei_rounded,15.0,15.258608573436401,3,30,0.8992744344857021,2.2266065781104825,0.9100512998420613,3904,0.367827868852459,3.710297131147541,44,1.7487209166076436,0.19760581997425875,3.0157521565630185,0.2405241236121952,0.03442306415694146,1436,0.005,0.19014859407437465,0.3865678307235391,False,31.169977493050283,False,False
refractory_0.8,0.25,109,fixed_10,10.0,15.258608573436401,1,30,0.9635063957863055,1.9897736803538089,0.9260313532146756,3904,0.9951331967213115,3.710297131147541,44,1.5962415447966283,0.32985858344479757,495.21975025250657,12.217047499646688,0.019209045068446784,3885,0.005,1.3119157994374908,0.115641995484737,False,33.48166066587328,False,True
refractory_0.8,0.25,109,fixed_10,10.0,15.258608573436401,1,15,0.9635063957863055,1.58365359761609,0.9899142355657283,3904,0.9608094262295082,3.710297131147541,44,1.5254813919821633,0.40654750057117295,325.14392633619366,11.809692847434574,0.005500560167762569,3751,0.63,1.4528503680670062,0.035054475174602834,False,-0.4510678237220418,True,True
refractory_0.8,0.25,109,fixed_10,10.0,15.258608573436401,1,59,0.9635063957863055,2.121829508221545,0.9334941876993255,3904,1.0,3.710297131147541,44,1.6740005426320845,0.3140536386597106,486.08425586963335,10.253348040996817,0.03616541939042328,3904,0.005,1.180949537536243,0.18261649082708753,False,131.4815929484048,False,True
refractory_0.8,0.25,109,fixed_10,10.0,15.258608573436401,3,30,0.9635063957863055,2.2266065781104825,0.9100512998420613,3904,0.367827868852459,3.710297131147541,44,1.7487209166076436,0.19760581997425875,3.0157521565630185,0.2405241236121952,0.03442306415694146,1436,0.005,0.19014859407437465,0.3865678307235391,False,31.169977493050283,False,False
refractory_0.8,0.25,109,selected_regression,128.0,15.258608573436401,1,30,1.1360902255639098,1.773356411789097,0.897395920139411,2873,0.9902540898016011,5.041768186564567,55,1.296305490174424,0.23671215905115495,38.95137431945209,1.309163508264868,0.07048619538138379,2845,0.005,0.5299288689051327,0.28685645436238233,False,191.89018794135336,False,False
refractory_0.8,0.25,109,selected_mle,12.0,15.258608573436401,1,30,0.9731678013616339,1.9897736803538089,0.9260313532146756,3904,0.9951331967213115,3.710297131147541,44,1.5962415447966283,0.32985858344479757,495.21975025250657,12.217047499646688,0.019209045068446784,3885,0.005,1.3119157994374908,0.115641995484737,False,33.48166066587328,False,True
refractory_0.8,0.25,110,iei_rounded,17.0,16.775023998603718,1,30,0.9495254529767041,1.9898141109566778,0.9421973266854999,3941,0.9972088302461304,3.6774930220756152,48,1.5811042537160471,0.3267732296726833,452.44404680950265,11.303778281544945,0.022942487736244355,3930,0.005,1.2490165131813267,0.13478560586146146,False,47.06156369726705,False,True
refractory_0.8,0.25,110,iei_rounded,17.0,16.775023998603718,1,15,0.9495254529767041,1.5469902573629566,0.9945191874919033,3941,0.9639685359045927,3.6774930220756152,48,1.4998064521890715,0.3958426781750799,320.45214463390386,11.600400494579995,0.0068378730802840515,3799,0.395,1.411070474539032,0.04258675188810982,False,0.357421371007149,True,True
refractory_0.8,0.25,110,iei_rounded,17.0,16.775023998603718,1,59,0.9495254529767041,2.1917666842792993,0.9358974176774709,3941,1.0,3.6774930220756152,48,1.666411286735963,0.31735031456798324,397.60929752104994,8.705045657401007,0.04229150395542053,3941,0.005,1.1083568477814625,0.20736507715299096,False,169.23764444387234,False,True
refractory_0.8,0.25,110,iei_rounded,17.0,16.775023998603718,3,30,0.9495254529767041,2.23314251367731,0.9358542088855645,3941,0.37630043136259833,3.6774930220756152,48,1.7615346474339457,0.2004938788607592,-1.5208970606584282,-0.1191205891263765,0.035284209593434035,1483,0.005,0.13185388780219254,0.40492012909887254,False,35.175518853476206,False,False
refractory_0.8,0.25,110,fixed_10,10.0,16.775023998603718,1,30,0.9853603603603603,1.9898141109566778,0.9421973266854999,3941,0.9972088302461304,3.6774930220756152,48,1.5811042537160471,0.3267732296726833,452.44404680950265,11.303778281544945,0.022942487736244355,3930,0.005,1.2490165131813267,0.13478560586146146,False,47.06156369726705,False,True
refractory_0.8,0.25,110,fixed_10,10.0,16.775023998603718,1,15,0.9853603603603603,1.5469902573629566,0.9945191874919033,3941,0.9639685359045927,3.6774930220756152,48,1.4998064521890715,0.3958426781750799,320.45214463390386,11.600400494579995,0.0068378730802840515,3799,0.41,1.411070474539032,0.04258675188810982,False,0.357421371007149,True,True
refractory_0.8,0.25,110,fixed_10,10.0,16.775023998603718,1,59,0.9853603603603603,2.1917666842792993,0.9358974176774709,3941,1.0,3.6774930220756152,48,1.666411286735963,0.31735031456798324,397.60929752104994,8.705045657401007,0.04229150395542053,3941,0.005,1.1083568477814625,0.20736507715299096,False,169.23764444387234,False,True
refractory_0.8,0.25,110,fixed_10,10.0,16.775023998603718,3,30,0.9853603603603603,2.23314251367731,0.9358542088855645,3941,0.37630043136259833,3.6774930220756152,48,1.7615346474339457,0.2004938788607592,-1.5208970606584282,-0.1191205891263765,0.035284209593434035,1483,0.005,0.13185388780219254,0.40492012909887254,False,35.175518853476206,False,False
refractory_0.8,0.25,110,selected_regression,128.0,16.775023998603718,1,30,1.188235294117647,1.7367419461285472,0.917874954533302,2863,0.9923157527069507,5.0621725462801255,70,1.2706290710920936,0.23156369940407556,-7.497109370398433,-0.2678435268382318,0.07433252026516479,2841,0.005,0.44140301839811147,0.3081413737599058,False,223.32998095111543,False,False
refractory_0.8,0.25,110,selected_mle,10.0,16.775023998603718,1,30,0.9853603603603603,1.9898141109566778,0.9421973266854999,3941,0.9972088302461304,3.6774930220756152,48,1.5811042537160471,0.3267732296726833,452.44404680950265,11.303778281544945,0.022942487736244355,3930,0.005,1.2490165131813267,0.13478560586146146,False,47.06156369726705,False,True
refractory_0.8,0.25,111,iei_rounded,18.0,18.21059027777778,1,30,0.8550851156700131,1.9641449092479628,0.9378070964341508,3970,0.9952141057934509,3.6503778337531485,65,1.6014135056103296,0.3383005883944237,434.23922817399114,10.55575863505217,0.026210602814164263,3951,0.005,1.2351604817868953,0.15010347196120094,False,57.34424818034313,False,True
refractory_0.8,0.25,111,iei_rounded,18.0,18.21059027777778,1,15,0.8550851156700131,1.5776711366760479,0.9872736079913783,3970,0.9677581863979848,3.6503778337531485,65,1.5095895191636597,0.40137425812149274,314.8012702709475,11.373705546051491,0.008414448712373623,3842,0.155,1.4010890127395983,0.052244169293604426,False,1.5544851961349195,True,True
refractory_0.8,0.25,111,iei_rounded,18.0,18.21059027777778,1,59,0.8550851156700131,2.1272025636872334,0.9307007175159236,3970,0.9997481108312343,3.6503778337531485,65,1.6790605100862184,0.32173418006801924,434.0362535095652,8.786669697588739,0.04369865340527518,3969,0.005,1.12578648415567,0.20680277736950908,False,166.29644423071477,False,True
refractory_0.8,0.25,111,iei_rounded,18.0,18.21059027777778,3,30,0.8550851156700131,2.1773648243787562,0.9216316506162336,3970,0.36574307304785897,3.6503778337531485,65,1.7883188989640626,0.20622837547100564,-8.555719072098215,-0.654207528313748,0.04132978420888056,1452,0.005,-0.13090226430210694,0.47903003937127864,False,47.27717314296842,False,False
refractory_0.8,0.25,111,fixed_10,10.0,18.21059027777778,1,30,0.9643387815750372,1.9641449092479628,0.9378070964341508,3970,0.9952141057934509,3.6503778337531485,65,1.6014135056103296,0.3383005883944237,434.23922817399114,10.55575863505217,0.026210602814164263,3951,0.005,1.2351604817868953,0.15010347196120094,False,57.34424818034313,False,True
refractory_0.8,0.25,111,fixed_10,10.0,18.21059027777778,1,15,0.9643387815750372,1.5776711366760479,0.9872736079913783,3970,0.9677581863979848,3.6503778337531485,65,1.5095895191636597,0.40137425812149274,314.8012702709475,11.373705546051491,0.008414448712373623,3842,0.16,1.4010890127395983,0.052244169293604426,False,1.5544851961349195,True,True
refractory_0.8,0.25,111,fixed_10,10.0,18.21059027777778,1,59,0.9643387815750372,2.1272025636872334,0.9307007175159236,3970,0.9997481108312343,3.6503778337531485,65,1.6790605100862184,0.32173418006801924,434.0362535095652,8.786669697588739,0.04369865340527518,3969,0.005,1.12578648415567,0.20680277736950908,False,166.29644423071477,False,True
refractory_0.8,0.25,111,fixed_10,10.0,18.21059027777778,3,30,0.9643387815750372,2.1773648243787562,0.9216316506162336,3970,0.36574307304785897,3.6503778337531485,65,1.7883188989640626,0.20622837547100564,-8.555719072098215,-0.654207528313748,0.04132978420888056,1452,0.005,-0.13090226430210694,0.47903003937127864,False,47.27717314296842,False,False
refractory_0.8,0.25,111,selected_regression,128.0,18.21059027777778,1,30,1.1821011673151751,1.7623290185547322,0.8968969659690934,2813,0.9900462140063989,5.1517952364024175,65,1.268736858114659,0.2314157508573242,-13.280992339740557,-0.45996188098980034,0.08304491019402155,2785,0.005,0.3915607808695326,0.32631709718845736,False,243.80242902196733,False,False
refractory_0.8,0.25,111,selected_mle,10.0,18.21059027777778,1,30,0.9643387815750372,1.9641449092479628,0.9378070964341508,3970,0.9952141057934509,3.6503778337531485,65,1.6014135056103296,0.3383005883944237,434.23922817399114,10.55575863505217,0.026210602814164263,3951,0.005,1.2351604817868953,0.15010347196120094,False,57.34424818034313,False,True
refractory_0.8,0.25,112,iei_rounded,18.0,18.01166840822013,1,30,0.8206568712186689,2.029119786804292,0.91937734163502,3979,0.9962302085951245,3.6373460668509674,50,1.5982112551431609,0.3351193091922041,454.55215471738154,10.998789280696549,0.02381266708759444,3964,0.005,1.2649626628142083,0.13610033179422762,False,47.497577437950895,False,True
refractory_0.8,0.25,112,iei_rounded,18.0,18.01166840822013,1,15,0.8206568712186689,1.6292237904219347,0.9807390031842269,3979,0.9643126413671776,3.6373460668509674,50,1.5196326594209513,0.4077695524039656,299.217649908346,10.858176629806916,0.00884385434353363,3837,0.15,1.404539923638906,0.05557370679563925,False,1.9831499954616447,True,True
refractory_0.8,0.25,112,iei_rounded,18.0,18.01166840822013,1,59,0.8206568712186689,2.187102683424704,0.9325524664276457,3979,1.0,3.6373460668509674,50,1.678397274350191,0.32148114378943893,433.64703909797197,8.910813705284047,0.036537304259603776,3979,0.005,1.1398106646181891,0.20091956808219424,False,158.42957205187486,False,True
refractory_0.8,0.25,112,iei_rounded,18.0,18.01166840822013,3,30,0.8206568712186689,2.2936339817472073,0.905642732519855,3979,0.37647650163357627,3.6373460668509674,50,1.8139576931746664,0.20885822755007133,3.140543085241167,0.23658094807796443,0.03564019876259883,1498,0.005,0.11925251434995103,0.42364224351801394,False,37.83819862987457,False,False
refractory_0.8,0.25,112,fixed_10,10.0,18.01166840822013,1,30,0.9066967644845748,2.029119786804292,0.91937734163502,3979,0.9962302085951245,3.6373460668509674,50,1.5982112551431609,0.3351193091922041,454.55215471738154,10.998789280696549,0.02381266708759444,3964,0.005,1.2649626628142083,0.13610033179422762,False,47.497577437950895,False,True
refractory_0.8,0.25,112,fixed_10,10.0,18.01166840822013,1,15,0.9066967644845748,1.6292237904219347,0.9807390031842269,3979,0.9643126413671776,3.6373460668509674,50,1.5196326594209513,0.4077695524039656,299.217649908346,10.858176629806916,0.00884385434353363,3837,0.095,1.404539923638906,0.05557370679563925,False,1.9831499954616447,True,True
refractory_0.8,0.25,112,fixed_10,10.0,18.01166840822013,1,59,0.9066967644845748,2.187102683424704,0.9325524664276457,3979,1.0,3.6373460668509674,50,1.678397274350191,0.32148114378943893,433.64703909797197,8.910813705284047,0.036537304259603776,3979,0.005,1.1398106646181891,0.20091956808219424,False,158.42957205187486,False,True
refractory_0.8,0.25,112,fixed_10,10.0,18.01166840822013,3,30,0.9066967644845748,2.2936339817472073,0.905642732519855,3979,0.37647650163357627,3.6373460668509674,50,1.8139576931746664,0.20885822755007133,3.140543085241167,0.23658094807796443,0.03564019876259883,1498,0.005,0.11925251434995103,0.42364224351801394,False,37.83819862987457,False,False
refractory_0.8,0.25,112,selected_regression,128.0,18.01166840822013,1,30,1.2161955691367456,1.6852379497077705,0.9293958275665466,2832,0.993997175141243,5.110522598870056,53,1.2562044861468653,0.22590685841747932,-0.1751301815524382,-0.006011705297375333,0.07741523434655606,2815,0.005,0.4215954170816793,0.30851093258459855,False,224.08294898478744,False,False
refractory_0.8,0.25,112,selected_mle,8.0,18.01166840822013,1,30,0.9498454139470972,2.029119786804292,0.91937734163502,3979,0.9962302085951245,3.6373460668509674,50,1.5982112551431609,0.3351193091922041,454.55215471738154,10.998789280696549,0.02381266708759444,3964,0.005,1.2649626628142083,0.13610033179422762,False,47.497577437950895,False,True
refractory_0.8,0.25,113,iei_rounded,23.0,22.58610400682012,1,30,0.7175805047867712,1.9744950532429217,0.9460090989026052,4079,0.9963226280951214,3.5552831576366755,42,1.6202997108529988,0.3430349226962095,499.75016743520166,11.55022654550162,0.022106163647656496,4064,0.005,1.2996110348217071,0.13189761307795844,False,44.62169535870635,False,False
refractory_0.8,0.25,113,iei_rounded,23.0,22.58610400682012,1,15,0.7175805047867712,1.6382905502599507,0.9865196581222428,4079,0.9661681784751165,3.5552831576366755,42,1.5448399675570297,0.41865982097829535,314.79748364908687,10.981904941974468,0.00907799333075232,3941,0.065,1.4188196149669765,0.061266494181001614,False,2.869124204848049,False,False
refractory_0.8,0.25,113,iei_rounded,23.0,22.58610400682012,1,59,0.7175805047867712,2.1401817273543537,0.9427502816457225,4079,1.0,3.5552831576366755,42,1.697894792568638,0.3302716458119761,472.84473818331554,9.72447864578941,0.03642471219718174,4079,0.005,1.1743311287972198,0.19691678045309102,False,151.9020195203302,False,False
refractory_0.8,0.25,113,iei_rounded,23.0,22.58610400682012,3,30,0.7175805047867712,2.1897685267749645,0.9354396512019376,4079,0.36871782299583233,3.5552831576366755,42,1.8502443344765584,0.21141569099888285,27.927400450091866,2.01398243055234,0.0280664044929958,1504,0.005,0.6048742223818119,0.31171189862440196,False,19.896643449285875,False,False
refractory_0.8,0.25,113,fixed_10,10.0,22.58610400682012,1,30,0.9220035778175313,1.9744950532429217,0.9460090989026052,4079,0.9963226280951214,3.5552831576366755,42,1.6202997108529988,0.3430349226962095,499.75016743520166,11.55022654550162,0.022106163647656496,4064,0.005,1.2996110348217071,0.13189761307795844,False,44.62169535870635,False,True
refractory_0.8,0.25,113,fixed_10,10.0,22.58610400682012,1,15,0.9220035778175313,1.6382905502599507,0.9865196581222428,4079,0.9661681784751165,3.5552831576366755,42,1.5448399675570297,0.41865982097829535,314.79748364908687,10.981904941974468,0.00907799333075232,3941,0.08,1.4188196149669765,0.061266494181001614,False,2.869124204848049,True,True
refractory_0.8,0.25,113,fixed_10,10.0,22.58610400682012,1,59,0.9220035778175313,2.1401817273543537,0.9427502816457225,4079,1.0,3.5552831576366755,42,1.697894792568638,0.3302716458119761,472.84473818331554,9.72447864578941,0.03642471219718174,4079,0.005,1.1743311287972198,0.19691678045309102,False,151.9020195203302,False,True
refractory_0.8,0.25,113,fixed_10,10.0,22.58610400682012,3,30,0.9220035778175313,2.1897685267749645,0.9354396512019376,4079,0.36871782299583233,3.5552831576366755,42,1.8502443344765584,0.21141569099888285,27.927400450091866,2.01398243055234,0.0280664044929958,1504,0.005,0.6048742223818119,0.31171189862440196,False,19.896643449285875,False,False
refractory_0.8,0.25,113,selected_regression,10.0,22.58610400682012,1,30,0.9220035778175313,1.9744950532429217,0.9460090989026052,4079,0.9963226280951214,3.5552831576366755,42,1.6202997108529988,0.3430349226962095,499.75016743520166,11.55022654550162,0.022106163647656496,4064,0.005,1.2996110348217071,0.13189761307795844,False,44.62169535870635,False,True
refractory_0.8,0.25,113,selected_mle,10.0,22.58610400682012,1,30,0.9220035778175313,1.9744950532429217,0.9460090989026052,4079,0.9963226280951214,3.5552831576366755,42,1.6202997108529988,0.3430349226962095,499.75016743520166,11.55022654550162,0.022106163647656496,4064,0.005,1.2996110348217071,0.13189761307795844,False,44.62169535870635,False,True
refractory_0.8,0.25,114,iei_rounded,24.0,24.45621181262729,1,30,0.7235915492957746,2.0765148000988884,0.9304227691606215,4135,0.9958887545344619,3.502055622732769,58,1.6279124250689687,0.3524336581355684,440.7995212945988,10.441798735597962,0.03163585062089386,4118,0.005,1.2222718187199544,0.1683564089318289,False,72.75525666504836,False,False
refractory_0.8,0.25,114,iei_rounded,24.0,24.45621181262729,1,15,0.7235915492957746,1.6302390214973657,0.9913364871466659,4135,0.9680773881499395,3.502055622732769,58,1.5451791842182114,0.42158377020553817,295.7216038582929,10.051722629582896,0.015757718914039598,4003,0.005,1.3335880845002623,0.10329353050746252,False,11.92005599373806,False,False
refractory_0.8,0.25,114,iei_rounded,24.0,24.45621181262729,1,59,0.7235915492957746,2.1273009661951026,0.93639710993123,4135,1.0,3.502055622732769,58,1.7030089385791758,0.3362374574461334,442.2187812587911,8.756836808870284,0.04841655444794013,4135,0.005,1.1258454213673723,0.21897947214336985,False,184.814136596131,False,False
refractory_0.8,0.25,114,iei_rounded,24.0,24.45621181262729,3,30,0.7235915492957746,2.3351169841398436,0.9194818448477726,4135,0.3615477629987908,3.502055622732769,58,1.8900495976844613,0.21844370757049897,28.45146575836276,2.092282656264171,0.026913831020035806,1495,0.005,0.7529562651951249,0.2856301274195138,False,16.019739482583645,False,False
refractory_0.8,0.25,114,fixed_10,10.0,24.45621181262729,1,30,0.9048640915593705,2.0765148000988884,0.9304227691606215,4135,0.9958887545344619,3.502055622732769,58,1.6279124250689687,0.3524336581355684,440.7995212945988,10.441798735597962,0.03163585062089386,4118,0.005,1.2222718187199544,0.1683564089318289,False,72.75525666504836,False,True
refractory_0.8,0.25,114,fixed_10,10.0,24.45621181262729,1,15,0.9048640915593705,1.6302390214973657,0.9913364871466659,4135,0.9680773881499395,3.502055622732769,58,1.5451791842182114,0.42158377020553817,295.7216038582929,10.051722629582896,0.015757718914039598,4003,0.005,1.3335880845002623,0.10329353050746252,False,11.92005599373806,True,True
refractory_0.8,0.25,114,fixed_10,10.0,24.45621181262729,1,59,0.9048640915593705,2.1273009661951026,0.93639710993123,4135,1.0,3.502055622732769,58,1.7030089385791758,0.3362374574461334,442.2187812587911,8.756836808870284,0.04841655444794013,4135,0.005,1.1258454213673723,0.21897947214336985,False,184.814136596131,False,False
refractory_0.8,0.25,114,fixed_10,10.0,24.45621181262729,3,30,0.9048640915593705,2.3351169841398436,0.9194818448477726,4135,0.3615477629987908,3.502055622732769,58,1.8900495976844613,0.21844370757049897,28.45146575836276,2.092282656264171,0.026913831020035806,1495,0.02,0.7529562651951249,0.2856301274195138,False,16.019739482583645,False,False
refractory_0.8,0.25,114,selected_regression,12.0,24.45621181262729,1,30,0.9454613373178932,2.0765148000988884,0.9304227691606215,4135,0.9958887545344619,3.502055622732769,58,1.6279124250689687,0.3524336581355684,440.7995212945988,10.441798735597962,0.03163585062089386,4118,0.005,1.2222718187199544,0.1683564089318289,False,72.75525666504836,False,True
refractory_0.8,0.25,114,selected_mle,12.0,24.45621181262729,1,30,0.9454613373178932,2.0765148000988884,0.9304227691606215,4135,0.9958887545344619,3.502055622732769,58,1.6279124250689687,0.3524336581355684,440.7995212945988,10.441798735597962,0.03163585062089386,4118,0.005,1.2222718187199544,0.1683564089318289,False,72.75525666504836,False,True
refractory_0.8,0.25,115,iei_rounded,21.0,21.372661747039643,1,30,0.7551903114186851,1.9403541207424186,0.9452446451250758,4050,0.997037037037037,3.576296296296296,47,1.6159717560279905,0.33893423461513983,519.7468713799568,12.043721997485934,0.01950106793006623,4038,0.005,1.3135254215462315,0.12403754818082673,False,39.34058626357,False,False
refractory_0.8,0.25,115,iei_rounded,21.0,21.372661747039643,1,15,0.7551903114186851,1.6247790712516152,0.9937279652019666,4050,0.9639506172839506,3.576296296296296,47,1.5487476444065376,0.42023518754956823,314.08682150023986,10.881181513512436,0.00997890793734002,3904,0.07,1.4143863061011457,0.06541150714761898,False,3.476041848456589,False,False
refractory_0.8,0.25,115,iei_rounded,21.0,21.372661747039643,1,59,0.7551903114186851,2.1661268942543557,0.9337189995686063,4050,1.0,3.576296296296296,47,1.6959012439497645,0.3279748620334946,483.62781883493477,9.90886761246832,0.03746424315937169,4050,0.005,1.179315277655223,0.19394404530404233,False,147.17228700775013,False,False
refractory_0.8,0.25,115,iei_rounded,21.0,21.372661747039643,3,30,0.7551903114186851,2.135907585657772,0.930809585063029,4050,0.3676543209876543,3.576296296296296,47,1.8257452591287713,0.206206616879277,33.39380849443033,2.4424543626157202,0.02772390983107753,1489,0.005,0.7424393968496298,0.2701850313603243,False,14.670852840490625,False,False
refractory_0.8,0.25,115,fixed_10,10.0,21.372661747039643,1,30,0.9119971264367817,1.9403541207424186,0.9452446451250758,4050,0.997037037037037,3.576296296296296,47,1.6159717560279905,0.33893423461513983,519.7468713799568,12.043721997485934,0.01950106793006623,4038,0.005,1.3135254215462315,0.12403754818082673,False,39.34058626357,False,True
refractory_0.8,0.25,115,fixed_10,10.0,21.372661747039643,1,15,0.9119971264367817,1.6247790712516152,0.9937279652019666,4050,0.9639506172839506,3.576296296296296,47,1.5487476444065376,0.42023518754956823,314.08682150023986,10.881181513512436,0.00997890793734002,3904,0.055,1.4143863061011457,0.06541150714761898,False,3.476041848456589,True,True
refractory_0.8,0.25,115,fixed_10,10.0,21.372661747039643,1,59,0.9119971264367817,2.1661268942543557,0.9337189995686063,4050,1.0,3.576296296296296,47,1.6959012439497645,0.3279748620334946,483.62781883493477,9.90886761246832,0.03746424315937169,4050,0.005,1.179315277655223,0.19394404530404233,False,147.17228700775013,False,True
refractory_0.8,0.25,115,fixed_10,10.0,21.372661747039643,3,30,0.9119971264367817,2.135907585657772,0.930809585063029,4050,0.3676543209876543,3.576296296296296,47,1.8257452591287713,0.206206616879277,33.39380849443033,2.4424543626157202,0.02772390983107753,1489,0.005,0.7424393968496298,0.2701850313603243,False,14.670852840490625,False,False
refractory_0.8,0.25,115,selected_regression,128.0,21.372661747039643,1,30,1.3121611154144075,1.6551103086887495,0.917830338965634,2735,0.9908592321755028,5.295795246800731,50,1.2476170055555134,0.22130480347058828,18.810975172166568,0.6611668091150849,0.07755843167447829,2710,0.005,0.4338955329231502,0.2995920984695613,False,205.3806695065923,False,False
refractory_0.8,0.25,115,selected_mle,10.0,21.372661747039643,1,30,0.9119971264367817,1.9403541207424186,0.9452446451250758,4050,0.997037037037037,3.576296296296296,47,1.6159717560279905,0.33893423461513983,519.7468713799568,12.043721997485934,0.01950106793006623,4038,0.005,1.3135254215462315,0.12403754818082673,False,39.34058626357,False,True
refractory_0.8,0.25,116,iei_rounded,13.0,13.104300980305572,1,30,0.8808003405704555,1.9439003442216733,0.9187234315935199,3843,0.995576372625553,3.774134790528233,55,1.578042212159465,0.32291426446697313,468.50272510192616,11.507383916823438,0.028814207206116216,3826,0.005,1.2463214921277728,0.13448589898447758,False,45.71440167489345,False,True
refractory_0.8,0.25,116,iei_rounded,13.0,13.104300980305572,1,15,0.8808003405704555,1.600326953175429,0.9907548613473534,3843,0.9578454332552693,3.774134790528233,55,1.5124773154744613,0.40638922000397926,271.3467032379629,9.989433181712771,0.01628409124004504,3681,0.005,1.323403807091811,0.09143663633380947,False,8.32087641090402,True,True
refractory_0.8,0.25,116,iei_rounded,13.0,13.104300980305572,1,59,0.8808003405704555,2.1671981501295225,0.9229994344234709,3843,1.0,3.774134790528233,55,1.6593204759840727,0.30783217750354575,455.9549034706723,9.406019362162361,0.04720505533388436,3843,0.005,1.1210293456216058,0.1988846897118535,False,154.6751106942902,False,True
refractory_0.8,0.25,116,iei_rounded,13.0,13.104300980305572,3,30,0.8808003405704555,2.148931021106982,0.8933639833655287,3843,0.3692427790788447,3.774134790528233,55,1.7294908731219731,0.19285113705515922,12.603503475322523,1.000325935024352,0.027230612549688782,1419,0.01,0.34604035823921336,0.34211108368287874,False,24.200677773498683,False,False
refractory_0.8,0.25,116,fixed_10,10.0,13.104300980305572,1,30,0.9514563106796117,1.9439003442216733,0.9187234315935199,3843,0.995576372625553,3.774134790528233,55,1.578042212159465,0.32291426446697313,468.50272510192616,11.507383916823438,0.028814207206116216,3826,0.005,1.2463214921277728,0.13448589898447758,False,45.71440167489345,False,True
refractory_0.8,0.25,116,fixed_10,10.0,13.104300980305572,1,15,0.9514563106796117,1.600326953175429,0.9907548613473534,3843,0.9578454332552693,3.774134790528233,55,1.5124773154744613,0.40638922000397926,271.3467032379629,9.989433181712771,0.01628409124004504,3681,0.005,1.323403807091811,0.09143663633380947,False,8.32087641090402,True,True
refractory_0.8,0.25,116,fixed_10,10.0,13.104300980305572,1,59,0.9514563106796117,2.1671981501295225,0.9229994344234709,3843,1.0,3.774134790528233,55,1.6593204759840727,0.30783217750354575,455.9549034706723,9.406019362162361,0.04720505533388436,3843,0.005,1.1210293456216058,0.1988846897118535,False,154.6751106942902,False,True
refractory_0.8,0.25,116,fixed_10,10.0,13.104300980305572,3,30,0.9514563106796117,2.148931021106982,0.8933639833655287,3843,0.3692427790788447,3.774134790528233,55,1.7294908731219731,0.19285113705515922,12.603503475322523,1.000325935024352,0.027230612549688782,1419,0.01,0.34604035823921336,0.34211108368287874,False,24.200677773498683,False,False
refractory_0.8,0.25,116,selected_regression,128.0,13.104300980305572,1,30,0.9145496535796767,1.7229401328880325,0.9174379426504953,2896,0.9913674033149171,5.00828729281768,61,1.3078480097894118,0.23754781082535792,77.91905521278777,2.5668735000076284,0.07075629452844517,2871,0.005,0.5900196418994466,0.26931134271852697,False,170.4222039730921,False,True
refractory_0.8,0.25,116,selected_mle,12.0,13.104300980305572,1,30,1.0167895167895167,1.9439003442216733,0.9187234315935199,3843,0.995576372625553,3.774134790528233,55,1.578042212159465,0.32291426446697313,468.50272510192616,11.507383916823438,0.028814207206116216,3826,0.005,1.2463214921277728,0.13448589898447758,False,45.71440167489345,False,True
refractory_0.8,0.25,117,iei_rounded,18.0,17.65410064426258,1,30,0.8265971316818774,1.9394805697690976,0.9433832948847507,3964,0.9969727547931383,3.6559031281533803,72,1.5997527762316164,0.3315805500648539,503.22281491408654,11.962228279929324,0.01962612218258658,3952,0.005,1.2985498640114943,0.12280370645034902,False,38.395660265487095,False,True
refractory_0.8,0.25,117,iei_rounded,18.0,17.65410064426258,1,15,0.8265971316818774,1.6535865937632446,0.9817822260891124,3964,0.9603935418768921,3.6559031281533803,72,1.5382961341200225,0.4175530261111333,287.7696145112771,10.326633889607047,0.009982983087158281,3807,0.045,1.38100097898353,0.07645675181238903,False,5.33831246837326,True,True
refractory_0.8,0.25,117,iei_rounded,18.0,17.65410064426258,1,59,0.8265971316818774,2.164932663154779,0.9351132110363395,3964,0.9997477295660948,3.6559031281533803,72,1.682345400517944,0.3213444853813937,460.73787086461283,9.595300045764217,0.038253507609825266,3963,0.005,1.1584724620732911,0.1955019592675829,False,149.2343790024297,False,True
refractory_0.8,0.25,117,iei_rounded,18.0,17.65410064426258,3,30,0.8265971316818774,2.1440192150305974,0.9299700033505728,3964,0.37235116044399597,3.6559031281533803,72,1.794588148027751,0.2020234723767722,25.277245740744434,1.913178487853671,0.025362683594711555,1476,0.005,0.5821962471286456,0.30160956544195355,False,18.746834562623008,False,False
refractory_0.8,0.25,117,fixed_10,10.0,17.65410064426258,1,30,0.9336283185840708,1.9394805697690976,0.9433832948847507,3964,0.9969727547931383,3.6559031281533803,72,1.5997527762316164,0.3315805500648539,503.22281491408654,11.962228279929324,0.01962612218258658,3952,0.005,1.2985498640114943,0.12280370645034902,False,38.395660265487095,False,True
refractory_0.8,0.25,117,fixed_10,10.0,17.65410064426258,1,15,0.9336283185840708,1.6535865937632446,0.9817822260891124,3964,0.9603935418768921,3.6559031281533803,72,1.5382961341200225,0.4175530261111333,287.7696145112771,10.326633889607047,0.009982983087158281,3807,0.03,1.38100097898353,0.07645675181238903,False,5.33831246837326,True,True
refractory_0.8,0.25,117,fixed_10,10.0,17.65410064426258,1,59,0.9336283185840708,2.164932663154779,0.9351132110363395,3964,0.9997477295660948,3.6559031281533803,72,1.682345400517944,0.3213444853813937,460.73787086461283,9.595300045764217,0.038253507609825266,3963,0.005,1.1584724620732911,0.1955019592675829,False,149.2343790024297,False,True
refractory_0.8,0.25,117,fixed_10,10.0,17.65410064426258,3,30,0.9336283185840708,2.1440192150305974,0.9299700033505728,3964,0.37235116044399597,3.6559031281533803,72,1.794588148027751,0.2020234723767722,25.277245740744434,1.913178487853671,0.025362683594711555,1476,0.01,0.5821962471286456,0.30160956544195355,False,18.746834562623008,False,False
refractory_0.8,0.25,117,selected_regression,128.0,17.65410064426258,1,30,1.2061700526711814,1.6410645162613058,0.92519465950985,2828,0.9918670438472419,5.124469589816124,77,1.274485290221909,0.22966161226484344,30.186859943752275,1.025442568907011,0.07298490649614198,2805,0.005,0.478494698504691,0.2958479587233056,False,203.75053805900643,False,False
refractory_0.8,0.25,117,selected_mle,10.0,17.65410064426258,1,30,0.9336283185840708,1.9394805697690976,0.9433832948847507,3964,0.9969727547931383,3.6559031281533803,72,1.5997527762316164,0.3315805500648539,503.22281491408654,11.962228279929324,0.01962612218258658,3952,0.005,1.2985498640114943,0.12280370645034902,False,38.395660265487095,False,True
refractory_0.8,0.25,118,iei_rounded,19.0,19.37372779023633,1,30,0.8432221741013426,1.9859629393605807,0.9281617232469881,3993,0.995992987728525,3.6316053092912597,57,1.6064964560590784,0.3363732757843243,488.23362718332237,11.548662058951237,0.02206444177187955,3977,0.005,1.2811609997144016,0.13319029208640032,False,45.204104028609436,False,True
refractory_0.8,0.25,118,iei_rounded,19.0,19.37372779023633,1,15,0.8432221741013426,1.6421294345226454,0.9906255464914221,3993,0.9616829451540195,3.6316053092912597,57,1.539962444975858,0.41898981503872124,284.79753862596,10.0299505827245,0.01124758161206818,3840,0.025,1.3659742984818128,0.08467267978215082,False,7.049352602974977,True,True
refractory_0.8,0.25,118,iei_rounded,19.0,19.37372779023633,1,59,0.8432221741013426,2.163143500607785,0.9329389981182387,3993,1.0,3.6316053092912597,57,1.6849342123181064,0.3220807062488974,473.0744200825885,9.58436353374029,0.03974042034241437,3993,0.005,1.1581108046095647,0.19692371287748286,False,151.74945525783005,False,True
refractory_0.8,0.25,118,iei_rounded,19.0,19.37372779023633,3,30,0.8432221741013426,2.2108149530747374,0.910527033868641,3993,0.36764337590783874,3.6316053092912597,57,1.8017806353364119,0.204405262530862,17.84580449236378,1.3758039421201118,0.037396699896427604,1468,0.005,0.3656611334533545,0.3579944404039009,False,26.54736527219393,False,False
refractory_0.8,0.25,118,fixed_10,10.0,19.37372779023633,1,30,0.919793966151582,1.9859629393605807,0.9281617232469881,3993,0.995992987728525,3.6316053092912597,57,1.6064964560590784,0.3363732757843243,488.23362718332237,11.548662058951237,0.02206444177187955,3977,0.005,1.2811609997144016,0.13319029208640032,False,45.204104028609436,False,True
refractory_0.8,0.25,118,fixed_10,10.0,19.37372779023633,1,15,0.919793966151582,1.6421294345226454,0.9906255464914221,3993,0.9616829451540195,3.6316053092912597,57,1.539962444975858,0.41898981503872124,284.79753862596,10.0299505827245,0.01124758161206818,3840,0.02,1.3659742984818128,0.08467267978215082,False,7.049352602974977,True,True
refractory_0.8,0.25,118,fixed_10,10.0,19.37372779023633,1,59,0.919793966151582,2.163143500607785,0.9329389981182387,3993,1.0,3.6316053092912597,57,1.6849342123181064,0.3220807062488974,473.0744200825885,9.58436353374029,0.03974042034241437,3993,0.005,1.1581108046095647,0.19692371287748286,False,151.74945525783005,False,True
refractory_0.8,0.25,118,fixed_10,10.0,19.37372779023633,3,30,0.919793966151582,2.2108149530747374,0.910527033868641,3993,0.36764337590783874,3.6316053092912597,57,1.8017806353364119,0.204405262530862,17.84580449236378,1.3758039421201118,0.037396699896427604,1468,0.005,0.3656611334533545,0.3579944404039009,False,26.54736527219393,False,False
refractory_0.8,0.25,118,selected_regression,128.0,19.37372779023633,1,30,1.1989205859676175,1.6441480469341183,0.8946147589121942,2757,0.9912948857453754,5.259702575262967,72,1.257403800370918,0.2233059456730609,34.3623520908851,1.2145389235496955,0.07342630326370414,2733,0.005,0.48226805303650244,0.28603587664289787,False,188.59829052993518,False,False
refractory_0.8,0.25,118,selected_mle,8.0,19.37372779023633,1,30,0.9408183970240108,1.9859629393605807,0.9281617232469881,3993,0.995992987728525,3.6316053092912597,57,1.6064964560590784,0.3363732757843243,488.23362718332237,11.548662058951237,0.02206444177187955,3977,0.005,1.2811609997144016,0.13319029208640032,False,45.204104028609436,False,True
refractory_0.8,0.25,119,iei_rounded,16.0,16.063389504933205,1,30,0.858980044345898,1.9523474387007795,0.9607754653439666,3921,0.9959194083142056,3.7000765110941085,42,1.5829700349679054,0.3283998467217193,440.8706907210538,10.83360548566899,0.023945735085507236,3905,0.005,1.2338139866031728,0.14197443333485998,False,51.77403685716854,False,True
refractory_0.8,0.25,119,iei_rounded,16.0,16.063389504933205,1,15,0.858980044345898,1.5505624801498037,0.9916283668047909,3921,0.9653149706707472,3.7000765110941085,42,1.4951462481661562,0.39458236605539765,311.9901290231188,11.32327083880545,0.006407416223282059,3785,0.41,1.3955826954368449,0.04775056575890127,False,0.9601050575420231,True,True
refractory_0.8,0.25,119,iei_rounded,16.0,16.063389504933205,1,59,0.858980044345898,2.2121425575808833,0.9399579518591801,3921,1.0,3.7000765110941085,42,1.664703847158842,0.3150733381683142,411.85733244484476,8.774538193575953,0.04211362288824444,3921,0.005,1.1077152754192512,0.20676644428938354,False,167.9397704137955,False,True
refractory_0.8,0.25,119,iei_rounded,16.0,16.063389504933205,3,30,0.858980044345898,2.1748460335281297,0.960462434048054,3921,0.3794950267788829,3.7000765110941085,42,1.7972046559891641,0.20473262636530604,10.84003775798352,0.8128318843442539,0.033223952153318304,1488,0.005,0.3544877805256857,0.3594756255588202,False,27.231783929072662,False,False
refractory_0.8,0.25,119,fixed_10,10.0,16.063389504933205,1,30,0.9494148735371838,1.9523474387007795,0.9607754653439666,3921,0.9959194083142056,3.7000765110941085,42,1.5829700349679054,0.3283998467217193,440.8706907210538,10.83360548566899,0.023945735085507236,3905,0.005,1.2338139866031728,0.14197443333485998,False,51.77403685716854,False,True
refractory_0.8,0.25,119,fixed_10,10.0,16.063389504933205,1,15,0.9494148735371838,1.5505624801498037,0.9916283668047909,3921,0.9653149706707472,3.7000765110941085,42,1.4951462481661562,0.39458236605539765,311.9901290231188,11.32327083880545,0.006407416223282059,3785,0.415,1.3955826954368449,0.04775056575890127,False,0.9601050575420231,True,True
refractory_0.8,0.25,119,fixed_10,10.0,16.063389504933205,1,59,0.9494148735371838,2.2121425575808833,0.9399579518591801,3921,1.0,3.7000765110941085,42,1.664703847158842,0.3150733381683142,411.85733244484476,8.774538193575953,0.04211362288824444,3921,0.005,1.1077152754192512,0.20676644428938354,False,167.9397704137955,False,True
refractory_0.8,0.25,119,fixed_10,10.0,16.063389504933205,3,30,0.9494148735371838,2.1748460335281297,0.960462434048054,3921,0.3794950267788829,3.7000765110941085,42,1.7972046559891641,0.20473262636530604,10.84003775798352,0.8128318843442539,0.033223952153318304,1488,0.005,0.3544877805256857,0.3594756255588202,False,27.231783929072662,False,False
refractory_0.8,0.25,119,selected_regression,128.0,16.063389504933205,1,30,1.2042520880789673,1.7290662838119368,0.9193091990952926,2834,0.9908256880733946,5.1192660550458715,67,1.2811725595522585,0.23058758452276223,46.720970398198176,1.5958899123848405,0.06133350663570403,2808,0.005,0.5552556779409783,0.26974988339125716,False,170.57421443757812,False,False
refractory_0.8,0.25,119,selected_mle,12.0,16.063389504933205,1,30,1.0104375752709756,1.9523474387007795,0.9607754653439666,3921,0.9959194083142056,3.7000765110941085,42,1.5829700349679054,0.3283998467217193,440.8706907210538,10.83360548566899,0.023945735085507236,3905,0.005,1.2338139866031728,0.14197443333485998,False,51.77403685716854,False,True
refractory_1.0,0.25,100,iei_rounded,2.0,1.8546746326497658,1,30,0.0,3.2988846008792883,0.8777095644447842,7858,1.0,1.8453805039450242,11,2.107153208792189,0.7806539425855579,-548.5029019599366,-17.34903762406294,0.0786098852890984,7858,0.005,0.63273673233807,0.8514480517961465,False,1042.3775459386488,False,False
refractory_1.0,0.25,100,iei_rounded,2.0,1.8546746326497658,1,15,0.0,3.2988846008792883,0.8777095644447842,7858,1.0,1.8453805039450242,11,2.014678049598137,0.7805748905894985,-415.8756019686246,-14.235182987349797,0.06363506683291187,7858,0.005,0.65906164366646,0.8302544694448747,False,785.8274272239069,False,False
refractory_1.0,0.25,100,iei_rounded,2.0,1.8546746326497658,1,59,0.0,3.2988846008792883,0.8777095644447842,7858,1.0,1.8453805039450242,11,2.147897800065641,0.7806539438826534,-599.6735455558162,-18.27089737883648,0.08593053464356915,7858,0.005,0.6314197726055583,0.8524617957367214,False,1144.4652049749347,False,False
refractory_1.0,0.25,100,iei_rounded,2.0,1.8546746326497658,3,30,0.0,4.9170548008108685,0.9358488801918465,7858,0.2188852125222703,1.8453805039450242,11,3.6805228423900136,0.7401450774168463,-78.32112923054575,-10.100332483329874,0.08260529804735817,1720,0.005,-4.62166474825603,2.6853186090920476,False,162.42381523989752,False,False
refractory_1.0,0.25,100,fixed_10,10.0,1.8546746326497658,1,30,1.5098187311178248,1.3267633266055838,0.964457741949566,2115,0.9541371158392435,6.856264775413711,85,1.3455464263292374,0.21211104594557206,381.1345769754975,13.83569446530897,0.0141499547309335,2018,0.135,1.3455464263292374,0.0,False,-1.999999999996362,False,False
refractory_1.0,0.25,100,fixed_10,10.0,1.8546746326497658,1,15,1.5098187311178248,1.3120193555823718,0.9591095893976606,2115,0.8657210401891253,6.856264775413711,85,1.35505392753557,0.3264725922209122,186.19456116723325,10.279294437453288,0.013673994834178416,1831,0.085,1.35505392753557,0.0,False,-2.0,False,False
refractory_1.0,0.25,100,fixed_10,10.0,1.8546746326497658,1,59,1.5098187311178248,1.5863236112424517,0.8979243003980493,2115,0.9962174940898345,6.856264775413711,85,1.3920170316288587,0.16383337528333386,512.6856808170364,14.002445198279519,0.018987551311969275,2107,0.015,1.2785979257909623,0.035956858070838205,False,2.4917972685598215,False,False
refractory_1.0,0.25,100,fixed_10,10.0,1.8546746326497658,3,30,1.5098187311178248,1.3085195367174962,0.9324929510408102,2115,0.43877068557919624,6.856264775413711,85,1.2810917739812542,0.12158135283358162,30.05046742483016,3.6663626039392656,0.017059338828018356,928,0.43,1.1899944944333964,0.021441927540595974,False,-1.9166125089459456,False,False
refractory_1.0,0.25,100,selected_regression,4.0,1.8546746326497658,1,30,0.9777777777777777,1.3267633266055838,0.964457741949566,2115,0.9541371158392435,6.856264775413711,85,1.3455464263292374,0.21211104594557206,381.1345769754975,13.83569446530897,0.0141499547309335,2018,0.08,1.3455464263292374,0.0,False,-1.999999999996362,True,True
refractory_1.0,0.25,100,selected_mle,4.0,1.8546746326497658,1,30,0.9777777777777777,1.3267633266055838,0.964457741949566,2115,0.9541371158392435,6.856264775413711,85,1.3455464263292374,0.21211104594557206,381.1345769754975,13.83569446530897,0.0141499547309335,2018,0.08,1.3455464263292374,0.0,False,-1.999999999996362,True,True
refractory_1.0,0.25,101,iei_rounded,2.0,1.8783707182767835,1,30,0.0,3.3924081598900906,0.8748688892727067,7949,1.0,1.8240030192477041,11,2.1230316635886712,0.7946146309982349,-555.3350084374513,-17.583557775892032,0.07844030127678436,7949,0.005,0.6307252050143994,0.8706056055632846,False,1056.1738532175477,False,False
refractory_1.0,0.25,101,iei_rounded,2.0,1.8783707182767835,1,15,0.0,3.3924081598900906,0.8748688892727067,7949,1.0,1.8240030192477041,11,2.032608918764444,0.7945480917364929,-426.9253235987849,-14.59440116275655,0.06392898007411107,7949,0.005,0.6543445108855875,0.8514140739699654,False,806.906218748838,False,False
refractory_1.0,0.25,101,iei_rounded,2.0,1.8783707182767835,1,59,0.0,3.3924081598900906,0.8748688892727067,7949,1.0,1.8240030192477041,11,2.162673256175802,0.7946146318838907,-604.5640742853864,-18.463833075915215,0.0854964406426092,7949,0.005,0.6296278407667392,0.8714590457710485,False,1154.4278573481315,False,False
refractory_1.0,0.25,101,iei_rounded,2.0,1.8783707182767835,3,30,0.0,5.114293696155576,0.9410589729936556,7949,0.21562460686878854,1.8240030192477041,11,3.786687649742836,0.769231954316032,-62.07272556626761,-8.278479797356482,0.06891178429025491,1714,0.005,-3.377817497481604,2.321411963170099,False,120.15469570140704,False,False
refractory_1.0,0.25,101,fixed_10,10.0,1.8783707182767835,1,30,1.4840386043058649,1.266170774497033,0.9630659107985579,2150,0.9646511627906976,6.743720930232558,76,1.311020238450686,0.2001049281170078,397.79971091411113,14.295754146983557,0.011022352722053652,2074,0.3,1.311020238450686,0.0,False,-2.000000000001819,False,False
refractory_1.0,0.25,101,fixed_10,10.0,1.8783707182767835,1,15,1.4840386043058649,1.3296309085910827,0.9931044878273664,2150,0.8632558139534884,6.743720930232558,76,1.3413787151354999,0.32597171027735394,165.55430067596419,9.334931328084407,0.010077332989981813,1856,0.375,1.3413787151354999,0.0,False,-1.9999999999990905,False,False
refractory_1.0,0.25,101,fixed_10,10.0,1.8783707182767835,1,59,1.4840386043058649,1.5657090296168126,0.9110343712248514,2150,0.9967441860465116,6.743720930232558,76,1.3841996688715792,0.1657375751422045,463.9268343087546,12.88616374114617,0.027268060354417645,2143,0.005,1.2085172096160248,0.055720710063765076,False,8.91883977415273,False,False
refractory_1.0,0.25,101,fixed_10,10.0,1.8783707182767835,3,30,1.4840386043058649,1.2234087292565403,0.9289633495871574,2150,0.45348837209302323,6.743720930232558,76,1.2176175468447052,0.11293915574903221,33.26621789154192,4.075821095222774,0.010999072309805125,975,0.875,1.2138018665527173,0.0008926898438186746,False,-1.9998458655863942,False,False
refractory_1.0,0.25,101,selected_regression,4.0,1.8783707182767835,1,30,0.9869767441860465,1.266170774497033,0.9630659107985579,2150,0.9646511627906976,6.743720930232558,76,1.311020238450686,0.2001049281170078,397.79971091411113,14.295754146983557,0.011022352722053652,2074,0.335,1.311020238450686,0.0,False,-2.000000000001819,False,True
refractory_1.0,0.25,101,selected_mle,4.0,1.8783707182767835,1,30,0.9869767441860465,1.266170774497033,0.9630659107985579,2150,0.9646511627906976,6.743720930232558,76,1.311020238450686,0.2001049281170078,397.79971091411113,14.295754146983557,0.011022352722053652,2074,0.335,1.311020238450686,0.0,False,-2.000000000001819,False,True
refractory_1.0,0.25,102,iei_rounded,2.0,1.880611581001952,1,30,0.0,3.0456310536870594,0.9015139329024237,7980,1.0,1.8164160401002507,10,2.1331067535783657,0.7996965510261158,-521.6603454576906,-16.590043080048293,0.07471928564304209,7980,0.005,0.6886292937295242,0.8417706336222484,False,995.7705442060251,False,False
refractory_1.0,0.25,102,iei_rounded,2.0,1.880611581001952,1,15,0.0,3.0456310536870594,0.9015139329024237,7980,1.0,1.8164160401002507,10,2.0439660123286654,0.7996340659839358,-396.2942456794494,-13.605521686368993,0.06049594542323922,7980,0.005,0.7142561310536406,0.8209953336631011,False,753.3703919802538,False,False
refractory_1.0,0.25,102,iei_rounded,2.0,1.880611581001952,1,59,0.0,3.0456310536870594,0.9015139329024237,7980,1.0,1.8164160401002507,10,2.172060767125272,0.7996965517968058,-569.5283104571531,-17.474544735588626,0.08161163520394887,7980,0.005,0.6873422293178605,0.8427687236184935,False,1091.2631176758005,False,False
refractory_1.0,0.25,102,iei_rounded,2.0,1.880611581001952,3,30,0.0,4.546151953704377,0.9612841906076944,7980,0.21378446115288222,1.8164160401002507,10,3.7573566673206056,0.7624081034806498,-68.67750978248903,-9.186882623882845,0.07089419570494726,1706,0.005,-3.92651792414063,2.4917798628632877,False,135.36842923865424,False,False
refractory_1.0,0.25,102,fixed_10,10.0,1.880611581001952,1,30,1.4819102749638204,1.3371813125827656,0.9456527107701284,2199,0.965893587994543,6.591632560254661,111,1.340793235254596,0.21013960359356482,404.70384326791384,14.655374953312817,0.014832156935007723,2124,0.07,1.340793235254596,0.0,False,-1.999999999996362,False,False
refractory_1.0,0.25,102,fixed_10,10.0,1.880611581001952,1,15,1.4819102749638204,1.335054398352284,0.9763410280320461,2199,0.8685766257389722,6.591632560254661,111,1.371263076873051,0.3347995398410688,186.17622671147666,9.901487792421852,0.008522408510904245,1910,0.53,1.371263076873051,0.0,False,-2.0,False,False
refractory_1.0,0.25,102,fixed_10,10.0,1.880611581001952,1,59,1.4819102749638204,1.6861734956881889,0.8980978238443139,2199,0.9945429740791268,6.591632560254661,111,1.4132723934188345,0.17521563915810368,477.48423415531863,12.815096396077523,0.028182794362663355,2187,0.005,1.230174018170373,0.058779860608137134,False,10.024346673506443,False,False
refractory_1.0,0.25,102,fixed_10,10.0,1.880611581001952,3,30,1.4819102749638204,1.3277056031721794,0.8992966096087436,2199,0.4461118690313779,6.591632560254661,111,1.2769457778224638,0.12032715633348606,35.10857453587787,4.2418110104556295,0.01861691741673166,981,0.29,1.2769457778224638,0.0,False,-1.9999999999990905,False,False
refractory_1.0,0.25,102,selected_regression,48.0,1.880611581001952,1,30,0.9807897545357525,1.3371813125827656,0.9456527107701284,2199,0.965893587994543,6.591632560254661,111,1.340793235254596,0.21013960359356482,404.70384326791384,14.655374953312817,0.014832156935007723,2124,0.035,1.340793235254596,0.0,False,-1.999999999996362,True,True
refractory_1.0,0.25,102,selected_mle,48.0,1.880611581001952,1,30,0.9807897545357525,1.3371813125827656,0.9456527107701284,2199,0.965893587994543,6.591632560254661,111,1.340793235254596,0.21013960359356482,404.70384326791384,14.655374953312817,0.014832156935007723,2124,0.035,1.340793235254596,0.0,False,-1.999999999996362,True,True
refractory_1.0,0.25,103,iei_rounded,2.0,1.9251617129288463,1,30,0.0,3.175016759600172,0.8816018438659552,8143,1.0,1.7779688075647795,10,2.1713241743379204,0.8265404417285573,-467.33413933116907,-14.851325800563703,0.07071475026669072,8143,0.005,0.7786030610212998,0.8214479668897389,False,918.7791927961371,False,False
refractory_1.0,0.25,103,iei_rounded,2.0,1.9251617129288463,1,15,0.0,3.175016759600172,0.8816018438659552,8143,1.0,1.7779688075647795,10,2.0869063669115224,0.826495666203281,-352.27416193989507,-11.990353749001256,0.0575414767223037,8143,0.005,0.8038375196226519,0.800812555179625,False,696.6829388718033,False,False
refractory_1.0,0.25,103,iei_rounded,2.0,1.9251617129288463,1,59,0.0,3.175016759600172,0.8816018438659552,8143,1.0,1.7779688075647795,10,2.2077552275820675,0.8265404420978439,-510.58410181954764,-15.714707020212487,0.07701368227245409,8143,0.005,0.7773037569126797,0.8224648005824582,False,1005.039105806376,False,False
refractory_1.0,0.25,103,iei_rounded,2.0,1.9251617129288463,3,30,0.0,4.78650008768081,0.9306108439449392,8143,0.19931229276679358,1.7779688075647795,10,3.7230533073708525,0.7529165503148447,-70.05005897562748,-9.857238370496734,0.07795896870899321,1623,0.005,-4.298155484530808,2.599191614347921,False,140.74874724881556,False,False
refractory_1.0,0.25,103,fixed_10,10.0,1.9251617129288463,1,30,1.4917087238644557,1.368068202587597,0.959748953942871,2265,0.9682119205298013,6.39205298013245,80,1.311573511180784,0.20804765259722852,344.38638056709055,12.349932074671974,0.009731012947207685,2193,0.425,1.2847409237695417,0.009807008683623717,False,-1.8067213058602647,False,False
refractory_1.0,0.25,103,fixed_10,10.0,1.9251617129288463,1,15,1.4917087238644557,1.3118121856290086,0.9884736803265753,2265,0.8754966887417218,6.39205298013245,80,1.3072504749242828,0.3161097946294068,158.1010243814356,8.70072602258512,0.005068084620309832,1983,0.945,1.3072504749242828,0.0,False,-1.9999999999990905,False,False
refractory_1.0,0.25,103,fixed_10,10.0,1.9251617129288463,1,59,1.4917087238644557,1.7012640969427046,0.8968089379371659,2265,0.9977924944812362,6.39205298013245,80,1.3900633598729701,0.17441371303480002,400.80082967667,10.974474543922847,0.03055040618577043,2260,0.005,1.091032655290939,0.0957493467161691,False,30.916503771622956,False,False
refractory_1.0,0.25,103,fixed_10,10.0,1.9251617129288463,3,30,1.4917087238644557,1.4009922098697078,0.9295645084568751,2265,0.4653421633554084,6.39205298013245,80,1.3134627902579634,0.1269986775511146,28.465415313122065,3.1856393586056564,0.01996771459983715,1054,0.19,1.0128729021349814,0.07099995395613999,False,-0.9774480877649694,False,False
refractory_1.0,0.25,103,selected_regression,4.0,1.9251617129288463,1,30,1.0048565121412802,1.368068202587597,0.959748953942871,2265,0.9682119205298013,6.39205298013245,80,1.311573511180784,0.20804765259722852,344.38638056709055,12.349932074671974,0.009731012947207685,2193,0.44,1.2847409237695417,0.009807008683623717,False,-1.8067213058602647,True,True
refractory_1.0,0.25,103,selected_mle,4.0,1.9251617129288463,1,30,1.0048565121412802,1.368068202587597,0.959748953942871,2265,0.9682119205298013,6.39205298013245,80,1.311573511180784,0.20804765259722852,344.38638056709055,12.349932074671974,0.009731012947207685,2193,0.44,1.2847409237695417,0.009807008683623717,False,-1.8067213058602647,True,True
refractory_1.0,0.25,104,iei_rounded,2.0,1.8800966962127317,1,30,0.0,3.4912757438136652,0.8929596772501208,7939,1.0,1.8284418692530546,12,2.1225638897366945,0.7916727740717509,-530.5865764314548,-16.639203255162517,0.07569228515356241,7939,0.005,0.6693767017639147,0.8433728961988084,False,1011.8749537225412,False,False
refractory_1.0,0.25,104,iei_rounded,2.0,1.8800966962127317,1,15,0.0,3.4912757438136652,0.8929596772501208,7939,1.0,1.8284418692530546,12,2.0320812426144013,0.7916037710689885,-402.1746194329326,-13.601170101656264,0.06116747856197724,7939,0.005,0.6955030898051819,0.8222615896061068,False,763.6343528073412,False,False
refractory_1.0,0.25,104,iei_rounded,2.0,1.8800966962127317,1,59,0.0,3.4912757438136652,0.8929596772501208,7939,1.0,1.8284418692530546,12,2.1622376365403806,0.791672775031605,-579.82658002026,-17.54667530954702,0.08275610494595853,7939,0.005,0.668057414562044,0.8443923789139169,False,1110.1027566467674,False,False
refractory_1.0,0.25,104,iei_rounded,2.0,1.8800966962127317,3,30,0.0,5.086376761473657,0.9604293218270042,7939,0.21753369441995213,1.8284418692530546,12,3.751655499368473,0.759371235600159,-67.18989137555121,-8.485968993663018,0.07477534501748417,1727,0.005,-3.812845205121583,2.450160123585612,False,134.7692026235727,False,False
refractory_1.0,0.25,104,fixed_10,10.0,1.8800966962127317,1,30,1.517530487804878,1.3187893563447517,0.9395294309055038,2106,0.9582146248812915,6.892687559354226,94,1.324981192273329,0.20395603208944507,393.1781454760079,14.670575109464028,0.020079454344684222,2018,0.01,1.324981192273329,0.0,False,-2.000000000001819,False,False
refractory_1.0,0.25,104,fixed_10,10.0,1.8800966962127317,1,15,1.517530487804878,1.2842213561671245,0.9867352161211286,2106,0.8594491927825261,6.892687559354226,94,1.3538759667450346,0.3235061403846381,195.2471040279923,10.982213427506679,0.01661241221394477,1810,0.045,1.3538759667450346,0.0,False,-1.9999999999990905,False,False
refractory_1.0,0.25,104,fixed_10,10.0,1.8800966962127317,1,59,1.517530487804878,1.640179581895246,0.880152726850823,2106,0.9971509971509972,6.892687559354226,94,1.3819949769060802,0.16125392480265693,502.6223165944019,13.715895482953032,0.023020395203495858,2100,0.005,1.2863940390710842,0.030159917095949576,False,1.1910286970814923,False,False
refractory_1.0,0.25,104,fixed_10,10.0,1.8800966962127317,3,30,1.517530487804878,1.3184287699201716,0.8902979950165317,2106,0.449667616334283,6.892687559354226,94,1.234259378127616,0.11622044811422902,27.188190751877514,3.414523189434389,0.017044772658091345,947,0.445,1.2123799385365224,0.005126796499646402,False,-1.9950798005156685,False,False
refractory_1.0,0.25,104,selected_regression,4.0,1.8800966962127317,1,30,0.9943019943019943,1.3187893563447517,0.9395294309055038,2106,0.9582146248812915,6.892687559354226,94,1.324981192273329,0.20395603208944507,393.1781454760079,14.670575109464028,0.020079454344684222,2018,0.015,1.324981192273329,0.0,False,-2.000000000001819,True,True
refractory_1.0,0.25,104,selected_mle,4.0,1.8800966962127317,1,30,0.9943019943019943,1.3187893563447517,0.9395294309055038,2106,0.9582146248812915,6.892687559354226,94,1.324981192273329,0.20395603208944507,393.1781454760079,14.670575109464028,0.020079454344684222,2018,0.015,1.324981192273329,0.0,False,-2.000000000001819,True,True
refractory_1.0,0.25,105,iei_rounded,2.0,1.842685695750892,1,30,0.0,3.5435296917165666,0.8712947509368227,7858,1.0,1.8463985747009417,12,2.1147914896414566,0.7800019259108626,-478.6448561090667,-15.038839924557292,0.0722379462080518,7858,0.005,0.7348372788030278,0.7903297105117612,False,929.8501521516009,False,False
refractory_1.0,0.25,105,iei_rounded,2.0,1.842685695750892,1,15,0.0,3.5435296917165666,0.8712947509368227,7858,1.0,1.8463985747009417,12,2.0233085503730575,0.7799222362760647,-348.79004359449107,-11.826126552923736,0.05748757127768489,7858,0.005,0.7670826104827941,0.7646201579320923,False,681.3609723288027,False,False
refractory_1.0,0.25,105,iei_rounded,2.0,1.842685695750892,1,59,0.0,3.5435296917165666,0.8712947509368227,7858,1.0,1.8463985747009417,12,2.155002514141744,0.7800019272312639,-528.5956743285324,-16.017279053765176,0.07943037370964479,7858,0.005,0.7329145414854545,0.7917928959617617,False,1029.3618227807892,False,False
refractory_1.0,0.25,105,iei_rounded,2.0,1.842685695750892,3,30,0.0,5.259708726166927,0.9379705097924862,7858,0.21990328327818784,1.8463985747009417,12,3.627485644301844,0.7208764778943235,-76.21238538169158,-9.685565416404051,0.0715268430651802,1728,0.005,-3.9174403772311885,2.418390704454845,False,149.83150870257305,False,False
refractory_1.0,0.25,105,fixed_10,10.0,1.842685695750892,1,30,1.4992784992784993,1.3411946412084639,0.9639459896144706,2177,0.958658704639412,6.664676159853009,75,1.3511366353008771,0.2128450718174364,404.58883735870165,14.728359891828518,0.013829418805368698,2087,0.065,1.3511366353008771,0.0,False,-2.000000000001819,False,False
refractory_1.0,0.25,105,fixed_10,10.0,1.842685695750892,1,15,1.4992784992784993,1.3132323263676806,0.9890307072211931,2177,0.8658704639412035,6.664676159853009,75,1.3756373738963088,0.33412217664146615,195.2026374849154,10.586787964277931,0.012540512090859934,1885,0.14,1.3756373738963088,0.0,False,-1.9999999999990905,False,False
refractory_1.0,0.25,105,fixed_10,10.0,1.842685695750892,1,59,1.4992784992784993,1.611157300843068,0.8982731977310537,2177,0.9972439136426274,6.664676159853009,75,1.4024682939869546,0.16707720461874642,530.5851575806412,14.262732342427059,0.020505132704008555,2171,0.015,1.291223137693423,0.035407871807609737,False,2.444169328729913,False,False
refractory_1.0,0.25,105,fixed_10,10.0,1.842685695750892,3,30,1.4992784992784993,1.3258654356229655,0.931659798055984,2177,0.4336242535599449,6.664676159853009,75,1.2606883635369588,0.11913011141942356,29.50766840794789,3.614675621436169,0.01757028936248395,944,0.335,1.2606883635369588,0.0,False,-2.000000000001819,False,False
refractory_1.0,0.25,105,selected_regression,4.0,1.842685695750892,1,30,0.9623334864492421,1.3411946412084639,0.9639459896144706,2177,0.958658704639412,6.664676159853009,75,1.3511366353008771,0.2128450718174364,404.58883735870165,14.728359891828518,0.013829418805368698,2087,0.09,1.3511366353008771,0.0,False,-2.000000000001819,True,True
refractory_1.0,0.25,105,selected_mle,4.0,1.842685695750892,1,30,0.9623334864492421,1.3411946412084639,0.9639459896144706,2177,0.958658704639412,6.664676159853009,75,1.3511366353008771,0.2128450718174364,404.58883735870165,14.728359891828518,0.013829418805368698,2087,0.09,1.3511366353008771,0.0,False,-2.000000000001819,True,True
refractory_1.0,0.25,106,iei_rounded,2.0,1.892024139618333,1,30,0.0,3.2230566178907463,0.867960352079514,8040,1.0,1.8037313432835822,11,2.1480676824473672,0.8083477029389432,-482.9643543946741,-15.345947131845318,0.07014908854638402,8040,0.005,0.7558912345206589,0.8117783457889428,False,930.3981779751302,False,False
refractory_1.0,0.25,106,iei_rounded,2.0,1.892024139618333,1,15,0.0,3.2230566178907463,0.867960352079514,8040,1.0,1.8037313432835822,11,2.0608019969797144,0.8082915689575687,-361.7844371123694,-12.386575468798542,0.05634473226223724,8040,0.005,0.7834975236453632,0.7894207572466577,False,697.1370987982737,False,False
refractory_1.0,0.25,106,iei_rounded,2.0,1.892024139618333,1,59,0.0,3.2230566178907463,0.867960352079514,8040,1.0,1.8037313432835822,11,2.1860180852142808,0.8083477035470965,-528.9537109222399,-16.2324535501611,0.07680392787163093,8040,0.005,0.7543947923096843,0.8129370356155087,False,1022.0900864003597,False,False
refractory_1.0,0.25,106,iei_rounded,2.0,1.892024139618333,3,30,0.0,4.9312809980237,0.9290792143082787,8040,0.21218905472636815,1.8037313432835822,11,3.7664059354867465,0.765279763542108,-68.16577530483865,-9.281378729365157,0.0726403500641285,1706,0.005,-3.9259558252245466,2.4964772646221816,False,134.50772116066764,False,False
refractory_1.0,0.25,106,fixed_10,10.0,1.892024139618333,1,30,1.319505094614265,1.3539238080592622,0.9558135906820939,2240,0.9629464285714285,6.474107142857143,85,1.3561387543324006,0.21565220927949713,407.7246518504276,14.190443903162354,0.01189997153833866,2157,0.145,1.3561387543324006,0.0,False,-2.000000000001819,False,False
refractory_1.0,0.25,106,fixed_10,10.0,1.892024139618333,1,15,1.319505094614265,1.3457381019660604,0.9824031095559129,2240,0.875,6.474107142857143,85,1.368301821830352,0.3340189928356774,188.952534189541,10.14781730610926,0.012710642114215909,1960,0.16,1.368301821830352,0.0,False,-2.0000000000009095,False,False
refractory_1.0,0.25,106,fixed_10,10.0,1.892024139618333,1,59,1.319505094614265,1.5739481948514555,0.9068615088870043,2240,0.996875,6.474107142857143,85,1.4152868998777652,0.17373587584621303,515.1554264195702,13.59624649191179,0.021900098942698953,2233,0.015,1.2612661353869663,0.04939782732244958,False,6.706517574315512,False,False
refractory_1.0,0.25,106,fixed_10,10.0,1.892024139618333,3,30,1.319505094614265,1.3509049929085983,0.9181661161542508,2240,0.440625,6.474107142857143,85,1.3009466448415505,0.12427641573121967,31.676878067463015,3.706860800313448,0.013263007084424516,987,0.705,1.148455655044483,0.035963969873959147,False,-1.752117532126249,False,False
refractory_1.0,0.25,106,selected_regression,5.0,1.892024139618333,1,30,1.0371501272264632,1.3539238080592622,0.9558135906820939,2240,0.9629464285714285,6.474107142857143,85,1.3561387543324006,0.21565220927949713,407.7246518504276,14.190443903162354,0.01189997153833866,2157,0.245,1.3561387543324006,0.0,False,-2.000000000001819,True,True
refractory_1.0,0.25,106,selected_mle,5.0,1.892024139618333,1,30,1.0371501272264632,1.3539238080592622,0.9558135906820939,2240,0.9629464285714285,6.474107142857143,85,1.3561387543324006,0.21565220927949713,407.7246518504276,14.190443903162354,0.01189997153833866,2157,0.245,1.3561387543324006,0.0,False,-2.000000000001819,True,True
refractory_1.0,0.25,107,iei_rounded,2.0,1.8552470894732558,1,30,0.0,3.6236414154865435,0.8731543217130975,7897,1.0,1.8339875902241358,12,2.1234488427735965,0.7880293628041717,-485.84958004292025,-15.469070830406235,0.07196630567730378,7897,0.005,0.7354683840392972,0.7991557692527854,False,934.3834317847286,False,False
refractory_1.0,0.25,107,iei_rounded,2.0,1.8552470894732558,1,15,0.0,3.6236414154865435,0.8731543217130975,7897,1.0,1.8339875902241358,12,2.033079492606733,0.787957184209882,-358.43264812338697,-12.344623883722184,0.057467002658743604,7897,0.005,0.7660805657817235,0.7746319216866556,False,690.0067586139994,False,False
refractory_1.0,0.25,107,iei_rounded,2.0,1.8552470894732558,1,59,0.0,3.6236414154865435,0.8731543217130975,7897,1.0,1.8339875902241358,12,2.1630617762834614,0.7880293638645499,-534.6920452816894,-16.406930231136304,0.0790156010352785,7897,0.005,0.7337045534827601,0.8005051782886129,False,1031.7174658151416,False,False
refractory_1.0,0.25,107,iei_rounded,2.0,1.8552470894732558,3,30,0.0,5.384287843009124,0.9426261848633382,7897,0.21603140433075851,1.8339875902241358,12,3.6261658919485757,0.7263809856406422,-88.68973106075177,-11.635591162971819,0.08887572914936293,1706,0.005,-5.441067591443297,2.9323220737483577,False,190.29167616007817,False,False
refractory_1.0,0.25,107,fixed_10,10.0,1.8552470894732558,1,30,1.4538956397426734,1.382421761921092,0.9642329613834105,2200,0.9568181818181818,6.583181818181818,89,1.3682301902799257,0.22069464406337164,389.7979484738847,13.796844463704174,0.012098135715828517,2105,0.19,1.3682301902799257,0.0,False,-1.999999999996362,False,False
refractory_1.0,0.25,107,fixed_10,10.0,1.8552470894732558,1,15,1.4538956397426734,1.375189460211393,0.9828201735850497,2200,0.8695454545454545,6.583181818181818,89,1.384290977656713,0.3420510772436558,177.7321196053231,9.64039942600697,0.012751916675563524,1913,0.13,1.384290977656713,0.0,False,-2.0000000000009095,False,False
refractory_1.0,0.25,107,fixed_10,10.0,1.8552470894732558,1,59,1.4538956397426734,1.6320462050250664,0.9166481359176827,2200,0.9959090909090909,6.583181818181818,89,1.4148963624301434,0.17211150625546212,524.2421264970806,14.017404161885521,0.01849734701708694,2191,0.015,1.2792412929140413,0.043452440439604424,False,4.6381428863460314,False,False
refractory_1.0,0.25,107,fixed_10,10.0,1.8552470894732558,3,30,1.4538956397426734,1.3834685122112151,0.9334835715084182,2200,0.42727272727272725,6.583181818181818,89,1.294038296565196,0.12511663059390077,22.162814938732446,2.7052729159726088,0.01764024954500376,940,0.42,0.8619899978512153,0.10189264749642239,False,-0.1247326663997228,False,False
refractory_1.0,0.25,107,selected_regression,4.0,1.8552470894732558,1,30,0.9645454545454546,1.382421761921092,0.9642329613834105,2200,0.9568181818181818,6.583181818181818,89,1.3682301902799257,0.22069464406337164,389.7979484738847,13.796844463704174,0.012098135715828517,2105,0.16,1.3682301902799257,0.0,False,-1.999999999996362,True,True
refractory_1.0,0.25,107,selected_mle,4.0,1.8552470894732558,1,30,0.9645454545454546,1.382421761921092,0.9642329613834105,2200,0.9568181818181818,6.583181818181818,89,1.3682301902799257,0.22069464406337164,389.7979484738847,13.796844463704174,0.012098135715828517,2105,0.16,1.3682301902799257,0.0,False,-1.999999999996362,True,True
refractory_1.0,0.25,108,iei_rounded,2.0,1.8859364873622813,1,30,0.0,3.344931842242884,0.8966784979698059,7981,1.0,1.8174414233805287,11,2.125268509892967,0.7990057320291923,-580.5666812649646,-18.468734042609633,0.07925182538972775,7981,0.005,0.6022815869899395,0.892960640987918,False,1092.2787158606225,False,False
refractory_1.0,0.25,108,iei_rounded,2.0,1.8859364873622813,1,15,0.0,3.344931842242884,0.8966784979698059,7981,1.0,1.8174414233805287,11,2.0351317436869163,0.7989427104507751,-452.43277342971135,-15.57255733729702,0.06480484877823944,7981,0.005,0.6239139352022846,0.8752933363092738,False,842.777724000207,False,False
refractory_1.0,0.25,108,iei_rounded,2.0,1.8859364873622813,1,59,0.0,3.344931842242884,0.8966784979698059,7981,1.0,1.8174414233805287,11,2.1647566280495365,0.7990057328146083,-629.6450369024935,-19.306408532433096,0.08627133108721119,7981,0.005,0.6013452567732274,0.8936931228369807,False,1190.2650489077241,False,False
refractory_1.0,0.25,108,iei_rounded,2.0,1.8859364873622813,3,30,0.0,4.95344301483638,0.966011552337525,7981,0.21626362611201605,1.8174414233805287,11,3.8554823041740587,0.7927800378250471,-62.29366530707832,-8.174111012245673,0.07081061034523006,1726,0.005,-3.741083811723656,2.48134701287591,False,123.73193722431006,False,False
refractory_1.0,0.25,108,fixed_10,10.0,1.8859364873622813,1,30,1.4558710667689947,1.314465980673685,0.9511607490642366,2161,0.96298010180472,6.712170291531698,75,1.3082502508572151,0.20276490166864042,365.7422941043641,13.680675722913804,0.01666155411639081,2081,0.05,1.3082502508572151,0.0,False,-2.0,False,False
refractory_1.0,0.25,108,fixed_10,10.0,1.8859364873622813,1,15,1.4558710667689947,1.2750228993553756,0.9628203280881245,2161,0.8639518741323461,6.712170291531698,75,1.3233196433707963,0.3157250924635566,180.51926224238514,9.987995478584097,0.013622663022608394,1867,0.12,1.3233196433707963,0.0,False,-2.0000000000009095,False,False
refractory_1.0,0.25,108,fixed_10,10.0,1.8859364873622813,1,59,1.4558710667689947,1.678269785244017,0.8957108603619555,2161,0.996760758907913,6.712170291531698,75,1.3794761096260917,0.16634357171818348,438.475458567126,12.237842198914214,0.027796896652887426,2154,0.005,1.1691320483250052,0.06671841920929537,False,13.695537308645726,False,False
refractory_1.0,0.25,108,fixed_10,10.0,1.8859364873622813,3,30,1.4558710667689947,1.2982422618084437,0.9084448129785546,2161,0.45118000925497453,6.712170291531698,75,1.2203063365848106,0.11576568590840156,21.724114827740003,2.7471396530509793,0.02188695386011008,975,0.13,0.9373519182843627,0.06624671823273708,False,-1.1611249862507975,False,False
refractory_1.0,0.25,108,selected_regression,4.0,1.8859364873622813,1,30,1.027302174919019,1.314465980673685,0.9511607490642366,2161,0.96298010180472,6.712170291531698,75,1.3082502508572151,0.20276490166864042,365.7422941043641,13.680675722913804,0.01666155411639081,2081,0.035,1.3082502508572151,0.0,False,-2.0,True,True
refractory_1.0,0.25,108,selected_mle,4.0,1.8859364873622813,1,30,1.027302174919019,1.314465980673685,0.9511607490642366,2161,0.96298010180472,6.712170291531698,75,1.3082502508572151,0.20276490166864042,365.7422941043641,13.680675722913804,0.01666155411639081,2081,0.035,1.3082502508572151,0.0,False,-2.0,True,True
refractory_1.0,0.25,109,iei_rounded,2.0,1.8098318240620956,1,30,0.0,3.423896853883312,0.8644556162751145,7710,1.0,1.8783398184176394,12,2.090288781007649,0.7601100324241059,-481.5293310704905,-14.962328209437297,0.07538912756028593,7710,0.005,0.7031046183047848,0.7856243852946989,False,944.6517967437103,False,False
refractory_1.0,0.25,109,iei_rounded,2.0,1.8098318240620956,1,15,0.0,3.423896853883312,0.8644556162751145,7710,1.0,1.8783398184176394,12,1.995590298627116,0.7600082722626837,-345.2200002708248,-11.564534874144378,0.05990895928423701,7710,0.005,0.7378260048855088,0.7582000780833916,False,684.4315878816669,False,False
refractory_1.0,0.25,109,iei_rounded,2.0,1.8098318240620956,1,59,0.0,3.423896853883312,0.8644556162751145,7710,1.0,1.8783398184176394,12,2.132231116245025,0.7601100346957461,-534.476405173355,-16.012137730639367,0.08299938493534342,7710,0.005,0.700957082847912,0.7872418683634356,False,1050.0981360031255,False,False
refractory_1.0,0.25,109,iei_rounded,2.0,1.8098318240620956,3,30,0.0,5.066928212360791,0.9233807479619563,7710,0.22412451361867705,1.8783398184176394,12,3.5330685946551004,0.6894066499366811,-77.7315665190398,-9.669367049946072,0.07434995613576956,1728,0.005,-3.6307921759822737,2.271695391829173,False,151.4708505414601,False,False
refractory_1.0,0.25,109,fixed_10,10.0,1.8098318240620956,1,30,1.528115501519757,1.351584009980463,0.9779882182221837,2114,0.9536423841059603,6.850520340586566,87,1.3559413601213794,0.2155705661735896,381.1991720047257,13.86948492637715,0.012646807569573038,2016,0.165,1.3559413601213794,0.0,False,-2.000000000001819,False,False
refractory_1.0,0.25,109,fixed_10,10.0,1.8098318240620956,1,15,1.528115501519757,1.2911874718935792,0.9893160252363672,2114,0.8675496688741722,6.850520340586566,87,1.3625768077315517,0.3273669257760128,196.32422605782907,10.799361821449763,0.012692984031471177,1834,0.135,1.3625768077315517,0.0,False,-2.0000000000009095,False,False
refractory_1.0,0.25,109,fixed_10,10.0,1.8098318240620956,1,59,1.528115501519757,1.5867327859942575,0.909143347782407,2114,0.9952696310312205,6.850520340586566,87,1.4003532741154263,0.1658795289855644,520.5001547377778,14.070337840018958,0.018463101169046814,2104,0.005,1.2993754545784848,0.0320941873059551,False,1.5531228475938406,False,False
refractory_1.0,0.25,109,fixed_10,10.0,1.8098318240620956,3,30,1.528115501519757,1.3483497989819273,0.9584329497464681,2114,0.4328287606433302,6.850520340586566,87,1.276119142353311,0.12254711944224753,22.464880693166435,2.7929911128718916,0.01269359450562435,915,0.76,0.9346686216946266,0.08037345100940069,False,-0.8556373336468823,False,False
refractory_1.0,0.25,109,selected_regression,4.0,1.8098318240620956,1,30,0.9711447492904447,1.351584009980463,0.9779882182221837,2114,0.9536423841059603,6.850520340586566,87,1.3559413601213794,0.2155705661735896,381.1991720047257,13.86948492637715,0.012646807569573038,2016,0.175,1.3559413601213794,0.0,False,-2.000000000001819,True,True
refractory_1.0,0.25,109,selected_mle,4.0,1.8098318240620956,1,30,0.9711447492904447,1.351584009980463,0.9779882182221837,2114,0.9536423841059603,6.850520340586566,87,1.3559413601213794,0.2155705661735896,381.1991720047257,13.86948492637715,0.012646807569573038,2016,0.175,1.3559413601213794,0.0,False,-2.000000000001819,True,True
refractory_1.0,0.25,110,iei_rounded,2.0,1.8823338472774487,1,30,0.0,3.271517714465951,0.8985250237055826,7978,1.0,1.8177488092253697,11,2.1300820885498073,0.7987988854007779,-538.2052064843954,-16.89015563884838,0.07611405299167273,7978,0.005,0.660344966089536,0.8579809739723888,False,1026.7271877512576,False,False
refractory_1.0,0.25,110,iei_rounded,2.0,1.8823338472774487,1,15,0.0,3.271517714465951,0.8985250237055826,7978,1.0,1.8177488092253697,11,2.040558115143279,0.7987357022936477,-411.8161902273405,-13.918431827795857,0.061804752618762615,7978,0.005,0.6846680698078857,0.8382192949962601,False,781.7645060391005,False,False
refractory_1.0,0.25,110,iei_rounded,2.0,1.8823338472774487,1,59,0.0,3.271517714465951,0.8985250237055826,7978,1.0,1.8177488092253697,11,2.1692415258672586,0.798798886190635,-586.5224297392101,-17.774731444336613,0.08305524708295065,7978,0.005,0.6591786970015595,0.8588877565727938,False,1123.14369754391,False,False
refractory_1.0,0.25,110,iei_rounded,2.0,1.8823338472774487,3,30,0.0,4.822058714529071,0.9642788736418151,7978,0.21647029330659312,1.8177488092253697,11,3.8293358872026015,0.7795317888239179,-53.40834340863871,-6.89604869581929,0.060324698871378146,1727,0.005,-2.6532147360429112,2.0983978666013803,False,101.06765805995474,False,False
refractory_1.0,0.25,110,fixed_10,10.0,1.8823338472774487,1,30,1.5063009636767977,1.382171110786146,0.9756121837211245,2179,0.9554841670491051,6.655346489215236,79,1.3412885507570618,0.21517003319190342,352.55719745628335,12.797962839405079,0.009789747481331434,2082,0.37,1.3412885507570618,0.0,False,-2.000000000001819,False,False
refractory_1.0,0.25,110,fixed_10,10.0,1.8823338472774487,1,15,1.5063009636767977,1.2736613635725391,0.9893866965574938,2179,0.8719596145020652,6.655346489215236,79,1.3287696600476107,0.31688838413224774,188.51265575184792,10.42042859056439,0.010538640651797104,1900,0.33,1.3287696600476107,0.0,False,-2.0,False,False
refractory_1.0,0.25,110,fixed_10,10.0,1.8823338472774487,1,59,1.5063009636767977,1.597256685857377,0.9147885228004655,2179,0.9977053694355209,6.655346489215236,79,1.389301953866715,0.16649048805217737,482.68161112195054,13.2232039245006,0.020353622373288305,2174,0.01,1.2203984856890442,0.053659005738058464,False,8.235027036416795,False,False
refractory_1.0,0.25,110,fixed_10,10.0,1.8823338472774487,3,30,1.5063009636767977,1.4097450957817035,0.9565540452389878,2179,0.4442404772831574,6.655346489215236,79,1.3108791450337254,0.1275867098804392,21.757183624505593,2.530826919033792,0.01753627288615711,968,0.305,0.8974453427890258,0.09765557873659586,False,-0.23103397984687035,False,False
refractory_1.0,0.25,110,selected_regression,4.0,1.8823338472774487,1,30,0.9903625516291877,1.382171110786146,0.9756121837211245,2179,0.9554841670491051,6.655346489215236,79,1.3412885507570618,0.21517003319190342,352.55719745628335,12.797962839405079,0.009789747481331434,2082,0.37,1.3412885507570618,0.0,False,-2.000000000001819,True,True
refractory_1.0,0.25,110,selected_mle,4.0,1.8823338472774487,1,30,0.9903625516291877,1.382171110786146,0.9756121837211245,2179,0.9554841670491051,6.655346489215236,79,1.3412885507570618,0.21517003319190342,352.55719745628335,12.797962839405079,0.009789747481331434,2082,0.37,1.3412885507570618,0.0,False,-2.000000000001819,True,True
refractory_1.0,0.25,111,iei_rounded,2.0,1.9103843008994277,1,30,0.0,3.1944741403558137,0.8827592998906467,8051,1.0,1.7935660166438951,10,2.151059678021534,0.8154243713435254,-525.2881558681929,-16.905844417958566,0.07600263405460828,8051,0.005,0.6858801660684821,0.8637449535135509,False,1007.2196706293726,False,False
refractory_1.0,0.25,111,iei_rounded,2.0,1.9103843008994277,1,15,0.0,3.1944741403558137,0.8827592998906467,8051,1.0,1.7935660166438951,10,2.0641649110929112,0.8153729574857833,-404.94196912461007,-14.043379524231737,0.06228083930304029,8051,0.005,0.7085219350166501,0.8451979026092383,False,773.5803810563375,False,False
refractory_1.0,0.25,111,iei_rounded,2.0,1.9103843008994277,1,59,0.0,3.1944741403558137,0.8827592998906467,8051,1.0,1.7935660166438951,10,2.188811847899336,0.8154243718444758,-570.9040567876945,-17.746399340090704,0.08261078433702373,8051,0.005,0.6848354055243531,0.8645645941589082,False,1098.2624015241308,False,False
refractory_1.0,0.25,111,iei_rounded,2.0,1.9103843008994277,3,30,0.0,4.845980076101727,0.9398440729604802,8051,0.20357719537945596,1.7935660166438951,10,3.7481215111961905,0.7625586573245644,-72.80671109670348,-10.054837996831672,0.0715420301652373,1639,0.005,-4.604309016818745,2.7172169492614793,False,147.04180478646867,False,False
refractory_1.0,0.25,111,fixed_10,10.0,1.9103843008994277,1,30,1.4034048852701702,1.3532017476124043,0.9785817907289839,2210,0.9579185520361991,6.53393665158371,74,1.3547584696151436,0.2181458520477027,373.17670048678133,13.085270196651738,0.0076321667021771455,2117,0.69,1.3547584696151436,0.0,False,-1.999999999998181,False,False
refractory_1.0,0.25,111,fixed_10,10.0,1.9103843008994277,1,15,1.4034048852701702,1.3378191303858973,0.9752227353514704,2210,0.8751131221719457,6.53393665158371,74,1.3506001113451713,0.3301893373630256,170.22538067461835,9.168187597744295,0.009554631894377996,1934,0.39,1.3506001113451713,0.0,False,-2.0,False,False
refractory_1.0,0.25,111,fixed_10,10.0,1.9103843008994277,1,59,1.4034048852701702,1.594945116839057,0.9090583454919536,2210,0.9968325791855204,6.53393665158371,74,1.405602952102159,0.17150280121848094,494.75878196195737,13.454856882709187,0.022358833714674287,2203,0.005,1.214340459543633,0.061241002306109446,False,11.228610780857707,False,False
refractory_1.0,0.25,111,fixed_10,10.0,1.9103843008994277,3,30,1.4034048852701702,1.339177395299025,0.9591136684602403,2210,0.43619909502262444,6.53393665158371,74,1.3277824339584203,0.12698373369323468,35.109135330838896,4.035062903473293,0.01354829093518195,964,0.635,1.2609774229996566,0.0157920166215531,False,-1.9534201877513624,False,False
refractory_1.0,0.25,111,selected_regression,4.0,1.9103843008994277,1,30,0.9588235294117647,1.3532017476124043,0.9785817907289839,2210,0.9579185520361991,6.53393665158371,74,1.3547584696151436,0.2181458520477027,373.17670048678133,13.085270196651738,0.0076321667021771455,2117,0.75,1.3547584696151436,0.0,False,-1.999999999998181,True,True
refractory_1.0,0.25,111,selected_mle,4.0,1.9103843008994277,1,30,0.9588235294117647,1.3532017476124043,0.9785817907289839,2210,0.9579185520361991,6.53393665158371,74,1.3547584696151436,0.2181458520477027,373.17670048678133,13.085270196651738,0.0076321667021771455,2117,0.75,1.3547584696151436,0.0,False,-1.999999999998181,True,True
refractory_1.0,0.25,112,iei_rounded,2.0,1.8851924331376386,1,30,0.0,3.5835141164762465,0.8586980840040479,8017,1.0,1.8087813396532368,11,2.1373467308936416,0.8048800080235989,-537.8228904084713,-17.332976423161906,0.07360147841405662,8017,0.005,0.6819734550917085,0.8510927417467437,False,1007.6565860777846,False,False
refractory_1.0,0.25,112,iei_rounded,2.0,1.8851924331376386,1,15,0.0,3.5835141164762465,0.8586980840040479,8017,1.0,1.8087813396532368,11,2.048740846123488,0.8048214082637237,-413.34365960871696,-14.451047126516954,0.05949792494554096,8017,0.005,0.7064892228058172,0.8311527381181949,False,766.5769595646561,False,False
refractory_1.0,0.25,112,iei_rounded,2.0,1.8851924331376386,1,59,0.0,3.5835141164762465,0.8586980840040479,8017,1.0,1.8087813396532368,11,2.1760142139835725,0.8048800086923262,-585.2700489556894,-18.16687242576215,0.0804258277440264,8017,0.005,0.6807815552363542,0.8520204745970664,False,1102.3282529341705,False,False
refractory_1.0,0.25,112,iei_rounded,2.0,1.8851924331376386,3,30,0.0,5.511353983195511,0.9299329205958149,8017,0.2152925034302108,1.8087813396532368,11,3.8159522023788615,0.7863145424201015,-77.250162878248,-10.601207783782248,0.0843992740435977,1726,0.005,-5.298802849107054,2.993439616522509,False,164.55753885044032,False,False
refractory_1.0,0.25,112,fixed_10,10.0,1.8851924331376386,1,30,1.5156794425087108,1.374424074689549,0.9693028503676157,2237,0.9606616003576218,6.482342422887796,95,1.3620208267488803,0.2204873146912713,380.24943136939356,13.277497085742896,0.005771391791906333,2149,0.915,1.3620208267488803,0.0,False,-1.999999999998181,False,False
refractory_1.0,0.25,112,fixed_10,10.0,1.8851924331376386,1,15,1.5156794425087108,1.316631346170943,0.9782228592284113,2237,0.8793026374608851,6.482342422887796,95,1.3554568745017743,0.32990583715569677,184.11127719085374,9.662431606848155,0.007302389997480008,1967,0.685,1.3554568745017743,0.0,False,-2.000000000001819,False,False
refractory_1.0,0.25,112,fixed_10,10.0,1.8851924331376386,1,59,1.5156794425087108,1.6843496528503525,0.9109868629782392,2237,0.9964237818506929,6.482342422887796,95,1.4159642199461207,0.17422679706517313,510.9363974312495,13.375088980191194,0.02060160821403212,2229,0.025,1.2281728173592366,0.06036941473301568,False,10.878046495390663,False,False
refractory_1.0,0.25,112,fixed_10,10.0,1.8851924331376386,3,30,1.5156794425087108,1.3714508227738775,0.9424015248941007,2237,0.434957532409477,6.482342422887796,95,1.33221054220361,0.12820132311058136,32.51235590091517,3.773647680832193,0.01603220197919264,973,0.445,1.1665275847509262,0.03919143881825619,False,-1.7119139939040906,False,False
refractory_1.0,0.25,112,selected_regression,4.0,1.8851924331376386,1,30,0.9754135002235136,1.374424074689549,0.9693028503676157,2237,0.9606616003576218,6.482342422887796,95,1.3620208267488803,0.2204873146912713,380.24943136939356,13.277497085742896,0.005771391791906333,2149,0.925,1.3620208267488803,0.0,False,-1.999999999998181,True,True
refractory_1.0,0.25,112,selected_mle,4.0,1.8851924331376386,1,30,0.9754135002235136,1.374424074689549,0.9693028503676157,2237,0.9606616003576218,6.482342422887796,95,1.3620208267488803,0.2204873146912713,380.24943136939356,13.277497085742896,0.005771391791906333,2149,0.925,1.3620208267488803,0.0,False,-1.999999999998181,True,True
refractory_1.0,0.25,113,iei_rounded,2.0,1.8547971667739858,1,30,0.0,3.6177702406406045,0.881423848011645,7844,1.0,1.8494390617032126,13,2.1009705818213416,0.7780614565841251,-574.3860274851648,-18.331549556628453,0.0786389396710302,7844,0.005,0.6048113638737159,0.8637016367872248,False,1072.1861047763632,False,False
refractory_1.0,0.25,113,iei_rounded,2.0,1.8547971667739858,1,15,0.0,3.6177702406406045,0.881423848011645,7844,1.0,1.8494390617032126,13,2.007685573430253,0.7779798392875406,-439.7166293422523,-15.271707574037562,0.06348042919541685,7844,0.005,0.6303675024152265,0.8431212100672187,False,811.2625513285129,False,False
refractory_1.0,0.25,113,iei_rounded,2.0,1.8547971667739858,1,59,0.0,3.6177702406406045,0.881423848011645,7844,1.0,1.8494390617032126,13,2.142151116298569,0.7780614579763623,-626.4714613031106,-19.21668303671928,0.08606471625199008,7844,0.005,0.6035718346285642,0.8646562400284262,False,1176.119196992524,False,False
refractory_1.0,0.25,113,iei_rounded,2.0,1.8547971667739858,3,30,0.0,5.301096066894273,0.9515971420416717,7844,0.22514023457419685,1.8494390617032126,13,3.758079985585818,0.7656950634112536,-77.78229539295155,-9.971331701492522,0.08137008160536796,1766,0.005,-4.781716997132646,2.7833192778789755,False,162.06518770013008,False,False
refractory_1.0,0.25,113,fixed_10,10.0,1.8547971667739858,1,30,1.5459418070444104,1.2508172711757526,0.9607989985691666,2083,0.9563130100816131,6.964474315890542,81,1.3267450551790834,0.20137310067081582,416.3934561038396,15.155929751842367,0.02654869555195849,1992,0.005,1.3267450551790834,0.0,False,-1.999999999998181,False,False
refractory_1.0,0.25,113,fixed_10,10.0,1.8547971667739858,1,15,1.5459418070444104,1.374312120359073,0.968747032997397,2083,0.8521363418146903,6.964474315890542,81,1.379526768303199,0.3375764671659668,175.74837329783566,9.895737780933624,0.018552507399329732,1775,0.02,1.379526768303199,0.0,False,-2.0000000000009095,False,False
refractory_1.0,0.25,113,fixed_10,10.0,1.8547971667739858,1,59,1.5459418070444104,1.6426835726123623,0.8831872594582837,2083,0.9956793086893903,6.964474315890542,81,1.3838022081920922,0.16143789565714817,501.43360912768804,14.134710140358797,0.02519262195662786,2074,0.005,1.3082548457313252,0.02382370549568878,False,-0.029568098883828497,False,False
refractory_1.0,0.25,113,fixed_10,10.0,1.8547971667739858,3,30,1.5459418070444104,1.2077992510754978,0.9264441825190153,2083,0.45031204992798846,6.964474315890542,81,1.2307154385522185,0.11358155777836729,36.69611966504487,4.601120410566001,0.017444504257505877,938,0.345,1.2307154385522185,0.0,False,-1.999999999998181,False,False
refractory_1.0,0.25,113,selected_regression,4.0,1.8547971667739858,1,30,0.9649543927028325,1.2508172711757526,0.9607989985691666,2083,0.9563130100816131,6.964474315890542,81,1.3267450551790834,0.20137310067081582,416.3934561038396,15.155929751842367,0.02654869555195849,1992,0.005,1.3267450551790834,0.0,False,-1.999999999998181,False,True
refractory_1.0,0.25,113,selected_mle,4.0,1.8547971667739858,1,30,0.9649543927028325,1.2508172711757526,0.9607989985691666,2083,0.9563130100816131,6.964474315890542,81,1.3267450551790834,0.20137310067081582,416.3934561038396,15.155929751842367,0.02654869555195849,1992,0.005,1.3267450551790834,0.0,False,-1.999999999998181,False,True
refractory_1.0,0.25,114,iei_rounded,2.0,1.8753853642706475,1,30,0.0,3.4688792545568736,0.844529923244268,7953,1.0,1.8232113667798315,11,2.128776202137539,0.7951417190945953,-512.7482279488163,-16.17171552922379,0.0755554670876526,7953,0.005,0.6907885414590698,0.8354973064723675,False,990.0373703610385,False,False
refractory_1.0,0.25,114,iei_rounded,2.0,1.8753853642706475,1,15,0.0,3.4688792545568736,0.844529923244268,7953,1.0,1.8232113667798315,11,2.0390863355482036,0.7950756120468891,-386.3013868888544,-13.118803456091968,0.06120892267106426,7953,0.005,0.7172816917536476,0.8140780558345925,False,745.8439365980958,False,False
refractory_1.0,0.25,114,iei_rounded,2.0,1.8753853642706475,1,59,0.0,3.4688792545568736,0.844529923244268,7953,1.0,1.8232113667798315,11,2.1680245939747795,0.7951417199675679,-561.113848849112,-17.08867675466397,0.08251783617777175,7953,0.005,0.6894267225345878,0.8365501536567983,False,1086.5084234303795,False,False
refractory_1.0,0.25,114,iei_rounded,2.0,1.8753853642706475,3,30,0.0,5.301438621043601,0.8988585883037177,7953,0.2128756444109141,1.8232113667798315,11,3.7060170667684975,0.7443588645049577,-67.21802024833161,-8.932163069375312,0.06969119346149932,1693,0.005,-3.5734216688551803,2.344840811077311,False,130.2726133820952,False,False
refractory_1.0,0.25,114,fixed_10,10.0,1.8753853642706475,1,30,1.4854586129753915,1.331323652653199,0.9472047334767238,2174,0.9599816007359706,6.669733210671573,94,1.3466171090635957,0.21277486061023282,391.3984597179494,13.832686083594643,0.008963076166613071,2087,0.525,1.3466171090635957,0.0,False,-2.000000000001819,False,False
refractory_1.0,0.25,114,fixed_10,10.0,1.8753853642706475,1,15,1.4854586129753915,1.3401084704000057,0.97113085930248,2174,0.8712051517939282,6.669733210671573,94,1.357544992727826,0.3308275759950339,176.94828774088745,9.651617899125654,0.0078034872991381565,1894,0.64,1.357544992727826,0.0,False,-1.999999999998181,False,False
refractory_1.0,0.25,114,fixed_10,10.0,1.8753853642706475,1,59,1.4854586129753915,1.626004891943011,0.9091720146641245,2174,0.9967801287948482,6.669733210671573,94,1.401828879007665,0.16770264053345313,518.8514241628013,13.643564794165979,0.020476049423345466,2167,0.01,1.256269054156203,0.046411113306328355,False,5.573847123050655,False,False
refractory_1.0,0.25,114,fixed_10,10.0,1.8753853642706475,3,30,1.4854586129753915,1.3137778750088,0.9011570002888887,2174,0.44434222631094755,6.669733210671573,94,1.3125885974631952,0.12377226708723621,40.639281609598534,4.60885057169887,0.015400733644651832,966,0.5,1.3125885974631952,0.0,False,-2.0,False,False
refractory_1.0,0.25,114,selected_regression,4.0,1.8753853642706475,1,30,0.9632014719411224,1.331323652653199,0.9472047334767238,2174,0.9599816007359706,6.669733210671573,94,1.3466171090635957,0.21277486061023282,391.3984597179494,13.832686083594643,0.008963076166613071,2087,0.55,1.3466171090635957,0.0,False,-2.000000000001819,True,True
refractory_1.0,0.25,114,selected_mle,4.0,1.8753853642706475,1,30,0.9632014719411224,1.331323652653199,0.9472047334767238,2174,0.9599816007359706,6.669733210671573,94,1.3466171090635957,0.21277486061023282,391.3984597179494,13.832686083594643,0.008963076166613071,2087,0.55,1.3466171090635957,0.0,False,-2.000000000001819,True,True
refractory_1.0,0.25,115,iei_rounded,2.0,1.908131796786236,1,30,0.0,3.5783617273818966,0.8561466664883937,8058,1.0,1.7997021593447506,11,2.1487606738164065,0.8111371050712601,-504.58564699808744,-16.180830437890815,0.07191214904988419,8058,0.005,0.7281087323068846,0.8317413147040801,False,962.3835494786399,False,False
refractory_1.0,0.25,115,iei_rounded,2.0,1.908131796786236,1,15,0.0,3.5783617273818966,0.8561466664883937,8058,1.0,1.7997021593447506,11,2.0615810187203305,0.8110828803657968,-383.3660803368286,-13.275007480350881,0.058126951563728047,8058,0.005,0.7537267612381178,0.8109053638044078,False,728.226114102792,False,False
refractory_1.0,0.25,115,iei_rounded,2.0,1.908131796786236,1,59,0.0,3.5783617273818966,0.8561466664883937,8058,1.0,1.7997021593447506,11,2.186665089720643,0.811137105634667,-550.5764569312335,-17.038272225247322,0.078556150607201,8058,0.005,0.7268022348418902,0.8327579022182632,False,1054.1197130939654,False,False
refractory_1.0,0.25,115,iei_rounded,2.0,1.908131796786236,3,30,0.0,5.495904607337858,0.9239264182448038,8058,0.2099776619508563,1.7997021593447506,11,3.7684803457958633,0.7696007286460738,-75.17672214030776,-10.36197926198716,0.0798185441351319,1692,0.005,-4.8375020488460745,2.8082331431662784,False,155.42484631027037,False,False
refractory_1.0,0.25,115,fixed_10,10.0,1.908131796786236,1,30,1.4698242933537051,1.3589488261303826,0.9736266289581558,2180,0.9610091743119266,6.652293577981651,79,1.3184561020541405,0.2103814098066354,328.49769353266527,11.918862132060651,0.0072037226525139,2095,0.76,1.2650466138415033,0.019581406336627073,False,-1.2695726871224906,False,False
refractory_1.0,0.25,115,fixed_10,10.0,1.908131796786236,1,15,1.4698242933537051,1.345435528457267,0.9944995374985948,2180,0.8697247706422019,6.652293577981651,79,1.3170691802498151,0.32343754283973736,134.99483724377615,7.48310926965308,0.008116379515085481,1896,0.595,1.2374648959162076,0.03652707912323564,False,-1.0199978697773986,False,False
refractory_1.0,0.25,115,fixed_10,10.0,1.908131796786236,1,59,1.4698242933537051,1.7126762069723638,0.9137642501450618,2180,0.9963302752293578,6.652293577981651,79,1.384355172349471,0.16931384129809035,424.8405347375051,11.558830473671929,0.02594985329330568,2172,0.005,1.113753983003661,0.08629810058500345,False,24.013052757061814,False,False
refractory_1.0,0.25,115,fixed_10,10.0,1.908131796786236,3,30,1.4698242933537051,1.3897547465500069,0.95346577447949,2180,0.46605504587155966,6.652293577981651,79,1.3693611097328624,0.1314937412812059,42.70980599872618,4.7048833734764886,0.00938957943187868,1016,0.955,1.3693611097328624,0.0,False,-1.9999999999990905,False,False
refractory_1.0,0.25,115,selected_regression,4.0,1.908131796786236,1,30,1.0,1.3589488261303826,0.9736266289581558,2180,0.9610091743119266,6.652293577981651,79,1.3184561020541405,0.2103814098066354,328.49769353266527,11.918862132060651,0.0072037226525139,2095,0.805,1.2650466138415033,0.019581406336627073,False,-1.2695726871224906,True,True
refractory_1.0,0.25,115,selected_mle,4.0,1.908131796786236,1,30,1.0,1.3589488261303826,0.9736266289581558,2180,0.9610091743119266,6.652293577981651,79,1.3184561020541405,0.2103814098066354,328.49769353266527,11.918862132060651,0.0072037226525139,2095,0.805,1.2650466138415033,0.019581406336627073,False,-1.2695726871224906,True,True
refractory_1.0,0.25,116,iei_rounded,2.0,1.8548478243319608,1,30,0.0,3.194847952378052,0.8387027691904142,7874,1.0,1.8436626873253747,10,2.1076759968976884,0.7817567065375695,-555.8116284463607,-17.730856644409883,0.0783984110884739,7874,0.005,0.6271678760359378,0.8558484221468963,False,1050.7590823013015,False,False
refractory_1.0,0.25,116,iei_rounded,2.0,1.8548478243319608,1,15,0.0,3.194847952378052,0.8387027691904142,7874,1.0,1.8436626873253747,10,2.0152690402450357,0.781678721620966,-423.1051155213379,-14.642373312527617,0.06343904209211493,7874,0.005,0.6530416412708832,0.8349961245606223,False,793.8736351607076,False,False
refractory_1.0,0.25,116,iei_rounded,2.0,1.8548478243319608,1,59,0.0,3.194847952378052,0.8387027691904142,7874,1.0,1.8436626873253747,10,2.1483838927446772,0.7817567077961891,-607.0019197128012,-18.635162109775287,0.08571022628958946,7874,0.005,0.6258911569181457,0.8568323506546347,False,1152.8946318069138,False,False
refractory_1.0,0.25,116,iei_rounded,2.0,1.8548478243319608,3,30,0.0,5.005035077696076,0.8861261329994576,7874,0.22110744221488443,1.8436626873253747,10,3.734646744460859,0.7549901893006452,-70.9317838138672,-9.513652426775408,0.0692780049468803,1741,0.005,-3.8538770689956054,2.4549049763551345,False,138.52949239277132,False,False
refractory_1.0,0.25,116,fixed_10,10.0,1.8548478243319608,1,30,1.4331306990881458,1.3301621478214125,0.9412550703119363,2130,0.9586854460093897,6.8154929577464785,82,1.3340027593040542,0.20834574066358041,384.9170941536086,14.155535252176112,0.012017895411984947,2042,0.24,1.3340027593040542,0.0,False,-1.999999999998181,False,False
refractory_1.0,0.25,116,fixed_10,10.0,1.8548478243319608,1,15,1.4331306990881458,1.3674480941423675,0.9900870251451974,2130,0.85962441314554,6.8154929577464785,82,1.3695040917175607,0.3383395589450011,159.33951238371588,8.891437754866226,0.006859663731894727,1831,0.8,1.3695040917175607,0.0,False,-2.0,False,False
refractory_1.0,0.25,116,fixed_10,10.0,1.8548478243319608,1,59,1.4331306990881458,1.592935724127001,0.9076130505038619,2130,0.9953051643192489,6.8154929577464785,82,1.3929976430386102,0.16601859537693142,492.06701391545107,13.485360697797518,0.02323874671453452,2120,0.005,1.2403895092782555,0.04850807488560238,False,6.1538421140976425,False,False
refractory_1.0,0.25,116,fixed_10,10.0,1.8548478243319608,3,30,1.4331306990881458,1.3115221822066232,0.8904508958545552,2130,0.4403755868544601,6.8154929577464785,82,1.2563262549056144,0.11770547711126472,33.1669059471176,4.086328915404912,0.015196769763788365,938,0.585,1.2563262549056144,0.0,False,-1.9999999999990905,False,False
refractory_1.0,0.25,116,selected_regression,48.0,1.8548478243319608,1,30,0.9909706546275395,1.3301621478214125,0.9412550703119363,2130,0.9586854460093897,6.8154929577464785,82,1.3340027593040542,0.20834574066358041,384.9170941536086,14.155535252176112,0.012017895411984947,2042,0.155,1.3340027593040542,0.0,False,-1.999999999998181,True,True
refractory_1.0,0.25,116,selected_mle,48.0,1.8548478243319608,1,30,0.9909706546275395,1.3301621478214125,0.9412550703119363,2130,0.9586854460093897,6.8154929577464785,82,1.3340027593040542,0.20834574066358041,384.9170941536086,14.155535252176112,0.012017895411984947,2042,0.155,1.3340027593040542,0.0,False,-1.999999999998181,True,True
refractory_1.0,0.25,117,iei_rounded,2.0,1.9143182928815767,1,30,0.0,3.159529065739966,0.8918444222424461,8063,1.0,1.7939972714870396,10,2.1508507299843362,0.8151214963753102,-524.9675672841802,-16.81794153697048,0.07496017452636117,8063,0.005,0.6910040057943333,0.8599207753413967,False,1003.157871398671,False,False
refractory_1.0,0.25,117,iei_rounded,2.0,1.9143182928815767,1,15,0.0,3.159529065739966,0.8918444222424461,8063,1.0,1.7939972714870396,10,2.063930103489758,0.8150698887329026,-404.3722302760542,-13.960395135291638,0.06123262727485668,8063,0.005,0.7139801098748535,0.8411153615021119,False,769.1653550528245,False,False
refractory_1.0,0.25,117,iei_rounded,2.0,1.9143182928815767,1,59,0.0,3.159529065739966,0.8918444222424461,8063,1.0,1.7939972714870396,10,2.1886167169130726,0.815121496880435,-570.681851597516,-17.657994381058973,0.08157157666043646,8063,0.005,0.6899310798127145,0.8607617152035032,False,1094.3911614128046,False,False
refractory_1.0,0.25,117,iei_rounded,2.0,1.9143182928815767,3,30,0.0,4.771551045143312,0.953128518067925,8063,0.20612675182934392,1.7939972714870396,10,3.782468665713866,0.772650303107151,-70.18392357175071,-9.781435186359118,0.07772723568748907,1662,0.005,-4.486387606777538,2.6960873871345785,False,142.75872726829948,False,False
refractory_1.0,0.25,117,fixed_10,10.0,1.9143182928815767,1,30,1.3144560357675112,1.3511069767814543,0.9800922543957569,2187,0.9574759945130316,6.614083219021491,89,1.358095851455671,0.2189423275820549,372.24148298272496,13.019043366719497,0.0062622264650396,2094,0.88,1.358095851455671,0.0,False,-2.000000000001819,False,False
refractory_1.0,0.25,117,fixed_10,10.0,1.9143182928815767,1,15,1.3144560357675112,1.3947490531607958,0.988981297676263,2187,0.869684499314129,6.614083219021491,89,1.371082285986228,0.3424953541072543,149.26376288974848,8.007781621260452,0.006872776379156065,1902,0.74,1.3103348329680895,0.02822140385141402,False,-1.4316098061854063,False,False
refractory_1.0,0.25,117,fixed_10,10.0,1.9143182928815767,1,59,1.3144560357675112,1.5837842587288495,0.9303916027188872,2187,0.9954275262917238,6.614083219021491,89,1.4093188260651157,0.17191299200105975,499.6097981734655,13.370155362174673,0.02147329081492566,2177,0.005,1.2214062196336546,0.060246661314652276,False,10.612417357066079,False,False
refractory_1.0,0.25,117,fixed_10,10.0,1.9143182928815767,3,30,1.3144560357675112,1.333121633175873,0.9618877767971135,2187,0.43438500228623683,6.614083219021491,89,1.3298184144144134,0.12706997072289516,35.46909534843365,4.122537751685775,0.01351603823446379,950,0.67,1.239682026047554,0.02131257839854203,False,-1.9165115518053426,False,False
refractory_1.0,0.25,117,selected_regression,4.0,1.9143182928815767,1,30,0.9753086419753086,1.3511069767814543,0.9800922543957569,2187,0.9574759945130316,6.614083219021491,89,1.358095851455671,0.2189423275820549,372.24148298272496,13.019043366719497,0.0062622264650396,2094,0.935,1.358095851455671,0.0,False,-2.000000000001819,True,True
refractory_1.0,0.25,117,selected_mle,4.0,1.9143182928815767,1,30,0.9753086419753086,1.3511069767814543,0.9800922543957569,2187,0.9574759945130316,6.614083219021491,89,1.358095851455671,0.2189423275820549,372.24148298272496,13.019043366719497,0.0062622264650396,2094,0.935,1.358095851455671,0.0,False,-2.000000000001819,True,True
refractory_1.0,0.25,118,iei_rounded,2.0,1.8422071636011617,1,30,0.0,3.233317729160899,0.8643047346464481,7802,1.0,1.8570879261727762,11,2.104728362945659,0.7732243961780159,-493.7569019207171,-15.375218467057763,0.07650101397868703,7802,0.005,0.6926639349544312,0.8080259460668582,False,968.5124822621001,False,False
refractory_1.0,0.25,118,iei_rounded,2.0,1.8422071636011617,1,15,0.0,3.233317729160899,0.8643047346464481,7802,1.0,1.8570879261727762,11,2.0119362974328983,0.7731377725518822,-361.1969475774692,-12.09837538310649,0.06145436710730057,7802,0.005,0.7236443714217121,0.7833210815354611,False,714.0709116350299,False,False
refractory_1.0,0.25,118,iei_rounded,2.0,1.8422071636011617,1,59,0.0,3.233317729160899,0.8643047346464481,7802,1.0,1.8570879261727762,11,2.145643498383487,0.7732243977667359,-544.9531265680707,-16.381825733780584,0.08386275105615826,7802,0.005,0.6908944432438864,0.8093731072012146,False,1070.5493365597795,False,False
refractory_1.0,0.25,118,iei_rounded,2.0,1.8422071636011617,3,30,0.0,4.839024020037515,0.9142558263874712,7802,0.21840553704178417,1.8570879261727762,11,3.588114907941611,0.7050947153045821,-69.69347833101301,-8.956223247749149,0.06910253519271248,1704,0.005,-3.2264326983716254,2.166385185384252,False,132.57231119432072,False,False
refractory_1.0,0.25,118,fixed_10,10.0,1.8422071636011617,1,30,1.4816753926701571,1.2677797620592284,0.9521722398643468,2093,0.9546106067845198,6.922599139990444,83,1.3534004556207986,0.20795938134624165,436.8270413098953,15.87824349661753,0.019530052607264925,1998,0.01,1.3534004556207986,0.0,False,-2.000000000001819,False,False
refractory_1.0,0.25,118,fixed_10,10.0,1.8422071636011617,1,15,1.4816753926701571,1.3922746505275378,0.9718702331504002,2093,0.8533205924510272,6.922599139990444,83,1.4146162398119184,0.3517558904405339,178.93235385451766,9.701755374421733,0.009489756099322899,1786,0.5,1.4146162398119184,0.0,False,-2.0,False,False
refractory_1.0,0.25,118,fixed_10,10.0,1.8422071636011617,1,59,1.4816753926701571,1.5734243366009621,0.9157897387070557,2093,0.9966555183946488,6.922599139990444,83,1.3977041387951825,0.1613300906362518,562.7305858950235,15.544639782203404,0.019037960307199397,2086,0.03,1.3659169805714766,0.010052875960006705,False,-1.6489400368063798,False,False
refractory_1.0,0.25,118,fixed_10,10.0,1.8422071636011617,3,30,1.4816753926701571,1.198439534111359,0.9082896137299064,2093,0.42857142857142855,6.922599139990444,83,1.2234330959913695,0.11173116231070063,38.95716364501223,5.047229660851816,0.019021589432237973,897,0.3,1.2234330959913695,0.0,False,-2.000000000001819,False,False
refractory_1.0,0.25,118,selected_regression,4.0,1.8422071636011617,1,30,0.9617773530817009,1.2677797620592284,0.9521722398643468,2093,0.9546106067845198,6.922599139990444,83,1.3534004556207986,0.20795938134624165,436.8270413098953,15.87824349661753,0.019530052607264925,1998,0.02,1.3534004556207986,0.0,False,-2.000000000001819,False,True
refractory_1.0,0.25,118,selected_mle,4.0,1.8422071636011617,1,30,0.9617773530817009,1.2677797620592284,0.9521722398643468,2093,0.9546106067845198,6.922599139990444,83,1.3534004556207986,0.20795938134624165,436.8270413098953,15.87824349661753,0.019530052607264925,1998,0.02,1.3534004556207986,0.0,False,-2.000000000001819,False,True
refractory_1.0,0.25,119,iei_rounded,2.0,1.899894197118906,1,30,0.0,3.0361906818400795,0.8961330720204117,8049,1.0,1.8014660206236799,10,2.150005589053203,0.8099134912938062,-482.2046911035865,-15.164272660677776,0.07357995023075514,8049,0.005,0.7397994985524848,0.8250100088411887,False,948.7477050369089,False,False
refractory_1.0,0.25,119,iei_rounded,2.0,1.899894197118906,1,15,0.0,3.0361906818400795,0.8961330720204117,8049,1.0,1.8014660206236799,10,2.062980300255626,0.8098584370373789,-361.53910133561914,-12.180829947485343,0.059829115328849714,8049,0.005,0.7659814469785723,0.8037353865611072,False,715.9099562578485,False,False
refractory_1.0,0.25,119,iei_rounded,2.0,1.899894197118906,1,59,0.0,3.0361906818400795,0.8961330720204117,8049,1.0,1.8014660206236799,10,2.1878275032361874,0.8099134918764157,-527.9625127993374,-16.071053023619278,0.08020451859853706,8049,0.005,0.7384384217184896,0.8260679068570664,False,1040.006649936393,False,False
refractory_1.0,0.25,119,iei_rounded,2.0,1.899894197118906,3,30,0.0,4.494324570014706,0.9433778734514912,8049,0.2041247359920487,1.8014660206236799,10,3.6798707520071066,0.7365899746693856,-67.7295601293775,-9.250434618041522,0.07427563490051314,1643,0.005,-3.7213521040539117,2.3807094009443275,False,132.35228354628453,False,False
refractory_1.0,0.25,119,fixed_10,10.0,1.899894197118906,1,30,1.4574780058651027,1.3719432903214102,0.9680581933546997,2213,0.9624943515589697,6.552191595119747,75,1.3338247644485772,0.2133301732254438,354.4013429973542,12.691591543773688,0.004783511529833584,2130,0.995,1.331544501513374,0.0008382696354057715,False,-1.998645774254328,False,False
refractory_1.0,0.25,119,fixed_10,10.0,1.899894197118906,1,15,1.4574780058651027,1.3051304703449498,0.9866576229653116,2213,0.8752824220515137,6.552191595119747,75,1.327697521720859,0.32080157940696974,171.16698909035273,9.225738608232993,0.0062279766577445494,1937,0.885,1.327697521720859,0.0,False,-1.9999999999990905,False,False
refractory_1.0,0.25,119,fixed_10,10.0,1.899894197118906,1,59,1.4574780058651027,1.6312835291872954,0.9307859603379094,2213,0.9959331224582015,6.552191595119747,75,1.3990273681451644,0.17239861951885543,455.1395961150081,12.141388629568652,0.024654163480212432,2204,0.005,1.1664026227306543,0.07446947021958607,False,17.526440976158483,False,False
refractory_1.0,0.25,119,fixed_10,10.0,1.899894197118906,3,30,1.4574780058651027,1.4004064400755722,0.943365259907743,2213,0.45594215996384996,6.552191595119747,75,1.3430700617401516,0.12953123725563975,34.41093292967843,3.8755675218197716,0.010801687780632951,1009,0.855,1.2439282869939257,0.02347155636011554,False,-1.892811724396779,False,False
refractory_1.0,0.25,119,selected_regression,4.0,1.899894197118906,1,30,0.9864437415273385,1.3719432903214102,0.9680581933546997,2213,0.9624943515589697,6.552191595119747,75,1.3338247644485772,0.2133301732254438,354.4013429973542,12.691591543773688,0.004783511529833584,2130,0.97,1.331544501513374,0.0008382696354057715,False,-1.998645774254328,True,True
refractory_1.0,0.25,119,selected_mle,4.0,1.899894197118906,1,30,0.9864437415273385,1.3719432903214102,0.9680581933546997,2213,0.9624943515589697,6.552191595119747,75,1.3338247644485772,0.2133301732254438,354.4013429973542,12.691591543773688,0.004783511529833584,2130,0.97,1.331544501513374,0.0008382696354057715,False,-1.998645774254328,True,True
refractory_1.2,0.25,100,iei_rounded,1.0,1.4281477087349845,1,30,0.0,2.951858102796508,0.8240662959227869,5841,1.0,2.4845060777264165,14,1.7320408266842566,0.5149901819807736,-714.4957491349332,-23.437768051346737,0.10455362499155857,5841,0.005,0.12289715424678012,0.7772126057127333,False,1273.3474063747017,False,False
refractory_1.2,0.25,100,iei_rounded,1.0,1.4281477087349845,1,15,0.0,2.951858102796508,0.8240662959227869,5841,1.0,2.4845060777264165,14,1.577883234285034,0.5131510078577723,-446.79693195606,-16.98843935413106,0.0749249312069144,5841,0.005,0.20848800224438904,0.7185680671253778,False,776.0149893741618,False,False
refractory_1.2,0.25,100,iei_rounded,1.0,1.4281477087349845,1,59,0.0,2.951858102796508,0.8240662959227869,5841,1.0,2.4845060777264165,14,1.8064964698781356,0.5149917689767329,-832.6578977030808,-25.22570989115007,0.12064457945053614,5841,0.005,0.11539196396256621,0.7820530048808078,False,1507.5071937719258,False,False
refractory_1.2,0.25,100,iei_rounded,1.0,1.4281477087349845,3,30,0.0,4.44210376873335,0.9057457258210068,5841,0.37236774524910116,2.4845060777264165,14,2.987405184389482,0.5252664838712038,-152.59007215266456,-15.262985910714963,0.10406962440828876,2175,0.005,-4.309135216814612,2.192979788555194,False,315.74555328110637,False,False
refractory_1.2,0.25,100,fixed_10,10.0,1.4281477087349845,1,30,2.1781512605042015,1.0826323558587052,0.8899075531143075,1026,0.8362573099415205,14.144249512670566,193,1.214598463881769,0.1655094344001135,186.59247357272545,11.205189409965904,0.033512885642879575,858,0.01,1.214598463881769,0.0,False,-2.0000000000009095,False,False
refractory_1.2,0.25,100,fixed_10,10.0,1.4281477087349845,1,15,2.1781512605042015,1.1998301456805704,0.9538148999789207,1026,0.7173489278752436,14.144249512670566,193,1.3024003911185122,0.30059164567424845,83.961187987621,7.552759849542125,0.020520562042186552,736,0.135,1.3024003911185122,0.0,False,-2.0,False,False
refractory_1.2,0.25,100,fixed_10,10.0,1.4281477087349845,1,59,2.1781512605042015,1.0131649066524535,0.8363242174463994,1026,0.9600389863547758,14.144249512670566,193,1.1540037272962262,0.09243885729357765,316.23045892085077,13.743814258423843,0.04158367844522581,985,0.005,1.1540037272962262,0.0,False,-2.000000000001819,False,False
refractory_1.2,0.25,100,fixed_10,10.0,1.4281477087349845,3,30,2.1781512605042015,0.9613078324965298,0.7889222805034148,1026,0.41812865497076024,14.144249512670566,193,0.9881806610340345,0.08493018259985274,14.041014204709365,3.1633629302101203,0.018728304713080512,429,0.795,0.9881806610340345,0.0,False,-2.0000000000004547,False,False
refractory_1.2,0.25,100,selected_regression,3.0,1.4281477087349845,1,30,0.863013698630137,1.8486168733289636,0.7696140798242446,2644,1.0,5.488653555219365,30,1.1471865509912167,0.19796404903991793,-84.67120309482259,-3.5801605143767268,0.07470722192859947,2644,0.005,0.38990465734989893,0.26826428454715234,False,172.85871686780956,False,False
refractory_1.2,0.25,100,selected_mle,128.0,1.4281477087349845,1,30,1.0532544378698225,1.0826323558587052,0.8899075531143075,1026,0.8362573099415205,14.144249512670566,193,1.214598463881769,0.1655094344001135,186.59247357272545,11.205189409965904,0.033512885642879575,858,0.005,1.214598463881769,0.0,False,-2.0000000000009095,False,False
refractory_1.2,0.25,101,iei_rounded,1.0,1.4077303968664547,1,30,0.0,2.5028292681800064,0.8278863759451736,5708,1.0,2.5362648913805184,12,1.6938913395383697,0.5013361456432148,-844.6892180251915,-28.899153053117693,0.12114861529004833,5708,0.005,-0.10847930508725614,0.8681868144512285,False,1539.0526645048194,False,False
refractory_1.2,0.25,101,iei_rounded,1.0,1.4077303968664547,1,15,0.0,2.5028292681800064,0.8278863759451736,5708,1.0,2.5362648913805184,12,1.5317894894906185,0.49919141895836916,-556.294479321411,-22.430756934772244,0.08962449590300664,5708,0.005,-0.03645634436734491,0.8189269829268089,False,990.4121741096751,False,False
refractory_1.2,0.25,101,iei_rounded,1.0,1.4077303968664547,1,59,0.0,2.5028292681800064,0.8278863759451736,5708,1.0,2.5362648913805184,12,1.7726875660982468,0.5013384083725343,-973.4277196080506,-30.491964115712044,0.13841697031636874,5708,0.005,-0.11366803971533644,0.8715330872182279,False,1795.13444074972,False,False
refractory_1.2,0.25,101,iei_rounded,1.0,1.4077303968664547,3,30,0.0,3.887274669324064,0.9091581944563398,5708,0.389978976874562,2.5362648913805184,12,3.0365036529010947,0.5414659681146015,-158.37768506520234,-16.07241184219168,0.10529106865207083,2226,0.005,-4.662221341872586,2.333013216698627,False,333.44583547738875,False,False
refractory_1.2,0.25,101,fixed_10,10.0,1.4077303968664547,1,30,2.168695652173913,0.9794603559742432,0.8396397725592333,946,0.8192389006342494,15.30338266384778,198,1.2442154806545798,0.16201260765235648,214.87173811891566,13.511727241195466,0.053496864037101965,775,0.005,1.2442154806545798,0.0,False,-2.0000000000013642,False,False
refractory_1.2,0.25,101,fixed_10,10.0,1.4077303968664547,1,15,2.168695652173913,1.3315184688003165,0.928025660970071,946,0.686046511627907,15.30338266384778,198,1.4345688472787028,0.3482884112823721,83.6300993433368,7.435029123685484,0.023360328338847824,649,0.085,1.4345688472787028,0.0,False,-1.9999999999990905,False,False
refractory_1.2,0.25,101,fixed_10,10.0,1.4077303968664547,1,59,2.168695652173913,1.061782234474681,0.7731491900572529,946,0.9386892177589852,15.30338266384778,198,1.1766824926938764,0.09343017601263215,315.4714286713307,14.34315275850524,0.06153013485517833,888,0.005,1.1766824926938764,0.0,False,-2.0,False,False
refractory_1.2,0.25,101,fixed_10,10.0,1.4077303968664547,3,30,2.168695652173913,0.7520021803099358,0.7003712020937678,946,0.3890063424947146,15.30338266384778,198,0.8940859925849747,0.06994617697486666,17.672455051044047,4.449105008625251,0.05353200863209728,368,0.005,0.8940859925849747,0.0,False,-1.9999999999990905,False,False
refractory_1.2,0.25,101,selected_regression,3.0,1.4077303968664547,1,30,0.8838383838383839,1.8622534906371226,0.7269960608303825,2537,1.0,5.706346078044935,28,1.1044031478275418,0.18886315023183975,-122.42047507584012,-5.454604936572347,0.08702777412112161,2537,0.005,0.299102097738329,0.28124360275453003,False,185.17733160947319,False,False
refractory_1.2,0.25,101,selected_mle,4.0,1.4077303968664547,1,30,1.157505285412262,0.9794603559742432,0.8396397725592333,946,0.8192389006342494,15.30338266384778,198,1.2442154806545798,0.16201260765235648,214.87173811891566,13.511727241195466,0.053496864037101965,775,0.005,1.2442154806545798,0.0,False,-2.0000000000013642,False,False
refractory_1.2,0.25,102,iei_rounded,1.0,1.4578411707896888,1,30,0.0,2.880777442916051,0.8291755563987133,5969,1.0,2.4332383983916905,14,1.749416789497003,0.5292854531460645,-750.4788456503444,-24.90968322901586,0.11017097776234858,5969,0.005,0.08743920046615013,0.8142192131167254,False,1353.1896196415983,False,False
refractory_1.2,0.25,102,iei_rounded,1.0,1.4578411707896888,1,15,0.0,2.880777442916051,0.8291755563987133,5969,1.0,2.4332383983916905,14,1.5987600690864365,0.5277211115623253,-488.601942715595,-18.803962548186014,0.08138184987671432,5969,0.005,0.1605773251760299,0.7633917892664096,False,860.4899420369875,False,False
refractory_1.2,0.25,102,iei_rounded,1.0,1.4578411707896888,1,59,0.0,2.880777442916051,0.8291755563987133,5969,1.0,2.4332383983916905,14,1.821955955288109,0.5292865462074692,-865.3434028323825,-26.549147403085726,0.1257430344758909,5969,0.005,0.0816938878494612,0.8179851455073742,False,1581.3416832259827,False,False
refractory_1.2,0.25,102,iei_rounded,1.0,1.4578411707896888,3,30,0.0,4.371339941179795,0.912968380072522,5969,0.35784888591053776,2.4332383983916905,14,3.0204133275341345,0.5375212751634413,-156.6713843591515,-16.07758694597255,0.10198061333575686,2136,0.005,-4.7764557948526285,2.3602414248238603,False,329.9611406506501,False,False
refractory_1.2,0.25,102,fixed_10,10.0,1.4578411707896888,1,30,2.0771653543307087,1.1593078989399666,0.9072385584950902,1063,0.8494825964252116,13.66321730950141,174,1.241447688976974,0.17566942076246517,185.90032717727618,10.979267272219898,0.03157120544123082,903,0.005,1.241447688976974,0.0,False,-2.0,False,False
refractory_1.2,0.25,102,fixed_10,10.0,1.4578411707896888,1,15,2.0771653543307087,1.2875782784858485,0.9673387185475602,1063,0.7318908748824082,13.66321730950141,174,1.3316252019903327,0.3183779263736072,76.51234913103116,6.581800215905267,0.014000835221547048,778,0.49,1.3316252019903327,0.0,False,-1.9999999999995453,False,False
refractory_1.2,0.25,102,fixed_10,10.0,1.4578411707896888,1,59,2.0771653543307087,1.1660528080301344,0.8314096941479806,1063,0.9520225776105362,13.66321730950141,174,1.2044049723784287,0.10387285004344349,317.67573739138703,13.33393308988897,0.03603225064768101,1012,0.005,1.2044049723784287,0.0,False,-1.9999999999990905,False,False
refractory_1.2,0.25,102,fixed_10,10.0,1.4578411707896888,3,30,2.0771653543307087,1.087728611735754,0.8241457367130336,1063,0.4233301975540922,13.66321730950141,174,1.0901689098769065,0.0962147481869757,16.794838300441526,3.456885594857504,0.038601276564063536,450,0.035,1.0901689098769065,0.0,False,-1.9999999999990905,False,False
refractory_1.2,0.25,102,selected_regression,3.0,1.4578411707896888,1,30,0.85370611183355,1.7028037103795717,0.7922341953634314,2686,1.0,5.407297096053611,27,1.1498000740834744,0.2015447824546635,-119.9749338646809,-5.102357555873706,0.07950733837850787,2686,0.005,0.31831589630060625,0.29538589218554107,False,210.46420441138798,False,False
refractory_1.2,0.25,102,selected_mle,4.0,1.4578411707896888,1,30,1.1552210724365004,1.1593078989399666,0.9072385584950902,1063,0.8494825964252116,13.66321730950141,174,1.241447688976974,0.17566942076246517,185.90032717727618,10.979267272219898,0.03157120544123082,903,0.005,1.241447688976974,0.0,False,-2.0,False,False
refractory_1.2,0.25,103,iei_rounded,1.0,1.446727045136588,1,30,0.0,2.8773125189505606,0.8207780859367928,5910,1.0,2.4668358714043994,13,1.731598886419503,0.5198272941173683,-780.4952362317972,-26.04604229526486,0.10870195854503617,5910,0.005,0.04718718687752621,0.819156471670606,False,1388.595479054955,False,False
refractory_1.2,0.25,103,iei_rounded,1.0,1.446727045136588,1,15,0.0,2.8773125189505606,0.8207780859367928,5910,1.0,2.4668358714043994,13,1.5773513094924656,0.5180859494615877,-509.13315293895846,-19.92784728539004,0.07905171502957875,5910,0.005,0.12267090135444847,0.7670660961829294,False,877.9504520399132,False,False
refractory_1.2,0.25,103,iei_rounded,1.0,1.446727045136588,1,59,0.0,2.8773125189505606,0.8207780859367928,5910,1.0,2.4668358714043994,13,1.8061037630628558,0.519828693235403,-900.2050572217566,-27.628513031454148,0.12480625341778384,5910,0.005,0.04123509690334866,0.8230287122536016,False,1626.3608623579894,False,False
refractory_1.2,0.25,103,iei_rounded,1.0,1.446727045136588,3,30,0.0,4.446636246105251,0.910484530548523,5910,0.37648054145516074,2.4668358714043994,13,3.066026299774512,0.5504759225375362,-156.3498796099467,-15.870627444442063,0.09944467514639066,2225,0.005,-4.650854672806127,2.3462622956112527,False,325.9673265932179,False,False
refractory_1.2,0.25,103,fixed_10,10.0,1.446727045136588,1,30,2.2032374100719423,1.042057797700714,0.8823179004379238,998,0.8236472945891784,14.608216432865731,116,1.2149409844946586,0.16348554455591718,187.45743428396582,11.540648050747434,0.036133835004867665,822,0.005,1.2149409844946586,0.0,False,-1.9999999999990905,False,False
refractory_1.2,0.25,103,fixed_10,10.0,1.446727045136588,1,15,2.2032374100719423,1.2660684904770532,0.9260999626171946,998,0.7034068136272545,14.608216432865731,116,1.3208831151353788,0.3119292193975839,72.86170820671536,6.8204441986617415,0.026111284269950907,702,0.035,1.3208831151353788,0.0,False,-2.0000000000004547,False,False
refractory_1.2,0.25,103,fixed_10,10.0,1.446727045136588,1,59,2.2032374100719423,1.0324478156336978,0.8405770311408226,998,0.9488977955911824,14.608216432865731,116,1.152097113674463,0.09276359123926353,297.68787129066646,13.661218501952892,0.045376889966780465,947,0.005,1.152097113674463,0.0,False,-2.0,False,False
refractory_1.2,0.25,103,fixed_10,10.0,1.446727045136588,3,30,2.2032374100719423,0.8684409171610018,0.7774876796594485,998,0.4028056112224449,14.608216432865731,116,0.9513440337728643,0.07873314149253399,16.21509010046363,3.8326964377017343,0.035605350536046826,402,0.12,0.9513440337728643,0.0,False,-2.0000000000013642,False,False
refractory_1.2,0.25,103,selected_regression,3.0,1.446727045136588,1,30,0.9193654990085922,1.9331743406884747,0.7553993773038384,2635,1.0,5.532827324478179,30,1.1257229502316708,0.19606226793372572,-139.02033171628239,-6.162527616461638,0.08657206833953657,2635,0.005,0.2621170948473639,0.3043415565245591,False,221.05769770277766,False,False
refractory_1.2,0.25,103,selected_mle,4.0,1.446727045136588,1,30,1.18937875751503,1.042057797700714,0.8823179004379238,998,0.8236472945891784,14.608216432865731,116,1.2149409844946586,0.16348554455591718,187.45743428396582,11.540648050747434,0.036133835004867665,822,0.005,1.2149409844946586,0.0,False,-1.9999999999990905,False,False
refractory_1.2,0.25,104,iei_rounded,1.0,1.4559785841760857,1,30,0.0,2.825765026748131,0.7895894846045306,5969,1.0,2.4329033338917743,12,1.7466969701984087,0.5293815520392453,-773.2855465787209,-26.044934731883536,0.10903936310192902,5969,0.005,0.06948222429216663,0.8216911159971437,False,1376.328297652326,False,False
refractory_1.2,0.25,104,iei_rounded,1.0,1.4559785841760857,1,15,0.0,2.825765026748131,0.7895894846045306,5969,1.0,2.4329033338917743,12,1.595497010918189,0.5278189166278617,-509.5277771009285,-20.160584260599645,0.08011981754825487,5969,0.005,0.1414724373346335,0.7716557570440984,False,879.2023445294035,False,False
refractory_1.2,0.25,104,iei_rounded,1.0,1.4559785841760857,1,59,0.0,2.825765026748131,0.7895894846045306,5969,1.0,2.4329033338917743,12,1.8195336470619115,0.5293826423589505,-889.0544357147253,-27.54618579560935,0.12469191728871126,5969,0.005,0.06392229403658485,0.8253366982460199,False,1606.3462774643558,False,False
refractory_1.2,0.25,104,iei_rounded,1.0,1.4559785841760857,3,30,0.0,4.494120137781851,0.8694530765132968,5969,0.36220472440944884,2.4329033338917743,12,3.0346608531088233,0.5463647731142525,-175.12752879006317,-18.9890708467421,0.1181296733483238,2162,0.005,-5.883709616638998,2.724021605785432,False,394.6960834028632,False,False
refractory_1.2,0.25,104,fixed_10,10.0,1.4559785841760857,1,30,2.301242236024845,1.0708475476859498,0.84589254099805,1074,0.8482309124767226,13.521415270018622,146,1.2149722836323722,0.16403141476767025,205.31138944350457,11.850015772544646,0.03306090756438751,911,0.005,1.2149722836323722,0.0,False,-2.0,False,False
refractory_1.2,0.25,104,fixed_10,10.0,1.4559785841760857,1,15,2.301242236024845,1.2863986703650636,0.9745271356403129,1074,0.7253258845437617,13.521415270018622,146,1.3191119472075936,0.3157020576347097,72.09742596461484,6.408550891009617,0.017900588573331988,779,0.24,1.3191119472075936,0.0,False,-1.999999999998181,False,False
refractory_1.2,0.25,104,fixed_10,10.0,1.4559785841760857,1,59,2.301242236024845,1.0552876931688686,0.7852210289739483,1074,0.962756052141527,13.521415270018622,146,1.1693115293634744,0.09562699867067431,331.5036868486958,14.25452065688673,0.043357720510963094,1034,0.005,1.1693115293634744,0.0,False,-2.0000000000009095,False,False
refractory_1.2,0.25,104,fixed_10,10.0,1.4559785841760857,3,30,2.301242236024845,0.9249297145450454,0.7052469241204976,1074,0.42178770949720673,13.521415270018622,146,0.9987829987691459,0.0824890997679478,21.953471781185744,4.610521617354213,0.04768831210524127,453,0.005,0.9987829987691459,0.0,False,-2.0,False,False
refractory_1.2,0.25,104,selected_regression,128.0,1.4559785841760857,1,30,1.0930232558139534,1.0708475476859498,0.84589254099805,1074,0.8482309124767226,13.521415270018622,146,1.2149722836323722,0.16403141476767025,205.31138944350457,11.850015772544646,0.03306090756438751,911,0.005,1.2149722836323722,0.0,False,-2.0,False,False
refractory_1.2,0.25,104,selected_mle,128.0,1.4559785841760857,1,30,1.0930232558139534,1.0708475476859498,0.84589254099805,1074,0.8482309124767226,13.521415270018622,146,1.2149722836323722,0.16403141476767025,205.31138944350457,11.850015772544646,0.03306090756438751,911,0.005,1.2149722836323722,0.0,False,-2.0,False,False
refractory_1.2,0.25,105,iei_rounded,1.0,1.4348989298454222,1,30,0.0,2.9102343947253093,0.8193050829977804,5890,1.0,2.465025466893039,13,1.7359044725130506,0.5203281320046744,-749.1911259270162,-25.105286315426785,0.10371095256977808,5890,0.005,0.10154784576733336,0.7928859098806704,False,1313.2156331342085,False,False
refractory_1.2,0.25,105,iei_rounded,1.0,1.4348989298454222,1,15,0.0,2.9102343947253093,0.8193050829977804,5890,1.0,2.465025466893039,13,1.5825315619309723,0.5185966253825571,-481.76366659650586,-19.041397261014307,0.07499418562606885,5890,0.005,0.18238131546239933,0.7372530060499322,False,813.7988550268346,False,False
refractory_1.2,0.25,105,iei_rounded,1.0,1.4348989298454222,1,59,0.0,2.9102343947253093,0.8193050829977804,5890,1.0,2.465025466893039,13,1.8099307320139264,0.5203295129746164,-867.0305206870773,-26.67368863755559,0.11968557993131351,5890,0.005,0.09475804735282153,0.7972878191998571,False,1546.9679741477485,False,False
refractory_1.2,0.25,105,iei_rounded,1.0,1.4348989298454222,3,30,0.0,4.4908414177942255,0.9061935386012626,5890,0.37453310696095077,2.465025466893039,13,3.0295091340717466,0.5428540271052089,-171.4025923993097,-17.564112609829273,0.10432092754427241,2206,0.005,-5.311310309481153,2.5367307482083437,False,370.2640956296309,False,False
refractory_1.2,0.25,105,fixed_10,10.0,1.4348989298454222,1,30,2.0323624595469254,1.1197388799160584,0.8800883621543728,1063,0.8372530573847601,13.658513640639699,165,1.2589465141710168,0.1766210931669217,201.51727331948263,11.436126186641088,0.030177209126661997,890,0.01,1.2589465141710168,0.0,False,-1.999999999998181,False,False
refractory_1.2,0.25,105,fixed_10,10.0,1.4348989298454222,1,15,2.0323624595469254,1.3089675689973432,0.9338221481906236,1063,0.7281279397930386,13.658513640639699,165,1.3443767335883603,0.3235061403846381,76.1074794193537,6.366576637875237,0.014828301811749878,774,0.375,1.3443767335883603,0.0,False,-1.9999999999995453,False,False
refractory_1.2,0.25,105,fixed_10,10.0,1.4348989298454222,1,59,2.0323624595469254,1.0236233233178267,0.8393120455451802,1063,0.9604891815616181,13.658513640639699,165,1.182754184356133,0.09593298982612528,350.8984640371019,15.061944645101068,0.04719506346610103,1021,0.005,1.182754184356133,0.0,False,-2.0,False,False
refractory_1.2,0.25,105,fixed_10,10.0,1.4348989298454222,3,30,2.0323624595469254,0.9938768003043329,0.7698337471684132,1063,0.4101599247412982,13.658513640639699,165,1.1229177967326205,0.09411900246578012,28.437388411388934,5.30766566312652,0.04781588903362738,436,0.01,1.1229177967326205,0.0,False,-2.0,False,False
refractory_1.2,0.25,105,selected_regression,4.0,1.4348989298454222,1,30,1.1618062088428975,1.1197388799160584,0.8800883621543728,1063,0.8372530573847601,13.658513640639699,165,1.2589465141710168,0.1766210931669217,201.51727331948263,11.436126186641088,0.030177209126661997,890,0.01,1.2589465141710168,0.0,False,-1.999999999998181,False,False
refractory_1.2,0.25,105,selected_mle,4.0,1.4348989298454222,1,30,1.1618062088428975,1.1197388799160584,0.8800883621543728,1063,0.8372530573847601,13.658513640639699,165,1.2589465141710168,0.1766210931669217,201.51727331948263,11.436126186641088,0.030177209126661997,890,0.01,1.2589465141710168,0.0,False,-1.999999999998181,False,False
refractory_1.2,0.25,106,iei_rounded,1.0,1.4368209554993303,1,30,0.0,2.915087537651953,0.8162360163287461,5862,1.0,2.468952575912658,14,1.7318148257313322,0.5192429683509097,-766.0005559005688,-25.617992263259577,0.10736660032610923,5862,0.005,0.06345704177405592,0.8102209101179408,False,1355.8382809595787,False,False
refractory_1.2,0.25,106,iei_rounded,1.0,1.4368209554993303,1,15,0.0,2.915087537651953,0.8162360163287461,5862,1.0,2.468952575912658,14,1.5776112226215364,0.517490077624789,-497.01632626945536,-19.518837338360736,0.0783260460107309,5862,0.005,0.14097328725055167,0.7568056131402678,False,850.9715496691933,False,False
refractory_1.2,0.25,106,iei_rounded,1.0,1.4368209554993303,1,59,0.0,2.915087537651953,0.8162360163287461,5862,1.0,2.468952575912658,14,1.8062956430506265,0.5192443889406355,-884.6645731291832,-27.200504105926623,0.12346437597006943,5862,0.005,0.05720405500618743,0.8142817012736978,False,1591.4251064509008,False,False
refractory_1.2,0.25,106,iei_rounded,1.0,1.4368209554993303,3,30,0.0,4.4846607831551095,0.9051132497138888,5862,0.3735926305015353,2.468952575912658,14,3.025002939970408,0.5420012018950946,-172.52805049887456,-17.9020242185492,0.1181477196479388,2190,0.005,-5.606080709468697,2.6287120588503647,False,386.13290741944365,False,False
refractory_1.2,0.25,106,fixed_10,10.0,1.4368209554993303,1,30,2.2053872053872055,1.100338629600156,0.8698035645707083,1035,0.8444444444444444,13.983574879227053,199,1.2269045805020884,0.16853599713302508,192.28144584211356,11.333119368057982,0.03515719089752212,874,0.01,1.2269045805020884,0.0,False,-2.0,False,False
refractory_1.2,0.25,106,fixed_10,10.0,1.4368209554993303,1,15,2.2053872053872055,1.3435785184225941,0.9664340667504236,1035,0.7236714975845411,13.983574879227053,199,1.3315880395918445,0.3228990572846725,65.18564468354253,5.8746205971639105,0.010628099587951079,749,0.83,1.3315880395918445,0.0,False,-2.0000000000009095,False,False
refractory_1.2,0.25,106,fixed_10,10.0,1.4368209554993303,1,59,2.2053872053872055,1.084553742015609,0.8168947677073115,1035,0.9555555555555556,13.983574879227053,199,1.180328310651559,0.09719178331864747,323.79814203280046,13.860011398152995,0.04194607126618377,989,0.005,1.180328310651559,0.0,False,-2.0000000000009095,False,False
refractory_1.2,0.25,106,fixed_10,10.0,1.4368209554993303,3,30,2.2053872053872055,0.9896653164362922,0.7528188103053474,1035,0.4260869565217391,13.983574879227053,199,1.0695973079092251,0.09024936684245619,23.184965824053133,4.738753208947588,0.048151658865189906,441,0.01,1.0695973079092251,0.0,False,-1.9999999999995453,False,False
refractory_1.2,0.25,106,selected_regression,4.0,1.4368209554993303,1,30,1.1777777777777778,1.100338629600156,0.8698035645707083,1035,0.8444444444444444,13.983574879227053,199,1.2269045805020884,0.16853599713302508,192.28144584211356,11.333119368057982,0.03515719089752212,874,0.005,1.2269045805020884,0.0,False,-2.0,False,False
refractory_1.2,0.25,106,selected_mle,4.0,1.4368209554993303,1,30,1.1777777777777778,1.100338629600156,0.8698035645707083,1035,0.8444444444444444,13.983574879227053,199,1.2269045805020884,0.16853599713302508,192.28144584211356,11.333119368057982,0.03515719089752212,874,0.005,1.2269045805020884,0.0,False,-2.0,False,False
refractory_1.2,0.25,107,iei_rounded,1.0,1.424026167112697,1,30,0.0,2.5474414986136393,0.827767332586878,5801,1.0,2.4933632132390966,12,1.7197483752872085,0.5126000319040653,-779.7508813763817,-26.25104326986486,0.11151355990375367,5801,0.005,0.02046923805966627,0.8223101614379764,False,1395.1997406361916,False,False
refractory_1.2,0.25,107,iei_rounded,1.0,1.424026167112697,1,15,0.0,2.5474414986136393,0.827767332586878,5801,1.0,2.4933632132390966,12,1.5630702109632129,0.5107105841377539,-505.2869325980482,-19.954902552849614,0.08128186965342632,5801,0.005,0.09760814919016007,0.7693303789317734,False,878.587040622886,False,False
refractory_1.2,0.25,107,iei_rounded,1.0,1.424026167112697,1,59,0.0,2.5474414986136393,0.827767332586878,5801,1.0,2.4933632132390966,12,1.7955825558349527,0.5126017207406557,-901.3074039081125,-27.87871786567112,0.1279782024522178,5801,0.005,0.01436815144819337,0.8262590229744262,False,1636.6236674821012,False,False
refractory_1.2,0.25,107,iei_rounded,1.0,1.424026167112697,3,30,0.0,3.9489153686397014,0.905561128219261,5801,0.3789001896224789,2.4933632132390966,12,3.028947813554149,0.5394278508683965,-157.91570915578052,-16.168625045366124,0.10237766805152654,2198,0.005,-4.652340083053896,2.3255376811296222,False,330.3529646341731,False,False
refractory_1.2,0.25,107,fixed_10,10.0,1.424026167112697,1,30,2.0727580372250425,1.0149239885186465,0.848050545548043,1012,0.8320158102766798,14.292490118577074,144,1.2258239630234389,0.1612188268089929,214.63003645571033,12.756117081562078,0.04866715359400714,842,0.005,1.2258239630234389,0.0,False,-2.0,False,False
refractory_1.2,0.25,107,fixed_10,10.0,1.424026167112697,1,15,2.0727580372250425,1.341259326863064,0.9448430779285737,1012,0.7015810276679841,14.292490118577074,144,1.3800828605795754,0.3326548911919722,79.2772780071882,6.980144026050682,0.022864507746021834,710,0.08,1.3800828605795754,0.0,False,-2.0000000000004547,False,False
refractory_1.2,0.25,107,fixed_10,10.0,1.424026167112697,1,59,2.0727580372250425,1.0260727473454734,0.8075340191721259,1012,0.9555335968379447,14.292490118577074,144,1.16050264803655,0.09131970532400077,332.7002595105065,14.532651872071431,0.056154596947698754,967,0.005,1.16050264803655,0.0,False,-1.9999999999990905,False,False
refractory_1.2,0.25,107,fixed_10,10.0,1.424026167112697,3,30,2.0727580372250425,0.836487822558673,0.7106845167712015,1012,0.40810276679841895,14.292490118577074,144,0.9290077616173011,0.07541390304994999,17.757016806163836,4.370443166958424,0.042717471007548524,413,0.025,0.9290077616173011,0.0,False,-2.0,False,False
refractory_1.2,0.25,107,selected_regression,3.0,1.424026167112697,1,30,0.8935593220338983,1.6469521411277044,0.7966892738611462,2605,1.0,5.552399232245682,27,1.1300154823972957,0.19522890576568475,-112.19879084395849,-4.9230326763773,0.08105672774646755,2605,0.005,0.31962903810025073,0.2856763268042668,False,193.54336573936962,False,False
refractory_1.2,0.25,107,selected_mle,4.0,1.424026167112697,1,30,1.1462450592885376,1.0149239885186465,0.848050545548043,1012,0.8320158102766798,14.292490118577074,144,1.2258239630234389,0.1612188268089929,214.63003645571033,12.756117081562078,0.04866715359400714,842,0.005,1.2258239630234389,0.0,False,-2.0,False,False
refractory_1.2,0.25,108,iei_rounded,1.0,1.4752069196927895,1,30,0.0,2.969760585032087,0.8351165957986038,6050,1.0,2.399173553719008,13,1.76004784752684,0.5392417395348772,-784.8879764677129,-26.20316042163582,0.10890472984800048,6050,0.005,0.06748306598166694,0.8363759435877339,False,1400.5776779010703,False,False
refractory_1.2,0.25,108,iei_rounded,1.0,1.4752069196927895,1,15,0.0,2.969760585032087,0.8351165957986038,6050,1.0,2.399173553719008,13,1.611497812253143,0.5378449475623648,-526.4740194822782,-20.551022271034423,0.08062179089882493,6050,0.005,0.13390858369385406,0.7898162549840131,False,911.2670982158488,False,False
refractory_1.2,0.25,108,iei_rounded,1.0,1.4752069196927895,1,59,0.0,2.969760585032087,0.8351165957986038,6050,1.0,2.399173553719008,13,1.8314328618218685,0.5392425818912223,-897.7896380079611,-27.649242550989243,0.124164732420051,6050,0.005,0.06260839062001593,0.8396026368680193,False,1625.0806485397334,False,False
refractory_1.2,0.25,108,iei_rounded,1.0,1.4752069196927895,3,30,0.0,4.546085132234345,0.9250249942018973,6050,0.3591735537190083,2.399173553719008,13,3.103441602076904,0.565495470212267,-163.5496526757783,-16.998307102416483,0.10689307178582741,2173,0.005,-5.581190403831478,2.668109222317347,False,361.0793392440564,False,False
refractory_1.2,0.25,108,fixed_10,10.0,1.4752069196927895,1,30,2.2314814814814814,1.0059172626349597,0.8991463017468836,1104,0.8478260869565217,13.147644927536232,143,1.1791046153262617,0.155186415022098,205.23718920655404,12.312284429797737,0.03825039352231818,936,0.005,1.1791046153262617,0.0,False,-2.0,False,False
refractory_1.2,0.25,108,fixed_10,10.0,1.4752069196927895,1,15,2.2314814814814814,1.2550760134943988,0.9503012628935144,1104,0.7110507246376812,13.147644927536232,143,1.3053628627575318,0.30833383754723476,76.46740967695783,6.6620844693831405,0.017579372389359915,785,0.205,1.3053628627575318,0.0,False,-2.0000000000004547,False,False
refractory_1.2,0.25,108,fixed_10,10.0,1.4752069196927895,1,59,2.2314814814814814,1.0767268551980347,0.8391055596933493,1104,0.970108695652174,13.147644927536232,143,1.1375148626799412,0.09156733580408533,319.040657228592,13.815813654281827,0.04281470219724215,1071,0.005,1.1375148626799412,0.0,False,-2.0,False,False
refractory_1.2,0.25,108,fixed_10,10.0,1.4752069196927895,3,30,2.2314814814814814,0.838621810695161,0.8146126760911196,1104,0.4311594202898551,13.147644927536232,143,0.9315462844449538,0.07642333547557575,19.116448916046878,4.339675695644781,0.038306027262744735,476,0.02,0.9315462844449538,0.0,False,-1.9999999999995453,False,False
refractory_1.2,0.25,108,selected_regression,3.0,1.4752069196927895,1,30,0.8837353123067409,1.7684919074064156,0.8013921938779616,2765,1.0,5.249547920433996,27,1.1739795471830856,0.2087949881998173,-120.0687392983812,-4.994126966267615,0.0814011023461032,2765,0.005,0.35615700152796065,0.29301399333630784,False,210.6238267542085,False,False
refractory_1.2,0.25,108,selected_mle,3.0,1.4752069196927895,1,30,0.8837353123067409,1.7684919074064156,0.8013921938779616,2765,1.0,5.249547920433996,27,1.1739795471830856,0.2087949881998173,-120.0687392983812,-4.994126966267615,0.0814011023461032,2765,0.005,0.35615700152796065,0.29301399333630784,False,210.6238267542085,False,False
refractory_1.2,0.25,109,iei_rounded,1.0,1.3971306019819554,1,30,0.0,3.042610362851541,0.8065198231085167,5698,1.0,2.5442260442260443,14,1.6956904349455595,0.4993012675265345,-806.4382265249021,-27.255064304853622,0.1126829439837202,5698,0.005,-0.035145582789428184,0.829229233822047,False,1437.6094598595628,False,False
refractory_1.2,0.25,109,iei_rounded,1.0,1.3971306019819554,1,15,0.0,3.042610362851541,0.8065198231085167,5698,1.0,2.5442260442260443,14,1.5339713827232178,0.4971070135437041,-519.9918313148106,-20.759273180001674,0.08257726734539339,5698,0.005,0.04540199211799781,0.7744449381887002,False,898.1384909326553,False,False
refractory_1.2,0.25,109,iei_rounded,1.0,1.3971306019819554,1,59,0.0,3.042610362851541,0.8065198231085167,5698,1.0,2.5442260442260443,14,1.774277809773194,0.49930365280292244,-934.2975373986545,-28.89696057543576,0.12989460894026955,5698,0.005,-0.041548464265015954,0.8333301714468895,False,1691.535718825653,False,False
refractory_1.2,0.25,109,iei_rounded,1.0,1.3971306019819554,3,30,0.0,4.683125631050161,0.9014413835561089,5698,0.39575289575289574,2.5442260442260443,14,3.0278629008855535,0.5389941752373943,-161.66014448131523,-16.041602836348417,0.10354309133111483,2255,0.005,-4.681940255523268,2.3343613964922727,False,341.0002313189725,False,False
refractory_1.2,0.25,109,fixed_10,10.0,1.3971306019819554,1,30,2.0053475935828877,1.1214297229386478,0.8635058354220398,975,0.8215384615384616,14.868717948717949,173,1.2434980273986103,0.17284344870042795,178.29013375031167,10.872519334661355,0.037499436872953984,801,0.005,1.2434980273986103,0.0,False,-2.0,False,False
refractory_1.2,0.25,109,fixed_10,10.0,1.3971306019819554,1,15,2.0053475935828877,1.3988499460504351,0.9690766078509946,975,0.7005128205128205,14.868717948717949,173,1.3692246801410715,0.3397541058914153,56.88339703712012,5.122689906507498,0.010334159457565661,683,0.85,1.3692246801410715,0.0,False,-2.0000000000004547,False,False
refractory_1.2,0.25,109,fixed_10,10.0,1.3971306019819554,1,59,2.0053475935828877,1.0602055036202922,0.8092353437458798,975,0.9487179487179487,14.868717948717949,173,1.1649308421486726,0.09338663240770165,308.0835388858979,14.003301711520615,0.04613287359597862,925,0.005,1.1649308421486726,0.0,False,-2.0,False,False
refractory_1.2,0.25,109,fixed_10,10.0,1.3971306019819554,3,30,2.0053475935828877,1.0207205031073465,0.7436898862551478,975,0.4112820512820513,14.868717948717949,173,1.1034093844279287,0.09359796672334167,22.652217499291403,4.685360894201458,0.04792050988812868,401,0.005,1.1034093844279287,0.0,False,-2.0,False,False
refractory_1.2,0.25,109,selected_regression,3.0,1.3971306019819554,1,30,0.8908829863603733,1.830827676939142,0.7537393256022351,2543,1.0,5.700747149036571,28,1.105651396092556,0.189088988177114,-121.12611509268953,-5.484996246386168,0.08283971666342804,2543,0.005,0.2718911443054332,0.29149037009289047,False,198.50933919806812,False,False
refractory_1.2,0.25,109,selected_mle,4.0,1.3971306019819554,1,30,1.1794871794871795,1.1214297229386478,0.8635058354220398,975,0.8215384615384616,14.868717948717949,173,1.2434980273986103,0.17284344870042795,178.29013375031167,10.872519334661355,0.037499436872953984,801,0.005,1.2434980273986103,0.0,False,-2.0,False,False
refractory_1.2,0.25,110,iei_rounded,1.0,1.4457795579290906,1,30,0.0,3.118265432059726,0.8253513971848581,5921,1.0,2.4539773686877218,16,1.7436489069138954,0.523406035460334,-725.5964393696902,-23.962208103568887,0.10449139723712819,5921,0.005,0.12719957912260743,0.786069568747899,False,1288.770309581898,False,False
refractory_1.2,0.25,110,iei_rounded,1.0,1.4457795579290906,1,15,0.0,2.9702190006828317,0.8032223065840415,5921,0.9998311096098632,2.4539773686877218,16,1.5923938262635655,0.5223880709306903,-465.695340160786,-18.086441517336436,0.0755391475804435,5920,0.005,0.2046174803663662,0.7327226085536691,False,801.3316858494181,False,False
refractory_1.2,0.25,110,iei_rounded,1.0,1.4457795579290906,1,59,0.0,3.118265432059726,0.8253513971848581,5921,1.0,2.4539773686877218,16,1.8168200870477538,0.5234073099057301,-841.4470107081207,-25.643496883016375,0.1202344838435756,5921,0.005,0.12033337618926727,0.790530902671008,False,1518.521404371455,False,False
refractory_1.2,0.25,110,iei_rounded,1.0,1.4457795579290906,3,30,0.0,4.6243971754927955,0.9074529844227894,5921,0.3666610369869954,2.4539773686877218,16,3.0134559674743127,0.5349671593004348,-157.94594785516347,-15.81161572379882,0.09925273610061847,2171,0.005,-4.642958125229419,2.3136925184727275,False,329.186191657117,False,False
refractory_1.2,0.25,110,fixed_10,10.0,1.4457795579290906,1,30,2.0859504132231406,1.046762897121475,0.7687622400125753,1048,0.8435114503816794,13.864503816793894,135,1.2095044483193629,0.1578507480915604,219.8008063345628,13.182184546707132,0.05480079782763503,884,0.005,1.2095044483193629,0.0,False,-2.0,False,False
refractory_1.2,0.25,110,fixed_10,10.0,1.4457795579290906,1,15,2.0859504132231406,1.3432827676035535,0.9110127772347592,1048,0.7041984732824428,13.864503816793894,135,1.3758127497557577,0.3323013704927563,79.86121252141844,6.727877175675329,0.017442513420949712,738,0.275,1.3758127497557577,0.0,False,-2.0,False,False
refractory_1.2,0.25,110,fixed_10,10.0,1.4457795579290906,1,59,2.0859504132231406,1.1043576421206482,0.8131371941992758,1048,0.9561068702290076,13.864503816793894,135,1.1703992474553768,0.09619462019402547,318.08141952674436,13.984903958391346,0.05436015115713899,1002,0.005,1.1703992474553768,0.0,False,-2.0,False,False
refractory_1.2,0.25,110,fixed_10,10.0,1.4457795579290906,3,30,2.0859504132231406,0.8696635728135003,0.5709127991345877,1048,0.41412213740458015,13.864503816793894,135,0.9062635173264031,0.07222297347008941,19.47627664903531,4.641282176362932,0.050657815567329845,434,0.01,0.9062635173264031,0.0,False,-2.0,False,False
refractory_1.2,0.25,110,selected_regression,3.0,1.4457795579290906,1,30,0.8674934725848564,1.8064217003999983,0.7763183723671067,2674,1.0,5.43380703066567,28,1.151570909122091,0.20036663658158593,-98.64975973002991,-4.199976108029063,0.07777294373678867,2674,0.005,0.3592578657738136,0.2813690854392568,False,190.96531539615535,False,False
refractory_1.2,0.25,110,selected_mle,128.0,1.4457795579290906,1,30,1.1589595375722543,1.046762897121475,0.7687622400125753,1048,0.8435114503816794,13.864503816793894,135,1.2095044483193629,0.1578507480915604,219.8008063345628,13.182184546707132,0.05480079782763503,884,0.005,1.2095044483193629,0.0,False,-2.0,False,False
refractory_1.2,0.25,111,iei_rounded,1.0,1.466566265060241,1,30,0.0,2.8453309688895136,0.8269482097614823,5951,1.0,2.4133759032095448,13,1.7595444751234606,0.5350445164836013,-730.6359612793638,-24.03459192563453,0.10506288684964665,5951,0.005,0.12185464982004081,0.8047558682070132,False,1306.580511099939,False,False
refractory_1.2,0.25,111,iei_rounded,1.0,1.466566265060241,1,15,0.0,2.8453309688895136,0.8269482097614823,5951,1.0,2.4133759032095448,13,1.610895286240206,0.5335793163807678,-476.23464863240656,-18.11216489275611,0.0767561092301779,5951,0.005,0.19519822398059006,0.7536451713797471,False,828.9628008357577,False,False
refractory_1.2,0.25,111,iei_rounded,1.0,1.466566265060241,1,59,0.0,2.8453309688895136,0.8269482097614823,5951,1.0,2.4133759032095448,13,1.8309838245643082,0.5350454567074894,-841.8519586956775,-25.649598605476662,0.12033757179324539,5951,0.005,0.1160062045309894,0.8086003141965374,False,1527.419776776078,False,False
refractory_1.2,0.25,111,iei_rounded,1.0,1.466566265060241,3,30,0.0,4.330337125247521,0.9047857455106587,5951,0.362796168711141,2.4133759032095448,13,3.0985246468488388,0.557045877131565,-136.82053308263184,-13.669074845000639,0.08829041296532064,2159,0.005,-4.011092285761762,2.1597633117232196,False,274.7706202723084,False,False
refractory_1.2,0.25,111,fixed_10,10.0,1.466566265060241,1,30,2.0356589147286823,1.146427137785103,0.8975469839729094,1082,0.8428835489833642,13.273567467652496,147,1.2457861665141596,0.1776475138156554,184.69444638948409,10.475822343447403,0.025025362845409127,912,0.02,1.2457861665141596,0.0,False,-1.9999999999990905,False,False
refractory_1.2,0.25,111,fixed_10,10.0,1.466566265060241,1,15,2.0356589147286823,1.3268944992297587,0.9380329042442637,1082,0.732902033271719,13.273567467652496,147,1.317889036394961,0.3193591129601434,65.17018696533054,5.488462823501949,0.013134568062707297,793,0.615,1.3157850916170741,0.0009632161090832185,False,-1.9997135667899784,False,False
refractory_1.2,0.25,111,fixed_10,10.0,1.466566265060241,1,59,2.0356589147286823,1.0998688513057926,0.8135748213111331,1082,0.9611829944547134,13.273567467652496,147,1.1855260945834782,0.10026787409469007,321.82989844299146,13.946481483260097,0.03556418891604651,1040,0.005,1.1855260945834782,0.0,False,-2.0000000000009095,False,False
refractory_1.2,0.25,111,fixed_10,10.0,1.466566265060241,3,30,2.0356589147286823,1.0606775701442615,0.8048716639927357,1082,0.42606284658040666,13.273567467652496,147,1.1770564319773644,0.1016918230653504,28.757217566838158,5.137516591490433,0.04214957621495352,461,0.02,1.1770564319773644,0.0,False,-2.0,False,False
refractory_1.2,0.25,111,selected_regression,3.0,1.466566265060241,1,30,0.8709472345835982,1.7889769468914325,0.806568423272356,2694,1.0,5.331106161841128,28,1.1628199478048113,0.20499415640766522,-113.44171021847056,-4.7371415379927715,0.0808346593726138,2694,0.005,0.3476897672658588,0.29083495959140754,False,203.571894341012,False,False
refractory_1.2,0.25,111,selected_mle,128.0,1.466566265060241,1,30,0.9252873563218391,1.146427137785103,0.8975469839729094,1082,0.8428835489833642,13.273567467652496,147,1.2457861665141596,0.1776475138156554,184.69444638948409,10.475822343447403,0.025025362845409127,912,0.03,1.2457861665141596,0.0,False,-1.9999999999990905,False,False
refractory_1.2,0.25,112,iei_rounded,1.0,1.445453192439351,1,30,0.0,3.139431832408351,0.8314648262882717,5886,1.0,2.4580360176690452,15,1.7313011754554761,0.5222710147732643,-806.6801861300976,-27.134676515141685,0.11196965220164845,5886,0.005,0.002910585208356896,0.8438759739310303,False,1442.049958642794,False,False
refractory_1.2,0.25,112,iei_rounded,1.0,1.445453192439351,1,15,0.0,3.139431832408351,0.8314648262882717,5886,1.0,2.4580360176690452,15,1.5769929542917875,0.5205771681180076,-536.1202707631865,-21.196748563053468,0.08230488635537803,5886,0.005,0.07296697962627235,0.7953316799731084,False,929.5643580087963,False,False
refractory_1.2,0.25,112,iei_rounded,1.0,1.445453192439351,1,59,0.0,3.139431832408351,0.8314648262882717,5886,1.0,2.4580360176690452,15,1.80583923173125,0.5222723275198375,-926.0057933548405,-28.629174284503744,0.12808293776160262,5886,0.005,-0.002271919786153381,0.8472644230660892,False,1679.3061299063047,False,False
refractory_1.2,0.25,112,iei_rounded,1.0,1.445453192439351,3,30,0.0,4.737130555603632,0.9260517871262665,5886,0.37563710499490316,2.4580360176690452,15,3.08755122482796,0.5590334691734273,-161.51454941356494,-16.383663202770386,0.10529532822146564,2211,0.005,-5.195374230968825,2.5338398957560218,False,349.76304606930444,False,False
refractory_1.2,0.25,112,fixed_10,10.0,1.445453192439351,1,30,2.3694581280788176,1.102067447174561,0.8565855750009628,1030,0.8339805825242719,14.046601941747573,166,1.2373674958206333,0.1701016317536138,195.2039313296116,11.539181888236172,0.03495146130224036,859,0.01,1.2373674958206333,0.0,False,-2.0,False,False
refractory_1.2,0.25,112,fixed_10,10.0,1.445453192439351,1,15,2.3694581280788176,1.3340894023984413,0.9674301832646993,1030,0.7145631067961165,14.046601941747573,166,1.3505402935721573,0.3299541910801983,65.16381983568627,5.629550709218606,0.010670418728962794,736,0.75,1.3505402935721573,0.0,False,-2.0000000000004547,False,False
refractory_1.2,0.25,112,fixed_10,10.0,1.445453192439351,1,59,2.3694581280788176,1.132961755202134,0.796578117841567,1030,0.9524271844660194,14.046601941747573,166,1.178321232414616,0.09763752565540199,313.3703168715549,13.913966738133412,0.04478123378157395,981,0.005,1.178321232414616,0.0,False,-2.0000000000009095,False,False
refractory_1.2,0.25,112,fixed_10,10.0,1.445453192439351,3,30,2.3694581280788176,0.9856593872485672,0.7288769769746248,1030,0.4184466019417476,14.046601941747573,166,1.0932513616413981,0.09093852659589369,26.982277328070623,5.420677965093327,0.04823860287910392,431,0.005,1.0932513616413981,0.0,False,-2.0,False,False
refractory_1.2,0.25,112,selected_regression,3.0,1.445453192439351,1,30,0.8943196829590488,1.8717003877287839,0.7608866014660398,2647,1.0,5.465810351341141,30,1.1410796297997994,0.19895906753866122,-119.03084521672223,-5.216921571210662,0.08495221886539417,2647,0.005,0.3368223273150904,0.2846121398854573,False,194.22345156215488,False,False
refractory_1.2,0.25,112,selected_mle,4.0,1.445453192439351,1,30,1.1980582524271846,1.102067447174561,0.8565855750009628,1030,0.8339805825242719,14.046601941747573,166,1.2373674958206333,0.1701016317536138,195.2039313296116,11.539181888236172,0.03495146130224036,859,0.005,1.2373674958206333,0.0,False,-2.0,False,False
refractory_1.2,0.25,113,iei_rounded,1.0,1.469302499067512,1,30,0.0,2.921991731818868,0.7692078041171884,5995,1.0,2.4146788990825687,14,1.7587164354366767,0.5346627886572553,-738.473483391634,-24.564248461135595,0.10630340724488574,5995,0.005,0.11930510357851953,0.8053831720988122,False,1319.3858231817576,False,False
refractory_1.2,0.25,113,iei_rounded,1.0,1.469302499067512,1,15,0.0,2.921991731818868,0.7692078041171884,5995,1.0,2.4146788990825687,14,1.609904011978534,0.5331912091306379,-481.643521322327,-18.635026584006436,0.07795738743021252,5995,0.005,0.1926639716811394,0.7542745304473826,False,837.1503554512565,False,False
refractory_1.2,0.25,113,iei_rounded,1.0,1.469302499067512,1,59,0.0,2.921991731818868,0.7692078041171884,5995,1.0,2.4146788990825687,14,1.830245232889462,0.53466373832159,-850.7805149812335,-26.14558492175395,0.12160226462534507,5995,0.005,0.11346041316436846,0.809224144295178,False,1542.3954894150447,False,False
refractory_1.2,0.25,113,iei_rounded,1.0,1.469302499067512,3,30,0.0,4.590551858921335,0.8422752043229939,5995,0.35829858215179317,2.4146788990825687,14,3.056385000395478,0.5480429380203935,-153.5236622479381,-16.127079091054494,0.1000582590617346,2148,0.005,-4.703202208785265,2.3575063715702558,False,319.6300609915761,False,False
refractory_1.2,0.25,113,fixed_10,10.0,1.469302499067512,1,30,1.92,1.1447525117511885,0.9284337818066772,1071,0.8412698412698413,13.516339869281046,142,1.27977662142637,0.18171456261538665,209.05902162053624,11.833778501024987,0.04545265801827297,901,0.005,1.27977662142637,0.0,False,-2.0000000000009095,False,False
refractory_1.2,0.25,113,fixed_10,10.0,1.469302499067512,1,15,1.92,1.2462259968588714,0.9388284009510294,1071,0.7320261437908496,13.516339869281046,142,1.3699134468741416,0.320865961466158,102.39160481921657,8.637601125310487,0.033105056089104024,784,0.01,1.3699134468741416,0.0,False,-2.0000000000013642,False,False
refractory_1.2,0.25,113,fixed_10,10.0,1.469302499067512,1,59,1.92,1.1144544239694665,0.8447911316698917,1071,0.9533146591970122,13.516339869281046,142,1.2122701906779785,0.10103342307432428,361.95166032712666,14.723093133889575,0.05473559209636997,1021,0.005,1.2122701906779785,0.0,False,-2.0,False,False
refractory_1.2,0.25,113,fixed_10,10.0,1.469302499067512,3,30,1.92,1.0572010878673128,0.867168528685379,1071,0.40522875816993464,13.516339869281046,142,1.075306085174626,0.09538595344172277,14.253580686357193,2.952412609633191,0.020516695305479282,434,0.665,1.075306085174626,0.0,False,-2.0,False,False
refractory_1.2,0.25,113,selected_regression,4.0,1.469302499067512,1,30,1.1055088702147526,1.1447525117511885,0.9284337818066772,1071,0.8412698412698413,13.516339869281046,142,1.27977662142637,0.18171456261538665,209.05902162053624,11.833778501024987,0.04545265801827297,901,0.005,1.27977662142637,0.0,False,-2.0000000000009095,False,False
refractory_1.2,0.25,113,selected_mle,4.0,1.469302499067512,1,30,1.1055088702147526,1.1447525117511885,0.9284337818066772,1071,0.8412698412698413,13.516339869281046,142,1.27977662142637,0.18171456261538665,209.05902162053624,11.833778501024987,0.04545265801827297,901,0.005,1.27977662142637,0.0,False,-2.0000000000009095,False,False
refractory_1.2,0.25,114,iei_rounded,1.0,1.4627600089465445,1,30,0.0,2.682291996769371,0.8158018044254197,5993,1.0,2.4196562656432503,12,1.7577223576073688,0.5332097287613291,-730.240665784318,-24.252371892605414,0.10614155703736355,5993,0.005,0.12977238330700533,0.7984448080599685,False,1305.0113483479072,False,False
refractory_1.2,0.25,114,iei_rounded,1.0,1.4627600089465445,1,15,0.0,2.682291996769371,0.8158018044254197,5993,1.0,2.4196562656432503,12,1.608713756608088,0.5317136198310868,-472.8681343134104,-18.252774665846818,0.07774838029223669,5993,0.005,0.20490453525513186,0.746188153714321,False,822.7701428358305,False,False
refractory_1.2,0.25,114,iei_rounded,1.0,1.4627600089465445,1,59,0.0,2.682291996769371,0.8158018044254197,5993,1.0,2.4196562656432503,12,1.82935865019199,0.5332107152274004,-842.8334839525245,-25.864727393423973,0.1214694670252417,5993,0.005,0.12367263954321464,0.8024455294105108,False,1528.506856500342,False,False
refractory_1.2,0.25,114,iei_rounded,1.0,1.4627600089465445,3,30,0.0,4.166884716647831,0.8879965845982234,5993,0.3557483731019523,2.4196562656432503,12,3.019851043989634,0.5388267036815635,-162.12392841030157,-17.179741589454178,0.10820381689057162,2132,0.005,-5.105620645430166,2.4651013099611934,False,348.3531015204435,False,False
refractory_1.2,0.25,114,fixed_10,10.0,1.4627600089465445,1,30,2.1283987915407856,1.0699235019597977,0.8975871384833896,1088,0.8336397058823529,13.328125,115,1.2577775176674546,0.17148317418903886,226.55978228280924,12.608863226355922,0.04377327352779614,907,0.005,1.2577775176674546,0.0,False,-2.0000000000009095,False,False
refractory_1.2,0.25,114,fixed_10,10.0,1.4627600089465445,1,15,2.1283987915407856,1.2804488754071253,0.9713147821692911,1088,0.71875,13.328125,115,1.3710767223820728,0.3273626863057577,90.42176834292341,7.542658818080143,0.024929469387247438,782,0.045,1.3710767223820728,0.0,False,-2.0000000000004547,False,False
refractory_1.2,0.25,114,fixed_10,10.0,1.4627600089465445,1,59,2.1283987915407856,1.0281949614765253,0.8226692720806513,1088,0.9650735294117647,13.328125,115,1.1705685443138716,0.09264182512052824,368.4355091836947,15.584930176513538,0.05591927965198368,1050,0.005,1.1705685443138716,0.0,False,-1.9999999999990905,False,False
refractory_1.2,0.25,114,fixed_10,10.0,1.4627600089465445,3,30,2.1283987915407856,0.9308761000885631,0.8084025339847456,1088,0.4071691176470588,13.328125,115,1.0426259340680506,0.08650449797336254,24.05460701268227,4.974928101773327,0.042510138865301916,443,0.02,1.0426259340680506,0.0,False,-2.0,False,False
refractory_1.2,0.25,114,selected_regression,3.0,1.4627600089465445,1,30,0.8848560700876095,1.7902911270223765,0.7459046521806019,2721,1.0,5.329290701947813,26,1.164387594137823,0.20507751999561624,-109.65842183008971,-4.61432919955516,0.07606328370002513,2721,0.005,0.35696889205334587,0.28818893384462474,False,201.9434039583357,False,False
refractory_1.2,0.25,114,selected_mle,4.0,1.4627600089465445,1,30,1.1590073529411764,1.0699235019597977,0.8975871384833896,1088,0.8336397058823529,13.328125,115,1.2577775176674546,0.17148317418903886,226.55978228280924,12.608863226355922,0.04377327352779614,907,0.005,1.2577775176674546,0.0,False,-2.0000000000009095,False,False
refractory_1.2,0.25,115,iei_rounded,1.0,1.463775623473692,1,30,0.0,2.6432353834842144,0.8481731501817484,5974,1.0,2.434214931369267,14,1.7449067196952708,0.5290055799967877,-784.1297497900468,-26.079252358739218,0.11227713327209488,5974,0.005,0.040942743200260416,0.8361237680312397,False,1415.1618334422456,False,False
refractory_1.2,0.25,115,iei_rounded,1.0,1.463775623473692,1,15,0.0,2.6432353834842144,0.8481731501817484,5974,1.0,2.434214931369267,14,1.5933482317949714,0.5274362592134019,-518.9196283281307,-20.0685443013132,0.0832715408618141,5974,0.005,0.11013451737253796,0.7879505851709931,False,913.3858045800152,False,False
refractory_1.2,0.25,115,iei_rounded,1.0,1.463775623473692,1,59,0.0,2.6432353834842144,0.8481731501817484,5974,1.0,2.434214931369267,14,1.8179397244783093,0.5290066810819416,-900.5948144124983,-27.655510223886182,0.12798281983577942,5974,0.005,0.035787627117158834,0.8395112585321952,False,1646.7008961586034,False,False
refractory_1.2,0.25,115,iei_rounded,1.0,1.463775623473692,3,30,0.0,4.007730495132447,0.9339961100436436,5974,0.3632407097422163,2.434214931369267,14,3.0647933856775804,0.5506301201753567,-154.60772427147185,-15.873770236572545,0.10490591123312848,2170,0.005,-4.83603805096373,2.4049241657090734,False,328.51751834197694,False,False
refractory_1.2,0.25,115,fixed_10,10.0,1.463775623473692,1,30,2.3577371048252913,1.0661444798555122,0.866646329977973,1029,0.8396501457725948,14.132167152575315,165,1.208999101445377,0.1639433737030317,187.76951643547926,11.20026141793088,0.03619540868050608,864,0.005,1.208999101445377,0.0,False,-2.0,False,False
refractory_1.2,0.25,115,fixed_10,10.0,1.463775623473692,1,15,2.3577371048252913,1.2886960388651578,0.9468280529487941,1029,0.7220602526724975,14.132167152575315,165,1.2951975841279708,0.3086536634314835,64.29135150244018,5.8426682862535255,0.012536214907644228,743,0.65,1.2951975841279708,0.0,False,-2.0,False,False
refractory_1.2,0.25,115,fixed_10,10.0,1.463775623473692,1,59,2.3577371048252913,1.0531250211686038,0.8472531724981653,1029,0.9543245869776482,14.132167152575315,165,1.1661500826035347,0.09682371006048424,298.02085521162513,13.418021698361054,0.044518734496244994,982,0.005,1.1661500826035347,0.0,False,-2.0,False,False
refractory_1.2,0.25,115,fixed_10,10.0,1.463775623473692,3,30,2.3577371048252913,0.9265735152596699,0.743675460563393,1029,0.42662779397473277,14.132167152575315,165,1.059140617044788,0.08680845896701234,27.160208551949097,5.343230837701199,0.05320093313806529,439,0.005,1.059140617044788,0.0,False,-2.0,False,False
refractory_1.2,0.25,115,selected_regression,3.0,1.463775623473692,1,30,0.8905835543766578,1.7739532231459347,0.7982301737623948,2661,1.0,5.464862833521233,28,1.1305033458937164,0.199000512936306,-158.74881465220872,-6.9123603597436425,0.08556439726824028,2661,0.005,0.2013722528855872,0.3285193071730026,False,256.9129246485045,False,False
refractory_1.2,0.25,115,selected_mle,128.0,1.463775623473692,1,30,0.990625,1.0661444798555122,0.866646329977973,1029,0.8396501457725948,14.132167152575315,165,1.208999101445377,0.1639433737030317,187.76951643547926,11.20026141793088,0.03619540868050608,864,0.005,1.208999101445377,0.0,False,-2.0,False,False
refractory_1.2,0.25,116,iei_rounded,1.0,1.416431436636458,1,30,0.0,2.807687089706307,0.8257744465864321,5805,1.0,2.4978466838931954,15,1.7205539069543132,0.5113987591839437,-760.6148833186475,-25.377436018222564,0.11140021969391994,5805,0.005,0.04169216578466649,0.8112449181530912,False,1368.2141323099095,False,False
refractory_1.2,0.25,116,iei_rounded,1.0,1.416431436636458,1,15,0.0,2.807687089706307,0.8257744465864321,5805,1.0,2.4978466838931954,15,1.5640420453997645,0.5094835470951717,-486.5890955528544,-18.910267536129858,0.08120827176927226,5805,0.005,0.12128134949703447,0.756666144601521,False,853.9987600554487,False,False
refractory_1.2,0.25,116,iei_rounded,1.0,1.416431436636458,1,59,0.0,2.807687089706307,0.8257744465864321,5805,1.0,2.4978466838931954,15,1.7962971702292965,0.5114005016190357,-881.9754857090447,-27.10426137586697,0.12784020764473042,5805,0.005,0.03522158395676959,0.8154249466251289,False,1609.1217290662207,False,False
refractory_1.2,0.25,116,iei_rounded,1.0,1.416431436636458,3,30,0.0,4.259723280211878,0.9129524844283647,5805,0.3763996554694229,2.4978466838931954,15,3.008696797082232,0.5309459903374236,-148.93862746897014,-14.801989265385199,0.09273406456508632,2185,0.005,-4.095799450865852,2.137264949216067,False,300.20676695875045,False,False
refractory_1.2,0.25,116,fixed_10,10.0,1.416431436636458,1,30,2.1294117647058823,1.1288310493095537,0.8615373098560046,1038,0.8285163776493256,13.96917148362235,158,1.2743989529304738,0.1782953753022951,206.96630437307087,12.193549538966204,0.03530031981218629,860,0.005,1.2743989529304738,0.0,False,-2.0000000000009095,False,False
refractory_1.2,0.25,116,fixed_10,10.0,1.416431436636458,1,15,2.1294117647058823,1.3084975220405675,0.9294437952390902,1038,0.7148362235067437,13.96917148362235,158,1.3903313513129607,0.3351793987765427,85.94112741834148,7.319197380411535,0.021232513481973636,742,0.105,1.3903313513129607,0.0,False,-1.9999999999995453,False,False
refractory_1.2,0.25,116,fixed_10,10.0,1.416431436636458,1,59,2.1294117647058823,1.0422344858088775,0.7862060189194143,1038,0.9527938342967245,13.96917148362235,158,1.192194117907869,0.0982279899184674,337.11922826665807,14.80104508549165,0.047559897497884585,989,0.005,1.192194117907869,0.0,False,-2.0000000000027285,False,False
refractory_1.2,0.25,116,fixed_10,10.0,1.416431436636458,3,30,2.1294117647058823,0.9944741675939018,0.7354404756429378,1038,0.3911368015414258,13.96917148362235,158,1.041116493832364,0.0883644707153303,18.449777852990525,3.952965066526329,0.04022910217214773,406,0.045,1.041116493832364,0.0,False,-2.0,False,False
refractory_1.2,0.25,116,selected_regression,3.0,1.416431436636458,1,30,0.8371939113170086,1.6739654127467727,0.8175908904330133,2627,1.0,5.519604111153407,27,1.1433063539590602,0.19662850069035104,-82.13238602325308,-3.4705077308429435,0.07696188818546279,2627,0.005,0.40984895365141244,0.2593097615500206,False,161.2937086974016,False,False
refractory_1.2,0.25,116,selected_mle,4.0,1.416431436636458,1,30,1.1493256262042388,1.1288310493095537,0.8615373098560046,1038,0.8285163776493256,13.96917148362235,158,1.2743989529304738,0.1782953753022951,206.96630437307087,12.193549538966204,0.03530031981218629,860,0.005,1.2743989529304738,0.0,False,-2.0000000000009095,False,False
refractory_1.2,0.25,117,iei_rounded,1.0,1.460970700067099,1,30,0.0,2.9109691816476815,0.8155209639608776,6003,1.0,2.4182908545727138,13,1.7607439130204323,0.5336075328201983,-711.6677364646597,-23.44565348635945,0.1034323420304048,6003,0.005,0.16057648053012283,0.7839496612145587,False,1267.8903887244742,False,False
refractory_1.2,0.25,117,iei_rounded,1.0,1.460970700067099,1,15,0.0,2.9109691816476815,0.8155209639608776,6003,1.0,2.4182908545727138,13,1.6123308905898366,0.5321181782173992,-455.89609780082355,-17.414205836639244,0.07518234611328117,6003,0.005,0.238517599306426,0.729809475486249,False,790.693375457282,False,False
refractory_1.2,0.25,117,iei_rounded,1.0,1.460970700067099,1,59,0.0,2.9109691816476815,0.8155209639608776,6003,1.0,2.4182908545727138,13,1.8320538435780858,0.5336085090729659,-823.4667339576908,-25.095458811399055,0.11867205703233236,6003,0.005,0.15402704693937705,0.7882380534925828,False,1489.6481151013104,False,False
refractory_1.2,0.25,117,iei_rounded,1.0,1.460970700067099,3,30,0.0,4.464619372553918,0.8944357774232595,6003,0.35565550558054304,2.4182908545727138,13,3.014086565649878,0.5366348596540593,-161.0293481733296,-16.811296883330236,0.10875424580985427,2135,0.005,-5.015036298873088,2.432754206021135,False,345.00347514781515,False,False
refractory_1.2,0.25,117,fixed_10,10.0,1.460970700067099,1,30,2.1578947368421053,1.1377791534138733,0.9009784065767983,1104,0.8460144927536232,13.14945652173913,145,1.2337898484334158,0.17530642813639113,183.68093775473542,10.548163087354835,0.0255502342404621,934,0.025,1.2337898484334158,0.0,False,-2.0,False,False
refractory_1.2,0.25,117,fixed_10,10.0,1.460970700067099,1,15,2.1578947368421053,1.3505030189774858,0.9658500924311686,1104,0.7318840579710145,13.14945652173913,145,1.3125458223590396,0.3220615707620391,56.65860492628917,4.753502089566575,0.013798803008339244,808,0.575,1.2047792602791998,0.04944021543270223,False,-1.2344138821158595,False,False
refractory_1.2,0.25,117,fixed_10,10.0,1.460970700067099,1,59,2.1578947368421053,1.1124877098908492,0.8360721581321104,1104,0.9556159420289855,13.14945652173913,145,1.1909242546816419,0.10266080000235464,314.8880569841273,13.465921651920159,0.03472731270076179,1055,0.005,1.1909242546816419,0.0,False,-1.9999999999990905,False,False
refractory_1.2,0.25,117,fixed_10,10.0,1.460970700067099,3,30,2.1578947368421053,1.0445841069239343,0.8101858955601067,1104,0.427536231884058,13.14945652173913,145,1.1537336727242877,0.09936531749664221,27.98801468844313,5.225335722986623,0.04048247980978048,472,0.03,1.1537336727242877,0.0,False,-2.0000000000004547,False,False
refractory_1.2,0.25,117,selected_regression,4.0,1.460970700067099,1,30,1.1621376811594204,1.1377791534138733,0.9009784065767983,1104,0.8460144927536232,13.14945652173913,145,1.2337898484334158,0.17530642813639113,183.68093775473542,10.548163087354835,0.0255502342404621,934,0.02,1.2337898484334158,0.0,False,-2.0,False,False
refractory_1.2,0.25,117,selected_mle,4.0,1.460970700067099,1,30,1.1621376811594204,1.1377791534138733,0.9009784065767983,1104,0.8460144927536232,13.14945652173913,145,1.2337898484334158,0.17530642813639113,183.68093775473542,10.548163087354835,0.0255502342404621,934,0.02,1.2337898484334158,0.0,False,-2.0,False,False
refractory_1.2,0.25,118,iei_rounded,1.0,1.3953899403490684,1,30,0.0,2.8269904949446607,0.8347121226369121,5649,1.0,2.56523278456364,16,1.692979737348848,0.49401193630595686,-761.5968400872523,-25.30986398778926,0.11101147738494216,5649,0.005,0.011321096187753043,0.8009628909692468,False,1362.7876864197278,False,False
refractory_1.2,0.25,118,iei_rounded,1.0,1.3953899403490684,1,15,0.0,2.601355516941108,0.8286983641575566,5649,0.9998229775181448,2.56523278456364,16,1.5312313108091278,0.49229233323670263,-479.2290257044642,-18.74782712485209,0.07955639929992098,5648,0.005,0.09614117799823364,0.7436672362838463,False,833.1202304760191,False,False
refractory_1.2,0.25,118,iei_rounded,1.0,1.3953899403490684,1,59,0.0,2.8269904949446607,0.8347121226369121,5649,1.0,2.56523278456364,16,1.7718819475069747,0.49401467165650204,-889.3336614070355,-27.160134050620297,0.12830860090212087,5649,0.005,0.0037712547743977832,0.8057641107950475,False,1616.086338678062,False,False
refractory_1.2,0.25,118,iei_rounded,1.0,1.3953899403490684,3,30,0.0,4.201521863288336,0.9201208021705003,5649,0.39298990971853426,2.56523278456364,16,2.9669266860951975,0.5183818894623597,-154.01932093692454,-14.735804798483626,0.10122490458899963,2220,0.005,-4.167803419095381,2.136936884463849,False,318.01640687843246,False,False
refractory_1.2,0.25,118,fixed_10,10.0,1.3953899403490684,1,30,2.326171875,1.1082987674304545,0.8902871916915269,912,0.8037280701754386,15.889254385964913,161,1.1890313769846745,0.16356757869419736,139.99505799563482,9.237280358632603,0.02425119303268153,733,0.085,1.1890313769846745,0.0,False,-1.9999999999990905,False,False
refractory_1.2,0.25,118,fixed_10,10.0,1.3953899403490684,1,15,2.326171875,1.2513701945430145,0.9594177563301391,912,0.6864035087719298,15.889254385964913,161,1.2668686165236682,0.2980858192614817,53.47171756839796,5.355710994802996,0.00987493023533459,626,0.935,1.2668686165236682,0.0,False,-2.0,False,False
refractory_1.2,0.25,118,fixed_10,10.0,1.3953899403490684,1,59,2.326171875,0.9969997834945885,0.8367261654855712,912,0.9407894736842105,15.889254385964913,161,1.1147622065258656,0.08735621400488774,253.34362814719677,12.329888815787015,0.03755402957456311,858,0.005,1.1147622065258656,0.0,False,-2.0000000000009095,False,False
refractory_1.2,0.25,118,fixed_10,10.0,1.3953899403490684,3,30,2.326171875,1.0356064335288215,0.7934866114292592,912,0.4232456140350877,15.889254385964913,161,1.0771950484342678,0.09316835589413691,16.913794979726063,3.6326624074269938,0.024649398615717466,386,0.565,1.0771950484342678,0.0,False,-2.0,False,False
refractory_1.2,0.25,118,selected_regression,3.0,1.3953899403490684,1,30,0.8951255539143279,1.7276527216153812,0.7653517027165452,2484,0.999597423510467,5.833735909822867,34,1.086552096376062,0.18427359896688256,-125.38621460014787,-5.743070197822214,0.08577959640462707,2483,0.005,0.23701289355678928,0.2950602364082027,False,199.95392206757424,False,False
refractory_1.2,0.25,118,selected_mle,96.0,1.3953899403490684,1,30,0.8444444444444444,1.1082987674304545,0.8902871916915269,912,0.8037280701754386,15.889254385964913,161,1.1890313769846745,0.16356757869419736,139.99505799563482,9.237280358632603,0.02425119303268153,733,0.085,1.1890313769846745,0.0,False,-1.9999999999990905,False,False
refractory_1.2,0.25,119,iei_rounded,1.0,1.4578857693162457,1,30,0.0,2.64772002263845,0.82868697825527,5922,1.0,2.448665991219183,12,1.739149587995131,0.5248990302305894,-778.0157607892497,-26.185815977787286,0.11157598192801266,5922,0.005,0.045255534463268576,0.8278351570792261,False,1395.8301833679361,False,False
refractory_1.2,0.25,119,iei_rounded,1.0,1.4578857693162457,1,15,0.0,2.64772002263845,0.82868697825527,5922,1.0,2.448665991219183,12,1.586432969024079,0.5232548700287478,-511.25111952042045,-20.144297688716215,0.08229258959606034,5922,0.005,0.1173191447856654,0.7778625330568123,False,892.3892673241098,False,False
refractory_1.2,0.25,119,iei_rounded,1.0,1.4578857693162457,1,59,0.0,2.64772002263845,0.82868697825527,5922,1.0,2.448665991219183,12,1.8128166405014934,0.5249002559743483,-895.3957287322509,-27.742364241843127,0.12745332284440825,5922,0.005,0.039738782403049254,0.831443918392668,False,1629.0868920715366,False,False
refractory_1.2,0.25,119,iei_rounded,1.0,1.4578857693162457,3,30,0.0,4.112313815917657,0.9098235248910315,5922,0.36541708882134416,2.448665991219183,12,3.0367499010656918,0.5439365582882281,-163.270804128035,-17.12575857619763,0.10540319204719945,2164,0.005,-5.112509431463725,2.4772454008416727,False,349.8865328603224,False,False
refractory_1.2,0.25,119,fixed_10,10.0,1.4578857693162457,1,30,2.417094017094017,1.0847721757304447,0.8939859928473374,1002,0.8203592814371258,14.472055888223553,173,1.1567881680513015,0.15629790732045296,150.03865714338667,9.748475788414044,0.03323605484506098,822,0.01,1.1567881680513015,0.0,False,-1.9999999999990905,False,False
refractory_1.2,0.25,119,fixed_10,10.0,1.4578857693162457,1,15,2.417094017094017,1.1541816329186354,0.9245207444649369,1002,0.6966067864271457,14.472055888223553,173,1.2235916757755643,0.27609344722365525,69.62810733564709,6.76926977459513,0.02271105810443086,698,0.13,1.2235916757755643,0.0,False,-2.0000000000004547,False,False
refractory_1.2,0.25,119,fixed_10,10.0,1.4578857693162457,1,59,2.417094017094017,1.07946774484184,0.7962724045362065,1002,0.9600798403193613,14.472055888223553,173,1.0976579594434188,0.08715578031365562,255.22629097181292,12.041570428902073,0.03512426894479159,962,0.005,1.0976579594434188,0.0,False,-1.999999999998181,False,False
refractory_1.2,0.25,119,fixed_10,10.0,1.4578857693162457,3,30,2.417094017094017,1.0088854815710162,0.7991097129707687,1002,0.43812375249500995,14.472055888223553,173,1.002524946913601,0.08735943127936616,12.997862417596053,2.8766088147023905,0.029054329778608334,439,0.265,1.002524946913601,0.0,False,-2.0,False,False
refractory_1.2,0.25,119,selected_regression,3.0,1.4578857693162457,1,30,0.9307128580946036,1.8526712797063913,0.7566152667607935,2638,1.0,5.49696739954511,27,1.1250561956520198,0.19760388168867027,-160.1961273611616,-7.209551312634766,0.08863210846044556,2638,0.005,0.19051136493876109,0.32980410981785846,False,257.22720552527244,False,False
refractory_1.2,0.25,119,selected_mle,3.0,1.4578857693162457,1,30,0.9307128580946036,1.8526712797063913,0.7566152667607935,2638,1.0,5.49696739954511,27,1.1250561956520198,0.19760388168867027,-160.1961273611616,-7.209551312634766,0.08863210846044556,2638,0.005,0.19051136493876109,0.32980410981785846,False,257.22720552527244,False,False
homogeneous,3.0,100,iei_rounded,54.0,54.257058003295846,1,30,0.8602353247090945,3.2454546407072558,0.8394841216094737,48839,0.9999795245602899,3.533262351809005,32,1.402535781912194,0.3326233801999128,-7932.331505191208,-82.86065880135817,0.13876328212159567,48838,0.005,-0.3931531997022228,0.7402851293595653,False,15306.826505243225,False,False
homogeneous,3.0,100,iei_rounded,54.0,54.257058003295846,1,15,0.8602353247090945,1.81371233774365,0.871475490077264,48839,0.9940621224840803,3.533262351809005,32,1.1802853978765935,0.3309353988833764,-3899.124247543855,-53.04209417523197,0.09429607980320676,48549,0.005,-0.2570740079017298,0.6612797759320301,False,7637.475958403957,False,False
homogeneous,3.0,100,iei_rounded,54.0,54.257058003295846,1,59,0.8602353247090945,3.3080413563576068,0.8443087605353609,48839,1.0,3.533262351809005,32,1.520980693617,0.33271366426109095,-10331.088888354583,-98.08673823759797,0.166518515510502,48839,0.005,-0.420720889082608,0.7551265198390061,False,19999.514350172685,False,False
homogeneous,3.0,100,iei_rounded,54.0,54.257058003295846,3,30,0.8602353247090945,4.2414143802391475,0.9120909799318395,48839,0.5215094494154262,3.533262351809005,32,2.361377213506133,0.3418772506344979,-1518.4286426763385,-32.161860387456514,0.082785625125266,25470,0.005,-2.1112913376727067,1.2183583649789989,False,2936.1412490433577,False,False
homogeneous,3.0,100,fixed_10,10.0,54.257058003295846,1,30,0.1570125219352226,5.58020202361102,0.8978687586150211,136496,1.0,1.2642201969288478,8,2.9798120269528443,1.5654279311942427,-4788.844234947454,-62.01192482855049,0.04089798087584495,136496,0.005,0.9563893985232309,1.7952959613843547,False,9535.816448201047,False,False
homogeneous,3.0,100,fixed_10,10.0,54.257058003295846,1,15,0.1570125219352226,5.58020202361102,0.8978687586150211,136496,1.0,1.2642201969288478,8,2.955849249300483,1.5654279283468147,-4596.893139255245,-60.82719438043237,0.03875698317720011,136496,0.005,0.9564363163631374,1.7952426001993804,False,9151.946828533313,False,False
homogeneous,3.0,100,fixed_10,10.0,54.257058003295846,1,59,0.1570125219352226,5.58020202361102,0.8978687586150211,136496,1.0,1.2642201969288478,8,2.986976621800805,1.5654279311942427,-4836.5388999339175,-62.219505298087334,0.04159816510877201,136496,0.005,0.9563892804600691,1.7952960849780515,False,9631.205762701225,False,False
homogeneous,3.0,100,fixed_10,10.0,54.257058003295846,3,30,0.1570125219352226,8.799133725500305,0.9638383920105748,136496,0.04218438635564412,1.2642201969288478,8,6.316128062391487,1.6014279262297393,-46.95908960573908,-6.608939897187108,0.018816627770422367,5758,0.005,-3.6542536272369985,3.685044381572574,False,89.54457584053125,False,False
homogeneous,3.0,100,selected_regression,96.0,54.257058003295846,1,30,1.512531328320802,1.0960798654134853,0.8238636434021162,18892,0.9719457971628203,9.134077916578446,84,0.751912564833253,0.1139282717232522,-1377.8636529087805,-31.42270920175111,0.09575669302067769,18362,0.005,-0.5445309732132856,0.40007440809591266,False,2712.879619930027,False,False
homogeneous,3.0,100,selected_mle,54.0,54.257058003295846,1,30,0.8602353247090945,3.2454546407072558,0.8394841216094737,48839,0.9999795245602899,3.533262351809005,32,1.402535781912194,0.3326233801999128,-7932.331505191208,-82.86065880135817,0.13876328212159567,48838,0.005,-0.3931531997022228,0.7402851293595653,False,15306.826505243225,False,False
homogeneous,3.0,101,iei_rounded,54.0,54.001730580373184,1,30,0.8757632154634799,3.0059474915043656,0.8337266311307518,48609,0.999938283034006,3.5749346828776565,33,1.3901027551480052,0.32814266363122657,-8132.787339575581,-86.2242841865843,0.14091890718095929,48606,0.005,-0.4402972893632835,0.7511812076506031,False,15780.388145296514,False,False
homogeneous,3.0,101,iei_rounded,54.0,54.001730580373184,1,15,0.8757632154634799,1.8008072532531514,0.8654492842806056,48609,0.9933757123166492,3.5749346828776565,33,1.1652399141995975,0.32642641095321245,-4022.121281000593,-55.281417583980584,0.09598989610348357,48287,0.005,-0.3083367123828393,0.6752615430729195,False,7950.603362856666,False,False
homogeneous,3.0,101,iei_rounded,54.0,54.001730580373184,1,59,0.8757632154634799,3.153124520519039,0.8469804614028728,48609,1.0,3.5749346828776565,33,1.510439603368761,0.3281227124610995,-10584.87972441545,-101.45086475781122,0.16914391234128917,48609,0.005,-0.46696457140403,0.7654490245690654,False,20591.019971659465,False,False
homogeneous,3.0,101,iei_rounded,54.0,54.001730580373184,3,30,0.8757632154634799,4.007193103004498,0.911305078686532,48609,0.5311979263099426,3.5749346828776565,33,2.3644679626652536,0.34190246552174464,-1483.8555058987183,-31.8004475998186,0.08304858870848864,25821,0.005,-2.003733507432619,1.1893134445327638,False,2859.4341523281764,False,False
homogeneous,3.0,101,fixed_10,10.0,54.001730580373184,1,30,0.1583728620926433,5.433470190468332,0.9082964112456781,137287,1.0,1.2657717045313832,8,2.9742329262890284,1.5607995716390142,-4872.545076566801,-62.80546902793706,0.04121654054035462,137287,0.005,0.9456659794911728,1.797703181387068,False,9697.046435668133,False,False
homogeneous,3.0,101,fixed_10,10.0,54.001730580373184,1,15,0.1583728620926433,5.433470190468332,0.9082964112456781,137287,1.0,1.2657717045313832,8,2.950044096314235,1.5607995686084255,-4676.336544391337,-61.61658472905383,0.03904633052737394,137287,0.005,0.945713000948666,1.7976497324040297,False,9304.662445633963,False,False
homogeneous,3.0,101,fixed_10,10.0,54.001730580373184,1,59,0.1583728620926433,5.433470190468332,0.9082964112456781,137287,1.0,1.2657717045313832,8,2.9814874124634247,1.5607995716390142,-4921.457928236125,-63.01235162773002,0.04192852503486899,137287,0.005,0.9456658578694548,1.7977033084603795,False,9794.872123341425,False,False
homogeneous,3.0,101,fixed_10,10.0,54.001730580373184,3,30,0.1583728620926433,8.368347510923469,0.9681739815052717,137287,0.042720723739319816,1.2657717045313832,8,6.368555141636341,1.6172584914992894,-42.94511513084949,-5.799791397319064,0.017899115188696246,5865,0.005,-3.1470753291515856,3.518149572499475,False,81.9885497371015,False,False
homogeneous,3.0,101,selected_regression,96.0,54.001730580373184,1,30,1.5463783220427305,1.0788697275486157,0.8135256756705919,18723,0.9699834428243337,9.281311755594723,90,0.7369812123030091,0.11189242200986582,-1416.8936298070041,-33.303867738733885,0.09305579454397506,18161,0.005,-0.623250602508995,0.4173165731159402,False,2882.6230999904365,False,False
homogeneous,3.0,101,selected_mle,54.0,54.001730580373184,1,30,0.8757632154634799,3.0059474915043656,0.8337266311307518,48609,0.999938283034006,3.5749346828776565,33,1.3901027551480052,0.32814266363122657,-8132.787339575581,-86.2242841865843,0.14091890718095929,48606,0.005,-0.4402972893632835,0.7511812076506031,False,15780.388145296514,False,False
homogeneous,3.0,102,iei_rounded,54.0,54.275407896563586,1,30,0.853749023691747,3.12204565607639,0.843546362037179,48837,0.9999590474435367,3.5334070479349675,35,1.4016467782014441,0.3326817444061785,-8004.102778381391,-83.38477433939528,0.14083194945424798,48835,0.005,-0.41155541099481285,0.7478782187055271,False,15557.623575419362,False,False
homogeneous,3.0,102,iei_rounded,54.0,54.275407896563586,1,15,0.853749023691747,1.8150196293115755,0.872552173042957,48837,0.9937752114175727,3.5334070479349675,35,1.1797741592857722,0.33156616736184197,-3996.729358820664,-54.34050431109897,0.09648061423140475,48533,0.005,-0.28376463140780095,0.6736924491200963,False,7895.3910937443725,False,False
homogeneous,3.0,102,iei_rounded,54.0,54.275407896563586,1,59,0.853749023691747,3.254952468679343,0.854540225130416,48837,1.0,3.5334070479349675,35,1.5201890609484767,0.3326974991011602,-10401.487875804663,-98.48236797680168,0.1686096368288184,48837,0.005,-0.4378592601831183,0.7620452865293876,False,20258.36178268795,False,False
homogeneous,3.0,102,iei_rounded,54.0,54.275407896563586,3,30,0.853749023691747,4.086850182268301,0.9159191448607533,48837,0.5217560456211479,3.5334070479349675,35,2.3675300254778318,0.3427510529416641,-1470.4166487683033,-30.907048619139974,0.08442738661326044,25481,0.005,-2.0444923945696325,1.2021513090522777,False,2861.823624937155,False,False
homogeneous,3.0,102,fixed_10,10.0,54.275407896563586,1,30,0.15745119822250436,5.451034684847735,0.9085566458154909,136535,1.0,1.263859083751419,8,2.9798572399543186,1.5665098971485154,-4864.295182073566,-63.124418975545076,0.041180756769653826,136535,0.005,0.9320338988597305,1.821528060449385,False,9694.307312903024,False,False
homogeneous,3.0,102,fixed_10,10.0,54.275407896563586,1,15,0.15745119822250436,5.451034684847735,0.9085566458154909,136535,1.0,1.263859083751419,8,2.9558962864725,1.5665098943422984,-4672.3143849555945,-61.97548040569432,0.039039994292863756,136535,0.005,0.9320751975853178,1.8214809709055997,False,9310.373958685435,False,False
homogeneous,3.0,102,fixed_10,10.0,54.275407896563586,1,59,0.15745119822250436,5.451034684847735,0.9085566458154909,136535,1.0,1.263859083751419,8,2.9870211104531617,1.5665098971485154,-4911.995956985862,-63.321092627354545,0.04188084612782084,136535,0.005,0.9320337763436247,1.8215281877315386,False,9789.708850505296,False,False
homogeneous,3.0,102,fixed_10,10.0,54.275407896563586,3,30,0.15745119822250436,8.432639460179574,0.9725988481926555,136535,0.042025854176584755,1.263859083751419,8,6.429376190185055,1.635306324747515,-35.79866535763901,-4.864175064270031,0.016205800433631734,5738,0.005,-2.367967592955176,3.2523173427316907,False,68.15149293939976,False,False
homogeneous,3.0,102,selected_regression,96.0,54.275407896563586,1,30,1.5455921301551268,1.0989215055192036,0.816728247253929,18830,0.9712161444503452,9.164152947424324,84,0.7443775587107826,0.11386930971256234,-1492.0837618196724,-34.49859088412041,0.09986738497065772,18288,0.005,-0.6361924725388622,0.42461515328335575,False,2998.1949060791812,False,False
homogeneous,3.0,102,selected_mle,54.0,54.275407896563586,1,30,0.853749023691747,3.12204565607639,0.843546362037179,48837,0.9999590474435367,3.5334070479349675,35,1.4016467782014441,0.3326817444061785,-8004.102778381391,-83.38477433939528,0.14083194945424798,48835,0.005,-0.41155541099481285,0.7478782187055271,False,15557.623575419362,False,False
homogeneous,3.0,103,iei_rounded,54.0,53.934153635512,1,30,0.8715861344537815,3.1717730497162346,0.8392971360686146,48557,0.9999382169409148,3.5726877690137364,35,1.391307335904246,0.32839296784557415,-8074.634966942831,-85.43990691446112,0.14111718924402655,48554,0.005,-0.4319699167507173,0.7484397135361205,False,15657.179898224887,False,False
homogeneous,3.0,103,iei_rounded,54.0,53.934153635512,1,15,0.8715861344537815,1.7801968712687994,0.8738888319629109,48557,0.9939246658566221,3.5726877690137364,35,1.1656328056434386,0.32591150412788117,-3940.668341022541,-53.96390740158043,0.09599126180661433,48262,0.005,-0.2931206591005513,0.6682953143086543,False,7798.895323514065,False,False
homogeneous,3.0,103,iei_rounded,54.0,53.934153635512,1,59,0.8715861344537815,3.3522372053330227,0.854385727239766,48557,1.0,3.5726877690137364,35,1.511450677344511,0.32836698731265834,-10516.083356008416,-100.60584125420559,0.16929377653605504,48557,0.005,-0.4588178382399674,0.7628102473872407,False,20446.359404921735,False,False
homogeneous,3.0,103,iei_rounded,54.0,53.934153635512,3,30,0.8715861344537815,4.170512327142557,0.9150640151762611,48557,0.5277097019997117,3.5726877690137364,35,2.3518297094675145,0.33965951680908824,-1539.6653572171035,-32.89241005212422,0.08368799408582966,25624,0.005,-2.1248077048760967,1.2180174285152459,False,2976.8357234191644,False,False
homogeneous,3.0,103,fixed_10,10.0,53.934153635512,1,30,0.15945297846577555,5.197154956984546,0.9227652576437224,136876,1.0,1.2674172243490458,8,2.9693731466289233,1.5559263503359992,-4846.222114207552,-61.77173336547603,0.041405070066290905,136876,0.005,0.9518179665142801,1.78321160413305,False,9659.924273778597,False,False
homogeneous,3.0,103,fixed_10,10.0,53.934153635512,1,15,0.15945297846577555,5.197154956984546,0.9227652576437224,136876,1.0,1.2674172243490458,8,2.9449858554245747,1.5559263470998506,-4647.828287222066,-60.53162809511851,0.039209109781853546,136876,0.005,0.9518690288135224,1.7831536846816682,False,9263.173009905586,False,False
homogeneous,3.0,103,fixed_10,10.0,53.934153635512,1,59,0.15945297846577555,5.197154956984546,0.9227652576437224,136876,1.0,1.2674172243490458,8,2.9767067630592283,1.5559263503359992,-4895.821210495856,-61.994473249401324,0.04212748526521237,136876,0.005,0.9518178433446282,1.7832117332334245,False,9759.12244812175,False,False
homogeneous,3.0,103,fixed_10,10.0,53.934153635512,3,30,0.15945297846577555,7.805389316154005,0.9822665605630893,136876,0.04297320202226833,1.2674172243490458,8,6.268203553565238,1.5830398991057812,-40.7764043289051,-5.076847732393126,0.01864335214161017,5882,0.005,-2.5687398376690473,3.2532764410080386,False,79.07012499187658,False,False
homogeneous,3.0,103,selected_regression,96.0,53.934153635512,1,30,1.5327149661569315,1.1001644652837421,0.8202990815997491,18908,0.9704357943727523,9.174899513433468,88,0.7478635173813917,0.11405370024679831,-1456.5755934020876,-33.36208740373236,0.09877699769437909,18349,0.005,-0.5978726128965676,0.41453287285638546,False,2885.2377467927727,False,False
homogeneous,3.0,103,selected_mle,54.0,53.934153635512,1,30,0.8715861344537815,3.1717730497162346,0.8392971360686146,48557,0.9999382169409148,3.5726877690137364,35,1.391307335904246,0.32839296784557415,-8074.634966942831,-85.43990691446112,0.14111718924402655,48554,0.005,-0.4319699167507173,0.7484397135361205,False,15657.179898224887,False,False
homogeneous,3.0,104,iei_rounded,54.0,54.00625825033001,1,30,0.8633150039277298,3.054337830529522,0.8310872983571416,48779,0.9999179974989237,3.5574325016913018,45,1.3962575519255989,0.3301630912019856,-8015.072982799429,-83.97013290230508,0.14015713494034582,48775,0.005,-0.4128469386243241,0.7439529314705476,False,15505.117165215692,False,False
homogeneous,3.0,104,iei_rounded,54.0,54.00625825033001,1,15,0.8633150039277298,1.8313230803491756,0.8610628303937538,48779,0.993357797412821,3.5574325016913018,45,1.17357134336571,0.32925599746063816,-3996.938848699026,-55.20931042207361,0.09567929293355343,48455,0.005,-0.28444266235089377,0.6696833815131369,False,7825.643011523993,False,False
homogeneous,3.0,104,iei_rounded,54.0,54.00625825033001,1,59,0.8633150039277298,3.290152878671811,0.856486757927436,48779,1.0,3.5574325016913018,45,1.5155668021000235,0.330035228422077,-10428.017170510371,-98.52016046658713,0.1681228657497874,48779,0.005,-0.4391910211234958,0.7580897043937336,False,20246.867564432963,False,False
homogeneous,3.0,104,iei_rounded,54.0,54.00625825033001,3,30,0.8633150039277298,4.028418927399167,0.9018746996270051,48779,0.5236679718731422,3.5574325016913018,45,2.349216255035211,0.33947769382843695,-1569.5283461078754,-33.155441032666936,0.08442012537899424,25544,0.005,-2.2031490121793564,1.238997914038094,False,3053.838866566599,False,False
homogeneous,3.0,104,fixed_10,10.0,54.00625825033001,1,30,0.15806132542037588,5.633246119069847,0.9204963304162681,137015,1.0,1.2664890705397218,9,2.972200070962062,1.5586706080908046,-4851.468690215999,-62.43937892086264,0.041129677578543355,137015,0.005,0.9535828567602285,1.7859192688642354,False,9639.792402949039,False,False
homogeneous,3.0,104,fixed_10,10.0,54.00625825033001,1,15,0.15806132542037588,5.633246119069847,0.9204963304162681,137015,1.0,1.2664890705397218,9,2.947928400877659,1.5586706049720553,-4654.492616066668,-61.237876325279345,0.03894873083239736,137015,0.005,0.953632899002783,1.7858624682160766,False,9245.87574000124,False,False
homogeneous,3.0,104,fixed_10,10.0,54.00625825033001,1,59,0.15806132542037588,5.633246119069847,0.9204963304162681,137015,1.0,1.2664890705397218,9,2.9794875631964945,1.5586706080908046,-4900.631608626328,-62.649897247462896,0.041846007942597296,137015,0.005,0.9535827351547805,1.7859193963116355,False,9738.118222209392,False,False
homogeneous,3.0,104,fixed_10,10.0,54.00625825033001,3,30,0.15806132542037588,8.236122280320824,0.9773004988730737,137015,0.043236142028245085,1.2664890705397218,9,6.39625031935155,1.6263967433794768,-43.12256197009137,-5.196717409052414,0.019990311185907772,5924,0.005,-3.50112756368097,3.6650167955122015,False,86.12452098969061,False,False
homogeneous,3.0,104,selected_regression,96.0,54.00625825033001,1,30,1.5346119649434777,1.0920276638215416,0.823986019000236,18822,0.9699819360323026,9.219424078206353,103,0.747964822062686,0.11336227554716577,-1382.2852053397926,-31.7567839198361,0.097014685653663,18257,0.005,-0.5511994668730136,0.4003420394930794,False,2698.3811795930524,False,False
homogeneous,3.0,104,selected_mle,54.0,54.00625825033001,1,30,0.8633150039277298,3.054337830529522,0.8310872983571416,48779,0.9999179974989237,3.5574325016913018,45,1.3962575519255989,0.3301630912019856,-8015.072982799429,-83.97013290230508,0.14015713494034582,48775,0.005,-0.4128469386243241,0.7439529314705476,False,15505.117165215692,False,False
homogeneous,3.0,105,iei_rounded,54.0,53.8972299318423,1,30,0.8711103832296102,3.1261454279707355,0.8456422493255534,48803,1.0,3.558961539249636,30,1.3953305542153682,0.32970057821277,-8018.7046437578665,-84.05125050882918,0.14131422718918357,48803,0.005,-0.41923973771922435,0.7460640396456708,False,15595.718357672682,False,False
homogeneous,3.0,105,iei_rounded,54.0,53.8972299318423,1,15,0.8711103832296102,1.7860956948087916,0.8760501366923813,48803,0.9937094031104645,3.558961539249636,30,1.171627968101701,0.3280522676304931,-3944.4769344172933,-53.664551259340726,0.09660631109644352,48496,0.005,-0.28625208017157355,0.669192889100115,False,7830.267886068497,False,False
homogeneous,3.0,105,iei_rounded,54.0,53.8972299318423,1,59,0.8711103832296102,3.1261454279707355,0.8456422493255534,48803,1.0,3.558961539249636,30,1.5149568842169874,0.32986724952533397,-10464.986963256313,-99.90398102485518,0.16936708147427382,48803,0.005,-0.4472217140763553,0.7610826353235607,False,20378.51551746129,False,False
homogeneous,3.0,105,iei_rounded,54.0,53.8972299318423,3,30,0.8711103832296102,4.100567500467877,0.9207501448395715,48803,0.5245374259779112,3.558961539249636,30,2.3543314326832014,0.3395232439124998,-1481.917137769132,-31.35529494803584,0.08191053928985897,25599,0.005,-2.020674760795435,1.1897225635900017,False,2861.0128317408526,False,False
homogeneous,3.0,105,fixed_10,10.0,53.8972299318423,1,30,0.16025275560623337,5.387869407480276,0.9044663045500749,136854,1.0,1.2691481432767766,8,2.963462271831281,1.550839254558516,-4891.953713133348,-62.54147182416355,0.0415998744552869,136854,0.005,0.9470802137370793,1.7786675073432918,False,9728.059315614431,False,False
homogeneous,3.0,105,fixed_10,10.0,53.8972299318423,1,15,0.16025275560623337,5.387869407480276,0.9044663045500749,136854,1.0,1.2691481432767766,8,2.938831631628533,1.550839251092969,-4690.167282970467,-61.30680642469618,0.039372208279452425,136854,0.005,0.9471331886576826,1.778607496749407,False,9324.524655279733,False,False
homogeneous,3.0,105,fixed_10,10.0,53.8972299318423,1,59,0.16025275560623337,5.387869407480276,0.9044663045500749,136854,1.0,1.2691481432767766,8,2.97089318276627,1.550839254558516,-4942.576313178072,-62.760214604522126,0.042335169599786004,136854,0.005,0.947080086913101,1.7786676402341894,False,9829.304496137076,False,False
homogeneous,3.0,105,fixed_10,10.0,53.8972299318423,3,30,0.16025275560623337,8.371469891131786,0.9657966475505684,136854,0.04385695704911804,1.2691481432767766,8,6.359209962884988,1.6118414387614384,-37.01687267420259,-4.784069392893854,0.016864265855208393,6002,0.005,-2.139770675061628,3.133986965523609,False,71.22532012482861,False,False
homogeneous,3.0,105,selected_regression,96.0,53.8972299318423,1,30,1.5467885184708456,1.0949872773583156,0.8119327461498862,18737,0.9687249826546406,9.2697870523563,111,0.7396635263244864,0.11302168040126143,-1478.3970013293276,-34.48988087935037,0.09986409636435034,18151,0.005,-0.6377277377936373,0.4229290207052881,False,2951.7123052668467,False,False
homogeneous,3.0,105,selected_mle,54.0,53.8972299318423,1,30,0.8711103832296102,3.1261454279707355,0.8456422493255534,48803,1.0,3.558961539249636,30,1.3953305542153682,0.32970057821277,-8018.7046437578665,-84.05125050882918,0.14131422718918357,48803,0.005,-0.41923973771922435,0.7460640396456708,False,15595.718357672682,False,False
homogeneous,3.0,106,iei_rounded,54.0,53.983495640188174,1,30,0.8698527495439146,2.975815135641424,0.850425847058789,48659,0.9999794488172794,3.569288312542387,31,1.3940791786335982,0.3286277487046767,-7928.000364534869,-82.67603139835289,0.1395449900394929,48658,0.005,-0.40731978608360736,0.739648489537288,False,15368.703949856543,False,False
homogeneous,3.0,106,iei_rounded,54.0,53.983495640188174,1,15,0.8698527495439146,1.7915428917493696,0.8732248555878994,48659,0.9931770073367723,3.569288312542387,31,1.171193912458195,0.3277352634877555,-3912.502651313335,-53.41478373245061,0.09503627331776787,48327,0.005,-0.27697656331915377,0.6644695884082029,False,7706.504480910371,False,False
homogeneous,3.0,106,iei_rounded,54.0,53.983495640188174,1,59,0.8698527495439146,3.074150963509402,0.8497420096329215,48659,1.0,3.569288312542387,31,1.5138642318094941,0.32873726004991355,-10369.521595966467,-98.39913612702861,0.1676359502980177,48659,0.005,-0.4358059020905119,0.7549083733531333,False,20142.32235158555,False,False
homogeneous,3.0,106,iei_rounded,54.0,53.983495640188174,3,30,0.8698527495439146,3.909088276215862,0.9240517402023037,48659,0.5259253170019935,3.569288312542387,31,2.348449404567104,0.33815146492874093,-1488.033717779956,-31.305071777854373,0.0836352439584464,25591,0.005,-2.049765025729185,1.1953849426511454,False,2895.850417676411,False,False
homogeneous,3.0,106,fixed_10,10.0,53.983495640188174,1,30,0.15810201810533295,5.364472137719095,0.9357653876073349,137248,1.0,1.2654319188622056,9,2.9760429936665975,1.561810399052575,-4817.632017742882,-61.270007772775905,0.04098879539769629,137248,0.005,0.958542625555733,1.7868587325915242,False,9598.97545458554,False,False
homogeneous,3.0,106,fixed_10,10.0,53.983495640188174,1,15,0.15810201810533295,5.364472137719095,0.9357653876073349,137248,1.0,1.2654319188622056,9,2.9519277118753866,1.5618103960629668,-4622.504848387624,-60.040765303586156,0.038828103684132365,137248,0.005,0.9585919658995963,1.78680269257303,False,9208.755933471955,False,False
homogeneous,3.0,106,fixed_10,10.0,53.983495640188174,1,59,0.15810201810533295,5.364472137719095,0.9357653876073349,137248,1.0,1.2654319188622056,9,2.9832682047267998,1.561810399052575,-4866.22353205801,-61.49160499688398,0.041696931141835814,137248,0.005,0.9585425061586875,1.7868588578010236,False,9696.15846610925,False,False
homogeneous,3.0,106,fixed_10,10.0,53.983495640188174,3,30,0.15810201810533295,7.6116524554117735,0.9896263748129941,137248,0.042776579622289576,1.2654319188622056,9,6.37209658273124,1.6120319476111487,-24.168156755234037,-2.6566974442960607,0.015849304174012757,5871,0.005,-0.7820297016273887,2.629949080533957,False,52.71749739068673,False,False
homogeneous,3.0,106,selected_regression,96.0,53.983495640188174,1,30,1.5319582378405907,1.109792764254925,0.8133516263794772,18785,0.9678466861857865,9.245568272557891,84,0.7458679963902544,0.11426182578175056,-1495.7608247264618,-34.67559282970771,0.10015245943423179,18181,0.005,-0.6279328803569856,0.4227828289382056,False,2958.9576147295447,False,False
homogeneous,3.0,106,selected_mle,54.0,53.983495640188174,1,30,0.8698527495439146,2.975815135641424,0.850425847058789,48659,0.9999794488172794,3.569288312542387,31,1.3940791786335982,0.3286277487046767,-7928.000364534869,-82.67603139835289,0.1395449900394929,48658,0.005,-0.40731978608360736,0.739648489537288,False,15368.703949856543,False,False
homogeneous,3.0,107,iei_rounded,54.0,54.03286901711715,1,30,0.8730169029620738,3.085721058990253,0.8498145506799664,48550,1.0,3.5669001029866116,30,1.3934930827747731,0.3288277086246171,-7981.341379304057,-83.60889259321053,0.13936592014961058,48550,0.005,-0.4141559478772893,0.7422400134103809,False,15425.294194006157,False,False
homogeneous,3.0,107,iei_rounded,54.0,54.03286901711715,1,15,0.8730169029620738,1.8090517327326197,0.8672082864938478,48550,0.9934088568486097,3.5669001029866116,30,1.1699456261596826,0.3276436764753312,-3950.206215643842,-54.45631937158914,0.0947101429567816,48230,0.005,-0.28249380917923655,0.6662318211553022,False,7732.7947722779645,False,False
homogeneous,3.0,107,iei_rounded,54.0,54.03286901711715,1,59,0.8730169029620738,3.085721058990253,0.8498145506799664,48550,1.0,3.5669001029866116,30,1.5134115606470342,0.3289978908825192,-10426.138675941333,-99.36822805920818,0.16749178033778306,48550,0.005,-0.442771624011007,0.7575745435247012,False,20202.36918117298,False,False
homogeneous,3.0,107,iei_rounded,54.0,54.03286901711715,3,30,0.8730169029620738,4.038424714019009,0.9240587389748642,48550,0.5267971163748713,3.5669001029866116,30,2.349635397002098,0.3392309759108173,-1545.473353497137,-32.52958579793656,0.08532553231083578,25576,0.005,-2.1623822980927323,1.2276681615789968,False,3013.460192097278,False,False
homogeneous,3.0,107,fixed_10,10.0,54.03286901711715,1,30,0.15852597269030552,5.458132841386452,0.9041862115606994,136803,1.0,1.2658567429076848,8,2.976105655182634,1.560546835831968,-4706.924454850764,-60.7230532369917,0.04040054894836087,136803,0.005,0.9950896423492912,1.7479373753396397,False,9331.906275203626,False,False
homogeneous,3.0,107,fixed_10,10.0,54.03286901711715,1,15,0.15852597269030552,5.458132841386452,0.9041862115606994,136803,1.0,1.2658567429076848,8,2.951992915916465,1.560546832791041,-4512.465242688257,-59.48776307575472,0.03824018603991142,136803,0.005,0.9951492252173213,1.7478699619945577,False,8943.030723447475,False,False
homogeneous,3.0,107,fixed_10,10.0,54.03286901711715,1,59,0.15852597269030552,5.458132841386452,0.9041862115606994,136803,1.0,1.2658567429076848,8,2.9833298547009885,1.560546835831968,-4755.347846000605,-60.944679208662684,0.041108551805582816,136803,0.005,0.995089522074773,1.7479375029678308,False,9428.753033323883,False,False
homogeneous,3.0,107,fixed_10,10.0,54.03286901711715,3,30,0.15852597269030552,8.53291193439043,0.9703101453124474,136803,0.04351512759223117,1.2658567429076848,8,6.325273897145474,1.6047509269539848,-49.3586073017088,-6.591792344317974,0.01995002215888242,5953,0.005,-3.9350527266927005,3.7955521243789905,False,96.02066498038312,False,False
homogeneous,3.0,107,selected_regression,96.0,54.03286901711715,1,30,1.5541822721598002,1.0988699620892066,0.8244059147178103,18879,0.9699136606811801,9.172784575454209,90,0.7488315081772061,0.1144682818838938,-1476.7301707160445,-33.722422341050574,0.09695190087223837,18311,0.005,-0.6174915854278322,0.42095533325144424,False,2959.3176621694,False,False
homogeneous,3.0,107,selected_mle,54.0,54.03286901711715,1,30,0.8730169029620738,3.085721058990253,0.8498145506799664,48550,1.0,3.5669001029866116,30,1.3934930827747731,0.3288277086246171,-7981.341379304057,-83.60889259321053,0.13936592014961058,48550,0.005,-0.4141559478772893,0.7422400134103809,False,15425.294194006157,False,False
homogeneous,3.0,108,iei_rounded,54.0,54.18354048509714,1,30,0.8679845489661441,3.1629747878054877,0.8434731722213484,48687,0.9999794606363095,3.5466346252593093,34,1.3971457141433152,0.33113462123829074,-8077.9581432824625,-85.294075169537,0.13930813617270005,48686,0.005,-0.41868826757252536,0.7473333685256104,False,15568.023737928976,False,False
homogeneous,3.0,108,iei_rounded,54.0,54.18354048509714,1,15,0.8679845489661441,1.8039342294621625,0.8710445874969684,48687,0.9943722143487995,3.5466346252593093,34,1.1723888397689972,0.32846434558753745,-3952.4960003654364,-54.05529571106881,0.09431322931669267,48413,0.005,-0.27765201567769865,0.6656211499057699,False,7739.183175227983,False,False
homogeneous,3.0,108,iei_rounded,54.0,54.18354048509714,1,59,0.8679845489661441,3.230935040161615,0.8498789554418457,48687,1.0,3.5466346252593093,34,1.5164421332756444,0.33122640696848193,-10501.35386389785,-100.48224211551435,0.16727665269541026,48687,0.005,-0.445916361937473,0.7619622763840106,False,20312.68934971516,False,False
homogeneous,3.0,108,iei_rounded,54.0,54.18354048509714,3,30,0.8679845489661441,4.155733211459022,0.9187397700413793,48687,0.5261568796598681,3.5466346252593093,34,2.3635720293973517,0.3430981739627781,-1576.6276962819163,-33.76890121446002,0.08595061096406714,25617,0.005,-2.216263283717271,1.2490180041938774,False,3062.9182341700653,False,False
homogeneous,3.0,108,fixed_10,10.0,54.18354048509714,1,30,0.15753930150063883,5.542969066145935,0.9301259003948301,136486,1.0,1.2651480737951146,9,2.9777602203694133,1.5626560097236828,-4732.3926080301435,-61.152050117047644,0.04050522210708918,136486,0.005,0.9814921582064219,1.7651074280271872,False,9387.316008148773,False,False
homogeneous,3.0,108,fixed_10,10.0,54.18354048509714,1,15,0.15753930150063883,5.542969066145935,0.9301259003948301,136486,1.0,1.2651480737951146,9,2.9537145291767377,1.562656006767932,-4539.3115025788675,-59.94104391776875,0.03835352426466221,136486,0.005,0.9815467575772966,1.7650455324241405,False,9001.192499374447,False,False
homogeneous,3.0,108,fixed_10,10.0,54.18354048509714,1,59,0.15753930150063883,5.542969066145935,0.9301259003948301,136486,1.0,1.2651480737951146,9,2.9849577565670007,1.5626560097236828,-4780.426037521096,-61.36711722777131,0.04120972456973537,136486,0.005,0.9814920402015196,1.7651075526475752,False,9483.382846626278,False,False
homogeneous,3.0,108,fixed_10,10.0,54.18354048509714,3,30,0.15753930150063883,7.986178450408446,0.9882543777304036,136486,0.04324253036941518,1.2651480737951146,9,6.383899673036199,1.6228554193120428,-44.64008343000063,-5.370537038187867,0.02004949027648828,5902,0.005,-3.6982558094967564,3.73378198577507,False,88.96367903552527,False,False
homogeneous,3.0,108,selected_regression,96.0,54.18354048509714,1,30,1.5427462761296784,1.100894509882613,0.8240603634379944,18973,0.972645338112054,9.10109102408686,98,0.749281239471669,0.11471542816591809,-1504.3223226887828,-34.04447966451691,0.10080831426556791,18454,0.005,-0.6228318308887201,0.4227892768312984,False,3005.7344337343384,False,False
homogeneous,3.0,108,selected_mle,54.0,54.18354048509714,1,30,0.8679845489661441,3.1629747878054877,0.8434731722213484,48687,0.9999794606363095,3.5466346252593093,34,1.3971457141433152,0.33113462123829074,-8077.9581432824625,-85.294075169537,0.13930813617270005,48686,0.005,-0.41868826757252536,0.7473333685256104,False,15568.023737928976,False,False
homogeneous,3.0,109,iei_rounded,54.0,54.09136129595616,1,30,0.8684891144213456,3.1757813812034077,0.8285440092510273,48587,1.0,3.559861691398934,30,1.393912623871918,0.32960137337702744,-8070.048712125619,-85.5629528548433,0.1396501054507679,48587,0.005,-0.4235404873824143,0.7468191282452478,False,15573.779367122683,False,False
homogeneous,3.0,109,iei_rounded,54.0,54.09136129595616,1,15,0.8684891144213456,1.7952140365258082,0.8710274896558108,48587,0.9939901619774837,3.559861691398934,30,1.1689941330620552,0.32720142604300784,-3945.7286317077956,-54.02495553633831,0.0946516931922115,48295,0.005,-0.28414638892635435,0.6663582568199896,False,7749.819827884581,False,False
homogeneous,3.0,109,iei_rounded,54.0,54.09136129595616,1,59,0.8684891144213456,3.1757813812034077,0.8285440092510273,48587,1.0,3.559861691398934,30,1.513764349614755,0.32976844016010165,-10514.189860323604,-101.14847564957122,0.16775929196942546,48587,0.005,-0.4515709516736999,0.7618530141793649,False,20352.50101998268,False,False
homogeneous,3.0,109,iei_rounded,54.0,54.09136129595616,3,30,0.8684891144213456,4.208351011986848,0.9057767414077333,48587,0.5276925926688208,3.559861691398934,30,2.357858163319248,0.34152228028411524,-1567.20773256854,-33.91587874352238,0.08624622933357473,25639,0.005,-2.187265755812272,1.2382999158498043,False,3039.968018557265,False,False
homogeneous,3.0,109,fixed_10,10.0,54.09136129595616,1,30,0.15765476445353696,5.678830518836254,0.9176705376450667,136660,1.0,1.2656446655934437,9,2.975820942711758,1.5611773163073233,-4767.015351589393,-61.24736588316463,0.04081645233284237,136660,0.005,0.9708466281259028,1.773339899339725,False,9479.989260262868,False,False
homogeneous,3.0,109,fixed_10,10.0,54.09136129595616,1,15,0.15765476445353696,5.678830518836254,0.9176705376450667,136660,1.0,1.2656446655934437,9,2.9516966491494703,1.5611773132921178,-4572.599155150314,-60.02406507761692,0.0386545950684799,136660,0.005,0.9708993430264051,1.773280108015251,False,9091.194214400923,False,False
homogeneous,3.0,109,fixed_10,10.0,54.09136129595616,1,59,0.15765476445353696,5.678830518836254,0.9176705376450667,136660,1.0,1.2656446655934437,9,2.9830497393600144,1.5611773163073233,-4815.4361412993485,-61.46615443874522,0.04152505917123683,136660,0.005,0.970846509190271,1.77334002457541,False,9576.83082042815,False,False
homogeneous,3.0,109,fixed_10,10.0,54.09136129595616,3,30,0.15765476445353696,8.355438595696597,0.9758054523799671,136660,0.0429533147958437,1.2656446655934437,9,6.32579043563644,1.6021188231062875,-40.34714573980351,-5.096092611127324,0.017898451974231677,5870,0.005,-2.667614739451114,3.3172965244853034,False,77.72641753201151,False,False
homogeneous,3.0,109,selected_regression,96.0,54.09136129595616,1,30,1.552048867396284,1.114815394102308,0.8132698868784778,18966,0.9709480122324159,9.119635136560161,79,0.7473594286069218,0.11512479174903803,-1572.401950298491,-35.9619566875244,0.10115440042846124,18415,0.005,-0.6675398465348995,0.43552688838535614,False,3159.030962534074,False,False
homogeneous,3.0,109,selected_mle,54.0,54.09136129595616,1,30,0.8684891144213456,3.1757813812034077,0.8285440092510273,48587,1.0,3.559861691398934,30,1.393912623871918,0.32960137337702744,-8070.048712125619,-85.5629528548433,0.1396501054507679,48587,0.005,-0.4235404873824143,0.7468191282452478,False,15573.779367122683,False,False
homogeneous,3.0,110,iei_rounded,54.0,54.082625041354625,1,30,0.8688018208421395,3.1557480024581483,0.8455863679912414,48779,0.9999589987494618,3.549908772217553,34,1.397473211149384,0.3308378208577103,-8026.446932545363,-84.47105676187432,0.14017755837813423,48777,0.005,-0.41324759871582617,0.7451488716277502,False,15523.168949521467,False,False
homogeneous,3.0,110,iei_rounded,54.0,54.082625041354625,1,15,0.8688018208421395,1.8074519972250385,0.8683805288958987,48779,0.9940343180467004,3.549908772217553,34,1.1735814604877195,0.32872373665739674,-3935.3951458506453,-53.82711998255568,0.0953889831749602,48488,0.005,-0.275847337859175,0.6655890583064283,False,7745.4901563891035,False,False
homogeneous,3.0,110,iei_rounded,54.0,54.082625041354625,1,59,0.8688018208421395,3.2844291882299355,0.8559483608532359,48779,1.0,3.549908772217553,34,1.5166764863033801,0.33086430057129423,-10446.65420661053,-99.60378344143146,0.16812101932554813,48779,0.005,-0.44028712198894643,0.7596712954531711,False,20265.54412844876,False,False
homogeneous,3.0,110,iei_rounded,54.0,54.082625041354625,3,30,0.8688018208421395,4.130626719921167,0.919974981724172,48779,0.5238319768752947,3.549908772217553,34,2.3559953194341414,0.3408529914451609,-1546.8389691498485,-32.99255625767415,0.08418458761740316,25552,0.005,-2.1475443015532663,1.2262556968478497,False,2988.976725125118,False,False
homogeneous,3.0,110,fixed_10,10.0,54.082625041354625,1,30,0.1579731980017445,5.523871268906392,0.9012092481762818,136785,1.0,1.2659355923529627,8,2.9725883785010634,1.5603125810401637,-4934.314376247176,-63.56417710304742,0.041775202998884486,136785,0.005,0.9172449457497073,1.8255163561722836,False,9856.812877949851,False,False
homogeneous,3.0,110,fixed_10,10.0,54.082625041354625,1,15,0.1579731980017445,5.523871268906392,0.9012092481762818,136785,1.0,1.2659355923529627,8,2.948332551787738,1.5603125779896265,-4737.889974480252,-62.39148082916719,0.03959631098123073,136785,0.005,0.9172861946913674,1.825469353850899,False,9463.992588959547,False,False
homogeneous,3.0,110,fixed_10,10.0,54.082625041354625,1,59,0.1579731980017445,5.523871268906392,0.9012092481762818,136785,1.0,1.2659355923529627,8,2.979869555597924,1.5603125810401637,-4983.328414230878,-63.76636089920735,0.04249070131429544,136785,0.005,0.9172448173760119,1.8255164891798668,False,9954.840941660019,False,False
homogeneous,3.0,110,fixed_10,10.0,54.082625041354625,3,30,0.1579731980017445,8.654413194185535,0.9663724993505619,136785,0.04201484080856819,1.2659355923529627,8,6.305673390643625,1.5977095958650205,-46.206868398133366,-6.375704764181576,0.019134097105247716,5747,0.005,-3.5502595396526706,3.6408066288056258,False,88.51206177500626,False,False
homogeneous,3.0,110,selected_regression,96.0,54.082625041354625,1,30,1.5217391304347827,1.1005646403371412,0.8307793941294764,18940,0.9693769799366421,9.14260823653643,99,0.7558684677014309,0.11509589872913795,-1422.0403561210421,-32.084616349871986,0.0954245904777733,18360,0.005,-0.5672046386367565,0.408792765621504,False,2821.017145655278,False,False
homogeneous,3.0,110,selected_mle,54.0,54.082625041354625,1,30,0.8688018208421395,3.1557480024581483,0.8455863679912414,48779,0.9999589987494618,3.549908772217553,34,1.397473211149384,0.3308378208577103,-8026.446932545363,-84.47105676187432,0.14017755837813423,48777,0.005,-0.41324759871582617,0.7451488716277502,False,15523.168949521467,False,False
homogeneous,3.0,111,iei_rounded,54.0,54.21470806733144,1,30,0.8656891114217902,3.064858939536983,0.8312123961642316,48590,0.9999794196336694,3.550483638608767,36,1.3989115763661015,0.3307118804136806,-7874.549449261247,-82.27605590008976,0.13956092314198149,48589,0.005,-0.3983077031451128,0.739599055351161,False,15266.652049531898,False,False
homogeneous,3.0,111,iei_rounded,54.0,54.21470806733144,1,15,0.8656891114217902,1.78414546526294,0.8793698591403023,48590,0.9937641490018523,3.550483638608767,36,1.1762264672603084,0.3292100333990592,-3857.015847442848,-52.27291970902574,0.09504221301328025,48287,0.005,-0.26365868979238916,0.6616088847128158,False,7619.982000295655,False,False
homogeneous,3.0,111,iei_rounded,54.0,54.21470806733144,1,59,0.8656891114217902,3.142144277621156,0.8403439469275532,48590,1.0,3.550483638608767,36,1.5179271262105498,0.33080080528707956,-10281.764724538149,-97.69798795439232,0.1674589313489564,48590,0.005,-0.42625582331352724,0.7546154996215859,False,19976.093561043323,False,False
homogeneous,3.0,111,iei_rounded,54.0,54.21470806733144,3,30,0.8656891114217902,4.049136480809834,0.9035921607801285,48590,0.5230500102901832,3.550483638608767,36,2.355870639055512,0.33971354641032014,-1457.1032057604898,-30.878304490625965,0.0814244833097984,25415,0.005,-2.000192719589745,1.1846104654184282,False,2817.698640344228,False,False
homogeneous,3.0,111,fixed_10,10.0,54.21470806733144,1,30,0.15869880779573092,5.1959793029701045,0.9245970560338722,136392,1.0,1.2648689072672885,8,2.978143389070743,1.5634887511432751,-4762.135292821607,-61.16522666682604,0.04082115553405119,136392,0.005,0.9654305611868749,1.7828980794771225,False,9481.381149969442,False,False
homogeneous,3.0,111,fixed_10,10.0,54.21470806733144,1,15,0.15869880779573092,5.1959793029701045,0.9245970560338722,136392,1.0,1.2648689072672885,8,2.954113201218979,1.5634887482204936,-4569.401183072724,-59.950267057272704,0.0386714597146427,136392,0.005,0.965480597282722,1.7828412541941623,False,9095.947984824801,False,False
homogeneous,3.0,111,fixed_10,10.0,54.21470806733144,1,59,0.15869880779573092,5.1959793029701045,0.9245970560338722,136392,1.0,1.2648689072672885,8,2.9853347631977503,1.5634887511432751,-4810.07158628928,-61.38262087824447,0.041524849686192966,136392,0.005,0.9654304432253669,1.782898203386669,False,9577.253719475004,False,False
homogeneous,3.0,111,fixed_10,10.0,54.21470806733144,3,30,0.15869880779573092,7.767072178132067,0.9829462927189332,136392,0.0426124699395859,1.2648689072672885,8,6.338880848112479,1.6045009852372059,-34.14561265732374,-4.254024360768006,0.01684505233262923,5812,0.005,-1.902154964566788,3.035270403882157,False,66.69619867934307,False,False
homogeneous,3.0,111,selected_regression,96.0,54.21470806733144,1,30,1.5362246176986714,1.1289417902750667,0.8082998311777914,19039,0.9715846420505279,9.061295236094333,90,0.7552962482186079,0.11578690164711641,-1508.7361961186134,-34.42444736646264,0.09936790005911866,18498,0.005,-0.6011765840395354,0.41892668204478456,False,2968.1152895406995,False,False
homogeneous,3.0,111,selected_mle,54.0,54.21470806733144,1,30,0.8656891114217902,3.064858939536983,0.8312123961642316,48590,0.9999794196336694,3.550483638608767,36,1.3989115763661015,0.3307118804136806,-7874.549449261247,-82.27605590008976,0.13956092314198149,48589,0.005,-0.3983077031451128,0.739599055351161,False,15266.652049531898,False,False
homogeneous,3.0,112,iei_rounded,54.0,53.86206257436161,1,30,0.8709465884127349,3.079689414821634,0.852054264078558,48548,1.0,3.585811979896185,30,1.390149773524806,0.3267665853634527,-7918.591953701469,-82.06992464678103,0.1404411937360176,48548,0.005,-0.4151026274915337,0.7398893933968721,False,15405.335616295633,False,False
homogeneous,3.0,112,iei_rounded,54.0,53.86206257436161,1,15,0.8709465884127349,1.7932475943275443,0.870006348203336,48548,0.9927700420202686,3.585811979896185,30,1.1671030246981164,0.32650566889647237,-3940.0341554274523,-54.22001460007236,0.09596404510580159,48197,0.005,-0.29010733661287114,0.6678827530558169,False,7773.672292829753,False,False
homogeneous,3.0,112,iei_rounded,54.0,53.86206257436161,1,59,0.8709465884127349,3.079689414821634,0.852054264078558,48548,1.0,3.585811979896185,30,1.5106012006417604,0.3269453446352527,-10383.726422677782,-98.22944969488555,0.16870002154542735,48548,0.005,-0.4443350120153842,0.7555193705458687,False,20219.9841259635,False,False
homogeneous,3.0,112,iei_rounded,54.0,53.86206257436161,3,30,0.8709465884127349,3.9963826809408465,0.9222710389422013,48548,0.5267570239762709,3.585811979896185,30,2.3379055128804342,0.3355720463206422,-1489.0981005407295,-30.680374951205266,0.08423887272865904,25573,0.005,-2.0642981343536597,1.1949256370394201,False,2918.0770346251957,False,False
homogeneous,3.0,112,fixed_10,10.0,53.86206257436161,1,30,0.1578777222336114,5.355322338164476,0.9105536988950829,137445,1.0,1.2665720833788061,8,2.9739214245038657,1.558424694487702,-4728.376356514567,-60.55248214915517,0.04049250882493982,137445,0.005,0.9963815222337954,1.7430468036365716,False,9380.804495731572,False,False
homogeneous,3.0,112,fixed_10,10.0,53.86206257436161,1,15,0.1578777222336114,5.355322338164476,0.9105536988950829,137445,1.0,1.2665720833788061,8,2.949719917086602,1.5584246913586144,-4531.764716113094,-59.294620129056845,0.03832065680695118,137445,0.005,0.9964428644266894,1.7429774558685958,False,8987.625840621738,False,False
homogeneous,3.0,112,fixed_10,10.0,53.86206257436161,1,59,0.1578777222336114,5.355322338164476,0.9105536988950829,137445,1.0,1.2665720833788061,8,2.981180959541822,1.558424694487702,-4777.398678610493,-60.780568291459254,0.04120515764344901,137445,0.005,0.9963814001131363,1.7430469333471343,False,9478.84911425953,False,False
homogeneous,3.0,112,fixed_10,10.0,53.86206257436161,3,30,0.1578777222336114,8.232925688306693,0.9710389339322072,137445,0.04365382516643021,1.2665720833788061,8,6.296349262645196,1.5941483039210573,-46.872507443330306,-6.084213458300911,0.019565353876241698,6000,0.005,-3.385872413456974,3.5743385443476483,False,90.68948506178913,False,False
homogeneous,3.0,112,selected_regression,96.0,53.86206257436161,1,30,1.5481256332320161,1.0843884894741198,0.8180446121313238,18730,0.9690870261612387,9.294394020288308,91,0.7406790327237847,0.11247587196569797,-1410.6597366331578,-32.96165653003013,0.09692031762470121,18151,0.005,-0.6014136706449947,0.41235841523639294,False,2823.1018803745537,False,False
homogeneous,3.0,112,selected_mle,54.0,53.86206257436161,1,30,0.8709465884127349,3.079689414821634,0.852054264078558,48548,1.0,3.585811979896185,30,1.390149773524806,0.3267665853634527,-7918.591953701469,-82.06992464678103,0.1404411937360176,48548,0.005,-0.4151026274915337,0.7398893933968721,False,15405.335616295633,False,False
homogeneous,3.0,113,iei_rounded,54.0,54.140824136810565,1,30,0.8596206314148369,3.0769584009205153,0.8378002113980768,48928,1.0,3.5368500654022235,29,1.400895099240019,0.3321561527593627,-7997.1071844486005,-83.05567265339246,0.13874905826366912,48928,0.005,-0.404436676148582,0.7440240717153361,False,15479.099511980166,False,False
homogeneous,3.0,113,iei_rounded,54.0,54.140824136810565,1,15,0.8596206314148369,1.824108079395398,0.8696567899564929,48928,0.9933371484630478,3.5368500654022235,29,1.1798671887160754,0.33171093466301205,-4015.4913707321657,-54.58282132680635,0.09458717115655796,48602,0.005,-0.27958604853405383,0.6717574295683616,False,7865.698857916606,False,False
homogeneous,3.0,113,iei_rounded,54.0,54.140824136810565,1,59,0.8596206314148369,3.0769584009205153,0.8378002113980768,48928,1.0,3.5368500654022235,29,1.5196399730429686,0.33231331920664087,-10415.718200811074,-98.60889970546852,0.1665811457389511,48928,0.005,-0.4321231457352259,0.7589274454368251,False,20207.65049764901,False,False
homogeneous,3.0,113,iei_rounded,54.0,54.140824136810565,3,30,0.8596206314148369,4.05706910264325,0.9120340141529498,48928,0.5256499345977763,3.5368500654022235,29,2.376516010702103,0.34431644779862514,-1433.6790659678784,-29.99828389202076,0.08156352120065463,25719,0.005,-1.9564371453848886,1.1811418687746384,False,2788.691138212118,False,False
homogeneous,3.0,113,fixed_10,10.0,54.140824136810565,1,30,0.15750033665766272,5.4329761189463515,0.9062737197161166,136746,1.0,1.2654922264636626,8,2.9770823543341525,1.561630875909135,-4714.939532394814,-60.80245684602839,0.04051426980428141,136746,0.005,0.9888840289628263,1.7561250718320136,False,9361.912698924833,False,False
homogeneous,3.0,113,fixed_10,10.0,54.140824136810565,1,15,0.15750033665766272,5.4329761189463515,0.9062737197161166,136746,1.0,1.2654922264636626,8,2.95300921414246,1.5616308729122799,-4521.1104328512065,-59.57084340128194,0.03835902588446516,136746,0.005,0.9889411551058876,1.7560603759700137,False,8974.295327886095,False,False
homogeneous,3.0,113,fixed_10,10.0,54.140824136810565,1,59,0.15750033665766272,5.4329761189463515,0.9062737197161166,136746,1.0,1.2654922264636626,8,2.984290803574096,1.561630875909135,-4763.178284030961,-61.02341659970528,0.04122020438954033,136746,0.005,0.9888839100653297,1.756125197718453,False,9458.390179851354,False,False
homogeneous,3.0,113,fixed_10,10.0,54.140824136810565,3,30,0.15750033665766272,8.448607084970913,0.9707943889405725,136746,0.04305061939654542,1.2654922264636626,8,6.266360707789888,1.5873855654039013,-55.81879076615694,-7.421788041506263,0.021931573696204132,5887,0.005,-4.828699583418936,4.105515647114584,False,110.95189310961632,False,False
homogeneous,3.0,113,selected_regression,96.0,54.140824136810565,1,30,1.5428000998253057,1.0990979516886576,0.816430880708052,18871,0.9704308197763765,9.170208256054263,101,0.7456158133433437,0.11368776636081518,-1456.40040173117,-33.594930657728476,0.0993342811757646,18313,0.005,-0.6038501188516489,0.4153344452143908,False,2888.0408015873545,False,False
homogeneous,3.0,113,selected_mle,54.0,54.140824136810565,1,30,0.8596206314148369,3.0769584009205153,0.8378002113980768,48928,1.0,3.5368500654022235,29,1.400895099240019,0.3321561527593627,-7997.1071844486005,-83.05567265339246,0.13874905826366912,48928,0.005,-0.404436676148582,0.7440240717153361,False,15479.099511980166,False,False
homogeneous,3.0,114,iei_rounded,54.0,53.86769190294536,1,30,0.8663319221554922,3.070647940869795,0.8358138806562009,48603,0.9999382754150978,3.581034092545728,32,1.3923908771683084,0.32747112583447546,-7870.198631944576,-82.67132625044368,0.13845952771619857,48600,0.005,-0.39704139650474835,0.7336289744719917,False,15189.021775635716,False,False
homogeneous,3.0,114,iei_rounded,54.0,53.86769190294536,1,15,0.8663319221554922,1.7800601270348977,0.8722790983782402,48603,0.993333744830566,3.581034092545728,32,1.1684374560785802,0.3258439894880495,-3807.1544298553777,-52.04966901586969,0.09370685304679938,48279,0.005,-0.25781103745186507,0.6534430555153478,False,7482.358327138238,False,False
homogeneous,3.0,114,iei_rounded,54.0,53.86769190294536,1,59,0.8663319221554922,3.2026530060422242,0.8460433297987884,48603,1.0,3.581034092545728,32,1.512363932730855,0.3274614557100033,-10308.717302775234,-98.03393087988246,0.16659424204267415,48603,0.005,-0.4256667010723312,0.7489268100129399,False,19961.684803546872,False,False
homogeneous,3.0,114,iei_rounded,54.0,53.86769190294536,3,30,0.8663319221554922,4.047611076022988,0.9097926610335655,48603,0.5267164578318211,3.581034092545728,32,2.340187167329729,0.3363551042372409,-1507.1334416779514,-32.112977355820156,0.08144238346428517,25600,0.005,-2.0400383126060038,1.1890819920414817,False,2893.2855534740957,False,False
homogeneous,3.0,114,fixed_10,10.0,53.86769190294536,1,30,0.1601954799221876,4.892691710660258,0.9198637359005329,137160,1.0,1.2689486730825315,7,2.963508398666585,1.5514234651415797,-4942.0799435533945,-63.76540523388466,0.04170407513267127,137160,0.005,0.93692698404342,1.7895822512006423,False,9816.385387515882,False,False
homogeneous,3.0,114,fixed_10,10.0,53.86769190294536,1,15,0.1601954799221876,4.892691710660258,0.9198637359005329,137160,1.0,1.2689486730825315,7,2.938879665873598,1.5514234617031573,-4739.869337076335,-62.56980880959935,0.039476658034140466,137160,0.005,0.9369772222956706,1.789525279021836,False,9412.000248284894,False,False
homogeneous,3.0,114,fixed_10,10.0,53.86769190294536,1,59,0.1601954799221876,4.892691710660258,0.9198637359005329,137160,1.0,1.2689486730825315,7,2.9709385458553346,1.5514234651415797,-4992.807585016199,-63.970678673964,0.0424392689370362,137160,0.005,0.936926856235662,1.7895823846745145,False,9917.840652665705,False,False
homogeneous,3.0,114,fixed_10,10.0,53.86769190294536,3,30,0.1601954799221876,7.700331826108563,0.9843571855357184,137160,0.043715368912219305,1.2689486730825315,7,6.366829075981029,1.6207405085372808,-56.04007154245184,-7.6796813391036585,0.02165433977106579,5996,0.005,-5.252487216797742,4.3150589087903555,False,112.5554783847283,False,False
homogeneous,3.0,114,selected_regression,96.0,53.86769190294536,1,30,1.5155893536121674,1.0994650786935034,0.8182902513823,18808,0.9678860059549128,9.25398766482348,90,0.7473601140884103,0.1138065661888423,-1430.1134731975278,-33.028675812966675,0.09596082824199126,18204,0.005,-0.5899191194181415,0.41187987101743767,False,2829.7012221117184,False,False
homogeneous,3.0,114,selected_mle,54.0,53.86769190294536,1,30,0.8663319221554922,3.070647940869795,0.8358138806562009,48603,0.9999382754150978,3.581034092545728,32,1.3923908771683084,0.32747112583447546,-7870.198631944576,-82.67132625044368,0.13845952771619857,48600,0.005,-0.39704139650474835,0.7336289744719917,False,15189.021775635716,False,False
homogeneous,3.0,115,iei_rounded,54.0,54.06858863045059,1,30,0.8689429831726841,2.993093816194711,0.8408382563385504,48838,0.9999590482820754,3.548200171997215,35,1.39592617655458,0.33102514315037335,-8174.454628915584,-86.43286250288561,0.14172700809175692,48836,0.005,-0.4365163331114211,0.7543689499385755,False,15857.82340973217,False,False
homogeneous,3.0,115,iei_rounded,54.0,54.06858863045059,1,15,0.8689429831726841,1.8086732416783045,0.8702895173742562,48838,0.9940210491830133,3.548200171997215,35,1.1715400676876317,0.3288927350296931,-4053.4793382582966,-55.51740790492803,0.09684711939641133,48546,0.005,-0.30309212676399877,0.677165412634963,False,8006.338186776964,False,False
homogeneous,3.0,115,iei_rounded,54.0,54.06858863045059,1,59,0.8689429831726841,3.172025678627794,0.8498091707775657,48838,1.0,3.548200171997215,35,1.5153756755098566,0.33105316458233025,-10607.372500916055,-101.56484707600639,0.1697321112472966,48838,0.005,-0.46264078691333455,0.7684042270988242,False,20629.86550246086,False,False
homogeneous,3.0,115,iei_rounded,54.0,54.06858863045059,3,30,0.8689429831726841,3.971975779702459,0.9173131875681797,48838,0.5253900651132315,3.548200171997215,35,2.3638996641677235,0.34294221760612986,-1561.6904116433006,-33.46284447087995,0.08515751280461659,25659,0.005,-2.181793723580373,1.239403291613182,False,3030.7661715365975,False,False
homogeneous,3.0,115,fixed_10,10.0,54.06858863045059,1,30,0.15895432930846967,5.619257775073876,0.8999513187210639,136638,1.0,1.268219675346536,8,2.965924978003015,1.5535630366511706,-4908.4791178550995,-63.9008629653971,0.0413978150085883,136638,0.005,0.9429817517264175,1.7870467911796908,False,9723.35688015449,False,False
homogeneous,3.0,115,fixed_10,10.0,54.06858863045059,1,15,0.15895432930846967,5.619257775073876,0.8999513187210639,136638,1.0,1.268219675346536,8,2.941395989528731,1.5535630333103945,-4708.442766961249,-62.73360474091434,0.03918341058305452,136638,0.005,0.943032305662366,1.7869894552650485,False,9323.320257440006,False,False
homogeneous,3.0,115,fixed_10,10.0,54.06858863045059,1,59,0.15895432930846967,5.619257775073876,0.8999513187210639,136638,1.0,1.268219675346536,8,2.9733152115145582,1.5535630366511706,-4958.590207412099,-64.09771332221226,0.042127717897135875,136638,0.005,0.9429816259254635,1.7870469227566013,False,9823.57904137316,False,False
homogeneous,3.0,115,fixed_10,10.0,54.06858863045059,3,30,0.15895432930846967,8.890306094892305,0.9723318361528516,136638,0.044109252184604576,1.268219675346536,8,6.508270121026081,1.6646042937428116,-46.58962387508443,-6.586548332070859,0.018003225230315167,6027,0.005,-4.131838987009503,3.957134848009056,False,90.13660961074947,False,False
homogeneous,3.0,115,selected_regression,96.0,54.06858863045059,1,30,1.54386186034787,1.1048911765157108,0.8294583889429554,18893,0.9687715026729476,9.172021383581221,112,0.7570283420816661,0.1152472036624751,-1412.4050965836873,-32.00782522009828,0.09524116682150352,18303,0.005,-0.5578608711765923,0.4064565230312717,False,2784.3516030420724,False,False
homogeneous,3.0,115,selected_mle,54.0,54.06858863045059,1,30,0.8689429831726841,2.993093816194711,0.8408382563385504,48838,0.9999590482820754,3.548200171997215,35,1.39592617655458,0.33102514315037335,-8174.454628915584,-86.43286250288561,0.14172700809175692,48836,0.005,-0.4365163331114211,0.7543689499385755,False,15857.82340973217,False,False
homogeneous,3.0,116,iei_rounded,54.0,54.275389219746664,1,30,0.872328678142254,3.110588899406225,0.8284950831436516,48585,0.9999588350313883,3.546341463414634,34,1.3976956156738733,0.3312302278708139,-8035.43367276809,-84.53054810699795,0.14063188944744687,48583,0.005,-0.42233186068144357,0.7494416280866547,False,15591.832109353883,False,False
homogeneous,3.0,116,iei_rounded,54.0,54.275389219746664,1,15,0.872328678142254,1.8095749501179696,0.8709651848112981,48585,0.993578264896573,3.546341463414634,34,1.1749005793251168,0.3299218681023204,-4001.0132149527312,-54.63223107762241,0.09609665360247271,48273,0.005,-0.2931337997170852,0.6747619370852052,False,7896.470755707531,False,False
homogeneous,3.0,116,iei_rounded,54.0,54.275389219746664,1,59,0.872328678142254,3.2599808633096243,0.8402812354574412,48585,1.0,3.546341463414634,34,1.5168643157244457,0.33125886840940433,-10445.18619559896,-99.6991095304687,0.16856684003490524,48585,0.005,-0.4488678130828092,0.7637023314877327,False,20315.700353418477,False,False
homogeneous,3.0,116,iei_rounded,54.0,54.275389219746664,3,30,0.872328678142254,4.1109248239739475,0.9008838586170507,48585,0.5253267469383555,3.546341463414634,34,2.3674148139296083,0.34290386971937503,-1486.1472162883952,-31.727253448395,0.08480634254821118,25523,0.005,-2.0659966252069664,1.208180297218004,False,2889.2039764954243,False,False
homogeneous,3.0,116,fixed_10,10.0,54.275389219746664,1,30,0.15752395340516043,5.2931247571654785,0.9247888562176485,136272,1.0,1.2643756604438183,8,2.9779171067745747,1.5649626823398535,-4878.729024353367,-63.418875360518314,0.04129901026363414,136272,0.005,0.9273541158968237,1.8233836536390167,False,9718.628789816546,False,False
homogeneous,3.0,116,fixed_10,10.0,54.275389219746664,1,15,0.15752395340516043,5.2931247571654785,0.9247888562176485,136272,1.0,1.2643756604438183,8,2.9538777644259486,1.564962679474537,-4686.038235460986,-62.27641496139851,0.03914813235043191,136272,0.005,0.9273952426796882,1.823336764692471,False,9333.275335167098,False,False
homogeneous,3.0,116,fixed_10,10.0,54.275389219746664,1,59,0.15752395340516043,5.2931247571654785,0.9247888562176485,136272,1.0,1.2643756604438183,8,2.985112119368262,1.5649626823398535,-4926.6609270254,-63.61303982226681,0.04200318166246264,136272,0.005,0.9273539917168473,1.8233837825324455,False,9814.492583045067,False,False
homogeneous,3.0,116,fixed_10,10.0,54.275389219746664,3,30,0.15752395340516043,7.950053658153114,0.9886225833798485,136272,0.04217300692732183,1.2643756604438183,8,6.436027839395093,1.6394736198506878,-41.37156339302746,-5.354736804705476,0.01887537589991317,5747,0.005,-3.4669405479290294,3.670807654386009,False,81.23093196036916,False,False
homogeneous,3.0,116,selected_regression,96.0,54.275389219746664,1,30,1.5196270853778213,1.1120704679046383,0.8261355935319886,18990,0.9714060031595576,9.073143759873618,105,0.7571509526655067,0.11540799962265927,-1436.804623889093,-32.46831769823492,0.09759572193755006,18447,0.005,-0.5540104836546585,0.40533250838520984,False,2792.535118240514,False,False
homogeneous,3.0,116,selected_mle,54.0,54.275389219746664,1,30,0.872328678142254,3.110588899406225,0.8284950831436516,48585,0.9999588350313883,3.546341463414634,34,1.3976956156738733,0.3312302278708139,-8035.43367276809,-84.53054810699795,0.14063188944744687,48583,0.005,-0.42233186068144357,0.7494416280866547,False,15591.832109353883,False,False
homogeneous,3.0,117,iei_rounded,54.0,54.20343315630244,1,30,0.8556657316198056,2.9506335535194315,0.8459150082378745,48903,1.0,3.5388830951066397,28,1.400726323144882,0.331928865512633,-7972.13978214899,-83.36410742043714,0.1396910559226096,48903,0.005,-0.4005764238418897,0.7421361665632763,False,15414.898757090763,False,False
homogeneous,3.0,117,iei_rounded,54.0,54.20343315630244,1,15,0.8556657316198056,1.8046821058444775,0.8749690853672543,48903,0.9938858556734761,3.5388830951066397,28,1.1783579604525745,0.33043195186666663,-3931.4716231661014,-53.44190868134854,0.09522278916252913,48604,0.005,-0.26688193262071686,0.6646288384522191,False,7723.798090306227,False,False
homogeneous,3.0,117,iei_rounded,54.0,54.20343315630244,1,59,0.8556657316198056,2.9506335535194315,0.8459150082378745,48903,1.0,3.5388830951066397,28,1.519497859765318,0.33208688918769935,-10390.527759711224,-98.89872918664798,0.16752983215405037,48903,0.005,-0.4285006664790962,0.7571621550730884,False,20141.80948559288,False,False
homogeneous,3.0,117,iei_rounded,54.0,54.20343315630244,3,30,0.8556657316198056,3.898321837871092,0.9198882404426348,48903,0.5209700836349508,3.5388830951066397,28,2.353519668678784,0.340410850578985,-1555.1895295052982,-33.174474166814804,0.0852367245595449,25477,0.005,-2.1898651005632264,1.2371318530364592,False,3027.5790184313955,False,False
homogeneous,3.0,117,fixed_10,10.0,54.20343315630244,1,30,0.1593942037029695,5.496687611708388,0.9361837863809009,136631,1.0,1.2666378786658958,10,2.970957032474205,1.5582298512497088,-4892.822526617563,-63.0907654816708,0.04144467091431547,136631,0.005,0.93597274831663,1.8027470325753665,False,9735.183580608194,False,False
homogeneous,3.0,117,fixed_10,10.0,54.20343315630244,1,15,0.1593942037029695,5.496687611708388,0.9361837863809009,136631,1.0,1.2666378786658958,10,2.946634582742563,1.5582298481123966,-4695.690116536109,-61.907527098396315,0.03925713440343759,136631,0.005,0.936019008874921,1.8026944473594393,False,9340.951214781438,False,False
homogeneous,3.0,117,fixed_10,10.0,54.20343315630244,1,59,0.1593942037029695,5.496687611708388,0.9361837863809009,136631,1.0,1.2666378786658958,10,2.9782647738079913,1.5582298512497088,-4942.060423250719,-63.29558782285899,0.04216367091763773,136631,0.005,0.9359726238217605,1.8027471623513522,False,9833.659358725505,False,False
homogeneous,3.0,117,fixed_10,10.0,54.20343315630244,3,30,0.1593942037029695,7.622389591031066,0.9838154624665778,136631,0.04299170759198132,1.2666378786658958,10,6.404702345832542,1.6290626439630467,-42.327859190711806,-5.01402700818035,0.01873773440433746,5874,0.005,-3.3862138482078588,3.6255206839635687,False,83.51212297771326,False,False
homogeneous,3.0,117,selected_regression,96.0,54.20343315630244,1,30,1.5514845230574859,1.0919627952142474,0.8114175149905669,18754,0.9707795670257012,9.228004692332302,77,0.7404145296764124,0.11228164647251218,-1400.9995254384323,-32.967515162243835,0.09616735577256463,18206,0.005,-0.5809197198675027,0.4060093777703301,False,2754.5293707675446,False,False
homogeneous,3.0,117,selected_mle,54.0,54.20343315630244,1,30,0.8556657316198056,2.9506335535194315,0.8459150082378745,48903,1.0,3.5388830951066397,28,1.400726323144882,0.331928865512633,-7972.13978214899,-83.36410742043714,0.1396910559226096,48903,0.005,-0.4005764238418897,0.7421361665632763,False,15414.898757090763,False,False
homogeneous,3.0,118,iei_rounded,54.0,54.095402998018585,1,30,0.8655720716344442,3.171187110641195,0.8389577146021265,48711,0.9999794707560921,3.5509638480014782,34,1.3982464349249941,0.3306538904435199,-7933.354345026306,-83.37617803031488,0.13878610033279554,48710,0.005,-0.3969507512096,0.7384336416488274,False,15279.139181432227,False,False
homogeneous,3.0,118,iei_rounded,54.0,54.095402998018585,1,15,0.8655720716344442,1.794233050834671,0.8739538812096085,48711,0.9941286362423272,3.5509638480014782,34,1.1744474445266118,0.3283918224289575,-3851.104659694878,-52.52778864793741,0.09400380057920316,48425,0.005,-0.25528163463167863,0.656381445408356,False,7541.172451490798,False,False
homogeneous,3.0,118,iei_rounded,54.0,54.095402998018585,1,59,0.8655720716344442,3.2384124496088993,0.8456629263157367,48711,1.0,3.5509638480014782,34,1.5173683809896605,0.3307477839293035,-10351.207091013457,-98.67475967950958,0.16671094468309644,48711,0.005,-0.42513141516465425,0.7535654783017126,False,20007.71879855686,False,False
homogeneous,3.0,118,iei_rounded,54.0,54.095402998018585,3,30,0.8655720716344442,4.161185047043872,0.9125331763417397,48711,0.5223050235059843,3.5509638480014782,34,2.345128078235989,0.33890247730041634,-1595.8543518994684,-34.22737264115585,0.08574284498702506,25442,0.005,-2.253910333025949,1.251540916869123,False,3100.072033563585,False,False
homogeneous,3.0,118,fixed_10,10.0,54.095402998018585,1,30,0.15994391546127157,5.284002564058786,0.9252862423351302,136571,1.0,1.2665280330377606,9,2.972985173486526,1.5585551757457825,-4772.805726436685,-61.09377037836735,0.04098564393505655,136571,0.005,0.9697408659093393,1.769927915714434,False,9498.961066628835,False,False
homogeneous,3.0,118,fixed_10,10.0,54.095402998018585,1,15,0.15994391546127157,5.284002564058786,0.9252862423351302,136571,1.0,1.2665280330377606,9,2.948745526875305,1.558555172622202,-4576.913872842993,-59.85337723026431,0.038808849681082225,136571,0.005,0.9697948393418865,1.7698667425971821,False,9107.215820109937,False,False
homogeneous,3.0,118,fixed_10,10.0,54.095402998018585,1,59,0.15994391546127157,5.284002564058786,0.9252862423351302,136571,1.0,1.2665280330377606,9,2.980259902517611,1.5585551757458003,-4821.675475626477,-61.31741308468897,0.041700292952317475,136571,0.005,0.9697407453844099,1.7699280426736732,False,9596.700544881372,False,False
homogeneous,3.0,118,fixed_10,10.0,54.095402998018585,3,30,0.15994391546127157,7.780419194381245,0.9882207420903761,136571,0.04300327302282329,1.2665280330377606,9,6.264396932649513,1.5833930345937084,-45.62186546521502,-5.684321123905845,0.02027060597160424,5873,0.005,-3.30739771999617,3.529655691479235,False,89.24813593721319,False,False
homogeneous,3.0,118,selected_regression,96.0,54.095402998018585,1,30,1.5423263932178033,1.1098583382957192,0.8204538378275432,18846,0.9687466836463972,9.178127984718243,81,0.7522560068673574,0.11508813243076804,-1473.9006548977413,-33.74798906547142,0.09883955315017334,18257,0.005,-0.6070238234679391,0.4193248783830708,False,2932.5227003330656,False,False
homogeneous,3.0,118,selected_mle,54.0,54.095402998018585,1,30,0.8655720716344442,3.171187110641195,0.8389577146021265,48711,0.9999794707560921,3.5509638480014782,34,1.3982464349249941,0.3306538904435199,-7933.354345026306,-83.37617803031488,0.13878610033279554,48710,0.005,-0.3969507512096,0.7384336416488274,False,15279.139181432227,False,False
homogeneous,3.0,119,iei_rounded,54.0,54.29114604407351,1,30,0.858846403110823,3.0863959172999915,0.8408225018149847,48891,0.9999795463377718,3.527193143932421,33,1.401991902559372,0.3333078863375002,-8078.982046860664,-84.70005008672167,0.14081653579229192,48890,0.005,-0.4189526864246349,0.7515230763150446,False,15683.40807724322,False,False
homogeneous,3.0,119,iei_rounded,54.0,54.29114604407351,1,15,0.858846403110823,1.8129247932191876,0.8751971941969033,48891,0.9938639013315335,3.527193143932421,33,1.17994455951934,0.3319220307676667,-4036.315967504624,-54.72764490868427,0.09640563177421213,48591,0.005,-0.29027909321993606,0.6769310971020276,False,7972.034022984211,False,False
homogeneous,3.0,119,iei_rounded,54.0,54.29114604407351,1,59,0.858846403110823,3.169205598906639,0.8462973644458901,48891,1.0,3.527193143932421,33,1.5205221771884307,0.3333931347250171,-10483.34144591279,-99.92478671350915,0.1685930734162206,48891,0.005,-0.4452507824688034,0.7656992261831798,False,20394.04557914895,False,False
homogeneous,3.0,119,iei_rounded,54.0,54.29114604407351,3,30,0.858846403110823,4.07375166105969,0.915626596372335,48891,0.5233478554335154,3.527193143932421,33,2.378067123364991,0.34524684168728925,-1465.836335652622,-31.144466549424926,0.08169131246313804,25587,0.005,-2.0185921102701356,1.1993910362385574,False,2837.6669479545526,False,False
homogeneous,3.0,119,fixed_10,10.0,54.29114604407351,1,30,0.1577476229155717,5.094250242149344,0.9331865287817254,136196,1.0,1.2661752180680783,8,2.9732574245503276,1.559601189558557,-4815.727467014233,-61.626449868505226,0.04125590154514314,136196,0.005,0.9496609212040399,1.7918357341584232,False,9600.596678691829,False,False
homogeneous,3.0,119,fixed_10,10.0,54.29114604407351,1,15,0.1577476229155717,5.094250242149344,0.9331865287817254,136196,1.0,1.2661752180680783,8,2.9490288739250925,1.559601186478639,-4620.5274696385,-60.40634863354959,0.03908054552365148,136196,0.005,0.9497094190540353,1.7917806462035188,False,9210.230693949794,False,False
homogeneous,3.0,119,fixed_10,10.0,54.29114604407351,1,59,0.1577476229155717,5.094250242149344,0.9331865287817254,136196,1.0,1.2661752180680783,8,2.980527732383875,1.559601189558557,-4864.416822392894,-61.844625251672774,0.0419699683848872,136196,0.005,0.9496607996910443,1.7918358613129588,False,9697.975372985733,False,False
homogeneous,3.0,119,fixed_10,10.0,54.29114604407351,3,30,0.1577476229155717,7.463299989921526,0.9897279143640216,136196,0.042725190167112105,1.2661752180680783,8,6.329733898422996,1.600561104401264,-31.53782626845964,-3.8274965018312264,0.01643733673394998,5819,0.005,-1.5361209070889463,2.8936053234566668,False,62.54813675022069,False,False
homogeneous,3.0,119,selected_regression,96.0,54.29114604407351,1,30,1.5330212550607287,1.0987975521130928,0.8187953825430769,18797,0.9709528116188754,9.174229930308028,79,0.7449245041280523,0.11368604987488093,-1462.7312269454817,-33.767185838127354,0.09988168316776869,18251,0.005,-0.607957234505242,0.4162713383806841,False,2889.3282755855907,False,False
homogeneous,3.0,119,selected_mle,54.0,54.29114604407351,1,30,0.858846403110823,3.0863959172999915,0.8408225018149847,48891,0.9999795463377718,3.527193143932421,33,1.401991902559372,0.3333078863375002,-8078.982046860664,-84.70005008672167,0.14081653579229192,48890,0.005,-0.4189526864246349,0.7515230763150446,False,15683.40807724322,False,False
uniform,3.0,100,iei_rounded,5.0,4.512880949954133,1,30,1.11584251619691,2.1965685809642723,0.8607823871865872,32968,0.9972094151904878,4.887011647658335,70,1.162800976528116,0.2325979161177269,-5264.0988238750015,-67.64458275680734,0.1294609259592727,32876,0.005,-0.613580204589582,0.6504605791491743,False,10320.856223603303,False,False
uniform,3.0,100,iei_rounded,5.0,4.512880949954133,1,15,1.11584251619691,1.2647978235975739,0.8475591229253748,32968,0.9713055083717544,4.887011647658335,70,0.8943995826668587,0.2284877063006746,-2013.4818147157455,-40.9918366846922,0.0813026738713577,32022,0.005,-0.4284905436851006,0.5554633558393519,False,4070.3266426759365,False,False
uniform,3.0,100,iei_rounded,5.0,4.512880949954133,1,59,1.11584251619691,2.8529238159289445,0.897532264138375,32968,0.9998483377820917,4.887011647658335,70,1.3197518523966227,0.22939960822097683,-7719.539230704081,-79.80021741051192,0.16558021084027766,32963,0.005,-0.6604977105226073,0.672155500256287,False,15267.220412127732,False,False
uniform,3.0,100,iei_rounded,5.0,4.512880949954133,3,30,1.11584251619691,2.8687174431443503,0.9408773892002732,32968,0.6441397719000242,4.887011647658335,70,1.9183970029551194,0.24314211834743332,-1253.5836768315478,-27.247885167232923,0.07806959406828029,21236,0.005,-1.9768666219212727,0.99917156301728,False,2484.4563777962467,False,False
uniform,3.0,100,fixed_10,10.0,4.512880949954133,1,30,2.1749767729947354,0.5042931700741434,0.7595237345010685,10340,0.8620889748549323,15.581721470019342,103,0.40846520227418814,0.05371451540238861,-228.77745419183807,-13.705145385449653,0.06559347005083727,8914,0.005,-0.5041819479709275,0.25310333912483546,False,486.361853168215,False,False
uniform,3.0,100,fixed_10,10.0,4.512880949954133,1,15,2.1749767729947354,0.23903259681201508,0.6118859692762203,10340,0.5972920696324951,15.581721470019342,103,0.21338764814927025,0.048344917700006984,-43.88778598584811,-7.448129906416161,0.039463720885859255,6176,0.005,-0.4215086154733322,0.22338458256672133,False,119.69878302240977,False,False
uniform,3.0,100,fixed_10,10.0,4.512880949954133,1,59,2.1749767729947354,1.3267135610913376,0.6329340978628506,10340,0.9886847195357834,15.581721470019342,103,0.6716034829997373,0.0626008989206372,-1295.307920732091,-39.01544708829167,0.12820968338446637,10223,0.005,-0.9427450977456397,0.38633282254190143,False,2348.5730291117798,False,False
uniform,3.0,100,fixed_10,10.0,4.512880949954133,3,30,2.1749767729947354,0.7153219352325589,0.8990654094473046,10340,0.7669245647969052,15.581721470019342,103,0.633151709309443,0.05761396305888082,-68.00993997423926,-5.891789163623362,0.03654016677142213,7930,0.005,-0.7241926217521639,0.3005436423599941,False,132.0014603904492,False,False
uniform,3.0,100,selected_regression,6.0,4.512880949954133,1,30,1.3174095050480177,1.7093258855779916,0.8294806181773697,25210,0.9919476398254661,6.390916303054343,86,0.98065434545512,0.1737300925496889,-3380.0917022352573,-54.51563676056881,0.11918486367212877,25007,0.005,-0.6705066600690538,0.5566063946554347,False,6553.211542487028,False,False
uniform,3.0,100,selected_mle,4.0,4.512880949954133,1,30,0.8892210111909015,2.839980105701534,0.8853556640759227,44167,0.99927547716621,3.647859261439536,75,1.3808165639037906,0.3227778304072274,-7269.784241600465,-76.87518935889942,0.1399883722842521,44135,0.005,-0.43721446186697993,0.7420644605994292,False,14205.009892354254,False,False
uniform,3.0,101,iei_rounded,4.0,4.493490748674982,1,30,0.887256514271096,2.776861093031404,0.8850981585121981,44062,0.9994553129680904,3.6694884480958647,46,1.3774202192553044,0.3197514711974466,-7064.756567178126,-73.74823676478321,0.138983247808471,44038,0.005,-0.4146193853693905,0.7292034705081611,False,13851.866967940616,False,False
uniform,3.0,101,iei_rounded,4.0,4.493490748674982,1,15,0.887256514271096,1.772251094638779,0.8699500053799596,44062,0.9906722345785484,3.6694884480958647,46,1.1544572485519478,0.32201628793828785,-3596.6495388090366,-52.317964107518655,0.09475988791740558,43651,0.005,-0.30637525813917377,0.6668415501980229,False,7067.6453205180005,False,False
uniform,3.0,101,iei_rounded,4.0,4.493490748674982,1,59,0.887256514271096,3.1296101854475986,0.9082694264632045,44062,1.0,3.6694884480958647,46,1.4988168805684818,0.3181653609305336,-9224.16266255114,-84.76243205435706,0.16742199847274442,44062,0.005,-0.4352720638166554,0.7401082091789276,False,18200.500300954678,False,False
uniform,3.0,101,iei_rounded,4.0,4.493490748674982,3,30,0.887256514271096,3.542686993874199,0.9512017493063002,44062,0.5347011029912396,3.6694884480958647,46,2.3162353058433514,0.3285043973902485,-1248.8521555291875,-24.79127659760767,0.08630529434108336,23560,0.005,-1.9134342168849436,1.1433262175306096,False,2554.247085119132,False,False
uniform,3.0,101,fixed_10,10.0,4.493490748674982,1,30,2.1697347893915757,0.5076780944022794,0.7733817096692601,10242,0.8550087873462214,15.78646748681898,103,0.41053493703319255,0.05399370818387918,-225.90415456314062,-13.462502166661938,0.06366327844664454,8757,0.005,-0.48305508903337896,0.24807985087735965,False,461.01213034694956,False,False
uniform,3.0,101,fixed_10,10.0,4.493490748674982,1,15,2.1697347893915757,0.22518629664461692,0.6375438490613838,10242,0.5989064635813318,15.78646748681898,103,0.20072721880407052,0.044565168101687896,-34.60950000142536,-6.513982440369769,0.03631018962684207,6134,0.005,-0.3212097194751197,0.18347655316580405,False,80.04448878762923,False,False
uniform,3.0,101,fixed_10,10.0,4.493490748674982,1,59,2.1697347893915757,1.31920487364328,0.6252696969776345,10242,0.9873071665690295,15.78646748681898,103,0.6672635823648481,0.06179352517685145,-1243.9909371658068,-37.67010152087476,0.12566828657638407,10112,0.005,-0.9076849540368622,0.37649425245343904,False,2220.915722915277,False,False
uniform,3.0,101,fixed_10,10.0,4.493490748674982,3,30,2.1697347893915757,0.7144616900570633,0.9036872852863342,10242,0.760007810974419,15.78646748681898,103,0.6292276322574732,0.05774661383170887,-79.70606365503794,-6.936384853609875,0.035452103306372273,7784,0.005,-0.8917882101348726,0.33656473238882645,False,161.54104566374735,False,False
uniform,3.0,101,selected_regression,6.0,4.493490748674982,1,30,1.3126799967086316,1.6825259340351542,0.8344652696862324,25086,0.990990990990991,6.445228414254963,75,0.9801222732333574,0.1728915126452671,-3274.5520169350925,-52.37904056774733,0.11774715668224489,24860,0.005,-0.6482560476455539,0.5486934339140942,False,6360.082225397637,False,False
uniform,3.0,101,selected_mle,4.0,4.493490748674982,1,30,0.887256514271096,2.776861093031404,0.8850981585121981,44062,0.9994553129680904,3.6694884480958647,46,1.3774202192553044,0.3197514711974466,-7064.756567178126,-73.74823676478321,0.138983247808471,44038,0.005,-0.4146193853693905,0.7292034705081611,False,13851.866967940616,False,False
uniform,3.0,102,iei_rounded,4.0,4.469958335450435,1,30,0.8927098674521355,2.8362907453720467,0.8822613279198717,44165,0.9992980867202536,3.6593229933205027,72,1.3761898200509162,0.32148795001734676,-7395.449487152977,-78.37379133655209,0.14243100052806895,44134,0.005,-0.4677397341409505,0.7518517217421242,False,14557.515600461367,False,False
uniform,3.0,102,iei_rounded,4.0,4.469958335450435,1,15,0.8927098674521355,1.8001455246121805,0.8624905919263751,44165,0.9911241933657874,3.6593229933205027,72,1.1512758353872012,0.32283102854549606,-3824.905160597286,-56.1980594086629,0.09777917439954903,43773,0.005,-0.3628407632418202,0.6913732133930132,False,7572.092205078108,False,False
uniform,3.0,102,iei_rounded,4.0,4.469958335450435,1,59,0.8927098674521355,3.1293258480511477,0.9180290068111513,44165,0.9999773576361373,3.6593229933205027,72,1.4975064207707494,0.3193656346639884,-9520.923255108122,-86.95928296252491,0.17083199386752956,44164,0.005,-0.4821174638827309,0.7594598433693802,False,18895.878047993727,False,False
uniform,3.0,102,iei_rounded,4.0,4.469958335450435,3,30,0.8927098674521355,3.634774190841917,0.9515084468727645,44165,0.5380731348352769,3.6593229933205027,72,2.3434542693926,0.33535735213823226,-1273.544614787038,-25.35506619454862,0.0847759645310564,23764,0.005,-1.942586681148886,1.1630696376611445,False,2586.987455473107,False,False
uniform,3.0,102,fixed_10,10.0,4.469958335450435,1,30,2.1592498410680228,0.49496872782429674,0.7658769729502284,10196,0.8540604158493527,15.850725774813652,167,0.40569686300224284,0.053322451764553344,-221.35589482334126,-13.335815023703834,0.06443006960713915,8708,0.005,-0.5274968817791639,0.25846427228067737,False,492.86560022460617,False,False
uniform,3.0,102,fixed_10,10.0,4.469958335450435,1,15,2.1592498410680228,0.22018845133232492,0.5463606110955965,10196,0.5983719105531581,15.850725774813652,167,0.19541707032960964,0.04546568375989159,-43.15850527253904,-7.716991538378524,0.040360103449281315,6101,0.005,-0.4639740176521691,0.23088362987811742,False,124.8856485399956,False,False
uniform,3.0,102,fixed_10,10.0,4.469958335450435,1,59,2.1592498410680228,1.3116347200549694,0.6102467668787654,10196,0.9882306786975285,15.850725774813652,167,0.6629136671337061,0.061273779365871986,-1231.9030020509301,-37.91387492779221,0.12754146127518606,10076,0.005,-0.9398008991268073,0.38224712028422386,False,2261.73574060337,False,False
uniform,3.0,102,fixed_10,10.0,4.469958335450435,3,30,2.1592498410680228,0.7047831534487174,0.91555414361389,10196,0.7604943114947038,15.850725774813652,167,0.6332452257050658,0.05732636356897022,-58.893149084210506,-5.123515807387039,0.03102551848628532,7754,0.005,-0.704175720684405,0.29614457990364446,False,125.34310633249697,False,False
uniform,3.0,102,selected_regression,6.0,4.469958335450435,1,30,1.3289028316684555,1.6989262932440814,0.8275263322688635,25116,0.9912406434145564,6.434702978181239,131,0.9769396051664057,0.17286974357877283,-3373.3138295763683,-54.65814790272208,0.11985623600691364,24896,0.005,-0.689984226794496,0.5611230427926175,False,6618.816245272581,False,False
uniform,3.0,102,selected_mle,4.0,4.469958335450435,1,30,0.8927098674521355,2.8362907453720467,0.8822613279198717,44165,0.9992980867202536,3.6593229933205027,72,1.3761898200509162,0.32148795001734676,-7395.449487152977,-78.37379133655209,0.14243100052806895,44134,0.005,-0.4677397341409505,0.7518517217421242,False,14557.515600461367,False,False
uniform,3.0,103,iei_rounded,4.0,4.477324032974002,1,30,0.8834630208712093,2.7743979404932464,0.8928631015317332,44382,0.9992564553197242,3.647740074805101,61,1.383305580511534,0.322862095490552,-7154.255310440883,-74.47990321862876,0.14016548574767718,44349,0.005,-0.4188014681576682,0.7358920537826803,False,14058.3373559342,False,False
uniform,3.0,103,iei_rounded,4.0,4.477324032974002,1,15,0.8834630208712093,1.7862880413687987,0.8704872369182005,44382,0.9910999954936686,3.647740074805101,61,1.1608338041456907,0.32475881603655943,-3663.0489090038486,-52.92786899515638,0.0959858147500589,43987,0.005,-0.31100750925065984,0.6734610001175024,False,7224.847694584954,False,False
uniform,3.0,103,iei_rounded,4.0,4.477324032974002,1,59,0.8834630208712093,3.1512984560805033,0.9155912634016867,44382,0.9999774683430219,3.647740074805101,61,1.5033678761026952,0.3205351624242653,-9232.242540872057,-82.72731396362856,0.16825230704340371,44381,0.005,-0.4335463403991984,0.743718476503363,False,18318.793470163946,False,False
uniform,3.0,103,iei_rounded,4.0,4.477324032974002,3,30,0.8834630208712093,3.529284712205268,0.9593088314778742,44382,0.5314541931413637,3.647740074805101,61,2.3319868503348875,0.332120949339865,-1234.7149756023,-24.383083084510005,0.08438678574075792,23587,0.005,-1.8854915978096864,1.1421635850186953,False,2519.609356453395,False,False
uniform,3.0,103,fixed_10,10.0,4.477324032974002,1,30,2.1765432098765434,0.5053029464350738,0.7806485440959225,10131,0.848780969302142,15.980061198302241,94,0.41403457446456393,0.05362896090019048,-198.04459300451714,-11.952602254981674,0.0592494026484911,8599,0.005,-0.43535320279938433,0.2362907066885095,False,414.45948087337456,False,False
uniform,3.0,103,fixed_10,10.0,4.477324032974002,1,15,2.1765432098765434,0.24259863533416678,0.6883396477155445,10131,0.5922416345869115,15.980061198302241,94,0.21874219254537586,0.04800079324358297,-36.20663093839843,-6.390836609067522,0.03274072153298646,6000,0.005,-0.3320018925205156,0.1943358851079461,False,88.56250272838952,False,False
uniform,3.0,103,fixed_10,10.0,4.477324032974002,1,59,2.1765432098765434,1.2315859856935627,0.650196982214292,10131,0.9887474089428486,15.980061198302241,94,0.6612818987931721,0.06016657690906038,-1128.1248131701811,-34.326615984520856,0.12288244845812946,10017,0.005,-0.8353346571429459,0.35740593652580377,False,2011.2443169418257,False,False
uniform,3.0,103,fixed_10,10.0,4.477324032974002,3,30,2.1765432098765434,0.7057333278223193,0.9058199765445503,10131,0.7531339453163557,15.980061198302241,94,0.6315873469681232,0.05694236096610765,-52.24942367738006,-4.6079209690120875,0.03120966716511897,7630,0.005,-0.6158034843202218,0.27620639859615864,False,107.43810116589884,False,False
uniform,3.0,103,selected_regression,6.0,4.477324032974002,1,30,1.3054545454545454,1.6657443524878957,0.8394887357986158,25133,0.9915648748657144,6.44149126646242,84,0.9805649353756376,0.17256976023789405,-3229.880213950791,-51.499467433365204,0.11536863788616247,24921,0.005,-0.6417666215643277,0.5467272386185531,False,6336.50329404205,False,False
uniform,3.0,103,selected_mle,4.0,4.477324032974002,1,30,0.8834630208712093,2.7743979404932464,0.8928631015317332,44382,0.9992564553197242,3.647740074805101,61,1.383305580511534,0.322862095490552,-7154.255310440883,-74.47990321862876,0.14016548574767718,44349,0.005,-0.4188014681576682,0.7358920537826803,False,14058.3373559342,False,False
uniform,3.0,104,iei_rounded,5.0,4.504536165173711,1,30,1.0959784639050654,2.196680212025066,0.861441801145667,33174,0.9973473201905106,4.861337191776693,69,1.1696447277010389,0.23408311905354662,-5182.59024990009,-65.45487493315878,0.12526252872756322,33086,0.005,-0.5712847713454144,0.6389027913643852,False,10048.874871548323,False,False
uniform,3.0,104,iei_rounded,5.0,4.504536165173711,1,15,1.0959784639050654,1.2809223221464263,0.8480710688015769,33174,0.9716645565804546,4.861337191776693,69,0.904072902919383,0.2308058259280799,-1983.910273099897,-39.958082914250184,0.0820906381617591,32234,0.005,-0.383767603654845,0.5421544778140718,False,3910.506252992025,False,False
uniform,3.0,104,iei_rounded,5.0,4.504536165173711,1,59,1.0959784639050654,2.8718156665027363,0.8951266697912245,33174,0.9998191354675349,4.861337191776693,69,1.3254079494904243,0.2308707239129738,-7607.565942267043,-76.84064678948137,0.16116891723915625,33168,0.005,-0.6206755878107415,0.6619120220306238,False,14945.868539601011,False,False
uniform,3.0,104,iei_rounded,5.0,4.504536165173711,3,30,1.0959784639050654,2.864159537599169,0.9395453451306522,33174,0.6429734129137277,4.861337191776693,69,1.926664427490996,0.24443912608583418,-1232.6211879124487,-26.427038458110914,0.07738719164897145,21330,0.005,-1.9369129633729831,0.9918622185034432,False,2451.830970674302,False,False
uniform,3.0,104,fixed_10,10.0,4.504536165173711,1,30,2.1686453576864535,0.4964564446876336,0.7822079596608222,10289,0.8586840314899407,15.674020798911458,104,0.4070220591967324,0.053053536489149594,-211.38889122841695,-12.819983389441346,0.0601796852778681,8835,0.005,-0.47085282072777496,0.24354261347257875,False,448.3573235547956,False,False
uniform,3.0,104,fixed_10,10.0,4.504536165173711,1,15,2.1686453576864535,0.22936019972389204,0.6443384404560557,10289,0.5975313441539508,15.674020798911458,104,0.20774858497437698,0.04614743448090898,-36.911637219353466,-6.643856823920352,0.03467365252966015,6148,0.005,-0.36716186784121535,0.2022344128893117,False,97.67767404999904,False,False
uniform,3.0,104,fixed_10,10.0,4.504536165173711,1,59,2.1686453576864535,1.3433402819571196,0.6139695841454891,10289,0.9891145883953737,15.674020798911458,104,0.6675352406695385,0.061895969836941137,-1259.7644093834099,-38.556275827087795,0.12680369096300703,10177,0.005,-0.9171300192312669,0.37879242761402265,False,2257.958588969239,False,False
uniform,3.0,104,fixed_10,10.0,4.504536165173711,3,30,2.1686453576864535,0.6947768901815088,0.9160529688992233,10289,0.7617844299737584,15.674020798911458,104,0.620077083912145,0.056231812730232755,-63.31023252074402,-5.626796305834189,0.03174554051569889,7838,0.005,-0.7186849476165865,0.29606665162861123,False,126.35002911908668,False,False
uniform,3.0,104,selected_regression,6.0,4.504536165173711,1,30,1.3196155741744702,1.7149363055560591,0.8213648463769436,25145,0.9920063630940544,6.41360111354146,73,0.9780208581404093,0.17291121242249352,-3352.0032357065193,-54.25211241954721,0.1194949044476632,24944,0.005,-0.664768664863848,0.5531344807213827,False,6472.00306640708,False,False
uniform,3.0,104,selected_mle,4.0,4.504536165173711,1,30,0.8859334853255166,2.7727020241212776,0.8943515480277616,44363,0.9994139260194306,3.6352365710163874,56,1.3858103945622968,0.32364532961373815,-7095.010195019294,-73.50623691221148,0.1381784627308107,44337,0.005,-0.40397883895579656,0.7313252369846583,False,13886.258906568284,False,False
uniform,3.0,105,iei_rounded,4.0,4.460395568717224,1,30,0.8759751805217896,2.824299905598245,0.8845513425411632,44364,0.9993463168334685,3.6492651699576233,52,1.3849544632227317,0.32233638399589504,-6973.379030376613,-72.8815155618074,0.13471490269684833,44335,0.005,-0.37263657698219954,0.7166399040129122,False,13475.450694666943,False,False
uniform,3.0,105,iei_rounded,4.0,4.460395568717224,1,15,0.8759751805217896,1.7723538186450147,0.8721017333471809,44364,0.9915472004327833,3.6492651699576233,52,1.1620867197405413,0.32323571830134634,-3445.2135123360417,-49.567390916493785,0.09036483852832777,43989,0.005,-0.24630496867174254,0.6436335349519701,False,6656.799943204998,False,False
uniform,3.0,105,iei_rounded,4.0,4.460395568717224,1,59,0.8759751805217896,3.1315371919739117,0.9148354400145363,44364,1.0,3.6492651699576233,52,1.5048856913924116,0.3202434788358728,-9060.371565189887,-81.62445957008542,0.1627796118026929,44364,0.005,-0.39150437376016745,0.7266460134081988,False,17727.960711987223,False,False
uniform,3.0,105,iei_rounded,4.0,4.460395568717224,3,30,0.8759751805217896,3.6087125554639763,0.951494082051883,44364,0.5312866287981246,3.6492651699576233,52,2.315858647686449,0.3296391577053439,-1335.6904181036036,-27.02187392128588,0.08686374896177118,23570,0.005,-2.0583627335498673,1.183767306130031,False,2699.8879623538232,False,False
uniform,3.0,105,fixed_10,10.0,4.460395568717224,1,30,2.1832875876791706,0.5042623429836695,0.7861209606164143,10321,0.858540839065982,15.686076930529987,106,0.4140561585441471,0.053887152534911914,-212.1258221517722,-12.610137989707145,0.061136401522146055,8861,0.005,-0.46200997107501474,0.2435700423275949,False,451.9910808234272,False,False
uniform,3.0,105,fixed_10,10.0,4.460395568717224,1,15,2.1832875876791706,0.24756597540496086,0.6270595479215373,10321,0.5982947388818913,15.686076930529987,106,0.22013667046043928,0.04935981237110647,-43.42765911465535,-7.317908355594678,0.033306284385453466,6175,0.005,-0.392278882818372,0.21591977560271888,False,112.35731727210805,False,False
uniform,3.0,105,fixed_10,10.0,4.460395568717224,1,59,2.1832875876791706,1.307211703161031,0.6325077765976796,10321,0.9880825501404903,15.686076930529987,106,0.6716007887072468,0.0620777703340885,-1237.4145928890237,-37.22976358104974,0.1241301746852338,10198,0.005,-0.8910854361349413,0.3743179660410039,False,2225.0780526245944,False,False
uniform,3.0,105,fixed_10,10.0,4.460395568717224,3,30,2.1832875876791706,0.706664210638662,0.9193845479166584,10321,0.7619416723185738,15.686076930529987,106,0.6350568384663209,0.05734669245675432,-55.79223401322265,-4.8470289228131564,0.030634941335253685,7864,0.005,-0.6351036074222437,0.2813309619436599,False,114.96187614733935,False,False
uniform,3.0,105,selected_regression,6.0,4.460395568717224,1,30,1.311500815660685,1.6862349564169237,0.8303150136445456,25151,0.9917697109458868,6.4369607570275535,88,0.9825985755401998,0.17268742688246763,-3185.1561565062193,-50.87413608345175,0.11317961815992617,24944,0.005,-0.6126621556523635,0.5379264841085076,False,6167.5082962093,False,False
uniform,3.0,105,selected_mle,4.0,4.460395568717224,1,30,0.8759751805217896,2.824299905598245,0.8845513425411632,44364,0.9993463168334685,3.6492651699576233,52,1.3849544632227317,0.32233638399589504,-6973.379030376613,-72.8815155618074,0.13471490269684833,44335,0.005,-0.37263657698219954,0.7166399040129122,False,13475.450694666943,False,False
uniform,3.0,106,iei_rounded,4.0,4.489438717938965,1,30,0.8897291401563352,2.810571687005337,0.8894146817865416,44337,0.9991429280285089,3.6523219884069738,62,1.3816500552538802,0.3228069151337397,-7246.483074171204,-76.0575272448764,0.14095605423634627,44299,0.005,-0.4355105372745063,0.7419929303915913,False,14243.387809837994,False,False
uniform,3.0,106,iei_rounded,4.0,4.489438717938965,1,15,0.8897291401563352,1.8120937626065088,0.8617902033209554,44337,0.9904368811602048,3.6523219884069738,62,1.1597665707682996,0.3253721275481227,-3767.487163513079,-54.96623216809583,0.09692829433430161,43913,0.005,-0.33538670167673473,0.6842996631543555,False,7425.37060333736,False,False
uniform,3.0,106,iei_rounded,4.0,4.489438717938965,1,59,0.8897291401563352,3.174504114049224,0.9218704243356047,44337,0.9999774454744345,3.6523219884069738,62,1.5017430286138147,0.32006352179053876,-9295.48432867831,-82.91045002378428,0.16903665121421851,44336,0.005,-0.4469341813030359,0.7480580944001979,False,18484.09868758332,False,False
uniform,3.0,106,iei_rounded,4.0,4.489438717938965,3,30,0.8897291401563352,3.589465294503484,0.9581133269238677,44337,0.5335047477276316,3.6523219884069738,62,2.3389475110275892,0.33389459606786787,-1242.989660262513,-24.751933337700805,0.08418492466043598,23654,0.005,-1.89101857411287,1.1466635277557151,False,2527.6529152981384,False,False
uniform,3.0,106,fixed_10,10.0,4.489438717938965,1,30,2.228938302536799,0.5131783366549261,0.76770221626319,10309,0.8561451159181298,15.707925113978078,99,0.4144560149392671,0.05453998528553923,-230.398070274991,-13.721271012096494,0.06388802525898873,8826,0.005,-0.4953806795076779,0.2528007301830114,False,482.50334988342365,False,False
uniform,3.0,106,fixed_10,10.0,4.489438717938965,1,15,2.228938302536799,0.23032086817806222,0.6459851546220137,10309,0.5990881753807353,15.707925113978078,99,0.20888757388005352,0.04616583829484473,-36.20463871182309,-6.528881954327469,0.03282507491019504,6176,0.005,-0.3600573491739783,0.2002136393407783,False,96.26192274061759,False,False
uniform,3.0,106,fixed_10,10.0,4.489438717938965,1,59,2.228938302536799,1.3027342527338204,0.6255018177878291,10309,0.989426714521292,15.707925113978078,99,0.668310648387541,0.061684604902457585,-1232.1352747838675,-37.0669012438899,0.12131856009870379,10200,0.005,-0.898310152221206,0.3747227804181874,False,2224.593309480173,False,False
uniform,3.0,106,fixed_10,10.0,4.489438717938965,3,30,2.228938302536799,0.7185963837208486,0.8986641052437816,10309,0.7579784654185663,15.707925113978078,99,0.6305383835697622,0.057765758460177175,-77.32502211552516,-6.756207859047145,0.03596445122125169,7814,0.005,-0.8315657143552544,0.32360187917134514,False,150.23952609064872,False,False
uniform,3.0,106,selected_regression,6.0,4.489438717938965,1,30,1.3299538410814375,1.7136404434683499,0.8221364842992034,25088,0.9907126913265306,6.4545998086734695,88,0.977266068291426,0.1730756562149171,-3382.8937342085674,-54.90687477348378,0.1187949266194156,24855,0.005,-0.6894474327908853,0.5611280457043656,False,6607.539128189295,False,False
uniform,3.0,106,selected_mle,4.0,4.489438717938965,1,30,0.8897291401563352,2.810571687005337,0.8894146817865416,44337,0.9991429280285089,3.6523219884069738,62,1.3816500552538802,0.3228069151337397,-7246.483074171204,-76.0575272448764,0.14095605423634627,44299,0.005,-0.4355105372745063,0.7419929303915913,False,14243.387809837994,False,False
uniform,3.0,107,iei_rounded,4.0,4.472958938115865,1,30,0.8799781181619256,2.7763513387876713,0.8931282054351458,44528,0.999393639956881,3.6403386633129715,63,1.383268317318242,0.3231180132077498,-7215.961997456463,-74.92051492118632,0.13999942632743267,44501,0.005,-0.4235348417236614,0.7379769862088746,False,14167.600358214782,False,False
uniform,3.0,107,iei_rounded,4.0,4.472958938115865,1,15,0.8799781181619256,1.8041285546955943,0.8660837779159434,44528,0.990994430470715,3.6403386633129715,63,1.1613476015191662,0.32551756564992473,-3736.6654372169264,-54.193248157194276,0.09594887723262352,44127,0.005,-0.32049657608138665,0.6783280500142281,False,7339.676513136103,False,False
uniform,3.0,107,iei_rounded,4.0,4.472958938115865,1,59,0.8799781181619256,3.157731545520175,0.9195852358004633,44528,0.9999775422206252,3.6403386633129715,63,1.5036274938011847,0.3213082475492455,-9346.931731807306,-84.85413861029974,0.16817595927040285,44527,0.005,-0.44118199438612626,0.747340469641758,False,18486.953383498214,False,False
uniform,3.0,107,iei_rounded,4.0,4.472958938115865,3,30,0.8799781181619256,3.5337550788913177,0.960120672318973,44528,0.5324739489759253,3.6403386633129715,63,2.336292422534788,0.33330799727158433,-1250.4542918520697,-24.53757348851047,0.08509013319650555,23710,0.005,-1.9185702349298703,1.1532715303470982,False,2562.4269344013446,False,False
uniform,3.0,107,fixed_10,10.0,4.472958938115865,1,30,2.2095864661654137,0.4915854618138828,0.7624939291600951,10263,0.855792653220306,15.794309656045991,136,0.40194070070143617,0.05298216842268026,-226.21504769805574,-13.679407434436849,0.06456190122334715,8783,0.005,-0.5405074750567543,0.2606743500167027,False,503.6331769630051,False,False
uniform,3.0,107,fixed_10,10.0,4.472958938115865,1,15,2.2095864661654137,0.2155603654882685,0.5421436283637773,10263,0.5971938029815843,15.794309656045991,136,0.19223493537418612,0.04483448574906686,-42.650356620306844,-7.7109636254578655,0.04011205548220731,6129,0.005,-0.4695328777615947,0.23152605331892911,False,125.92817870058207,False,False
uniform,3.0,107,fixed_10,10.0,4.472958938115865,1,59,2.2095864661654137,1.2994734620686303,0.6302691165553556,10263,0.9885023872162135,15.794309656045991,136,0.6622436209936406,0.06140017290719288,-1260.59099404414,-38.7921005929698,0.12672939440151088,10145,0.005,-0.9606318731974769,0.38680376372006553,False,2320.4218042027205,False,False
uniform,3.0,107,fixed_10,10.0,4.472958938115865,3,30,2.2095864661654137,0.700861426646216,0.9151965811046863,10263,0.761960440417032,15.794309656045991,136,0.626006561633611,0.0568898554692535,-65.74712609662116,-5.74618412165773,0.03450127494271593,7820,0.005,-0.7726874677034206,0.30946527468057267,False,137.65262615335814,False,False
uniform,3.0,107,selected_regression,6.0,4.472958938115865,1,30,1.3199934123847168,1.666559046541368,0.8383171028423114,25183,0.9916213318508518,6.436762895604177,83,0.977155855179797,0.17229764241581902,-3307.119835892139,-52.599816565222895,0.1175971151840478,24972,0.005,-0.6641015953406281,0.5524119046436692,False,6466.244291460607,False,False
uniform,3.0,107,selected_mle,4.0,4.472958938115865,1,30,0.8799781181619256,2.7763513387876713,0.8931282054351458,44528,0.999393639956881,3.6403386633129715,63,1.383268317318242,0.3231180132077498,-7215.961997456463,-74.92051492118632,0.13999942632743267,44501,0.005,-0.4235348417236614,0.7379769862088746,False,14167.600358214782,False,False
uniform,3.0,108,iei_rounded,4.0,4.494845032977796,1,30,0.8823443437591347,2.797870490933857,0.8899199731981045,44393,0.9995044263735273,3.6356182280990246,67,1.383764758164089,0.3233125111136401,-7188.830911243922,-74.94337793279858,0.13984447609434142,44371,0.005,-0.42164511203261096,0.7375416436320149,False,14106.306330237625,False,False
uniform,3.0,108,iei_rounded,4.0,4.494845032977796,1,15,0.8823443437591347,1.7968829364735437,0.8696096366523787,44393,0.9910346225756312,3.6356182280990246,67,1.1620822361094074,0.3256936331174397,-3714.5267501764483,-53.74408553448101,0.09583205840480696,43995,0.005,-0.31799034667836673,0.677649620701767,False,7301.810270004789,False,False
uniform,3.0,108,iei_rounded,4.0,4.494845032977796,1,59,0.8823443437591347,3.1972025864836646,0.9103354848325962,44393,0.9999774739260694,3.6356182280990246,67,1.5042585849410361,0.3218103949580787,-9333.942538599427,-85.2694083483,0.16806384975548083,44392,0.005,-0.4413145759436147,0.7480095060695664,False,18434.115113981592,False,False
uniform,3.0,108,iei_rounded,4.0,4.494845032977796,3,30,0.8823443437591347,3.566886427121793,0.9571487232904528,44393,0.532065866240173,3.6356182280990246,67,2.3354557377241516,0.33327311019227523,-1257.5692100778526,-24.998197364696445,0.08757910487134551,23620,0.005,-1.9459371900531186,1.1605999221126513,False,2580.0936212076776,False,False
uniform,3.0,108,fixed_10,10.0,4.494845032977796,1,30,2.1274725274725275,0.5181694733638335,0.8001239774972178,10252,0.8531018337885291,15.742879438158408,109,0.4259968927555118,0.05533516811381692,-209.98348869014208,-12.250262071388947,0.0608059018041901,8746,0.005,-0.4434626659653557,0.24264782898109571,False,446.5938781823352,False,False
uniform,3.0,108,fixed_10,10.0,4.494845032977796,1,15,2.1274725274725275,0.25581406552247954,0.6738430415163112,10252,0.5998829496683574,15.742879438158408,109,0.2297397976086497,0.05071998214492898,-41.9539773018891,-6.938223614906813,0.03386435503665819,6150,0.005,-0.3650659442443397,0.21026859031244385,False,106.73461822170793,False,False
uniform,3.0,108,fixed_10,10.0,4.494845032977796,1,59,2.1274725274725275,1.267327205338568,0.6511595836697691,10252,0.9887826765509169,15.742879438158408,109,0.6724982814996228,0.061585090892419495,-1169.0775041586476,-35.03081184396178,0.12256774344569932,10137,0.005,-0.8362680223533691,0.36188839679616297,False,2093.291211487158,False,False
uniform,3.0,108,fixed_10,10.0,4.494845032977796,3,30,2.1274725274725275,0.7185802650769326,0.9273620051532443,10252,0.7539016777214202,15.742879438158408,109,0.6468382845834117,0.058391299956202014,-52.81289992510574,-4.537073013363317,0.03044745884860911,7729,0.005,-0.6042851577948687,0.2774352273318488,False,110.11236175647355,False,False
uniform,3.0,108,selected_regression,6.0,4.494845032977796,1,30,1.3188084687346135,1.7140847847239848,0.8257582527320416,25240,0.9916402535657686,6.39445324881141,94,0.9809308234691496,0.17403391836571885,-3411.699697250775,-54.98790270403378,0.11985436655698534,25029,0.005,-0.6841766078725557,0.5614422359435797,False,6654.6195347155735,False,False
uniform,3.0,108,selected_mle,4.0,4.494845032977796,1,30,0.8823443437591347,2.797870490933857,0.8899199731981045,44393,0.9995044263735273,3.6356182280990246,67,1.383764758164089,0.3233125111136401,-7188.830911243922,-74.94337793279858,0.13984447609434142,44371,0.005,-0.42164511203261096,0.7375416436320149,False,14106.306330237625,False,False
uniform,3.0,109,iei_rounded,5.0,4.505309503661617,1,30,1.1075345081564734,2.2208399551959443,0.8540856049827757,33169,0.9973469203171637,4.864843679339142,120,1.168578266071469,0.23369054537184203,-5178.19063328236,-65.85007729293241,0.12515234860090052,33081,0.005,-0.5707288357985564,0.6379632869686567,False,10030.148325897753,False,False
uniform,3.0,109,iei_rounded,5.0,4.505309503661617,1,15,1.1075345081564734,1.275674336306349,0.850822395270869,33169,0.9709065693870783,4.864843679339142,120,0.9037910487692837,0.23064742081420925,-1975.8029123993588,-39.652420860642074,0.08276289974336459,32204,0.005,-0.38389141883902733,0.5420416982137466,False,3905.5735800837865,False,False
uniform,3.0,109,iei_rounded,5.0,4.505309503661617,1,59,1.1075345081564734,2.846450557072966,0.8913107506415278,33169,0.999879405468962,4.864843679339142,120,1.3245351646922732,0.23064883715611623,-7632.381943233551,-78.63208674459415,0.16110450352026692,33165,0.005,-0.6217588813356648,0.661607639733026,False,14950.204489089025,False,False
uniform,3.0,109,iei_rounded,5.0,4.505309503661617,3,30,1.1075345081564734,2.9036690773990346,0.9323467074105789,33169,0.6428592963309114,4.864843679339142,120,1.9220140983739977,0.24374973356388324,-1250.4952153466115,-27.310382715901692,0.0792999849640153,21323,0.005,-1.9701308997619267,0.9988017330409837,False,2487.3078311462887,False,False
uniform,3.0,109,fixed_10,10.0,4.505309503661617,1,30,2.1881996974281392,0.5246780644429033,0.7647156639948738,10388,0.8589718906430497,15.533500192529843,128,0.4208863974034589,0.055800959272112524,-249.1921805442565,-14.351153116667506,0.0643014328171172,8923,0.005,-0.5204569099322259,0.26188742506001933,False,523.0656532396315,False,False
uniform,3.0,109,fixed_10,10.0,4.505309503661617,1,15,2.1881996974281392,0.23647513109342877,0.6121615013537529,10388,0.6048324990373508,15.533500192529843,128,0.21002390608838262,0.04732383169095332,-42.035303144761734,-7.263507622043505,0.03893888123005407,6283,0.005,-0.39039111632332585,0.21121927668703733,False,108.93103796652576,False,False
uniform,3.0,109,fixed_10,10.0,4.505309503661617,1,59,2.1881996974281392,1.3166221450770896,0.6301993525488954,10388,0.9899884482094725,15.533500192529843,128,0.6743165208826856,0.06256556456558343,-1269.505581849261,-37.60787584427238,0.12326058147454688,10284,0.005,-0.9114802389878589,0.380124297848165,False,2305.2129671740113,False,False
uniform,3.0,109,fixed_10,10.0,4.505309503661617,3,30,2.1881996974281392,0.7375930723884351,0.8954785122230406,10388,0.7610704659222179,15.533500192529843,128,0.6456727854767461,0.05951280289921311,-86.88520883435915,-7.353007929718984,0.03804776545846866,7906,0.005,-0.937929571395919,0.3509376183341121,False,178.54918571822054,False,False
uniform,3.0,109,selected_regression,6.0,4.505309503661617,1,30,1.3241496323826452,1.708168435155217,0.832419129586602,25315,0.9920995457238792,6.374165514517085,120,0.9823579610006181,0.17445584339642878,-3431.209606359984,-54.874388215306496,0.11858579112809531,25115,0.005,-0.6831189631354223,0.5619054166956082,False,6684.560984005337,False,False
uniform,3.0,109,selected_mle,4.0,4.505309503661617,1,30,0.8832925600805871,2.830299513732487,0.8892791194493384,44566,0.9993492797199659,3.6207422698918457,105,1.3887450506884296,0.32549789135259577,-7185.511320230017,-75.25824318259087,0.13757306208252845,44537,0.005,-0.402715701935067,0.7331714811504761,False,13959.370461909362,False,False
uniform,3.0,110,iei_rounded,4.0,4.473315042801112,1,30,0.891439205955335,2.811345199766732,0.8848282898929681,44274,0.9992772281700321,3.659009802592944,57,1.3810402119587994,0.32163883640599544,-7118.750081261671,-74.79135968364332,0.13984093071241444,44242,0.005,-0.4140206044550272,0.7318972106694562,False,13941.954035412258,False,False
uniform,3.0,110,iei_rounded,4.0,4.473315042801112,1,15,0.891439205955335,1.8015796352524143,0.8612906979335868,44274,0.9906491394497899,3.659009802592944,57,1.158811015808924,0.3238533874368412,-3636.557408722712,-53.15113357824242,0.09573486541660947,43860,0.005,-0.30624634803803696,0.6697954493969085,False,7141.627859782428,False,False
uniform,3.0,110,iei_rounded,4.0,4.473315042801112,1,59,0.891439205955335,3.128338068581526,0.9134873064377459,44274,1.0,3.659009802592944,57,1.5014531185113231,0.3192387261764448,-9193.691102617808,-82.18032281395685,0.16801191911707314,44274,0.005,-0.4291721395203821,0.7399513422315579,False,18209.04155572367,False,False
uniform,3.0,110,iei_rounded,4.0,4.473315042801112,3,30,0.891439205955335,3.589150591936349,0.9515511681419613,44274,0.5311921217870533,3.659009802592944,57,2.3183627712072106,0.3296060996490373,-1287.6668213311139,-25.86533916773564,0.08475147456841076,23518,0.005,-1.961774811314763,1.1577643597157212,False,2596.078767131592,False,False
uniform,3.0,110,fixed_10,10.0,4.473315042801112,1,30,2.2019087384431852,0.5175861189051103,0.7829533760806429,10274,0.8549737200700798,15.767860619038348,109,0.4207080355124102,0.05490402604640465,-217.37441406698207,-12.835305095917564,0.06282277428479599,8784,0.005,-0.4495764040136101,0.2424831229407901,False,446.370876258683,False,False
uniform,3.0,110,fixed_10,10.0,4.473315042801112,1,15,2.2019087384431852,0.24318060348131415,0.6815137780976526,10274,0.5993770683278178,15.767860619038348,109,0.22023570608935295,0.04776553105702995,-34.551116598109026,-6.169569201792997,0.030323785331790143,6158,0.005,-0.30978444724876897,0.18716291861338274,False,84.46944077132503,False,False
uniform,3.0,110,fixed_10,10.0,4.473315042801112,1,59,2.2019087384431852,1.3114887727414015,0.6102318673588933,10274,0.9883200311465836,15.767860619038348,109,0.6713558756027229,0.061698375945447095,-1195.2001429481852,-35.80713650822119,0.11952807257937581,10154,0.005,-0.8532409821941529,0.36540882795620483,False,2129.0447911226074,False,False
uniform,3.0,110,fixed_10,10.0,4.473315042801112,3,30,2.2019087384431852,0.7139678960395728,0.9014529966172741,10274,0.754136655635585,15.767860619038348,109,0.6293626685174925,0.05749336653791225,-72.50564052276084,-6.327076803066804,0.036159335232505585,7748,0.005,-0.7872842860353352,0.3135292635252035,False,139.985477091941,False,False
uniform,3.0,110,selected_regression,6.0,4.473315042801112,1,30,1.3211505367532574,1.668853540873176,0.8412117776862623,25167,0.9914968013668694,6.436961099852982,100,0.9795977247383494,0.1726495504466034,-3273.258451808393,-52.09275646483383,0.11792828461551896,24953,0.005,-0.6432653794861621,0.5466889362809355,False,6345.2792810285755,False,False
uniform,3.0,110,selected_mle,4.0,4.473315042801112,1,30,0.891439205955335,2.811345199766732,0.8848282898929681,44274,0.9992772281700321,3.659009802592944,57,1.3810402119587994,0.32163883640599544,-7118.750081261671,-74.79135968364332,0.13984093071241444,44242,0.005,-0.4140206044550272,0.7318972106694562,False,13941.954035412258,False,False
uniform,3.0,111,iei_rounded,5.0,4.524877596509834,1,30,1.1000055099454515,2.2108269440551465,0.858561552007711,33293,0.9978373832337127,4.855254858378638,83,1.16613983779021,0.23327638092348868,-5256.950263471998,-67.05741513351936,0.12728837135166074,33221,0.005,-0.5886940052102869,0.6432002804291391,False,10221.679726500035,False,False
uniform,3.0,111,iei_rounded,5.0,4.524877596509834,1,15,1.1000055099454515,1.2705888774148766,0.8477126411810971,33293,0.9722163818220046,4.855254858378638,83,0.8986586906032148,0.22918155891932251,-1989.3046325387254,-40.24068415790145,0.08219960006406579,32368,0.005,-0.39690821587873965,0.5445631787184371,False,3963.220642596658,False,False
uniform,3.0,111,iei_rounded,5.0,4.524877596509834,1,59,1.1000055099454515,2.8352868187496125,0.8907772923477738,33293,0.999849818280119,4.855254858378638,83,1.3234093768133466,0.23113980367859716,-7805.256054064615,-81.80800630104545,0.16359381704897485,33288,0.005,-0.6457183583849186,0.6696396230825763,False,15274.853342139773,False,False
uniform,3.0,111,iei_rounded,5.0,4.524877596509834,3,30,1.1000055099454515,2.888640119440513,0.9380415920196697,33293,0.6428979064668249,4.855254858378638,83,1.917826229610883,0.24322160174726132,-1279.3645210337656,-27.74522848235026,0.07919253641684648,21404,0.005,-1.9951208483382945,1.0037499237401855,False,2524.3157261604065,False,False
uniform,3.0,111,fixed_10,10.0,4.524877596509834,1,30,2.1514692517418963,0.5006072074115725,0.7654996269267904,10442,0.8644895613867075,15.480367745642598,134,0.405688363940337,0.05322956985456358,-226.53800951239842,-13.600131803905997,0.06061592736724375,9027,0.005,-0.4893709472594041,0.2481139222158838,False,473.78822434687754,False,False
uniform,3.0,111,fixed_10,10.0,4.524877596509834,1,15,2.1514692517418963,0.23398264259006693,0.6235622250184509,10442,0.5992147098257039,15.480367745642598,134,0.20857930060518548,0.04690931471989515,-40.89036837237116,-7.168927034232117,0.037899814574292034,6257,0.005,-0.3853721409731023,0.20889831177886528,False,106.0565938321306,False,False
uniform,3.0,111,fixed_10,10.0,4.524877596509834,1,59,2.1514692517418963,1.2897674853415877,0.6532249671018926,10442,0.991380961501628,15.480367745642598,134,0.6697717888581618,0.06230620470788857,-1300.4966420977555,-38.7860796891955,0.12760421976743164,10352,0.005,-0.9338889430958637,0.3835565797368585,False,2347.625430095941,False,False
uniform,3.0,111,fixed_10,10.0,4.524877596509834,3,30,2.1514692517418963,0.704824730336633,0.8983817792340211,10442,0.768052097299368,15.480367745642598,134,0.6212188628238078,0.05672626849747732,-74.9310682469577,-6.583813619296434,0.03299952646802107,8020,0.005,-0.812039593308896,0.31694795054697184,False,147.85579679939838,False,False
uniform,3.0,111,selected_regression,6.0,4.524877596509834,1,30,1.3066415835105514,1.6898113835370312,0.8311078293710279,25318,0.9924559601864287,6.384627537720199,80,0.9790767776751128,0.1727883261749083,-3329.123901197727,-53.331894107592845,0.11802913274024107,25127,0.005,-0.6578544145221642,0.5513766862650992,False,6483.082756815187,False,False
uniform,3.0,111,selected_mle,4.0,4.524877596509834,1,30,0.8851996527777778,2.905889062722187,0.8691745782062066,44627,0.9995742487731643,3.622156990162906,59,1.3847475672425222,0.3243392345974744,-7302.208069552824,-77.05438710486479,0.14102623299146605,44608,0.005,-0.4308452449948919,0.7424718732513869,False,14310.456978862465,False,False
uniform,3.0,112,iei_rounded,4.0,4.477904408965149,1,30,0.8863710881999344,2.8714588578159073,0.8789875894870199,44347,0.9993686156899001,3.647642456084966,49,1.3822404605647751,0.32242434142249377,-7159.515479554132,-75.58913093755227,0.13859830927104422,44319,0.005,-0.4133383234087971,0.7325769956658376,False,13968.50134883364,False,False
uniform,3.0,112,iei_rounded,4.0,4.477904408965149,1,15,0.8863710881999344,1.7679600949624794,0.8757998909071076,44347,0.9912733668568336,3.647642456084966,49,1.1590097582935446,0.3235357326110109,-3601.9808672297745,-51.818883771107174,0.09421180154560965,43960,0.005,-0.2966404444557427,0.6653769438432756,False,7072.869641970756,False,False
uniform,3.0,112,iei_rounded,4.0,4.477904408965149,1,59,0.8863710881999344,3.2270350831125745,0.9112288635460868,44347,1.0,3.647642456084966,49,1.502658814884148,0.32041141397919704,-9268.125564529331,-84.47143499896379,0.16678352886682823,44347,0.005,-0.4306006639143752,0.7417373709252164,False,18261.907158491056,False,False
uniform,3.0,112,iei_rounded,4.0,4.477904408965149,3,30,0.8863710881999344,3.6863226754087415,0.9484286404299624,44347,0.5334069948361784,3.647642456084966,49,2.330689992321295,0.3324174636523025,-1281.2314936815744,-26.118858425534267,0.08467005616278128,23655,0.005,-1.9407883179188485,1.1571249282614597,False,2582.096683381882,False,False
uniform,3.0,112,fixed_10,10.0,4.477904408965149,1,30,2.1867561794324075,0.5128424287056661,0.7711418975746912,10328,0.856990704879938,15.662470952749807,125,0.41549774139448026,0.054757370271790465,-234.06794264363052,-13.762469502405759,0.06211364433738187,8851,0.005,-0.5095837193419616,0.25703146133100724,False,499.3254436184725,False,False
uniform,3.0,112,fixed_10,10.0,4.477904408965149,1,15,2.1867561794324075,0.23262345111466015,0.6073037486495843,10328,0.6013749031758326,15.662470952749807,125,0.20778811565844713,0.0468293040451134,-40.84318657680741,-7.117098865204309,0.04244354212110346,6211,0.005,-0.40049789264311675,0.21384037260850253,False,110.17169490869128,False,False
uniform,3.0,112,fixed_10,10.0,4.477904408965149,1,59,2.1867561794324075,1.3028454001734164,0.6320681768871652,10328,0.9893493415956622,15.662470952749807,125,0.6697782045023271,0.06192294963168141,-1243.4071996644418,-37.34674607130883,0.12366103825088615,10218,0.005,-0.9086944840005532,0.3777058111180017,False,2259.8421779595083,False,False
uniform,3.0,112,fixed_10,10.0,4.477904408965149,3,30,2.1867561794324075,0.7244859537266575,0.9097222740985369,10328,0.7610379550735864,15.662470952749807,125,0.6421791078804713,0.05860946572006842,-71.14866312167803,-6.09671584666829,0.034589493411532946,7860,0.005,-0.7813439598335098,0.31543701730577256,False,144.0673008579397,False,False
uniform,3.0,112,selected_regression,6.0,4.477904408965149,1,30,1.3139822134387351,1.6996093235960505,0.8276071133734406,25152,0.9916507633587787,6.431377226463105,86,0.9789347644474002,0.1726912889458747,-3297.096803341873,-53.227415871101684,0.11544877195664272,24942,0.005,-0.6500681944570653,0.548635549100894,False,6381.63513301537,False,False
uniform,3.0,112,selected_mle,4.0,4.477904408965149,1,30,0.8863710881999344,2.8714588578159073,0.8789875894870199,44347,0.9993686156899001,3.647642456084966,49,1.3822404605647751,0.32242434142249377,-7159.515479554132,-75.58913093755227,0.13859830927104422,44319,0.005,-0.4133383234087971,0.7325769956658376,False,13968.50134883364,False,False
uniform,3.0,113,iei_rounded,4.0,4.471305672835783,1,30,0.8838222480395005,2.8378294650854716,0.8816835774407539,44362,0.9990983273973221,3.645079121770885,52,1.3853018350123119,0.3236999531836009,-7133.103668784233,-74.7171785755376,0.13980632740975718,44322,0.005,-0.4119829391687601,0.7344869001333182,False,13980.046677774808,False,False
uniform,3.0,113,iei_rounded,4.0,4.471305672835783,1,15,0.8838222480395005,1.796175499225304,0.8689984456374726,44362,0.9907803976376178,3.645079121770885,52,1.1637414469829483,0.3258092470790138,-3655.440247339506,-52.8880863110952,0.09579726250583287,43953,0.005,-0.3046369701198587,0.6724571722329374,False,7188.944811761205,False,False
uniform,3.0,113,iei_rounded,4.0,4.471305672835783,1,59,0.8838222480395005,3.096785808131543,0.9114133897796769,44362,1.0,3.645079121770885,52,1.5046561763565283,0.3206770564391038,-9138.866476998863,-80.73356291801501,0.16769706422624803,44362,0.005,-0.4225104033617851,0.7400866802941757,False,18159.500512699073,False,False
uniform,3.0,113,iei_rounded,4.0,4.471305672835783,3,30,0.8838222480395005,3.6286874386366024,0.9486320399985498,44362,0.5294396104774356,3.645079121770885,52,2.329416935238564,0.3321037423857054,-1271.9839599476568,-25.60301754830733,0.08628171209307733,23487,0.005,-1.9605203410479308,1.162119850364535,False,2583.9490066992876,False,False
uniform,3.0,113,fixed_10,10.0,4.471305672835783,1,30,2.1940160394818014,0.515378731431433,0.7721812854576605,10303,0.855964282247889,15.694749102203241,106,0.41706275536127,0.05494656256423412,-233.3727369779885,-13.761100356709976,0.06356040160674659,8819,0.005,-0.5058015055047711,0.25655062031765047,False,496.33613191355107,False,False
uniform,3.0,113,fixed_10,10.0,4.471305672835783,1,15,2.1940160394818014,0.23746305694499925,0.6275664260355484,10303,0.5995341162768126,15.694749102203241,106,0.21309020563403358,0.047847418457890575,-41.46693820775809,-7.115457263812872,0.03919193437006929,6177,0.005,-0.4022342864475971,0.21656341773586094,False,112.63406033372303,False,False
uniform,3.0,113,fixed_10,10.0,4.471305672835783,1,59,2.1940160394818014,1.3101841569439379,0.6260002892097846,10303,0.9885470251383093,15.694749102203241,106,0.6705560995575599,0.06200251045665357,-1239.2923042352043,-37.28608884030956,0.12351412216053304,10185,0.005,-0.9048746139583322,0.37712035622928464,False,2247.994520077016,False,False
uniform,3.0,113,fixed_10,10.0,4.471305672835783,3,30,2.1940160394818014,0.7275184125817648,0.9109945961516235,10303,0.7595845870134912,15.694749102203241,106,0.6436592689802456,0.058722158413630904,-70.11844235851399,-6.025417758727949,0.03270896074819429,7826,0.005,-0.755429942201683,0.31007912087265116,False,138.736750965596,False,False
uniform,3.0,113,selected_regression,6.0,4.471305672835783,1,30,1.310041875359225,1.6981621913623712,0.8294082061447752,25145,0.9912905150129251,6.430821236826407,92,0.9826753433731792,0.17338409427104923,-3265.3985500948006,-52.44035340147919,0.11527583674384856,24926,0.005,-0.6417391592915102,0.5479207288979921,False,6358.09418726631,False,False
uniform,3.0,113,selected_mle,4.0,4.471305672835783,1,30,0.8838222480395005,2.8378294650854716,0.8816835774407539,44362,0.9990983273973221,3.645079121770885,52,1.3853018350123119,0.3236999531836009,-7133.103668784233,-74.7171785755376,0.13980632740975718,44322,0.005,-0.4119829391687601,0.7344869001333182,False,13980.046677774808,False,False
uniform,3.0,114,iei_rounded,4.0,4.488183544303798,1,30,0.8903286863465948,2.895337577238657,0.8771724619642256,44314,0.9992553143476103,3.65974635555355,54,1.3790556347978526,0.321505466163281,-7236.037621895453,-77.22882893931221,0.13885231051016095,44281,0.005,-0.4239415001198923,0.7346911013929068,False,14063.954264037515,False,False
uniform,3.0,114,iei_rounded,4.0,4.488183544303798,1,15,0.8903286863465948,1.7958361247427135,0.859609629821308,44314,0.9912668682583382,3.65974635555355,54,1.154478370767448,0.3221227634564181,-3630.17729930555,-53.08514512933957,0.09418930711727841,43927,0.005,-0.3038585590323448,0.6656647895252944,False,7089.804500370723,False,False
uniform,3.0,114,iei_rounded,4.0,4.488183544303798,1,59,0.8903286863465948,3.143885429653288,0.9111294514319898,44314,1.0,3.65974635555355,54,1.499773045740545,0.3191630398306702,-9333.613117571484,-84.88599722909824,0.16710144311474778,44314,0.005,-0.4391583769674544,0.7427336471489545,False,18361.4207947962,False,False
uniform,3.0,114,iei_rounded,4.0,4.488183544303798,3,30,0.8903286863465948,3.7239796780526775,0.9477462553616204,44314,0.5343458049374915,3.65974635555355,54,2.3220766268661617,0.3316444523394283,-1376.1416789507805,-28.42052668726686,0.08810677889351792,23679,0.005,-2.106094262868562,1.1998422386322947,False,2755.7699057418213,False,False
uniform,3.0,114,fixed_10,10.0,4.488183544303798,1,30,2.2030581039755353,0.5101003136854041,0.7516811964930056,10301,0.8539947577905058,15.743908358411804,115,0.41002829374794736,0.05412610901187463,-232.950541676157,-13.956572533824927,0.06551842110185446,8797,0.005,-0.5097657446800439,0.25516615231345435,False,487.7506784045181,False,False
uniform,3.0,114,fixed_10,10.0,4.488183544303798,1,15,2.2030581039755353,0.21900482071551725,0.6402677663752464,10301,0.5968352587127463,15.743908358411804,115,0.20026437385546636,0.04417711705020157,-33.131685799768405,-6.23457236640823,0.03209881380915758,6148,0.005,-0.35005772102456084,0.1933278846928629,False,88.99346005717962,False,False
uniform,3.0,114,fixed_10,10.0,4.488183544303798,1,59,2.2030581039755353,1.2751229004173055,0.6363460226753366,10301,0.9900980487331327,15.743908358411804,115,0.6633040450976093,0.06112558127123259,-1227.2799182757792,-37.10664603137914,0.12330551913850318,10199,0.005,-0.9083128165459154,0.37510634062135695,False,2220.5869584356697,False,False
uniform,3.0,114,fixed_10,10.0,4.488183544303798,3,30,2.2030581039755353,0.7157246181013391,0.879480763577333,10301,0.7568197262401709,15.743908358411804,115,0.6241847812414232,0.05742491489557913,-83.67224057050123,-7.350649457045949,0.04063459563305527,7796,0.005,-0.9215673903515715,0.34185685518963843,False,166.62926943007187,False,False
uniform,3.0,114,selected_regression,6.0,4.488183544303798,1,30,1.3233175045030292,1.7016555155151323,0.8271160602028502,25224,0.9919124643196955,6.429511576276562,91,0.9761182659788847,0.17228644228930567,-3343.7202536559303,-54.12895827195861,0.11858840404059323,25020,0.005,-0.6613499335581681,0.5508803523911431,False,6449.879162692028,False,False
uniform,3.0,114,selected_mle,4.0,4.488183544303798,1,30,0.8903286863465948,2.895337577238657,0.8771724619642256,44314,0.9992553143476103,3.65974635555355,54,1.3790556347978526,0.321505466163281,-7236.037621895453,-77.22882893931221,0.13885231051016095,44281,0.005,-0.4239415001198923,0.7346911013929068,False,14063.954264037515,False,False
uniform,3.0,115,iei_rounded,4.0,4.473051417526593,1,30,0.8854945293034341,2.797717963652311,0.8875155437695862,44438,0.9993474053737792,3.6340069310049956,66,1.3873943757120113,0.32419973656229983,-7078.078762054893,-73.57349690437546,0.1401978951961385,44409,0.005,-0.4040466628269416,0.7326566037009227,False,13924.13931681076,False,False
uniform,3.0,115,iei_rounded,4.0,4.473051417526593,1,15,0.8854945293034341,1.794211978962777,0.8696910682623141,44438,0.991066204599667,3.6340069310049956,66,1.1665163073935876,0.32654825966962897,-3629.134624109569,-52.239619003162616,0.09633456327296636,44041,0.005,-0.2982202444550128,0.6713360941281232,False,7171.257979543327,False,False
uniform,3.0,115,iei_rounded,4.0,4.473051417526593,1,59,0.8854945293034341,3.1567795008240407,0.9270577046601666,44438,0.9999774967370268,3.6340069310049956,66,1.5069476186602575,0.32197629772329495,-9138.583021997001,-81.15727676795966,0.1681621960501462,44437,0.005,-0.4197641518993161,0.7410741784380485,False,18156.963898099726,False,False
uniform,3.0,115,iei_rounded,4.0,4.473051417526593,3,30,0.8854945293034341,3.5629571112802236,0.953010932935164,44438,0.5279265493496557,3.6340069310049956,66,2.3320194616886827,0.33177176876627923,-1203.2564898858143,-23.867778837830443,0.08149010263471723,23460,0.005,-1.8177727296944435,1.1231963438809904,False,2440.3979277112085,False,False
uniform,3.0,115,fixed_10,10.0,4.473051417526593,1,30,2.1339369341242587,0.49653026858232624,0.7991401278919654,10214,0.8566673193655766,15.810456236538085,179,0.41037836860249577,0.05305331404720037,-197.1599040335747,-11.901507081519394,0.05721368371141966,8750,0.005,-0.43459168135180243,0.23482480231011923,False,415.8512715934703,False,False
uniform,3.0,115,fixed_10,10.0,4.473051417526593,1,15,2.1339369341242587,0.2494240545874554,0.6447686206419273,10214,0.5951635010769531,15.810456236538085,179,0.2205519538919365,0.04931137465142876,-42.11727637544055,-7.21864150189336,0.03690467766496763,6079,0.005,-0.368268203293837,0.20771371242245382,False,102.47944332298357,False,False
uniform,3.0,115,fixed_10,10.0,4.473051417526593,1,59,2.1339369341242587,1.2831809916305836,0.6461327494303628,10214,0.9878598002741336,15.810456236538085,179,0.6681709464185364,0.06158708250842186,-1210.2455196086444,-36.73778831079358,0.1274582059221815,10090,0.005,-0.8784138703419234,0.3700441935116592,False,2155.470643060413,False,False
uniform,3.0,115,fixed_10,10.0,4.473051417526593,3,30,2.1339369341242587,0.6894659550081926,0.9258428373187909,10214,0.7594478167221461,15.810456236538085,179,0.6213682139243968,0.0560450013566679,-54.881971415926,-4.889707428636969,0.02978365617574219,7757,0.005,-0.6667331392909006,0.28492295632944054,False,115.95364352459728,False,False
uniform,3.0,115,selected_regression,6.0,4.473051417526593,1,30,1.297223824038224,1.6740072711786214,0.8382454485849474,25144,0.9920458160992682,6.422526248806872,130,0.9801913531497366,0.1725997247228785,-3247.907600896391,-51.862870852479105,0.11814310758477875,24944,0.005,-0.6337161225851379,0.5437629707819467,False,6284.828460865188,False,False
uniform,3.0,115,selected_mle,4.0,4.473051417526593,1,30,0.8854945293034341,2.797717963652311,0.8875155437695862,44438,0.9993474053737792,3.6340069310049956,66,1.3873943757120113,0.32419973656229983,-7078.078762054893,-73.57349690437546,0.1401978951961385,44409,0.005,-0.4040466628269416,0.7326566037009227,False,13924.13931681076,False,False
uniform,3.0,116,iei_rounded,4.0,4.466623823673511,1,30,0.8931406102089856,2.850971234320259,0.8799846238402178,44286,0.9993225850155806,3.6436797181953664,66,1.3804892284065229,0.32300825257232124,-7342.123610080733,-77.6061032479172,0.14060793902439966,44256,0.005,-0.44800084434400805,0.7466136411166158,False,14380.771011910547,False,False
uniform,3.0,116,iei_rounded,4.0,4.466623823673511,1,15,0.8931406102089856,1.8057196715006003,0.8639772325315038,44286,0.9912161857020277,3.6436797181953664,66,1.1567695128798707,0.3244339504963957,-3786.4694936401756,-55.28601286864988,0.09615380372712468,43897,0.005,-0.34063953441843803,0.6846948902064044,False,7442.042716365133,False,False
uniform,3.0,116,iei_rounded,4.0,4.466623823673511,1,59,0.8931406102089856,3.2001210480198945,0.9131424682413274,44286,0.9999774195005193,3.6436797181953664,66,1.501156803369442,0.32096850948495304,-9458.278357958756,-86.57926054423181,0.16885319596897597,44285,0.005,-0.4632610390793306,0.7546977784944762,False,18690.36031539674,False,False
uniform,3.0,116,iei_rounded,4.0,4.466623823673511,3,30,0.8931406102089856,3.651628509120632,0.9477710344976071,44286,0.5362417016664408,3.6436797181953664,66,2.3463436529538075,0.33630335068755857,-1288.9434808002563,-25.82960765044252,0.08658614681356552,23748,0.005,-1.9800571614993494,1.1748462815889134,False,2620.0144683172985,False,False
uniform,3.0,116,fixed_10,10.0,4.466623823673511,1,30,2.138080495356037,0.49705908428681156,0.7750729675553825,10247,0.8572265053186299,15.747438274616961,103,0.40523975386486377,0.05265912401743042,-204.46257547863686,-12.534365785204113,0.06037772532540031,8784,0.005,-0.4396991507888619,0.23445189983984932,False,414.75178716109076,False,False
uniform,3.0,116,fixed_10,10.0,4.466623823673511,1,15,2.138080495356037,0.2280777450951962,0.6937010281389424,10247,0.5952961842490485,15.747438274616961,103,0.20712335630350687,0.044943079056326135,-31.0450983974618,-5.853716137970358,0.030729746472861752,6100,0.005,-0.2905993347065587,0.1753132928940736,False,72.92692705742957,False,False
uniform,3.0,116,fixed_10,10.0,4.466623823673511,1,59,2.138080495356037,1.3210167346539978,0.6282189467517969,10247,0.9883868449302234,15.747438274616961,103,0.6659013376750504,0.06165907810895027,-1246.5326622040448,-38.087724182842045,0.1280371117644301,10128,0.005,-0.8995981633169395,0.37408941985719874,False,2199.202880026016,False,False
uniform,3.0,116,fixed_10,10.0,4.466623823673511,3,30,2.138080495356037,0.6919402100098093,0.8958522013123219,10247,0.7605152727627599,15.747438274616961,103,0.6117737735428701,0.05567637527062741,-68.52915223999943,-6.180224743566936,0.03369739222635226,7793,0.005,-0.7679604756616603,0.30486291607712707,False,132.838762563224,False,False
uniform,3.0,116,selected_regression,6.0,4.466623823673511,1,30,1.3334997088428584,1.6836489915432615,0.8304821987244212,25073,0.9920232919873968,6.435767558728513,84,0.9737054225517117,0.1719705987818348,-3358.557217064163,-54.20373827940547,0.1203926683883475,24873,0.005,-0.6865718078057016,0.5580982420065946,False,6557.488430744212,False,False
uniform,3.0,116,selected_mle,4.0,4.466623823673511,1,30,0.8931406102089856,2.850971234320259,0.8799846238402178,44286,0.9993225850155806,3.6436797181953664,66,1.3804892284065229,0.32300825257232124,-7342.123610080733,-77.6061032479172,0.14060793902439966,44256,0.005,-0.44800084434400805,0.7466136411166158,False,14380.771011910547,False,False
uniform,3.0,117,iei_rounded,4.0,4.465502449812213,1,30,0.890094581714202,2.8535028437936094,0.8787747999306994,44297,0.9992776034494435,3.64690611102332,69,1.3812245767585,0.3227038145660619,-7254.657698709414,-76.37284505605474,0.14011570345684482,44265,0.005,-0.43410656016257043,0.7410135016119465,False,14210.371029368776,False,False
uniform,3.0,117,iei_rounded,4.0,4.465502449812213,1,15,0.890094581714202,1.8029653364199054,0.8654146056997353,44297,0.9908797435492246,3.64690611102332,69,1.1584992148080335,0.32469895426858997,-3744.280466335562,-54.5824124424849,0.09589002123063028,43893,0.005,-0.32889996988198517,0.68033077169074,False,7350.305486548983,False,False
uniform,3.0,117,iei_rounded,4.0,4.465502449812213,1,59,0.890094581714202,3.143045295639467,0.9082333670723043,44297,0.9999774251077951,3.64690611102332,69,1.5017056114988652,0.3206405915287692,-9369.372600413433,-85.96440441334602,0.16831488329362448,44296,0.005,-0.4498264821489553,0.7492982445097411,False,18507.853103907953,False,False
uniform,3.0,117,iei_rounded,4.0,4.465502449812213,3,30,0.890094581714202,3.6579384955487684,0.9468963923139462,44297,0.5344154231663544,3.64690611102332,69,2.337967495099969,0.33417210007426557,-1280.0924373628156,-25.673163196311663,0.08571312558394545,23673,0.005,-1.966680554931627,1.1674993170311565,False,2604.5612672906427,False,False
uniform,3.0,117,fixed_10,10.0,4.465502449812213,1,30,2.1734535281318,0.5120134276863537,0.7833084837041171,10296,0.8576146076146076,15.690268065268064,139,0.4159442803055011,0.0540921702227288,-210.7771666740315,-12.603785725262625,0.06002128143736973,8830,0.005,-0.4259200405139854,0.23437224113280783,False,419.76639530737157,False,False
uniform,3.0,117,fixed_10,10.0,4.465502449812213,1,15,2.1734535281318,0.2571510452455434,0.6937268607868128,10296,0.5943084693084693,15.690268065268064,139,0.22970702064461257,0.05009906671673367,-38.298691049357075,-6.472997966719367,0.037721646762025274,6119,0.005,-0.3064214244569076,0.18972976823542648,False,86.64380201116,False,False
uniform,3.0,117,fixed_10,10.0,4.465502449812213,1,59,2.1734535281318,1.3028281091396192,0.6377755597340411,10296,0.9891219891219891,15.690268065268064,139,0.6712100233188831,0.06195442336194587,-1227.063450895184,-36.77003952769869,0.1257750155899553,10184,0.005,-0.8625631368499728,0.3675250089027949,False,2155.5694605710014,False,False
uniform,3.0,117,fixed_10,10.0,4.465502449812213,3,30,2.1734535281318,0.7090167574925696,0.8992274712820127,10296,0.759032634032634,15.690268065268064,139,0.6248664393486667,0.05702581428453937,-71.94642671280329,-6.385112454436869,0.033812367595978055,7815,0.005,-0.7816139205960295,0.3111497824817694,False,139.00546008331003,False,False
uniform,3.0,117,selected_regression,6.0,4.465502449812213,1,30,1.3318569553805775,1.7032276203351597,0.8340361466248358,25344,0.9919902146464646,6.374171401515151,105,0.9807207823219866,0.17438638825477287,-3476.614357422801,-55.56915776588576,0.12030673237871525,25141,0.005,-0.7044870029841953,0.5682703240528679,False,6821.549261002714,False,False
uniform,3.0,117,selected_mle,4.0,4.465502449812213,1,30,0.890094581714202,2.8535028437936094,0.8787747999306994,44297,0.9992776034494435,3.64690611102332,69,1.3812245767585,0.3227038145660619,-7254.657698709414,-76.37284505605474,0.14011570345684482,44265,0.005,-0.43410656016257043,0.7410135016119465,False,14210.371029368776,False,False
uniform,3.0,118,iei_rounded,4.0,4.466227640829403,1,30,0.8878048780487805,2.8598590057432927,0.8829885592738734,44335,0.9992782226232096,3.6425623096876056,60,1.3809214103826815,0.32325260792840926,-7354.80841298062,-78.09842109529328,0.14105163222646405,44303,0.005,-0.44681902804922224,0.7464444296989676,False,14384.668995606946,False,False
uniform,3.0,118,iei_rounded,4.0,4.466227640829403,1,15,0.8878048780487805,1.8092884273476022,0.8614065835373285,44335,0.9915416713657381,3.6425623096876056,60,1.156498417299959,0.32409274343236427,-3765.7278973329267,-55.18755781518171,0.09643035178695414,43960,0.005,-0.33474390721104663,0.681706741926638,False,7395.879682683444,False,False
uniform,3.0,118,iei_rounded,4.0,4.466227640829403,1,59,0.8878048780487805,3.1897961399316968,0.9144667699255606,44335,0.9999774444569753,3.6425623096876056,60,1.5014318821142165,0.32107042866472413,-9459.43898111511,-86.52678143054928,0.1692537316756888,44334,0.005,-0.4611913970092856,0.7540511758123188,False,18682.567134430516,False,False
uniform,3.0,118,iei_rounded,4.0,4.466227640829403,3,30,0.8878048780487805,3.663490885794745,0.9520714387212481,44335,0.5342505920830044,3.6425623096876056,60,2.339544541650662,0.3353786917936924,-1337.7368654406853,-26.962929805917295,0.08544024460739175,23686,0.005,-2.05703342901368,1.193588245068353,False,2694.1445239238383,False,False
uniform,3.0,118,fixed_10,10.0,4.466227640829403,1,30,2.1267735965453425,0.5177508214086924,0.7683663939675779,10237,0.8506398358894207,15.775422487056755,119,0.41650137407127197,0.05518248176344659,-239.9483435743869,-14.082718443284765,0.06490330245816778,8708,0.005,-0.5189133811088408,0.2599228648427755,False,501.8334266168895,False,False
uniform,3.0,118,fixed_10,10.0,4.466227640829403,1,15,2.1267735965453425,0.2267631433699622,0.6095327702336852,10237,0.5995897235518218,15.775422487056755,119,0.20117597675421983,0.04543745854012639,-38.66365319317744,-7.034024374166083,0.03785797395579338,6138,0.005,-0.3748775272035307,0.20231143920080136,False,97.24640738693415,False,False
uniform,3.0,118,fixed_10,10.0,4.466227640829403,1,59,2.1267735965453425,1.2945216769543904,0.6317515224985658,10237,0.9891569795838625,15.775422487056755,119,0.6649503328259794,0.06127122769886505,-1216.1359675611272,-36.960521230988945,0.12439053158187585,10126,0.005,-0.9003093432775349,0.3738868741799591,False,2195.407773008832,False,False
uniform,3.0,118,fixed_10,10.0,4.466227640829403,3,30,2.1267735965453425,0.7277137870019845,0.8991120639536696,10237,0.7544202403047768,15.775422487056755,119,0.6382555879759995,0.05889044922025831,-86.80948217315311,-7.497386163872145,0.03646995979357226,7723,0.005,-0.9837064690502877,0.359156580627178,False,182.1487022201618,False,False
uniform,3.0,118,selected_regression,6.0,4.466227640829403,1,30,1.3211684804844122,1.7107093745582627,0.8299951490752783,25181,0.9911441165958461,6.413287796354394,108,0.9800601666229749,0.17388967634509822,-3411.0244400848787,-55.078270236842954,0.1193315364655737,24958,0.005,-0.6830755984250678,0.5605627775777635,False,6619.595692150906,False,False
uniform,3.0,118,selected_mle,4.0,4.466227640829403,1,30,0.8878048780487805,2.8598590057432927,0.8829885592738734,44335,0.9992782226232096,3.6425623096876056,60,1.3809214103826815,0.32325260792840926,-7354.80841298062,-78.09842109529328,0.14105163222646405,44303,0.005,-0.44681902804922224,0.7464444296989676,False,14384.668995606946,False,False
uniform,3.0,119,iei_rounded,4.0,4.446555623839784,1,30,0.8873337741532584,2.7561427130785243,0.8907143115377845,44098,0.9994784343961177,3.6743843258197653,53,1.373027373295118,0.3192134853667391,-7281.965627901383,-76.40392995533347,0.14018017755369871,44075,0.005,-0.44894484860944656,0.7408588593699139,False,14265.019740161719,False,False
uniform,3.0,119,iei_rounded,4.0,4.446555623839784,1,15,0.8873337741532584,1.7948480568711502,0.8600267592780139,44098,0.9910426776724568,3.6743843258197653,53,1.147771740505755,0.3207552849575087,-3734.8080485718624,-55.18446939186266,0.09548714395648933,43703,0.005,-0.3402374995280428,0.6782247883575343,False,7318.7593607380695,False,False
uniform,3.0,119,iei_rounded,4.0,4.446555623839784,1,59,0.8873337741532584,3.135056295223116,0.9138420204724542,44098,1.0,3.6743843258197653,53,1.4951816757505423,0.31766634942835825,-9469.302012105272,-87.01921411675224,0.16880618003949482,44098,0.005,-0.46868799499596886,0.7512868144605267,False,18674.30458218383,False,False
uniform,3.0,119,iei_rounded,4.0,4.446555623839784,3,30,0.8873337741532584,3.5080860409865435,0.9568328177889053,44098,0.5396163091296657,3.6743843258197653,53,2.326896538055445,0.3316360411489767,-1299.2010060617852,-25.323343573314357,0.0848986926394032,23796,0.005,-1.9882274317401754,1.1688196680720093,False,2647.3409418434167,False,False
uniform,3.0,119,fixed_10,10.0,4.446555623839784,1,30,2.19406600060551,0.507444986003328,0.7556065688770666,10328,0.8579589465530596,15.688710302091401,111,0.4080747126908637,0.05416071234722554,-242.93296647022376,-14.462973738269437,0.06560070783457195,8861,0.005,-0.5382567361042886,0.2622160363425896,False,515.9416405462616,False,False
uniform,3.0,119,fixed_10,10.0,4.446555623839784,1,15,2.19406600060551,0.2098433697986451,0.5876585983000738,10328,0.6024399690162665,15.688710302091401,111,0.18943924552150015,0.04267698703006757,-34.74043847421514,-6.688094718025725,0.036602603536637135,6222,0.005,-0.37889746244271844,0.19906823561496692,False,94.90025273396895,False,False
uniform,3.0,119,fixed_10,10.0,4.446555623839784,1,59,2.19406600060551,1.3176882566914088,0.6099652980129706,10328,0.9884779240898528,15.688710302091401,111,0.6673583873181794,0.06201419228645885,-1278.0153328450913,-38.453514223863564,0.12476631825787221,10209,0.005,-0.948280404373306,0.3859495559879969,False,2334.8876123156224,False,False
uniform,3.0,119,fixed_10,10.0,4.446555623839784,3,30,2.19406600060551,0.7207030758039494,0.8978989214570154,10328,0.7626839659178931,15.688710302091401,111,0.6315722267344359,0.05807232047341715,-83.4497239539276,-7.167385793020152,0.03764200042908139,7877,0.005,-0.8884798375873016,0.33642842306711157,False,163.4365949579369,False,False
uniform,3.0,119,selected_regression,6.0,4.446555623839784,1,30,1.3132869449966866,1.704156673395435,0.8287494165847383,25086,0.9910308538627123,6.459100693613968,106,0.9750492588692712,0.17252249329688712,-3383.535496320867,-55.05151072315302,0.12011116180770243,24861,0.005,-0.6811785262129706,0.5570311670155561,False,6531.388989876839,False,False
uniform,3.0,119,selected_mle,4.0,4.446555623839784,1,30,0.8873337741532584,2.7561427130785243,0.8907143115377845,44098,0.9994784343961177,3.6743843258197653,53,1.373027373295118,0.3192134853667391,-7281.965627901383,-76.40392995533347,0.14018017755369871,44075,0.005,-0.44894484860944656,0.7408588593699139,False,14265.019740161719,False,False
mixed,3.0,100,iei_rounded,4.0,4.425828243884131,1,30,0.6207721359630718,1.982860847227042,0.981437108597377,34240,0.9841705607476635,4.403271028037383,304,1.5893891827858315,0.35087160397028405,1913.2255771968819,15.178635374888636,0.06487801918743996,33698,0.005,0.8911342457538104,0.29182512981635433,False,1781.1682562394126,False,False
mixed,3.0,100,iei_rounded,4.0,4.425828243884131,1,15,0.6207721359630718,1.7673844135512877,0.9807864206267235,34240,0.9569217289719626,4.403271028037383,304,1.4942184602386046,0.4232352171470528,593.6544241859174,7.380246575558347,0.04752714045474765,32765,0.005,0.8448515265333789,0.31926458932508994,False,1069.1354234172613,False,False
mixed,3.0,100,iei_rounded,4.0,4.425828243884131,1,59,0.6207721359630718,2.197054723872372,0.9686048711484951,34240,0.9942757009345794,4.403271028037383,304,1.652895560844085,0.30892079040786957,3534.2782009398725,19.623638614261587,0.07861962264539063,34044,0.005,0.9286227250353798,0.2720967428865455,False,2424.0358663967927,False,False
mixed,3.0,100,iei_rounded,4.0,4.425828243884131,3,30,0.6207721359630718,2.182595287059851,0.9900371149471793,34240,0.37815420560747665,4.403271028037383,304,2.03562037588061,0.23928184813167974,580.1937749460255,12.839037122226685,0.019008683365193013,12948,0.005,1.2977253191744713,0.18772369572844608,False,61.78237609459029,False,False
mixed,3.0,100,fixed_10,10.0,4.425828243884131,1,30,0.9728423148016494,1.5282534354123674,0.9749704794203985,12848,0.8956257783312578,11.734744707347447,304,1.2604020198219263,0.21852905236134418,427.73366204619833,6.9430419206380565,0.06602639880646244,11507,0.005,0.5892642603172288,0.24699700017079626,False,606.2000878038016,True,False
mixed,3.0,100,fixed_10,10.0,4.425828243884131,1,15,0.9728423148016494,1.326446678871928,0.9769630843309529,12848,0.8334371108343711,11.734744707347447,304,1.1505185333245453,0.2856832448851432,63.64661209284814,1.6949414295567737,0.04794339530055425,10708,0.005,0.5364359581479464,0.2741925070156209,False,324.2096449825767,False,False
mixed,3.0,100,fixed_10,10.0,4.425828243884131,1,59,0.9728423148016494,1.4553029461714089,0.9692361291844813,12848,0.9481631382316313,11.734744707347447,304,1.3030961644725085,0.14944517413144515,1933.4675695598332,20.674280467646707,0.07190123028843465,12182,0.005,0.7731568377921588,0.16553576756233904,False,546.1768563627847,True,True
mixed,3.0,100,fixed_10,10.0,4.425828243884131,3,30,0.9728423148016494,1.700298393789344,0.9855749754216662,12848,0.47742839352428396,11.734744707347447,304,1.5908378965954544,0.16636134910014727,176.76501028110656,6.883627817876683,0.02254070749192988,6134,0.005,0.8423144966747824,0.181921990679764,False,33.23139690495009,False,True
mixed,3.0,100,selected_regression,10.0,4.425828243884131,1,30,0.9728423148016494,1.5282534354123674,0.9749704794203985,12848,0.8956257783312578,11.734744707347447,304,1.2604020198219263,0.21852905236134418,427.73366204619833,6.9430419206380565,0.06602639880646244,11507,0.005,0.5892642603172288,0.24699700017079626,False,606.2000878038016,True,False
mixed,3.0,100,selected_mle,8.0,4.425828243884131,1,30,0.8721465861398301,1.6632273584840729,0.9751396279736471,16504,0.9311682016480853,9.135239941832284,304,1.3440648758834737,0.24904828237398324,534.122539756769,7.081895787287538,0.06955866620917167,15368,0.005,0.6200675944214075,0.27541059823942465,False,932.8492532633536,True,True
mixed,3.0,101,iei_rounded,5.0,4.545228256730647,1,30,0.6676227068564317,1.8849488258047797,0.9839220975202282,27575,0.9748322756119674,5.295122393472348,271,1.5311508613033435,0.32179850497345286,1567.2660156543463,14.20781916474905,0.0643720973887017,26881,0.005,0.8537080147172196,0.2762378799130213,False,1371.9610304503149,False,False
mixed,3.0,101,iei_rounded,5.0,4.545228256730647,1,15,0.6676227068564317,1.6766832446880267,0.9824777678878808,27575,0.9423028105167724,5.295122393472348,271,1.4342990293857998,0.39529755947298206,483.94048429065055,6.917036684230276,0.04679497543513422,25984,0.005,0.8095299360769802,0.30165727717093765,False,797.0503768733324,False,False
mixed,3.0,101,iei_rounded,5.0,4.545228256730647,1,59,0.6676227068564317,2.0653287515808376,0.9650032744582774,27575,0.9890480507706255,5.295122393472348,271,1.5940359561275148,0.2739523589825078,3198.6777482510715,19.982146963954758,0.0779000954381423,27273,0.005,0.9040036417548967,0.25046076992619,False,1841.1491976785328,False,False
mixed,3.0,101,iei_rounded,5.0,4.545228256730647,3,30,0.6676227068564317,2.071486426391907,0.9935043268484826,27575,0.3986944696282865,5.295122393472348,271,1.9471418667609601,0.22291441230421044,480.8647043368743,11.850754601304065,0.017110255889064452,10994,0.005,1.2599587599846143,0.17315270205899574,False,46.636181744746864,False,False
mixed,3.0,101,fixed_10,10.0,4.545228256730647,1,30,0.9749760700123069,1.546934769159856,0.9755923575766289,12959,0.9004552820433676,11.267304575970368,271,1.2770972228198243,0.2235030185035804,469.13881144805106,7.453040106249503,0.06414468542010354,11669,0.005,0.6155695373424357,0.24485088263529056,False,597.6065605085605,True,False
mixed,3.0,101,fixed_10,10.0,4.545228256730647,1,15,0.9749760700123069,1.3458833558890144,0.9775974904886222,12959,0.839725287445019,11.267304575970368,271,1.1697680319320458,0.2919590236116155,85.17505701667703,2.2056363713146605,0.04620472557841915,10882,0.005,0.5663389451019503,0.27075824081045696,False,318.5275160984165,True,False
mixed,3.0,101,fixed_10,10.0,4.545228256730647,1,59,0.9749760700123069,1.465025862066775,0.9744114604676072,12959,0.9519253028783086,11.267304575970368,271,1.3175855552084084,0.15305807774636193,2020.387083760083,21.210861185183372,0.06978018552085874,12336,0.005,0.798016990010504,0.1632446527878741,False,531.6981663907645,True,True
mixed,3.0,101,fixed_10,10.0,4.545228256730647,3,30,0.9749760700123069,1.7210245930700028,0.9859310313564165,12959,0.4752681534068987,11.267304575970368,271,1.619576635791537,0.17001292398900897,200.37785208760775,7.605435881052352,0.017070091842919105,6159,0.005,0.9683300948682573,0.15867084102347837,False,24.753967006137827,False,True
mixed,3.0,101,selected_regression,10.0,4.545228256730647,1,30,0.9749760700123069,1.546934769159856,0.9755923575766289,12959,0.9004552820433676,11.267304575970368,271,1.2770972228198243,0.2235030185035804,469.13881144805106,7.453040106249503,0.06414468542010354,11669,0.005,0.6155695373424357,0.24485088263529056,False,597.6065605085605,True,False
mixed,3.0,101,selected_mle,8.0,4.545228256730647,1,30,0.8432671081677704,1.651490478470521,0.9773437747325291,16724,0.9359602965797656,8.730746232958623,271,1.3559118431553419,0.2516146556641339,661.2555515464585,8.558434120680943,0.06878648217152844,15653,0.005,0.6568143667517604,0.2668208308836376,False,886.7717828298482,True,True
mixed,3.0,102,iei_rounded,5.0,4.503152115919239,1,30,0.6746087999563819,1.8673580863051502,0.9819514455232156,27363,0.9754047436319117,5.358038226802616,297,1.5204282090146979,0.3175020057125907,1494.4887346875992,13.591525141806605,0.06734958181144363,26690,0.005,0.8245653274529896,0.2828985474607706,False,1439.782927053413,False,False
mixed,3.0,102,iei_rounded,5.0,4.503152115919239,1,15,0.6746087999563819,1.711945810940998,0.9765269863043787,27363,0.9398823228447173,5.358038226802616,297,1.4291585318197537,0.39686730371571977,253.16355206213814,3.6895769753385306,0.051112148831815696,25718,0.005,0.7365430765015966,0.3349097097399075,False,967.6635024962598,False,False
mixed,3.0,102,iei_rounded,5.0,4.503152115919239,1,59,0.6746087999563819,2.025368304227804,0.9721834484919175,27363,0.9893652011840807,5.358038226802616,297,1.5856631318564514,0.2705017643260168,3100.937486921277,19.27059262802409,0.08136584235001298,27072,0.005,0.8764032347975957,0.2568028618914811,False,1932.5750520596775,False,False
mixed,3.0,102,iei_rounded,5.0,4.503152115919239,3,30,0.6746087999563819,2.049882594251446,0.9901124457969027,27363,0.4043781749077221,5.358038226802616,297,1.9504963336992933,0.2220502541271152,551.606538886518,13.530153077783691,0.013468651675022758,11065,0.005,1.4257929719639342,0.13211603720484036,False,26.74838654605992,False,False
mixed,3.0,102,fixed_10,10.0,4.503152115919239,1,30,0.9803921568627451,1.5288669469747698,0.981615344423171,13019,0.9020662109224978,11.261387203318227,303,1.2807724605949762,0.22433183647485427,493.8020202025965,7.739175739468962,0.06746641484407234,11744,0.005,0.6069212421459261,0.24986345642054053,False,623.3028162234114,True,False
mixed,3.0,102,fixed_10,10.0,4.503152115919239,1,15,0.9803921568627451,1.3871783768826451,0.9739232403906817,13019,0.8393885859128966,11.261387203318227,303,1.1816262372017423,0.29937450156195655,0.8279425583331168,0.021270938720409985,0.05166724571459613,10928,0.005,0.49575910930026634,0.3093879898320309,False,412.27057671431976,False,False
mixed,3.0,102,fixed_10,10.0,4.503152115919239,1,59,0.9803921568627451,1.4644847405871049,0.9752121013112385,13019,0.9529149704278362,11.261387203318227,303,1.3213067002960752,0.15385645329848585,2059.3554042729224,21.56459006443985,0.07295554122860637,12406,0.005,0.795015735268864,0.165683363768904,False,548.000151448301,True,True
mixed,3.0,102,fixed_10,10.0,4.503152115919239,3,30,0.9803921568627451,1.6892624663263918,0.9928843560330545,13019,0.47699516091865735,11.261387203318227,303,1.6473496554799905,0.17162163450055867,281.7179800741958,10.438030761553977,0.009818282918804155,6210,0.06,1.349566275358034,0.07263833123107241,False,3.696216431831999,True,True
mixed,3.0,102,selected_regression,10.0,4.503152115919239,1,30,0.9803921568627451,1.5288669469747698,0.981615344423171,13019,0.9020662109224978,11.261387203318227,303,1.2807724605949762,0.22433183647485427,493.8020202025965,7.739175739468962,0.06746641484407234,11744,0.005,0.6069212421459261,0.24986345642054053,False,623.3028162234114,True,False
mixed,3.0,102,selected_mle,8.0,4.503152115919239,1,30,0.868920282542886,1.6737068589077442,0.9783901965575675,16631,0.9346401298779388,8.815585352654681,303,1.3607748057288962,0.2544934251032468,596.8240342164277,7.814139098823151,0.0722115180574508,15544,0.005,0.635101474850404,0.2778195651212413,False,945.589941825514,True,True
mixed,3.0,103,iei_rounded,5.0,4.607848013129756,1,30,0.6839594514013119,1.8719829273344573,0.9825273311744664,27744,0.976138985005767,5.2230752595155705,329,1.5102354899438897,0.31527703802981777,1302.8066960324509,11.844264603380562,0.07018921883990181,27082,0.005,0.7808250268109725,0.29599078095812337,False,1604.6483945738,False,False
mixed,3.0,103,iei_rounded,5.0,4.607848013129756,1,15,0.6839594514013119,1.6860864335590542,0.9777806148432936,27744,0.9421136101499423,5.2230752595155705,329,1.410397965652093,0.3890876511930892,219.36609908340026,3.193582719409269,0.05224531785826836,26138,0.005,0.7099265464060375,0.33701024005661495,False,1009.5129726604355,False,False
mixed,3.0,103,iei_rounded,5.0,4.607848013129756,1,59,0.6839594514013119,2.024827482966374,0.9787681585063501,27744,0.9903042099192618,5.2230752595155705,329,1.5769878673714768,0.26868768709722135,2892.3100373582365,17.98020462871364,0.08454359937281691,27475,0.005,0.8378544095199917,0.2671740565783019,False,2127.5676202935865,False,False
mixed,3.0,103,iei_rounded,5.0,4.607848013129756,3,30,0.6839594514013119,2.062990272760876,0.9927854511150952,27744,0.4100346020761246,5.2230752595155705,329,1.9542506131683037,0.2236090665990234,526.2974553813001,12.643768814971294,0.01706915666884712,11376,0.005,1.3181912169470176,0.16033480714245243,False,41.12711562039476,False,False
mixed,3.0,103,fixed_10,10.0,4.607848013129756,1,30,1.005685757869921,1.529233906883976,0.9751132336089482,13003,0.9015611781896485,11.144274398215796,329,1.2577993586104608,0.21847733944361364,394.3567068471507,6.311782482977123,0.06621657451903834,11723,0.005,0.5701316952754493,0.25299285410588696,False,647.4388142967218,True,False
mixed,3.0,103,fixed_10,10.0,4.607848013129756,1,15,1.005685757869921,1.3345372488157312,0.9737735504408016,13003,0.8390371452741675,11.144274398215796,329,1.1461633963457327,0.2852813331373695,32.06390537778321,0.8499704579169566,0.04776556262408438,10910,0.005,0.5133282712195203,0.282361056415266,False,350.5644447589584,False,False
mixed,3.0,103,fixed_10,10.0,4.607848013129756,1,59,1.005685757869921,1.4694692839677095,0.9747382674555634,13003,0.9533184649696224,11.144274398215796,329,1.303369056726174,0.15075219606536777,1867.5886605510152,19.878848069739036,0.07285500579916648,12396,0.005,0.7500655826405029,0.1730502815238487,False,604.1199792601547,True,True
mixed,3.0,103,fixed_10,10.0,4.607848013129756,3,30,1.005685757869921,1.7054969668342996,0.9866552203035692,13003,0.4841959547796662,11.144274398215796,329,1.6015198297178674,0.16802093962079423,180.94735721834172,6.834588766897738,0.021844354271926214,6296,0.005,0.8184263603567067,0.19055666292876602,False,37.44291289519606,False,True
mixed,3.0,103,selected_regression,10.0,4.607848013129756,1,30,1.005685757869921,1.529233906883976,0.9751132336089482,13003,0.9015611781896485,11.144274398215796,329,1.2577993586104608,0.21847733944361364,394.3567068471507,6.311782482977123,0.06621657451903834,11723,0.005,0.5701316952754493,0.25299285410588696,False,647.4388142967218,True,False
mixed,3.0,103,selected_mle,8.0,4.607848013129756,1,30,0.8788432267884323,1.6422998744006692,0.9744462969946379,16635,0.9364592726179741,8.711091073038773,329,1.335279412898446,0.2452245129720329,572.7738049706518,7.56356798008572,0.06849827724196889,15578,0.005,0.6227774878796192,0.2700043834929009,False,917.8633149059606,True,True
mixed,3.0,104,iei_rounded,5.0,4.564937800117941,1,30,0.662267416702726,1.9300957792779287,0.9800502200011102,27698,0.9751245577298,5.2944616939851255,343,1.5333352055569183,0.32726940423270967,1211.392402293398,11.029832619017979,0.07033148769557984,27009,0.005,0.791113182077209,0.30423812382914295,False,1640.7861107883364,False,False
mixed,3.0,104,iei_rounded,5.0,4.564937800117941,1,15,0.662267416702726,1.7289315074268001,0.9733544390127332,27698,0.9442920066430789,5.2944616939851255,343,1.4313537865990984,0.39823762109504923,235.27974990908876,3.4319898493555336,0.05178531419083987,26155,0.005,0.7353691804708935,0.3367995121434432,False,993.0984995414183,False,False
mixed,3.0,104,iei_rounded,5.0,4.564937800117941,1,59,0.662267416702726,2.0547205186451007,0.9817607862548154,27698,0.9889161672322911,5.2944616939851255,343,1.596909183714148,0.27911740728437884,2847.888338590185,17.608991656922406,0.08396016347598695,27391,0.005,0.856341960712579,0.2705411886056021,False,2104.4095459535456,False,False
mixed,3.0,104,iei_rounded,5.0,4.564937800117941,3,30,0.662267416702726,2.135631963643689,0.9905042250538718,27698,0.39757383204563507,5.2944616939851255,343,1.9743767748242131,0.22971141667932493,403.19816752337965,9.841167926831185,0.023031304222400684,11012,0.005,1.0378576378491386,0.23705032304136975,False,86.41175924697745,False,False
mixed,3.0,104,fixed_10,10.0,4.564937800117941,1,30,0.9781694915254238,1.5099227108078066,0.9823879787720604,13132,0.9056503198294243,11.167072799268961,343,1.2682666250447436,0.2193300863307423,536.4579778410556,8.449493066548186,0.06337879962456144,11893,0.005,0.6292330143372666,0.23557309450267724,False,569.6539188440947,True,False
mixed,3.0,104,fixed_10,10.0,4.564937800117941,1,15,0.9781694915254238,1.3560594257399174,0.9750432046263037,13132,0.8409990862016449,11.167072799268961,343,1.168090783233028,0.29217592053049357,62.95328070536255,1.6368097745900203,0.04722775096772264,11044,0.005,0.5487988254611456,0.27786092484550606,False,340.3484827077482,False,False
mixed,3.0,104,fixed_10,10.0,4.564937800117941,1,59,0.9781694915254238,1.483492539539844,0.9742834673222371,13132,0.9545385318306427,11.167072799268961,343,1.3159822063381004,0.15350333273497213,1977.2417023057487,20.745091113295018,0.07083994771943392,12535,0.005,0.7833315373756079,0.16734730689881044,False,567.0345551992068,True,True
mixed,3.0,104,fixed_10,10.0,4.564937800117941,3,30,0.9781694915254238,1.6667669985030813,0.9936152920810177,13132,0.4808863844045081,11.167072799268961,343,1.6012356449557235,0.1661527974233319,235.99439430300856,8.890754771216374,0.013642138004396176,6315,0.005,1.1185284174625645,0.11730806282462264,False,13.231985715850897,True,True
mixed,3.0,104,selected_regression,10.0,4.564937800117941,1,30,0.9781694915254238,1.5099227108078066,0.9823879787720604,13132,0.9056503198294243,11.167072799268961,343,1.2682666250447436,0.2193300863307423,536.4579778410556,8.449493066548186,0.06337879962456144,11893,0.005,0.6292330143372666,0.23557309450267724,False,569.6539188440947,True,False
mixed,3.0,104,selected_mle,8.0,4.564937800117941,1,30,0.8586371787208608,1.664692479531498,0.9760774766992094,16781,0.9377271914665395,8.738811751385496,343,1.3500475772411118,0.24972926776795645,643.5233153589572,8.436615408458037,0.06553546959276169,15736,0.005,0.6622606814599545,0.2617906472906051,False,864.5285791237839,True,True
mixed,3.0,105,iei_rounded,4.0,4.397550111358575,1,30,0.6073586172176539,2.05390633058855,0.9778729922418976,34299,0.984081168547188,4.415172454007405,310,1.6024135276829892,0.36094630289362684,1599.5861824472452,12.882186632545686,0.06846525755711996,33753,0.005,0.8616486388100222,0.31222778749316527,False,1985.3719827531313,False,False
mixed,3.0,105,iei_rounded,4.0,4.397550111358575,1,15,0.6073586172176539,1.7973271746247628,0.9803149557512607,34299,0.9586285314440655,4.415172454007405,310,1.5044639101923227,0.42984674794485744,473.51051364973154,5.879563402636912,0.05047404839383768,32880,0.005,0.8191988625956449,0.3384947544383168,False,1189.2486229144415,False,False
mixed,3.0,105,iei_rounded,4.0,4.397550111358575,1,59,0.6073586172176539,2.22472189619391,0.9714867906934385,34299,0.9932651097699642,4.415172454007405,310,1.6663016919256943,0.3201316840430133,3135.8170749490046,17.35095485217247,0.08227298064611188,34068,0.005,0.9042149277675445,0.2895674824299852,False,2638.4436044876347,False,False
mixed,3.0,105,iei_rounded,4.0,4.397550111358575,3,30,0.6073586172176539,2.2831482432097037,0.9886770941065228,34299,0.3717017988862649,4.415172454007405,310,2.0654691971768973,0.24703355658758075,474.83437192361595,10.722882416433116,0.02479456279240666,12749,0.005,1.1084355790690186,0.24463677319111116,False,101.09992370859982,False,False
mixed,3.0,105,fixed_10,10.0,4.397550111358575,1,30,1.0114991482112436,1.5136510579316187,0.9771706628027286,12932,0.8982369316424373,11.710176306835756,312,1.254041425945422,0.21582928026591036,460.0246494069317,7.47938900447817,0.06350693332005436,11616,0.005,0.6004792802153335,0.23982569545421983,False,581.256922652181,True,False
mixed,3.0,105,fixed_10,10.0,4.397550111358575,1,15,1.0114991482112436,1.3336581894422497,0.9765250362384932,12932,0.8320445406742963,11.710176306835756,312,1.1516570955398802,0.2866405780164253,48.896975165598576,1.2958836071212774,0.046932249383934366,10760,0.005,0.5282243738218938,0.2785145558808374,False,335.71747722562577,False,False
mixed,3.0,105,fixed_10,10.0,4.397550111358575,1,59,1.0114991482112436,1.4455822404167207,0.96718666370257,12932,0.9531394989174141,11.710176306835756,312,1.2950693266142093,0.14680594520734702,1977.2750690838113,21.273345071361106,0.06903756733764854,12326,0.005,0.7809491125722292,0.1599138857009136,False,521.4129614903941,True,False
mixed,3.0,105,fixed_10,10.0,4.397550111358575,3,30,1.0114991482112436,1.6859460599786127,0.9889787071688592,12932,0.4841478502938447,11.710176306835756,312,1.5898381965292447,0.1653031625789505,207.2845128566236,8.035754011554204,0.018919608919614167,6261,0.005,1.0009363798215594,0.14301766620951506,False,20.41943169269507,True,True
mixed,3.0,105,selected_regression,10.0,4.397550111358575,1,30,1.0114991482112436,1.5136510579316187,0.9771706628027286,12932,0.8982369316424373,11.710176306835756,312,1.254041425945422,0.21582928026591036,460.0246494069317,7.47938900447817,0.06350693332005436,11616,0.005,0.6004792802153335,0.23982569545421983,False,581.256922652181,True,False
mixed,3.0,105,selected_mle,8.0,4.397550111358575,1,30,0.9057672502574665,1.6397494998777995,0.9726078839239937,16480,0.9333131067961165,9.189077669902913,312,1.3298132450908273,0.24297154904207668,578.7183825380721,7.810649868494619,0.07014752742788782,15381,0.005,0.6199867566294037,0.2684089431280861,False,900.2173354336264,True,True
mixed,3.0,106,iei_rounded,4.0,4.401109019479456,1,30,0.6161879895561357,2.0183970855615465,0.9815851587667416,34042,0.9847835027319194,4.4296163562657895,299,1.5971138014582014,0.356256296800623,1768.659933429232,14.213847103697894,0.06657969038644207,33524,0.005,0.8812042633691823,0.30053458747040757,False,1852.2000879869156,False,False
mixed,3.0,106,iei_rounded,4.0,4.401109019479456,1,15,0.6161879895561357,1.7517206452564618,0.9847566799186405,34042,0.9592855883908114,4.4296163562657895,299,1.4979822879172016,0.42414860128235155,653.1201556247111,8.037642458990902,0.04835195599664349,32656,0.005,0.8530255259523544,0.3173706742423067,False,1050.2758718745317,False,False
mixed,3.0,106,iei_rounded,4.0,4.401109019479456,1,59,0.6161879895561357,2.2619435881403533,0.9598947968065548,34042,0.9934198930732624,4.4296163562657895,299,1.663368014312395,0.3185242701813159,3107.6256411112527,17.55522852439623,0.08098915953430552,33818,0.005,0.9086230992827549,0.2860912392718875,False,2578.4484787220426,False,False
mixed,3.0,106,iei_rounded,4.0,4.401109019479456,3,30,0.6161879895561357,2.232437210463844,0.9923648202933136,34042,0.37430233241290173,4.4296163562657895,299,2.0491213967681308,0.2428417789459159,523.651192161341,11.781948256734124,0.021096711056162565,12742,0.005,1.2241738919893737,0.2103019985171847,False,75.6573898208735,False,False
mixed,3.0,106,fixed_10,10.0,4.401109019479456,1,30,0.9885809775797243,1.559555458302429,0.9700344041146136,12870,0.8965811965811966,11.716627816627817,299,1.2698409620793765,0.22204645461779965,413.620320083972,6.647163574155969,0.05997341720422167,11539,0.005,0.6064962762711097,0.2448949225681466,False,594.193131353175,True,False
mixed,3.0,106,fixed_10,10.0,4.401109019479456,1,15,0.9885809775797243,1.354907664278351,0.9701956152141444,12870,0.8355866355866356,11.716627816627817,299,1.159997147309456,0.28901241976837755,66.96886892831978,1.7799995502051942,0.04120487020047492,10754,0.005,0.5728196384091144,0.26267374435366575,False,298.0467593618814,False,False
mixed,3.0,106,fixed_10,10.0,4.401109019479456,1,59,0.9885809775797243,1.4364941149250359,0.9629633380895636,12870,0.950971250971251,11.716627816627817,299,1.30654208792709,0.14901380411854037,2060.80647011122,21.583964150463025,0.06467597583485007,12239,0.005,0.8063636301873929,0.15624834454562442,False,490.4532545533293,True,True
mixed,3.0,106,fixed_10,10.0,4.401109019479456,3,30,0.9885809775797243,1.7530768145016409,0.9810711173348254,12870,0.48041958041958044,11.716627816627817,299,1.6207649919327576,0.17140315379904375,166.13034458695697,6.300966470295776,0.024546106734531503,6183,0.005,0.7861252633715796,0.20354113150092204,False,41.74219953009015,False,True
mixed,3.0,106,selected_regression,10.0,4.401109019479456,1,30,0.9885809775797243,1.559555458302429,0.9700344041146136,12870,0.8965811965811966,11.716627816627817,299,1.2698409620793765,0.22204645461779965,413.620320083972,6.647163574155969,0.05997341720422167,11539,0.005,0.6064962762711097,0.2448949225681466,False,594.193131353175,True,False
mixed,3.0,106,selected_mle,8.0,4.401109019479456,1,30,0.8773977468791231,1.6230066484775039,0.9800860481340297,16494,0.9337334788407906,9.142294167576088,299,1.3370754093129147,0.24399216147163177,681.2486262193659,9.005819468642256,0.0638194847585492,15401,0.005,0.6653555083145646,0.25425912077908885,False,809.5597051508375,True,True
mixed,3.0,107,iei_rounded,5.0,4.554397545425117,1,30,0.6746331463098835,1.910695727127058,0.9809177520498891,27656,0.9757737923054671,5.290497541220712,357,1.529874016780651,0.3245924479535187,1293.5413262101235,11.7423028119189,0.06988851933552231,26986,0.005,0.7968171734040048,0.29987951105556215,False,1602.9970078920742,False,False
mixed,3.0,107,iei_rounded,5.0,4.554397545425117,1,15,0.6746331463098835,1.7139493026500852,0.9768100346291302,27656,0.9437735030373156,5.290497541220712,357,1.4305161651598635,0.3977203945661617,242.8887358729805,3.5066754854007494,0.05193092790191017,26101,0.005,0.7304191717019964,0.33876882666514,False,1002.7739685625857,False,False
mixed,3.0,107,iei_rounded,5.0,4.554397545425117,1,59,0.6746331463098835,2.1108623128740174,0.9685472994224563,27656,0.9885377494937807,5.290497541220712,357,1.5967678225463349,0.2805922932483558,2692.2865207359177,17.005434218755717,0.08438329440646081,27339,0.005,0.8452269414014851,0.27482615035803887,False,2158.3194801043865,False,False
mixed,3.0,107,iei_rounded,5.0,4.554397545425117,3,30,0.6746331463098835,2.110150761399507,0.9909752292765309,27656,0.40114260919872724,5.290497541220712,357,1.9796006947653328,0.22866484002219006,497.12300021534173,12.110125757753744,0.02039512600603549,11094,0.005,1.2799372897605568,0.176908962657948,False,48.26876589188032,False,False
mixed,3.0,107,fixed_10,10.0,4.554397545425117,1,30,0.9922013955397455,1.5179784908728522,0.979546530250311,13034,0.9036366426269756,11.225563909774436,357,1.2643612634661796,0.21915504936309765,473.60853273679635,7.507575644543929,0.06359223819177734,11778,0.005,0.6044032433639823,0.24313154185426095,False,600.6035416496306,True,False
mixed,3.0,107,fixed_10,10.0,4.554397545425117,1,15,0.9922013955397455,1.352360437658612,0.9747252732396561,13034,0.8393432560994323,11.225563909774436,357,1.1610200118990708,0.29048147008529035,37.42272555480983,0.9764086142345619,0.046733435531746415,10940,0.005,0.5271303232409013,0.28397222409220274,False,352.95256502080156,False,False
mixed,3.0,107,fixed_10,10.0,4.554397545425117,1,59,0.9922013955397455,1.499717353415106,0.9672561002174623,13034,0.9524321006598128,11.225563909774436,357,1.3135047501938875,0.15396269643712474,1860.6610572658274,19.729640324139236,0.0714372782844318,12414,0.005,0.7596793262839905,0.17399451570764574,False,605.5988359655457,True,True
mixed,3.0,107,fixed_10,10.0,4.554397545425117,3,30,0.9922013955397455,1.6848340398239101,0.9910947745127254,13034,0.48388829215896884,11.225563909774436,357,1.6098545552415988,0.16790428056597728,223.08067430849982,8.418132121123012,0.01885806878050525,6307,0.005,1.0258136258907753,0.14211716927017137,False,20.139057291969948,True,True
mixed,3.0,107,selected_regression,10.0,4.554397545425117,1,30,0.9922013955397455,1.5179784908728522,0.979546530250311,13034,0.9036366426269756,11.225563909774436,357,1.2643612634661796,0.21915504936309765,473.60853273679635,7.507575644543929,0.06359223819177734,11778,0.005,0.6044032433639823,0.24313154185426095,False,600.6035416496306,True,False
mixed,3.0,107,selected_mle,8.0,4.554397545425117,1,30,0.8632367632367632,1.6411036159053722,0.9817741446937908,16687,0.9371366932342542,8.768142865703842,357,1.3496948897407055,0.24830532742363848,717.5439485205533,9.392105911335983,0.06486229521573528,15638,0.005,0.6806093602222996,0.2544206057390339,False,814.5542584979412,True,True
mixed,3.0,108,iei_rounded,4.0,4.467082961641392,1,30,0.6025255059374477,2.0424864582338134,0.9806945916822053,34371,0.9838817607867097,4.360769253149457,368,1.61290710378921,0.36474598822850157,1756.7470303855246,13.938823057743152,0.06678763206833521,33817,0.005,0.8879713069220699,0.30649640367056896,False,1899.7910107827047,False,False
mixed,3.0,108,iei_rounded,4.0,4.467082961641392,1,15,0.6025255059374477,1.777735732265891,0.9846792243917919,34371,0.9599953449128625,4.360769253149457,368,1.5137798431984297,0.43215064810561166,627.8101406246847,7.639109475903723,0.04859534815366223,32996,0.005,0.8562468602912322,0.32522705327572576,False,1097.3995834518719,False,False
mixed,3.0,108,iei_rounded,4.0,4.467082961641392,1,59,0.6025255059374477,2.193822547465304,0.9717238454710208,34371,0.9935119723022315,4.360769253149457,368,1.6737898727291718,0.321164263963429,3481.0603642498654,18.865024977358303,0.07986100820568715,34148,0.005,0.937333672488998,0.2801636337620453,False,2471.436846166005,False,False
mixed,3.0,108,iei_rounded,4.0,4.467082961641392,3,30,0.6025255059374477,2.2582557945551875,0.9907514074318934,34371,0.36804282680166417,4.360769253149457,368,2.0782896692193003,0.24812468650342234,540.4643441242051,12.128878938319069,0.025526512248353117,12650,0.005,1.2509210335695051,0.21157581164365538,False,74.64395305248036,False,False
mixed,3.0,108,fixed_10,10.0,4.467082961641392,1,30,0.9783388520971302,1.5188919848141804,0.9800747816366363,13003,0.9002537875874798,11.526878412673998,368,1.2734727038965605,0.22109573121397785,528.2519269821292,8.374201129120964,0.06482937908892716,11706,0.005,0.6300629560784179,0.23767019794156344,False,568.0885867901889,True,False
mixed,3.0,108,fixed_10,10.0,4.467082961641392,1,15,0.9783388520971302,1.3613880818110675,0.9733531892927003,13003,0.8368837960470661,11.526878412673998,368,1.1732127695989778,0.2940246339424377,62.9405988583377,1.6382282958316738,0.04869420217556486,10882,0.005,0.548345736547709,0.2807884509650958,False,341.39017539499764,False,False
mixed,3.0,108,fixed_10,10.0,4.467082961641392,1,59,0.9783388520971302,1.4577458346169474,0.970533141057557,13003,0.952087979696993,11.526878412673998,368,1.31413443540273,0.1513978277369567,2076.486632254296,21.873548519759478,0.07039540218942786,12380,0.005,0.8068937058969303,0.15903313704550712,False,509.4945936258737,True,True
mixed,3.0,108,fixed_10,10.0,4.467082961641392,3,30,0.9783388520971302,1.6736974176562194,0.9896345535750865,13003,0.4730446819964624,11.526878412673998,368,1.5968844089298333,0.16607822331485467,212.5503633103512,8.192090567062008,0.018683056184641944,6151,0.005,1.01621825131653,0.1411116032273592,False,19.39526614019269,True,True
mixed,3.0,108,selected_regression,10.0,4.467082961641392,1,30,0.9783388520971302,1.5188919848141804,0.9800747816366363,13003,0.9002537875874798,11.526878412673998,368,1.2734727038965605,0.22109573121397785,528.2519269821292,8.374201129120964,0.06482937908892716,11706,0.005,0.6300629560784179,0.23767019794156344,False,568.0885867901889,True,False
mixed,3.0,108,selected_mle,8.0,4.467082961641392,1,30,0.8585336172801947,1.646616701344274,0.9776230196730634,16541,0.9333776676138081,9.06136267456623,368,1.348651229763222,0.24771923774705717,719.8995936305006,9.562402504960053,0.06569544889028356,15439,0.005,0.6829417815149321,0.25299968402750267,False,796.4324034198944,True,True
mixed,3.0,109,iei_rounded,5.0,4.552692407069882,1,30,0.6797901681899302,1.9027442697880779,0.9788798331778916,27763,0.9760112379786046,5.3093325649245395,365,1.5181344220352013,0.3191885939382697,1285.5871730284161,11.767410751841453,0.06921749521505138,27097,0.005,0.7904344945226784,0.29619211879799723,False,1593.9349863411335,False,False
mixed,3.0,109,iei_rounded,5.0,4.552692407069882,1,15,0.6797901681899302,1.6731163980915693,0.9808581920433782,27763,0.9434859345171631,5.3093325649245395,365,1.4159648211313982,0.38995063825967247,316.55869939814767,4.553986519563939,0.05063781729328387,26194,0.005,0.7409930779182959,0.324908239735381,False,939.4311652364559,False,False
mixed,3.0,109,iei_rounded,5.0,4.552692407069882,1,59,0.6797901681899302,2.069465022122184,0.9724238746070718,27763,0.9892662896661024,5.3093325649245395,365,1.5857240549726672,0.2743522899165163,2763.226469674751,17.297661403836752,0.08383632837094362,27465,0.005,0.84023289094201,0.270872947744312,False,2150.0286978140794,False,False
mixed,3.0,109,iei_rounded,5.0,4.552692407069882,3,30,0.6797901681899302,2.106928684033251,0.9887687838782694,27763,0.40600799625400713,5.3093325649245395,365,1.9578174063844163,0.22546966274654912,465.8392229468335,11.417169915405658,0.02387372720678782,11272,0.005,1.186230262520855,0.19474601599356767,False,60.35492138082918,False,False
mixed,3.0,109,fixed_10,10.0,4.552692407069882,1,30,1.0024755879521385,1.516883635275996,0.9812625733263955,13091,0.9016881827209533,11.259873195325033,365,1.2663032303010144,0.22013749225263962,458.3411249107569,7.249664849610983,0.06897577429235069,11804,0.005,0.5856225960724843,0.2511339018281501,False,639.1038904796587,True,False
mixed,3.0,109,fixed_10,10.0,4.552692407069882,1,15,1.0024755879521385,1.3586187313465101,0.9741229504877094,13091,0.8382094568787717,11.259873195325033,365,1.1622672363967919,0.29189735459474164,10.57505150155648,0.27654015572054935,0.05238321356345743,10973,0.005,0.4908393917126293,0.30116846022584315,False,396.70092913418193,False,False
mixed,3.0,109,fixed_10,10.0,4.552692407069882,1,59,1.0024755879521385,1.462998832354234,0.9732001450066532,13091,0.9532503246505233,11.259873195325033,365,1.3096291347886702,0.15137901412553806,1983.437862729436,20.955292621151393,0.07494369195388073,12479,0.005,0.7700954614256309,0.16909506206982974,False,579.0058504321205,True,True
mixed,3.0,109,fixed_10,10.0,4.552692407069882,3,30,1.0024755879521385,1.6763593509123147,0.9931690893315819,13091,0.4788786188984799,11.259873195325033,365,1.6107909772223916,0.1676601663523959,233.25439162744888,8.749274631084578,0.014212601278726977,6269,0.005,1.0956028865901795,0.12533748549890938,False,15.171212361681683,True,True
mixed,3.0,109,selected_regression,10.0,4.552692407069882,1,30,1.0024755879521385,1.516883635275996,0.9812625733263955,13091,0.9016881827209533,11.259873195325033,365,1.2663032303010144,0.22013749225263962,458.3411249107569,7.249664849610983,0.06897577429235069,11804,0.005,0.5856225960724843,0.2511339018281501,False,639.1038904796587,True,False
mixed,3.0,109,selected_mle,8.0,4.552692407069882,1,30,0.8700451580531862,1.6397229761979084,0.9786319240468362,16760,0.9357398568019093,8.794928400954653,365,1.3438779872974163,0.24682216192273382,676.2791762239613,8.903667283480909,0.06780841301540413,15683,0.005,0.6577499604159253,0.2605386962592731,False,858.2772856441297,True,True
mixed,3.0,110,iei_rounded,5.0,4.517468905909634,1,30,0.6698246760317978,1.9010383815054803,0.9797538956630119,27451,0.9755200174857018,5.336271902662927,295,1.529047678093141,0.3236950053914819,1324.624277599887,12.003882007143318,0.06890017259800452,26779,0.005,0.8008009393586556,0.2977173120249476,False,1571.267715934504,False,False
mixed,3.0,110,iei_rounded,5.0,4.517468905909634,1,15,0.6698246760317978,1.710265156127208,0.9787985538360833,27451,0.9430621835270118,5.336271902662927,295,1.4311194031337653,0.39820634899147744,228.51539861120114,3.28921684419954,0.05125176018077304,25888,0.005,0.7272576080710231,0.34070523695956256,False,1004.9811247651523,False,False
mixed,3.0,110,iei_rounded,5.0,4.517468905909634,1,59,0.6698246760317978,2.079263924530513,0.9687580756847176,27451,0.9891807220137699,5.336271902662927,295,1.5937569631656192,0.27701068669812323,2871.319977987964,18.006565270473242,0.082830903545,27154,0.005,0.8583407534251115,0.26807922464714284,False,2063.29148416339,False,False
mixed,3.0,110,iei_rounded,5.0,4.517468905909634,3,30,0.6698246760317978,2.0974792800453494,0.9884911368107928,27451,0.40377399730428765,5.336271902662927,295,1.9899065328902932,0.2292793274985679,555.5836138732515,13.478871569164786,0.019458365989265813,11084,0.005,1.4200703999547168,0.14410855126465835,False,31.422699740003736,False,False
mixed,3.0,110,fixed_10,10.0,4.517468905909634,1,30,0.9841117655115738,1.5432721670099494,0.9765729678401719,13108,0.9051724137931034,11.175312786084834,295,1.272859143969944,0.22279948204277822,439.3778988087171,6.923063117650728,0.06518720468884404,11865,0.005,0.5929298519614592,0.25144913187174034,False,640.956060728,True,False
mixed,3.0,110,fixed_10,10.0,4.517468905909634,1,15,0.9841117655115738,1.359519374387669,0.9751032513714967,13108,0.8434543790051877,11.175312786084834,295,1.165680163559868,0.2923629700949887,32.77664832776112,0.847225169993049,0.04744845601166359,11056,0.005,0.5236214851991623,0.28805189273642184,False,365.9395490978277,False,False
mixed,3.0,110,fixed_10,10.0,4.517468905909634,1,59,0.9841117655115738,1.4928576548658563,0.966099999452154,13108,0.9543790051876716,11.175312786084834,295,1.318959174418472,0.1550532181118085,1922.685704499829,20.023838041481774,0.07222292526648938,12510,0.005,0.7657820891313305,0.17420527927248422,False,608.6018152467586,True,True
mixed,3.0,110,fixed_10,10.0,4.517468905909634,3,30,0.9841117655115738,1.7205553286588342,0.9882863168341491,13108,0.4825297528227037,11.175312786084834,295,1.6331859305560297,0.17150401492783324,224.54898936743254,8.363128807804499,0.01691676037501874,6325,0.005,1.0422648785776079,0.14413084419787414,False,20.62231557296036,False,True
mixed,3.0,110,selected_regression,10.0,4.517468905909634,1,30,0.9841117655115738,1.5432721670099494,0.9765729678401719,13108,0.9051724137931034,11.175312786084834,295,1.272859143969944,0.22279948204277822,439.3778988087171,6.923063117650728,0.06518720468884404,11865,0.005,0.5929298519614592,0.25144913187174034,False,640.956060728,True,False
mixed,3.0,110,selected_mle,8.0,4.517468905909634,1,30,0.8614662405113863,1.6512790467625915,0.9802311649616298,16768,0.9389909351145038,8.736044847328245,295,1.352173111472938,0.25077986886240256,629.2591526101651,8.16504407269949,0.06916585224401195,15745,0.005,0.6424142446524421,0.27064339211042554,False,918.9056641722127,True,True
mixed,3.0,111,iei_rounded,5.0,4.512170767812753,1,30,0.6757213767523046,1.8975850056402042,0.9771542350701842,27520,0.9763081395348837,5.356177325581395,321,1.515694799438661,0.31603815142231784,1441.9994612712064,13.365421770501756,0.06587046799371754,26868,0.005,0.825119082781724,0.2801295921720865,False,1430.691104414378,False,False
mixed,3.0,111,iei_rounded,5.0,4.512170767812753,1,15,0.6757213767523046,1.660969223338864,0.981453757803051,27520,0.9420784883720931,5.356177325581395,321,1.4178047475966284,0.3888547724415351,426.6125057173114,6.156545193616263,0.04808027236538254,25926,0.005,0.7812092825323951,0.30609904639808455,False,828.1594587255531,False,False
mixed,3.0,111,iei_rounded,5.0,4.512170767812753,1,59,0.6757213767523046,2.1112186077964545,0.9692962758948214,27520,0.9885174418604651,5.356177325581395,321,1.5863335743161198,0.2751739302774939,2686.563387538346,17.298188463104538,0.08131564359011656,27204,0.005,0.8520471013372004,0.26659871656220185,False,2070.103398374107,False,False
mixed,3.0,111,iei_rounded,5.0,4.512170767812753,3,30,0.6757213767523046,2.103129163626995,0.9862385023699508,27520,0.4047601744186046,5.356177325581395,321,1.9241383397372207,0.2202526380157963,415.7758191710497,10.527450029654696,0.02279918868399672,11139,0.005,1.0876592763168456,0.210471673417426,False,71.0092278617085,False,False
mixed,3.0,111,fixed_10,10.0,4.512170767812753,1,30,0.9767409663574692,1.5159417797209502,0.9766662977655157,13103,0.903075631534763,11.249484850797527,321,1.2646946208748364,0.21856273310927327,511.46511092526964,8.116673605904042,0.0634558102905935,11833,0.005,0.6203264674418543,0.23728113626996275,False,576.037668229721,True,False
mixed,3.0,111,fixed_10,10.0,4.512170767812753,1,15,0.9767409663574692,1.3427777721838894,0.9769484519437078,13103,0.8382813096237502,11.249484850797527,321,1.1631449492301815,0.29021261271621257,66.93195832478068,1.733463757246231,0.046985592796989384,10984,0.005,0.5473338719290572,0.2759084194450322,False,334.6677095759733,False,False
mixed,3.0,111,fixed_10,10.0,4.512170767812753,1,59,0.9767409663574692,1.4969610959247601,0.9753033069578052,13103,0.9534457757765398,11.249484850797527,321,1.3114222470163295,0.1529294370367461,1904.2024790213397,20.350839310162538,0.07073894603620962,12493,0.005,0.7728859407046103,0.1689072245949425,False,577.5007257229881,True,True
mixed,3.0,111,fixed_10,10.0,4.512170767812753,3,30,0.9767409663574692,1.678401919781785,0.9857383787499072,13103,0.48034801190567045,11.249484850797527,321,1.593165180994669,0.16564388604142205,213.42277481030035,8.16462567363107,0.018248522017318497,6294,0.005,0.9966776545472159,0.1449124486194975,False,21.101075304235565,True,True
mixed,3.0,111,selected_regression,10.0,4.512170767812753,1,30,0.9767409663574692,1.5159417797209502,0.9766662977655157,13103,0.903075631534763,11.249484850797527,321,1.2646946208748364,0.21856273310927327,511.46511092526964,8.116673605904042,0.0634558102905935,11833,0.005,0.6203264674418543,0.23728113626996275,False,576.037668229721,True,False
mixed,3.0,111,selected_mle,8.0,4.512170767812753,1,30,0.8604417670682731,1.650472959989873,0.9758748175069495,16653,0.9359274605176244,8.851378130066655,321,1.3491312283294672,0.2486650514671488,680.5560317415525,8.950165496248127,0.06684208660558538,15586,0.005,0.6661467161589808,0.25981653523005954,False,844.8500394305884,True,True
mixed,3.0,112,iei_rounded,4.0,4.4457814756240115,1,30,0.6027667984189723,2.0607586336739048,0.9751985095923366,34306,0.9829767387628986,4.362677082726054,335,1.6125567114376285,0.3658817195468582,1631.6087927412186,13.027068759620176,0.07033355172698369,33722,0.005,0.8657609152786706,0.3162281060118183,False,2004.8967826411972,False,False
mixed,3.0,112,iei_rounded,4.0,4.4457814756240115,1,15,0.6027667984189723,1.8001700407509174,0.9821203735142736,34306,0.9586952719640879,4.362677082726054,335,1.5144494650298146,0.43448514925508586,485.1767181079687,5.965663106641083,0.05240826317411407,32889,0.005,0.8187336000397794,0.34483053112937245,False,1221.9181163449102,False,False
mixed,3.0,112,iei_rounded,4.0,4.4457814756240115,1,59,0.6027667984189723,2.1777862961634167,0.9665027127440219,34306,0.9937620241357197,4.362677082726054,335,1.6703840605230074,0.3181420065812871,3592.2890436689718,19.347514604402473,0.08263339979755852,34092,0.005,0.9333113087708715,0.27990375726734223,False,2477.0467504385742,False,False
mixed,3.0,112,iei_rounded,4.0,4.4457814756240115,3,30,0.6027667984189723,2.2836478528681985,0.9832857893572922,34306,0.36582522007812046,4.362677082726054,335,2.0809038399436357,0.24872392910253988,532.1692012118453,11.973075412462617,0.01845624807282853,12550,0.005,1.269064189855203,0.20763807413430124,False,71.19953105849709,False,False
mixed,3.0,112,fixed_10,10.0,4.4457814756240115,1,30,1.0232974910394266,1.550875707009211,0.9777911891525485,13055,0.8994255074684029,11.464266564534661,335,1.2744721923041613,0.22505814790989337,350.77613256327885,5.541088966754864,0.07190564848931802,11742,0.005,0.5394698446716902,0.27254425279353517,False,737.2700863437858,True,False
mixed,3.0,112,fixed_10,10.0,4.4457814756240115,1,15,1.0232974910394266,1.3837321651513221,0.969907361088938,13055,0.839065492148602,11.464266564534661,335,1.1653801120127572,0.29557887365801194,-60.53706525799471,-1.5706314586102392,0.05421883538269362,10954,0.005,0.43272534044251226,0.32941351127047314,False,470.4139007662234,False,False
mixed,3.0,112,fixed_10,10.0,4.4457814756240115,1,59,1.0232974910394266,1.4496550511754753,0.963188045379375,13055,0.9521256223669092,11.464266564534661,335,1.313113624326979,0.15207575704321658,2004.926714542693,20.96045751214705,0.07652640948111977,12430,0.005,0.7614554430987998,0.17326490977635897,False,601.8331878680474,True,True
mixed,3.0,112,fixed_10,10.0,4.4457814756240115,3,30,1.0232974910394266,1.7307192897042958,0.9913045792620927,13055,0.4812715434699349,11.464266564534661,335,1.6683257002311809,0.1757192733803693,261.95614027299314,9.649096374800214,0.017721181047132745,6283,0.005,1.2066271973080007,0.11294081200975653,False,11.69924773133971,False,True
mixed,3.0,112,selected_regression,10.0,4.4457814756240115,1,30,1.0232974910394266,1.550875707009211,0.9777911891525485,13055,0.8994255074684029,11.464266564534661,335,1.2744721923041613,0.22505814790989337,350.77613256327885,5.541088966754864,0.07190564848931802,11742,0.005,0.5394698446716902,0.27254425279353517,False,737.2700863437858,True,False
mixed,3.0,112,selected_mle,8.0,4.4457814756240115,1,30,0.8567401590657404,1.6725067678300152,0.9760155138247693,16748,0.9343205158824934,8.936350609027944,335,1.3576133593726443,0.2535686637669198,583.259041139656,7.589136049205094,0.07044619224820653,15648,0.005,0.6313182316006092,0.2777327565056422,False,953.94401119127,True,True
mixed,3.0,113,iei_rounded,4.0,4.42668888934057,1,30,0.605249916135525,2.0307986202825834,0.9814437693669915,34260,0.9833917104495038,4.430793928779918,310,1.6048489581882581,0.360912629099192,1716.3480830324493,13.670213567676276,0.06719531102956555,33691,0.005,0.876183722881163,0.30714987895726276,False,1918.432512839543,False,False
mixed,3.0,113,iei_rounded,4.0,4.42668888934057,1,15,0.605249916135525,1.801635137783436,0.9808603713469264,34260,0.9576474022183304,4.430793928779918,310,1.5091917741307252,0.43201684436832144,479.44113609049543,5.9314736833779484,0.04971314554751016,32809,0.005,0.8249023773073186,0.33845923668831074,False,1181.7526372466527,False,False
mixed,3.0,113,iei_rounded,4.0,4.42668888934057,1,59,0.605249916135525,2.1822273163115056,0.9684767468534743,34260,0.9930823117338003,4.430793928779918,310,1.6667459024778086,0.31739911266129306,3447.3500264255404,18.650513389165244,0.08049508695124696,34023,0.005,0.9257226086550614,0.2809764951363358,False,2502.650652449229,False,False
mixed,3.0,113,iei_rounded,4.0,4.42668888934057,3,30,0.605249916135525,2.2460708794760667,0.992096865024652,34260,0.3718038528896673,4.430793928779918,310,2.072782893820902,0.2469024022317013,551.0263269308784,12.318555294887966,0.023242067776909903,12738,0.005,1.264212391529733,0.2066190177686142,False,71.95459396549995,False,False
mixed,3.0,113,fixed_10,10.0,4.42668888934057,1,30,0.996811754920987,1.510910208079705,0.9822103633265855,12996,0.8978916589719914,11.680440135426284,310,1.265538172723387,0.2192902552234669,482.3278749740106,7.64821943997561,0.06394082527877498,11669,0.005,0.6069324821441504,0.2427245105911645,False,592.6524103545817,True,False
mixed,3.0,113,fixed_10,10.0,4.42668888934057,1,15,0.996811754920987,1.3715760253902685,0.9712485816263603,12996,0.8334102800861803,11.680440135426284,310,1.1650601462306565,0.2929022786402583,10.89910244645312,0.2868244141224055,0.047794824173084616,10831,0.005,0.5110831495095474,0.29343655224787296,False,371.72537397000997,False,False
mixed,3.0,113,fixed_10,10.0,4.42668888934057,1,59,0.996811754920987,1.43378741236399,0.974287144316077,12996,0.9517543859649122,11.680440135426284,310,1.3045701131363412,0.14850741883215107,2075.9927809827886,21.922686072845924,0.06899287223179995,12369,0.005,0.79769272069181,0.15825708849708015,False,508.72583625542757,True,True
mixed,3.0,113,fixed_10,10.0,4.42668888934057,3,30,0.996811754920987,1.6716382205130855,0.9941125497358135,12996,0.4801477377654663,11.680440135426284,310,1.6114628702915912,0.16776607270690153,232.11459693713255,8.768251025646347,0.01811848999851129,6240,0.005,1.0715139368052373,0.13138417933201307,False,16.75184943309432,True,True
mixed,3.0,113,selected_regression,10.0,4.42668888934057,1,30,0.996811754920987,1.510910208079705,0.9822103633265855,12996,0.8978916589719914,11.680440135426284,310,1.265538172723387,0.2192902552234669,482.3278749740106,7.64821943997561,0.06394082527877498,11669,0.005,0.6069324821441504,0.2427245105911645,False,592.6524103545817,True,False
mixed,3.0,113,selected_mle,8.0,4.42668888934057,1,30,0.8624974536565492,1.668754965858785,0.97583115315947,16566,0.9314861765060968,9.163286248943619,310,1.348956215109295,0.24998934053026617,590.8815335625811,7.841123912384013,0.06733600637477483,15431,0.005,0.6444265207628995,0.26826000763145486,False,888.1676655701303,True,True
mixed,3.0,114,iei_rounded,4.0,4.437849713363771,1,30,0.6146502196688071,2.0374172691915966,0.9806378950599653,34167,0.9835221119793953,4.3864840343021045,312,1.600565672139945,0.3598977512175745,1600.7062850326465,12.85429094292975,0.06949744349459047,33604,0.005,0.85581672044082,0.3137648982090543,False,1998.5487280579546,False,False
mixed,3.0,114,iei_rounded,4.0,4.437849713363771,1,15,0.6146502196688071,1.7862385370029903,0.9813963408217534,34167,0.9583516258377967,4.3864840343021045,312,1.501431695275821,0.42832798279229634,476.3024359642817,5.910630717880154,0.05132566161733271,32744,0.005,0.8125224303857628,0.34005690885024065,False,1197.7563294058345,False,False
mixed,3.0,114,iei_rounded,4.0,4.437849713363771,1,59,0.6146502196688071,2.2538918315150545,0.959077942154356,34167,0.9933268943717622,4.3864840343021045,312,1.6632151394844907,0.3177951234419819,3186.7648046613376,17.81743146170192,0.08301397275414873,33939,0.005,0.9036649859620672,0.28804119038679576,False,2618.1166864475526,False,False
mixed,3.0,114,iei_rounded,4.0,4.437849713363771,3,30,0.6146502196688071,2.257519069347038,0.9917939596650147,34167,0.37264026692422514,4.3864840343021045,312,2.0706772749750346,0.2468758333222313,531.8701136496541,11.895901728271086,0.02082236145108629,12732,0.005,1.244389303863198,0.2111272485843548,False,75.180436163384,False,False
mixed,3.0,114,fixed_10,10.0,4.437849713363771,1,30,0.9769079132638694,1.53495294845686,0.9739968955050318,12945,0.8987253765932792,11.577674777906527,312,1.2686076985207588,0.22060774803218974,467.22673804932975,7.484344047945867,0.06385927867910662,11634,0.005,0.6101464658666267,0.242939439923593,False,590.5861506360889,True,False
mixed,3.0,114,fixed_10,10.0,4.437849713363771,1,15,0.9769079132638694,1.3522918359412508,0.9758092888549103,12945,0.8355349555813055,11.577674777906527,312,1.1648172959025889,0.29124108278353533,54.35842234508968,1.424880256487467,0.04681772449712174,10816,0.005,0.5423679127027541,0.2790537285253271,False,336.6170454558596,False,False
mixed,3.0,114,fixed_10,10.0,4.437849713363771,1,59,0.9769079132638694,1.468648666472559,0.9748814022340505,12945,0.9502510621861723,11.577674777906527,312,1.3113350480514594,0.1518449902763691,1959.30451349702,20.81510890021474,0.07002016753560736,12301,0.005,0.7846634899549368,0.16508256779116065,False,544.6175040604721,True,True
mixed,3.0,114,fixed_10,10.0,4.437849713363771,3,30,0.9769079132638694,1.7085304115792115,0.9835975832632468,12945,0.47833140208574737,11.577674777906527,312,1.6099477710918126,0.16833833825534106,206.74240265110728,7.904902761958891,0.016811097619351928,6192,0.005,0.9969593966170842,0.14918103423104778,False,21.912688553908083,False,True
mixed,3.0,114,selected_regression,10.0,4.437849713363771,1,30,0.9769079132638694,1.53495294845686,0.9739968955050318,12945,0.8987253765932792,11.577674777906527,312,1.2686076985207588,0.22060774803218974,467.22673804932975,7.484344047945867,0.06385927867910662,11634,0.005,0.6101464658666267,0.242939439923593,False,590.5861506360889,True,False
mixed,3.0,114,selected_mle,8.0,4.437849713363771,1,30,0.8706401313089864,1.6420208667446314,0.9795891492238679,16572,0.9345281197200097,9.04374849143133,312,1.3381116375553486,0.24582947236797542,596.9951339368831,7.934407782148626,0.06837660386312155,15487,0.005,0.6341961850124427,0.26693138315161774,False,891.100909999659,True,True
mixed,3.0,115,iei_rounded,4.0,4.441474038236226,1,30,0.6028368794326241,2.0130343158360775,0.9834253420852428,34203,0.984416571645762,4.364880273660205,346,1.6099317351590816,0.3617956092175031,1876.9803644264205,14.805752023077156,0.06703839278340962,33670,0.005,0.8973035815069875,0.3006425571959769,False,1833.325732752186,False,False
mixed,3.0,115,iei_rounded,4.0,4.441474038236226,1,15,0.6028368794326241,1.8039412013080904,0.9819198611706281,34203,0.958600122796246,4.364880273660205,346,1.5166049483923256,0.4348091624475212,533.5249641834998,6.58604953682846,0.050108733513017756,32787,0.005,0.8397136869661915,0.33539605441042514,False,1153.499667830547,False,False
mixed,3.0,115,iei_rounded,4.0,4.441474038236226,1,59,0.6028368794326241,2.2170593334615574,0.9804161954313588,34203,0.9935385784872672,4.364880273660205,346,1.6728005225173614,0.32124907652717594,3396.6053899413637,18.83529805546805,0.0806103008237044,33982,0.005,0.9346902864236563,0.28069508899320256,False,2471.2437159195542,False,False
mixed,3.0,115,iei_rounded,4.0,4.441474038236226,3,30,0.6028368794326241,2.212479051652756,0.9929218196094787,34203,0.367687044996053,4.364880273660205,346,2.0619177881968387,0.24414136407070974,574.8448224574008,12.851918230055983,0.01809241111716614,12576,0.005,1.330281082777441,0.18663868354782687,False,58.30586487404071,False,False
mixed,3.0,115,fixed_10,10.0,4.441474038236226,1,30,0.9888779388990567,1.5272039844695127,0.9813465213095054,12908,0.8985125503563681,11.565850635264953,346,1.2706385212364193,0.22218249976569815,422.4429170596083,6.699791525802133,0.06833506132636447,11598,0.005,0.5759438202424962,0.2568437579441548,False,653.1285927619538,True,False
mixed,3.0,115,fixed_10,10.0,4.441474038236226,1,15,0.9888779388990567,1.3790422478862145,0.9696758184304902,12908,0.8361481251936783,11.565850635264953,346,1.166158093424313,0.2945164957426536,-22.537109210457757,-0.5917466065837098,0.051533338588652555,10793,0.005,0.472844002121419,0.31148516471218457,False,415.72858284350514,False,False
mixed,3.0,115,fixed_10,10.0,4.441474038236226,1,59,0.9888779388990567,1.4572784040409916,0.9732162197156355,12908,0.9503408738766657,11.565850635264953,346,1.3119701566632909,0.1518524411311487,1968.701865972014,20.842785339877352,0.07385834399629354,12267,0.005,0.7717456803963303,0.16949174039945236,False,570.4306536721124,True,True
mixed,3.0,115,fixed_10,10.0,4.441474038236226,3,30,0.9888779388990567,1.6933018652947591,0.9940928939199215,12908,0.47916021072203285,11.565850635264953,346,1.6352719226944732,0.17106260133978507,241.87375886066678,9.062555558540398,0.016968459454996226,6185,0.005,1.1228375121278074,0.12496950606843557,False,14.685918270595721,True,True
mixed,3.0,115,selected_regression,10.0,4.441474038236226,1,30,0.9888779388990567,1.5272039844695127,0.9813465213095054,12908,0.8985125503563681,11.565850635264953,346,1.2706385212364193,0.22218249976569815,422.4429170596083,6.699791525802133,0.06833506132636447,11598,0.005,0.5759438202424962,0.2568437579441548,False,653.1285927619538,True,False
mixed,3.0,115,selected_mle,8.0,4.441474038236226,1,30,0.8741506946557144,1.6598667057892702,0.9769586047598106,16454,0.932417649203841,9.073295247356265,346,1.3549426948663186,0.2510506902980767,659.509469476217,8.703849123848343,0.06682692123164674,15342,0.005,0.6654883906373442,0.2629266246764853,False,846.2220805370162,True,True
mixed,3.0,116,iei_rounded,5.0,4.636424230262026,1,30,0.6861938104655514,1.9209404137497685,0.9784254774411525,27795,0.9774779636625293,5.170570246447203,264,1.5261924447877018,0.3233534919774732,1259.7084598139224,11.516847672203653,0.07106662034902383,27169,0.005,0.787605772690505,0.30180891508930563,False,1639.4418779399275,False,False
mixed,3.0,116,iei_rounded,5.0,4.636424230262026,1,15,0.6861938104655514,1.6970118215333667,0.9795073336811706,27795,0.9450980392156862,5.170570246447203,264,1.426117898920074,0.3955470541933134,255.47026902637242,3.6629566467854593,0.05295027966486632,26269,0.005,0.7251983463886926,0.33875181838768165,False,1012.5411891344993,False,False
mixed,3.0,116,iei_rounded,5.0,4.636424230262026,1,59,0.6861938104655514,2.0864502312878215,0.969326046636554,27795,0.9898183126461594,5.170570246447203,264,1.594483709142187,0.2796451854635965,2686.9815468816123,16.735917086353833,0.08583978534104386,27512,0.005,0.8363106430366315,0.27709743661929453,False,2210.3896647680667,False,False
mixed,3.0,116,iei_rounded,5.0,4.636424230262026,3,30,0.6861938104655514,2.1291227406681843,0.9886235507164781,27795,0.4023745277927685,5.170570246447203,264,1.9724197300890314,0.22779117895209772,480.0003042006098,11.792818586720493,0.017565818277083478,11184,0.005,1.2540507343896021,0.18152569461237847,False,51.50544858650392,False,False
mixed,3.0,116,fixed_10,10.0,4.636424230262026,1,30,0.9831714324805035,1.5205866553289653,0.9812104443723338,13150,0.9041825095057034,10.928973384030419,264,1.2792522137723044,0.2238397048554676,498.3156002762446,7.759998299295868,0.0710184374239225,11890,0.005,0.5944547547296058,0.253888009337666,False,651.1217961817092,True,False
mixed,3.0,116,fixed_10,10.0,4.636424230262026,1,15,0.9831714324805035,1.4083849114314249,0.9699707931974603,13150,0.8393155893536122,10.928973384030419,264,1.1853086166409152,0.30265815751715963,-52.80872242930636,-1.3502594045691394,0.05667119645769714,11037,0.005,0.44674794645460525,0.3339563308785865,False,481.82512329373276,False,False
mixed,3.0,116,fixed_10,10.0,4.636424230262026,1,59,0.9831714324805035,1.4661232103326254,0.9814222759250657,13150,0.955361216730038,10.928973384030419,264,1.3201495862916648,0.15393632551031194,2050.220656325542,21.56073028438728,0.0764453233549528,12563,0.005,0.7833199459317441,0.16900565807965806,False,576.7224643134541,True,True
mixed,3.0,116,fixed_10,10.0,4.636424230262026,3,30,0.9831714324805035,1.6703927428514098,0.991000299629508,13150,0.47422053231939165,10.928973384030419,264,1.6309775291313375,0.16945155363337666,271.4712495560107,10.239282104226588,0.020085853909063978,6236,0.005,1.2497019994273162,0.09288963632827402,False,7.373802515590796,True,True
mixed,3.0,116,selected_regression,10.0,4.636424230262026,1,30,0.9831714324805035,1.5205866553289653,0.9812104443723338,13150,0.9041825095057034,10.928973384030419,264,1.2792522137723044,0.2238397048554676,498.3156002762446,7.759998299295868,0.0710184374239225,11890,0.005,0.5944547547296058,0.253888009337666,False,651.1217961817092,True,False
mixed,3.0,116,selected_mle,8.0,4.636424230262026,1,30,0.8603007069600717,1.6686701258582823,0.9750505317110285,16868,0.9386412141332701,8.520037941664691,264,1.3515733475812137,0.2508924480246878,611.9981858180835,8.037119604313961,0.07062649157005507,15833,0.005,0.6360765038295078,0.27284220430838224,False,938.5865120515082,True,True
mixed,3.0,117,iei_rounded,5.0,4.515894889650965,1,30,0.6703788623212141,1.914781049751095,0.9820986287859392,27589,0.975569973540179,5.319547645800863,308,1.524476670352895,0.3239185733794062,1134.6263276862055,10.335925281914976,0.07072251620902781,26915,0.005,0.7685474243559149,0.30904089394437084,False,1698.729824105947,False,False
mixed,3.0,117,iei_rounded,5.0,4.515894889650965,1,15,0.6703788623212141,1.709236951920469,0.9755956564584312,27589,0.944398129689369,5.319547645800863,308,1.420409355667763,0.3940757349258184,188.64185212412855,2.7410953576647796,0.0517690794181615,26055,0.005,0.7110282157503057,0.3424052433292747,False,1029.4930031694676,False,False
mixed,3.0,117,iei_rounded,5.0,4.515894889650965,1,59,0.6703788623212141,2.0699748283706993,0.9768262550721627,27589,0.9888361303418028,5.319547645800863,308,1.5909457411161991,0.27804468499551094,2643.4627937933697,16.486055718234198,0.08506093394808328,27281,0.005,0.8283179809928094,0.2783255332964672,False,2220.1841917694255,False,False
mixed,3.0,117,iei_rounded,5.0,4.515894889650965,3,30,0.6703788623212141,2.1206705238305013,0.9939666973874244,27589,0.405958896661713,5.319547645800863,308,1.9925060795726157,0.23153199998908758,481.6394498243856,11.541895444977733,0.02111713834798551,11200,0.005,1.2179561633497467,0.19620945240729099,False,59.65273529069964,False,False
mixed,3.0,117,fixed_10,10.0,4.515894889650965,1,30,0.9900110987791343,1.5351247287169498,0.9748622418435983,13023,0.9024034400675728,11.269369576902404,308,1.26831410289841,0.22165614370858022,414.7202122555538,6.544240001540579,0.06622099849946239,11752,0.005,0.5771177489655958,0.2553000598935814,False,655.4259670941028,True,False
mixed,3.0,117,fixed_10,10.0,4.515894889650965,1,15,0.9900110987791343,1.3855759611832494,0.9657543467394099,13023,0.8397450664209476,11.269369576902404,308,1.1627263224553506,0.29333072487210443,-24.827464776912972,-0.6553113130746507,0.0490439648067138,10936,0.005,0.48275857013577456,0.30510157373316066,False,405.35545537299913,False,False
mixed,3.0,117,fixed_10,10.0,4.515894889650965,1,59,0.9900110987791343,1.4622383393620655,0.9687222762547494,13023,0.9540044536589112,11.269369576902404,308,1.3109870192353643,0.15189603437472693,1966.2203123186757,20.650871901380334,0.07217413380085502,12424,0.005,0.7684414912013349,0.17016592243792092,False,582.6123729008104,True,True
mixed,3.0,117,fixed_10,10.0,4.515894889650965,3,30,0.9900110987791343,1.7088645147429748,0.9850857782535181,13023,0.48299163019273594,11.269369576902404,308,1.6302810723623669,0.17110983131884588,221.53825115841553,8.261649808717404,0.02008245604024239,6290,0.005,0.9936274944678839,0.155271870405848,False,24.075955157139106,False,True
mixed,3.0,117,selected_regression,10.0,4.515894889650965,1,30,0.9900110987791343,1.5351247287169498,0.9748622418435983,13023,0.9024034400675728,11.269369576902404,308,1.26831410289841,0.22165614370858022,414.7202122555538,6.544240001540579,0.06622099849946239,11752,0.005,0.5771177489655958,0.2553000598935814,False,655.4259670941028,True,False
mixed,3.0,117,selected_mle,8.0,4.515894889650965,1,30,0.8733703890853967,1.658069151786091,0.9780820459563047,16655,0.9366556589612729,8.811828279795858,308,1.3472996797571266,0.24988644503582136,565.656805526692,7.409622022659605,0.06979803686621433,15600,0.005,0.6253841244880735,0.2749278119253946,False,941.3332971350465,True,True
mixed,3.0,118,iei_rounded,4.0,4.468144196661809,1,30,0.6281168667618168,2.0175499222803737,0.9829653845497256,34396,0.9838644028375393,4.350505872775904,326,1.598097930657362,0.3592704293144753,1551.4280434759835,12.271515857061033,0.07157897561235782,33841,0.005,0.8347073744673376,0.3217484014928197,False,2111.7890018176986,False,False
mixed,3.0,118,iei_rounded,4.0,4.468144196661809,1,15,0.6281168667618168,1.8184299069496663,0.9786181536208214,34396,0.957553203860914,4.350505872775904,326,1.5022925170757748,0.43205443459542625,245.96582617633035,3.055009663565077,0.05421697868080205,32936,0.005,0.7579459549148443,0.3685109574841461,False,1401.8989105926303,False,False
mixed,3.0,118,iei_rounded,4.0,4.468144196661809,1,59,0.6281168667618168,2.207281366198231,0.9641338615904975,34396,0.9938364926154204,4.350505872775904,326,1.6605586457986607,0.31603795226765596,3238.1913867940875,17.748262687203876,0.08500419196496756,34184,0.005,0.890533980257744,0.29192932207678024,False,2708.692631710175,False,False
mixed,3.0,118,iei_rounded,4.0,4.468144196661809,3,30,0.6281168667618168,2.2262436604324782,0.9939479946251296,34396,0.37536341435050585,4.350505872775904,326,2.088824770759226,0.24860694097818165,630.185190681975,13.847483903874773,0.021632787956221255,12911,0.005,1.4034200429900128,0.17528048903593083,False,51.8978666130497,False,False
mixed,3.0,118,fixed_10,10.0,4.468144196661809,1,30,1.0166502045999717,1.5206079738514546,0.9767387975523615,13030,0.8999232540291635,11.484267075978511,326,1.2486732269746081,0.21661891944645012,333.90185430872697,5.369105906463342,0.06805737135965778,11726,0.005,0.5322025676598475,0.26298400114905346,False,701.0576334249563,True,False
mixed,3.0,118,fixed_10,10.0,4.468144196661809,1,15,1.0166502045999717,1.3722420800449358,0.9612128837401134,13030,0.834535686876439,11.484267075978511,326,1.1409682209387828,0.28714358519186856,-72.21628895136935,-1.9462662460460138,0.050748042402646354,10874,0.005,0.4296112643957553,0.3175345457075018,False,440.05380378341215,False,False
mixed,3.0,118,fixed_10,10.0,4.468144196661809,1,59,1.0166502045999717,1.4765984059760306,0.9746909384668495,13030,0.9515732924021489,11.484267075978511,326,1.2971921804795041,0.15034188456099828,1749.9940771461224,18.729676534647425,0.07532258810566428,12399,0.005,0.7133234978818696,0.18238011129289755,False,670.4899737061496,True,False
mixed,3.0,118,fixed_10,10.0,4.468144196661809,3,30,1.0166502045999717,1.7010035532156305,0.9905237144902737,13030,0.4909439754412893,11.484267075978511,326,1.6149463839993796,0.16942536197377805,204.15498588451567,7.656772491185325,0.02292272158901565,6397,0.005,0.8917304032524148,0.17617897434815016,False,32.188806955229666,False,True
mixed,3.0,118,selected_regression,10.0,4.468144196661809,1,30,1.0166502045999717,1.5206079738514546,0.9767387975523615,13030,0.8999232540291635,11.484267075978511,326,1.2486732269746081,0.21661891944645012,333.90185430872697,5.369105906463342,0.06805737135965778,11726,0.005,0.5322025676598475,0.26298400114905346,False,701.0576334249563,True,False
mixed,3.0,118,selected_mle,8.0,4.468144196661809,1,30,0.87422934648582,1.64830295493114,0.9759787898289343,16638,0.9347878350763313,8.993869455463397,326,1.3322867957974633,0.24492500738407796,521.9817055359913,6.950936793138407,0.07002527690765287,15553,0.005,0.6068977066425513,0.274736315502156,False,948.9197325490823,True,True
mixed,3.0,119,iei_rounded,4.0,4.463877567880156,1,30,0.6134220276187269,1.998363434094922,0.9819397505004255,34385,0.9847898793078377,4.345150501672241,353,1.5994373604604082,0.3564635452487076,1879.0524505339781,14.839603837266846,0.06752612078856535,33862,0.005,0.8883010380771493,0.2987045231429179,False,1845.2378995204926,False,False
mixed,3.0,119,iei_rounded,4.0,4.463877567880156,1,15,0.6134220276187269,1.7846004019573132,0.9800600726650495,34385,0.9584702631961611,4.345150501672241,353,1.5043454614820586,0.4284989497123678,565.6618378453535,7.001809562060367,0.05024584026122875,32957,0.005,0.8372284864964122,0.32922760678511664,False,1130.8184387111542,False,False
mixed,3.0,119,iei_rounded,4.0,4.463877567880156,1,59,0.6134220276187269,2.213859510623532,0.9751385472079994,34385,0.9940380980078523,4.345150501672241,353,1.6636688466798528,0.3165226426976143,3372.6019282615393,18.734942999931864,0.08142993438640744,34180,0.005,0.9225698565926402,0.28054271724697183,False,2520.0220057147963,False,False
mixed,3.0,119,iei_rounded,4.0,4.463877567880156,3,30,0.6134220276187269,2.1946217167599964,0.9903671784916397,34385,0.370452232077941,4.345150501672241,353,2.036238230737892,0.24015232329041275,533.2349185454223,11.915982836146924,0.02241479115017292,12738,0.005,1.207165926242519,0.2110720659925753,False,76.78682298685453,False,False
mixed,3.0,119,fixed_10,10.0,4.463877567880156,1,30,1.0130459444129325,1.5258437472331126,0.9781318685189238,12858,0.8967179965780059,11.61984756571784,353,1.260930378225586,0.21934331625445957,397.2716950875421,6.430142867375546,0.07001027813958788,11530,0.005,0.5631251864215837,0.2571099298857011,False,655.0230966075906,True,False
mixed,3.0,119,fixed_10,10.0,4.463877567880156,1,15,1.0130459444129325,1.3348869577404499,0.9740563775963413,12858,0.8343443770415305,11.61984756571784,353,1.1514289899599657,0.287529663059236,22.018581448297944,0.581956703073714,0.05227768617235029,10728,0.005,0.4873182824898533,0.2969580479004604,False,379.30060435005726,False,False
mixed,3.0,119,fixed_10,10.0,4.463877567880156,1,59,1.0130459444129325,1.4402549746927813,0.9729951739157051,12858,0.9510810390418416,11.61984756571784,353,1.3005153833482925,0.14838105634957072,1964.725423163176,21.06670672449889,0.07483779469111346,12229,0.005,0.767102670786315,0.16646078415670185,False,555.3647937554633,True,True
mixed,3.0,119,fixed_10,10.0,4.463877567880156,3,30,1.0130459444129325,1.6964134790946652,0.9906771967691039,12858,0.47977912583605536,11.61984756571784,353,1.6137088926597851,0.1684793414664294,218.81815453266407,8.344875799280171,0.01619665912219434,6169,0.005,1.0596306718413486,0.13486054535142153,False,17.50146254293213,True,True
mixed,3.0,119,selected_regression,10.0,4.463877567880156,1,30,1.0130459444129325,1.5258437472331126,0.9781318685189238,12858,0.8967179965780059,11.61984756571784,353,1.260930378225586,0.21934331625445957,397.2716950875421,6.430142867375546,0.07001027813958788,11530,0.005,0.5631251864215837,0.2571099298857011,False,655.0230966075906,True,False
mixed,3.0,119,selected_mle,8.0,4.463877567880156,1,30,0.8739161481179231,1.6454860215439087,0.977021062095965,16516,0.9341244853475418,9.046258173891983,353,1.34104887349576,0.24620667734868446,638.3625246376242,8.539863088976212,0.06964501567596298,15428,0.005,0.6479654122971756,0.2629846872867392,False,861.2073464448476,True,True
capped,3.0,100,iei_rounded,1.0,1.2953549076956945,1,30,0.36902982902167797,2.1291427950139523,0.996954950814213,63852,0.9919344734698992,2.7251299880974753,59,1.9793966688108515,0.5353872256751235,9612.500334108372,44.93898726747887,0.02089605142120521,63337,0.005,1.714701128883884,0.12382782666632622,False,403.6752965050109,False,False
capped,3.0,100,iei_rounded,1.0,1.2953549076956945,1,15,0.36902982902167797,2.117677725006802,0.9967323044275509,63852,0.9764142078556662,2.7251299880974753,59,1.9507887477544141,0.6414600136795372,4765.539665006191,36.29129863316419,0.016328001032100414,62346,0.005,1.666735037153182,0.15530435743109314,False,323.97569545160513,False,False
capped,3.0,100,iei_rounded,1.0,1.2953549076956945,1,59,0.36902982902167797,2.146725624717674,0.9771812505857466,63852,1.0,2.7251299880974753,59,1.990860149371473,0.45721372594437715,15633.548321970178,48.153382279243566,0.022972056740941493,63852,0.005,1.7655495109514485,0.09415469498467172,False,378.1091199264338,False,False
capped,3.0,100,iei_rounded,1.0,1.2953549076956945,3,30,0.36902982902167797,2.182650692023625,0.9960423944819269,63852,0.23388460815636158,2.7251299880974753,59,2.2170413289968796,0.26612688014357033,1186.1890091153393,22.375002951719996,0.0033589489053493793,14934,0.57,2.2170413289968796,0.0,False,-2.000000000014552,False,False
capped,3.0,100,fixed_10,10.0,1.2953549076956945,1,30,1.420421075597251,1.528860815943925,0.9876320223225131,15020,0.8560585885486018,11.584886817576564,60,1.4905974858438693,0.266845614286346,2351.854963482526,30.773661817153872,0.004958239344449167,12858,0.16,1.4349247821267936,0.0215446255181517,False,2.7244267353598843,False,False
capped,3.0,100,fixed_10,10.0,1.2953549076956945,1,15,1.420421075597251,1.5213964918598937,0.9950707869517932,15020,0.8007989347536618,11.584886817576564,60,1.4841284381971906,0.3881825524660206,1030.754023513787,20.898762069693895,0.004636034677913847,12028,0.195,1.420275779723435,0.030493943551585793,False,1.880974313346087,False,False
capped,3.0,100,fixed_10,10.0,1.2953549076956945,1,59,1.420421075597251,1.4947252220204021,0.9773642880474391,15020,0.8968042609853528,11.584886817576564,60,1.4891172042043461,0.18182198897021146,4425.69636393942,40.40553428731851,0.00472462704026666,13470,0.16,1.462641520686861,0.008670977178563492,False,-0.4627902318388806,False,False
capped,3.0,100,fixed_10,10.0,1.2953549076956945,3,30,1.420421075597251,1.5532934074359368,0.977688178622023,15020,0.34826897470039947,11.584886817576564,60,1.5340512997071816,0.15394378904598538,247.1122255945424,10.687582654069235,0.00386556663067239,5231,0.96,1.4829176249306595,0.012324573674962395,False,-1.854412757911632,False,False
capped,3.0,100,selected_regression,4.0,1.2953549076956945,1,30,0.9828894806924101,1.528860815943925,0.9876320223225131,15020,0.8560585885486018,11.584886817576564,60,1.4905974858438693,0.266845614286346,2351.854963482526,30.773661817153872,0.004958239344449167,12858,0.155,1.4349247821267936,0.0215446255181517,False,2.7244267353598843,True,True
capped,3.0,100,selected_mle,4.0,1.2953549076956945,1,30,0.9828894806924101,1.528860815943925,0.9876320223225131,15020,0.8560585885486018,11.584886817576564,60,1.4905974858438693,0.266845614286346,2351.854963482526,30.773661817153872,0.004958239344449167,12858,0.155,1.4349247821267936,0.0215446255181517,False,2.7244267353598843,True,True
capped,3.0,101,iei_rounded,1.0,1.2862704044532485,1,30,0.3763667112404625,2.0978391992937864,0.9955782666210419,63192,0.9922300291176098,2.7539245474110645,59,1.9623795315494288,0.5231952926141337,9675.162830136669,45.303957370775684,0.021629196604229795,62701,0.005,1.6993992879350488,0.12220082943662768,False,399.2627573602658,False,False
capped,3.0,101,iei_rounded,1.0,1.2862704044532485,1,15,0.3763667112404625,2.1082707080689684,0.9961488115287279,63192,0.975534877832637,2.7539245474110645,59,1.935800520399658,0.6333778010653752,4605.019464206979,35.41729408928174,0.01741836354225723,61646,0.005,1.638923411001923,0.16179740565707168,False,352.80921222033794,False,False
capped,3.0,101,iei_rounded,1.0,1.2862704044532485,1,59,0.3763667112404625,2.198614095430464,0.9603753562290657,63192,1.0,2.7539245474110645,59,1.9776485742556016,0.451171126858135,15162.371941080635,48.166046654072325,0.024478095596647154,63192,0.005,1.7379457126416136,0.09974998425249341,False,427.07796826103004,False,False
capped,3.0,101,iei_rounded,1.0,1.2862704044532485,3,30,0.3763667112404625,2.141520750015148,0.9931309491137522,63192,0.237719964552475,2.7539245474110645,59,2.1874544362186494,0.2600138664186181,1198.7475111193007,22.68284820099166,0.006687765674925461,15022,0.05,2.1874544362186494,0.0,False,-2.0,False,False
capped,3.0,101,fixed_10,10.0,1.2862704044532485,1,30,1.5037645448323067,1.4665040449429305,0.9922171700746264,14502,0.8511929389049786,12.000137912012136,60,1.4579105071028433,0.25216583629256595,2344.449556614864,31.819104825600373,0.003145325721040315,12344,0.655,1.4579105071028433,0.0,False,-2.000000000014552,False,False
capped,3.0,101,fixed_10,10.0,1.2862704044532485,1,15,1.5037645448323067,1.4456605706686838,0.9956432176221347,14502,0.7920286856985244,12.000137912012136,60,1.4528831686632397,0.37014017951883327,1097.1002299273573,23.16882527495413,0.003538766993108955,11486,0.48,1.4528831686632397,0.0,False,-2.000000000007276,False,False
capped,3.0,101,fixed_10,10.0,1.2862704044532485,1,59,1.5037645448323067,1.4850163604048272,0.9863356524871771,14502,0.8933250586126051,12.000137912012136,60,1.4618620685504933,0.17373391982763076,4162.976228579768,40.04049399099828,0.0033354550715700704,12955,0.705,1.4495437631621102,0.003988009555289332,False,-1.6770528208217002,False,False
capped,3.0,101,fixed_10,10.0,1.2862704044532485,3,30,1.5037645448323067,1.4722374276699142,0.9852799069372331,14502,0.3547786512205213,12.000137912012136,60,1.457984611726081,0.14379720368902577,219.63836867964932,9.811533601062171,0.0068628158644742365,5145,0.445,1.4037320013117842,0.012982334272046486,False,-1.8373739326525538,False,False
capped,3.0,101,selected_regression,4.0,1.2862704044532485,1,30,1.0186181216383947,1.4665040449429305,0.9922171700746264,14502,0.8511929389049786,12.000137912012136,60,1.4579105071028433,0.25216583629256595,2344.449556614864,31.819104825600373,0.003145325721040315,12344,0.645,1.4579105071028433,0.0,False,-2.000000000014552,True,True
capped,3.0,101,selected_mle,4.0,1.2862704044532485,1,30,1.0186181216383947,1.4665040449429305,0.9922171700746264,14502,0.8511929389049786,12.000137912012136,60,1.4579105071028433,0.25216583629256595,2344.449556614864,31.819104825600373,0.003145325721040315,12344,0.645,1.4579105071028433,0.0,False,-2.000000000014552,True,True
capped,3.0,102,iei_rounded,1.0,1.3003577333911742,1,30,0.37612395322810943,2.140250682317286,0.9969671435472485,64151,0.9926267712116724,2.712350547925987,59,1.9695612714028439,0.5315185202765413,9382.239476047944,44.246567356320426,0.022449414570884896,63678,0.005,1.6853272028612767,0.13276218693419584,False,470.2351814338472,False,False
capped,3.0,102,iei_rounded,1.0,1.3003577333911742,1,15,0.37612395322810943,2.097949461419035,0.9968414760777667,64151,0.9773659023242038,2.712350547925987,59,1.9368502455918932,0.6333248063692358,4749.995071335045,35.99198090926038,0.01715928904708075,62699,0.005,1.6453687420673482,0.15883755860834534,False,345.7788738668023,False,False
capped,3.0,102,iei_rounded,1.0,1.3003577333911742,1,59,0.37612395322810943,2.181082767031662,0.9793999536081006,64151,1.0,2.712350547925987,59,1.9856067155027244,0.45994860372723023,14873.900233323033,46.49386639218643,0.02542876686200224,64151,0.005,1.7278381792264368,0.10799407361336452,False,496.07555590296397,False,False
capped,3.0,102,iei_rounded,1.0,1.3003577333911742,3,30,0.37612395322810943,2.2042568593804988,0.9966861338524022,64151,0.23655126186653364,2.712350547925987,59,2.2136813635803865,0.266771235411259,1132.3035442275186,21.380697307837412,0.007788865795332056,15175,0.005,2.114481771704599,0.02558073164343484,False,-0.6974416718876455,False,False
capped,3.0,102,fixed_10,10.0,1.3003577333911742,1,30,1.4648277390052067,1.4870868199980707,0.9927604743448957,14943,0.8563206852706953,11.644248142943184,60,1.4655708837997121,0.25698107316767005,2339.978859176346,30.974467487827816,0.004956355461167461,12796,0.155,1.418196471517189,0.0181795898621242,False,1.4274197556296713,False,False
capped,3.0,102,fixed_10,10.0,1.3003577333911742,1,15,1.4648277390052067,1.468976164088636,0.9985210598173385,14943,0.7989694171183832,11.644248142943184,60,1.4558943641474666,0.3747551756655746,1048.2850181239814,21.565092994732815,0.004367847970640604,11939,0.18,1.4140314746281182,0.01983710793401605,False,-0.3328421834594337,False,False
capped,3.0,102,fixed_10,10.0,1.3003577333911742,1,59,1.4648277390052067,1.5095689454931862,0.9759170342787712,14943,0.8981462892324165,11.644248142943184,60,1.468960937228763,0.17707077327656923,4242.917322467978,40.09801597090694,0.005567889174222129,13421,0.115,1.4273046913129628,0.013549481933928678,False,1.8102193645463558,False,False
capped,3.0,102,fixed_10,10.0,1.3003577333911742,3,30,1.4648277390052067,1.4982084627198793,0.9865043684616145,14943,0.35548417319146086,11.644248142943184,60,1.496490062602982,0.14837160362240837,252.22569892752938,10.918765501827837,0.004541548741797963,5312,0.865,1.496490062602982,0.0,False,-2.0,False,False
capped,3.0,102,selected_regression,4.0,1.3003577333911742,1,30,0.9989961855049186,1.4870868199980707,0.9927604743448957,14943,0.8563206852706953,11.644248142943184,60,1.4655708837997121,0.25698107316767005,2339.978859176346,30.974467487827816,0.004956355461167461,12796,0.135,1.418196471517189,0.0181795898621242,False,1.4274197556296713,True,True
capped,3.0,102,selected_mle,4.0,1.3003577333911742,1,30,0.9989961855049186,1.4870868199980707,0.9927604743448957,14943,0.8563206852706953,11.644248142943184,60,1.4655708837997121,0.25698107316767005,2339.978859176346,30.974467487827816,0.004956355461167461,12796,0.135,1.418196471517189,0.0181795898621242,False,1.4274197556296713,True,True
capped,3.0,103,iei_rounded,1.0,1.2841108713109817,1,30,0.37230648020484536,2.0955993100478385,0.9962293378079341,63011,0.9915887702147245,2.7617241434035327,60,1.969588388980318,0.5279358653507502,9620.680416117602,44.771141145226764,0.02120327506965991,62481,0.005,1.7051330228206687,0.12324694367959106,False,400.2440184293373,False,False
capped,3.0,103,iei_rounded,1.0,1.2841108713109817,1,15,0.37230648020484536,2.117038423511672,0.9966296173935288,63011,0.975321769214899,2.7617241434035327,60,1.9429150688358217,0.638138893971697,4555.357422445543,34.97347008016265,0.017007046408226034,61456,0.005,1.6421759934844016,0.1642777739219186,False,359.43098236923106,False,False
capped,3.0,103,iei_rounded,1.0,1.2841108713109817,1,59,0.37230648020484536,2.1422645634997295,0.974499920119292,63011,0.9999841297551221,2.7617241434035327,60,1.9809938354472703,0.44974900295964715,15602.405310562475,48.6318312351323,0.0232847362095826,63010,0.005,1.7558711892317636,0.0936219979597532,False,375.6393583963509,False,False
capped,3.0,103,iei_rounded,1.0,1.2841108713109817,3,30,0.37230648020484536,2.1340508094720856,0.9940452905501191,63011,0.23729190141403883,2.7617241434035327,60,2.214735184327983,0.2638680927200615,1284.6055521853418,24.09979082943343,0.006507928379355321,14952,0.025,2.214735184327983,0.0,False,-1.999999999985448,False,False
capped,3.0,103,fixed_10,10.0,1.2841108713109817,1,30,1.468099702721244,1.4806879886740412,0.9919464471173486,14627,0.8526013536610378,11.897108087782867,60,1.4600817547743308,0.25425187067611354,2309.037688967819,31.320652095416836,0.0034093661792859997,12471,0.55,1.4319352336194775,0.010771538517733152,False,-0.8184651821648004,False,False
capped,3.0,103,fixed_10,10.0,1.2841108713109817,1,15,1.468099702721244,1.4601374288580642,0.9973554046885625,14627,0.79394270868941,11.897108087782867,60,1.4537261058043622,0.372751130337712,1048.2446318073382,21.92402269378019,0.0023706998925511757,11613,0.815,1.4341396819957566,0.009268029191881529,False,-1.6448067959572654,False,False
capped,3.0,103,fixed_10,10.0,1.2841108713109817,1,59,1.468099702721244,1.4911580347084674,0.9882343974945632,14627,0.8944417857387024,11.897108087782867,60,1.4642982950731653,0.17520719379460342,4155.9059619269565,39.811385206460784,0.004235669426550404,13083,0.375,1.4332358324509402,0.010078221703442313,False,0.0696588209757465,False,False
capped,3.0,103,fixed_10,10.0,1.2841108713109817,3,30,1.468099702721244,1.4902946623593698,0.9849316185210889,14627,0.35366103780679564,11.897108087782867,60,1.4685926282021793,0.14530395774220484,221.23899909485593,9.973562562438472,0.0043373340863859244,5173,0.93,1.3952936027636063,0.017558761434345992,False,-1.7020628553545976,False,False
capped,3.0,103,selected_regression,4.0,1.2841108713109817,1,30,1.0133315102208245,1.4806879886740412,0.9919464471173486,14627,0.8526013536610378,11.897108087782867,60,1.4600817547743308,0.25425187067611354,2309.037688967819,31.320652095416836,0.0034093661792859997,12471,0.575,1.4319352336194775,0.010771538517733152,False,-0.8184651821648004,True,True
capped,3.0,103,selected_mle,4.0,1.2841108713109817,1,30,1.0133315102208245,1.4806879886740412,0.9919464471173486,14627,0.8526013536610378,11.897108087782867,60,1.4600817547743308,0.25425187067611354,2309.037688967819,31.320652095416836,0.0034093661792859997,12471,0.575,1.4319352336194775,0.010771538517733152,False,-0.8184651821648004,True,True
capped,3.0,104,iei_rounded,1.0,1.2572292891903571,1,30,0.3782473435416751,2.110075374242249,0.9960468672847492,61628,0.9907347309664438,2.823878756409424,59,1.9574533282459488,0.5200111248249357,9430.324013645744,45.370321483352136,0.019363832667119496,61057,0.005,1.7036318393835044,0.11760190698121745,False,363.70216006058035,False,False
capped,3.0,104,iei_rounded,1.0,1.2572292891903571,1,15,0.3782473435416751,2.0872924122962497,0.9966682227917381,61628,0.9740540014279224,2.823878756409424,59,1.9292963275728159,0.627379049832274,4668.850631435129,36.3036463499552,0.014793305892431219,60029,0.005,1.6603265252658284,0.14601124799204418,False,283.1027960891952,False,False
capped,3.0,104,iei_rounded,1.0,1.2572292891903571,1,59,0.3782473435416751,2.128100738436893,0.9571378415247568,61628,1.0,2.823878756409424,59,1.966565519309059,0.43714596717841103,15761.887132394013,49.63807557585652,0.021002471549855573,61628,0.005,1.7594471041386013,0.08529578595863767,False,315.780442159361,False,False
capped,3.0,104,iei_rounded,1.0,1.2572292891903571,3,30,0.3782473435416751,2.171392757874046,0.994749152324396,61628,0.2418381255273577,2.823878756409424,59,2.19738017166892,0.2621941638696276,1179.8737100582143,22.568618045722072,0.0033004856774134783,14904,0.545,2.19738017166892,0.0,False,-2.0,False,False
capped,3.0,104,fixed_10,10.0,1.2572292891903571,1,30,1.5312896162268066,1.5159083658448322,0.9915011940285172,14367,0.8472193220574928,12.113176028398414,60,1.478814021954923,0.26297681854905897,2189.603741747875,29.738776008525928,0.0076083775221799654,12172,0.02,1.410066285535217,0.026523165257646173,False,4.837064376682974,False,False
capped,3.0,104,fixed_10,10.0,1.2572292891903571,1,15,1.5312896162268066,1.4731161854005979,0.9978479273170813,14367,0.7927890304169277,12.113176028398414,60,1.4655344321730492,0.3787180902444054,1007.4230781145149,20.992325806237215,0.005862244913146353,11390,0.05,1.4120457589858162,0.02541762198458178,False,0.5906395036436152,False,False
capped,3.0,104,fixed_10,10.0,1.2572292891903571,1,59,1.5312896162268066,1.4801790034003082,0.9777649688492761,14367,0.8889120902067238,12.113176028398414,60,1.47718032147972,0.17807817974277357,4167.608613463988,39.48232685485835,0.0068153918048950435,12771,0.01,1.4447051618867701,0.010590636283985709,False,0.19980731685791397,False,False
capped,3.0,104,fixed_10,10.0,1.2572292891903571,3,30,1.5312896162268066,1.5367351970856475,0.9846347650462268,14367,0.34795016356929076,12.113176028398414,60,1.5273339144316065,0.15240850527647853,249.18711620682896,10.914922131606739,0.008364219612675639,4999,0.245,1.5273339144316065,0.0,False,-1.999999999996362,False,False
capped,3.0,104,selected_regression,4.0,1.2572292891903571,1,30,1.0171225725621216,1.5159083658448322,0.9915011940285172,14367,0.8472193220574928,12.113176028398414,60,1.478814021954923,0.26297681854905897,2189.603741747875,29.738776008525928,0.0076083775221799654,12172,0.015,1.410066285535217,0.026523165257646173,False,4.837064376682974,True,True
capped,3.0,104,selected_mle,4.0,1.2572292891903571,1,30,1.0171225725621216,1.5159083658448322,0.9915011940285172,14367,0.8472193220574928,12.113176028398414,60,1.478814021954923,0.26297681854905897,2189.603741747875,29.738776008525928,0.0076083775221799654,12172,0.015,1.410066285535217,0.026523165257646173,False,4.837064376682974,True,True
capped,3.0,105,iei_rounded,1.0,1.294781887418467,1,30,0.3750243105527247,2.1271587876985483,0.9962206784072486,63931,0.9922416355132878,2.722028436908542,59,1.9695040337724823,0.5310156666016752,9400.820238538794,43.99324224889162,0.021044414393301958,63435,0.005,1.6895490970113198,0.13069671731332524,False,454.67545352628804,False,False
capped,3.0,105,iei_rounded,1.0,1.294781887418467,1,15,0.3750243105527247,2.1281087891778627,0.9950744940232322,63931,0.9765684879010182,2.722028436908542,59,1.939123909759866,0.6363313561633448,4577.923141239974,35.171804817974646,0.01615050114730099,62433,0.005,1.6394541867577144,0.1635064335147621,False,363.3807320187334,False,False
capped,3.0,105,iei_rounded,1.0,1.294781887418467,1,59,0.3750243105527247,2.1984495345888613,0.9723858518005598,63931,1.0,2.722028436908542,59,1.9840019195553946,0.45787443146216,14967.29510547591,47.20785348352182,0.023757192988911546,63931,0.005,1.733866926123509,0.10458710995686514,False,466.94272148929304,False,False
capped,3.0,105,iei_rounded,1.0,1.294781887418467,3,30,0.3750243105527247,2.1854722394279746,0.9949138834316429,63931,0.2393518011606263,2.722028436908542,59,2.2354987282719723,0.26964300018589427,1230.603438894562,22.68582670669673,0.0045253725375874465,15302,0.215,2.2354987282719723,0.0,False,-1.9999999999708962,False,False
capped,3.0,105,fixed_10,10.0,1.294781887418467,1,30,1.468445241564847,1.4745801248438357,0.9935142081642315,14884,0.8560870733673743,11.691883902176833,60,1.4580050939955154,0.2537704569578769,2343.769039365164,31.485586865124443,0.005441693375531298,12742,0.095,1.418605105824412,0.015077053644833744,False,0.3656578852387611,False,False
capped,3.0,105,fixed_10,10.0,1.294781887418467,1,15,1.468445241564847,1.494027606675626,0.9937047488424428,14884,0.7947460360118248,11.691883902176833,60,1.4594500250759541,0.37811014681827715,989.3577193913301,20.548156851651,0.006020433481839449,11829,0.05,1.3828655586653753,0.03637298273605657,False,3.5223152498729178,False,False
capped,3.0,105,fixed_10,10.0,1.294781887418467,1,59,1.468445241564847,1.5036162570569063,0.987360854992054,14884,0.8980112872883633,11.691883902176833,60,1.4633050592474195,0.17566429369702136,4185.535092908114,40.022046249801875,0.006484573387781634,13366,0.065,1.419449744438585,0.014235337150973448,False,2.21189410356601,False,False
capped,3.0,105,fixed_10,10.0,1.294781887418467,3,30,1.468445241564847,1.4808639045867376,0.987790476524427,14884,0.3567589357699543,11.691883902176833,60,1.4801752032394457,0.14594975021549794,253.51157536291387,11.20152029863574,0.005646331788005665,5310,0.645,1.4801752032394457,0.0,False,-2.000000000007276,False,False
capped,3.0,105,selected_regression,4.0,1.294781887418467,1,30,1.013034130610051,1.4745801248438357,0.9935142081642315,14884,0.8560870733673743,11.691883902176833,60,1.4580050939955154,0.2537704569578769,2343.769039365164,31.485586865124443,0.005441693375531298,12742,0.16,1.418605105824412,0.015077053644833744,False,0.3656578852387611,True,True
capped,3.0,105,selected_mle,4.0,1.294781887418467,1,30,1.013034130610051,1.4745801248438357,0.9935142081642315,14884,0.8560870733673743,11.691883902176833,60,1.4580050939955154,0.2537704569578769,2343.769039365164,31.485586865124443,0.005441693375531298,12742,0.16,1.418605105824412,0.015077053644833744,False,0.3656578852387611,True,True
capped,3.0,106,iei_rounded,1.0,1.2940732826346553,1,30,0.37333745746984226,2.178848231517443,0.9957241280213168,63887,0.9915319235525224,2.7244196784948427,59,1.979875909859329,0.5409593709296137,9009.01268471285,42.93523683277202,0.022375615531050386,63346,0.005,1.6828676983012447,0.13948874741540407,False,506.25061053654645,False,False
capped,3.0,106,iei_rounded,1.0,1.2940732826346553,1,15,0.37333745746984226,2.124351428320726,0.9956804238904083,63887,0.9772567188942978,2.7244196784948427,59,1.944366326050881,0.6385413410789431,4674.146757147042,35.82297481445488,0.01659772916787927,62434,0.005,1.651926149478573,0.1597067974404826,False,345.08805391195347,False,False
capped,3.0,106,iei_rounded,1.0,1.2940732826346553,1,59,0.37333745746984226,2.132625775051002,0.9660320176345818,63887,1.0,2.7244196784948427,59,1.9893004629590099,0.4573648677732125,15486.502242275606,46.83216332315355,0.02402578492711327,63887,0.005,1.750856647069065,0.09977399680526025,False,423.13797278978745,False,False
capped,3.0,106,iei_rounded,1.0,1.2940732826346553,3,30,0.37333745746984226,2.2589310835595175,0.9953700785685244,63887,0.2345391081127616,2.7244196784948427,59,2.2414993753692247,0.27357734597022443,1061.8325954202355,19.984184254469728,0.00709353785348793,14984,0.03,2.0381130573249866,0.052643807402126375,False,3.3092223369603744,False,False
capped,3.0,106,fixed_10,10.0,1.2940732826346553,1,30,1.4544250717280953,1.4811203403123354,0.9940615868074885,14945,0.856406825025092,11.646370023419204,60,1.4710388899196882,0.257088794076364,2437.791446582916,32.39691526465381,0.0025840999872244197,12799,0.82,1.4620314398949663,0.003455561658940224,False,-1.8760541139854467,False,False
capped,3.0,106,fixed_10,10.0,1.2940732826346553,1,15,1.4544250717280953,1.482365765000635,0.9978480502860995,14945,0.7969220475075276,11.646370023419204,60,1.4720218005391192,0.38036716255532577,1086.9775445258745,22.3384383840559,0.00281796067910578,11910,0.725,1.4552867262838547,0.007952948648995777,False,-1.735179147683084,False,False
capped,3.0,106,fixed_10,10.0,1.2940732826346553,1,59,1.4544250717280953,1.4881769344737505,0.9840521609540201,14945,0.8986283037805286,11.646370023419204,60,1.4717038806031706,0.1760909666108766,4390.877855080006,41.325945777541904,0.0023497841160802224,13430,0.935,1.4639607677825028,0.0025155986430444115,False,-1.8680436485665268,False,False
capped,3.0,106,fixed_10,10.0,1.2940732826346553,3,30,1.4544250717280953,1.4862405700341097,0.9887419271615835,14945,0.3517564402810304,11.646370023419204,60,1.4752920819512827,0.14583573742186823,235.8968255689923,10.43385604466008,0.005971595728642587,5257,0.58,1.471765731495537,0.0008450757373556694,False,-1.9992979038834164,False,False
capped,3.0,106,selected_regression,4.0,1.2940732826346553,1,30,0.9975242556038809,1.4811203403123354,0.9940615868074885,14945,0.856406825025092,11.646370023419204,60,1.4710388899196882,0.257088794076364,2437.791446582916,32.39691526465381,0.0025840999872244197,12799,0.845,1.4620314398949663,0.003455561658940224,False,-1.8760541139854467,True,True
capped,3.0,106,selected_mle,4.0,1.2940732826346553,1,30,0.9975242556038809,1.4811203403123354,0.9940615868074885,14945,0.856406825025092,11.646370023419204,60,1.4710388899196882,0.257088794076364,2437.791446582916,32.39691526465381,0.0025840999872244197,12799,0.845,1.4620314398949663,0.003455561658940224,False,-1.8760541139854467,True,True
capped,3.0,107,iei_rounded,1.0,1.2977493133551634,1,30,0.36741831391416924,2.1263751700735933,0.993599567345838,64028,0.9918629349659523,2.7182326482164054,58,1.9822640353487788,0.5383347496788007,9510.087810534289,43.88924821623161,0.02072413502071957,63507,0.005,1.7086583223679048,0.1282691377078527,False,431.16856683036895,False,False
capped,3.0,107,iei_rounded,1.0,1.2977493133551634,1,15,0.36741831391416924,2.1444050089293523,0.9947193545201984,64028,0.9765102767539202,2.7182326482164054,58,1.9536402915988464,0.6452918252775424,4586.456623838789,35.08185344010486,0.016173243853126906,62524,0.005,1.6531463766318193,0.1646350221782487,False,362.8707649658609,False,False
capped,3.0,107,iei_rounded,1.0,1.2977493133551634,1,59,0.36741831391416924,2.123518178842184,0.9647232056277073,64028,1.0,2.7182326482164054,58,1.992982211209375,0.45868567496619905,15657.98618999679,47.68857203589953,0.022651566293046654,64028,0.005,1.7645068466424838,0.0956240873726644,False,388.9253368678619,False,False
capped,3.0,107,iei_rounded,1.0,1.2977493133551634,3,30,0.36741831391416924,2.1738839109809156,0.989577250728998,64028,0.23474105079027927,2.7182326482164054,58,2.239759237018772,0.2701263851646689,1229.9765600653093,22.678985389536162,0.007108936980455227,15030,0.025,2.239759237018772,0.0,False,-2.0,False,False
capped,3.0,107,fixed_10,10.0,1.2977493133551634,1,30,1.488333517637952,1.4880252157146794,0.9951250328280169,14936,0.8575923942153187,11.652584359935727,60,1.4608109449125042,0.2560318026444487,2298.9130378801888,30.56437820914665,0.006410785879750136,12809,0.025,1.4011368591089697,0.02287957773970591,False,3.4471814842545427,False,False
capped,3.0,107,fixed_10,10.0,1.2977493133551634,1,15,1.488333517637952,1.4649123833126108,0.9989245921010633,14936,0.8002142474558115,11.652584359935727,60,1.4484827517489993,0.37217018008271463,1031.0840774682915,21.29811236292,0.004386139859262506,11952,0.23,1.3978889210711147,0.02393962492611332,False,0.44162416344624944,False,False
capped,3.0,107,fixed_10,10.0,1.2977493133551634,1,59,1.488333517637952,1.5055947730719852,0.9842950412984108,14936,0.8972951258703803,11.652584359935727,60,1.4699109543012003,0.17839816598245262,4161.946136454642,38.85316545690407,0.008159855723237353,13402,0.005,1.4073100519157662,0.020398279983495592,False,6.576689009641996,False,False
capped,3.0,107,fixed_10,10.0,1.2977493133551634,3,30,1.488333517637952,1.50221074308434,0.9910736268695197,14936,0.3575923942153187,11.652584359935727,60,1.4955130040764164,0.1485114392561579,246.30374023813863,10.648378723374218,0.0038911227009441607,5341,0.93,1.4752538233395367,0.004864605574125521,False,-1.976524254114338,False,False
capped,3.0,107,selected_regression,4.0,1.2977493133551634,1,30,1.0054231387252277,1.4880252157146794,0.9951250328280169,14936,0.8575923942153187,11.652584359935727,60,1.4608109449125042,0.2560318026444487,2298.9130378801888,30.56437820914665,0.006410785879750136,12809,0.025,1.4011368591089697,0.02287957773970591,False,3.4471814842545427,True,True
capped,3.0,107,selected_mle,4.0,1.2977493133551634,1,30,1.0054231387252277,1.4880252157146794,0.9951250328280169,14936,0.8575923942153187,11.652584359935727,60,1.4608109449125042,0.2560318026444487,2298.9130378801888,30.56437820914665,0.006410785879750136,12809,0.025,1.4011368591089697,0.02287957773970591,False,3.4471814842545427,True,True
capped,3.0,108,iei_rounded,1.0,1.297442443984681,1,30,0.36930228969348583,2.1085333687549888,0.9957876582344354,63995,0.9919212438471756,2.7190561762637704,59,1.9838202449095999,0.5366951862296128,9809.706553496571,45.09185135597047,0.0211848618203746,63478,0.005,1.7245823284051278,0.12140465658767048,False,387.07228809408844,False,False
capped,3.0,108,iei_rounded,1.0,1.297442443984681,1,15,0.36930228969348583,2.1153724255355084,0.9964472249302635,63995,0.9763106492694742,2.7190561762637704,59,1.9571828800504303,0.6455376631133039,4764.707360276917,35.87140827938074,0.017007823500601482,62479,0.005,1.6669601830006355,0.15903765474376344,False,337.63491367604,False,False
capped,3.0,108,iei_rounded,1.0,1.297442443984681,1,59,0.36930228969348583,2.188184927071531,0.9530747699299251,63995,1.0,2.7190561762637704,59,1.9946737760709734,0.4585094205633654,15820.096758434338,48.728764456237954,0.023143989885478167,63995,0.005,1.7748500445566129,0.09195279717809733,False,359.93918353357003,False,False
capped,3.0,108,iei_rounded,1.0,1.297442443984681,3,30,0.36930228969348583,2.1442284012062496,0.9931548186432424,63995,0.23148683490897726,2.7190561762637704,59,2.2117060002761573,0.2639580265412238,1234.6892056991198,23.274513933944768,0.006376180217336103,14814,0.05,2.2117060002761573,0.0,False,-1.9999999999417923,False,False
capped,3.0,108,fixed_10,10.0,1.297442443984681,1,30,1.4761065844527637,1.5076625863517576,0.9943015208773617,14987,0.8560752652298659,11.610462400747315,60,1.4681980594573592,0.25880428903836383,2307.7186702797226,30.718548525823927,0.005568826292712048,12830,0.075,1.4223169264811693,0.017619855669976623,False,1.2214299350234796,False,False
capped,3.0,108,fixed_10,10.0,1.297442443984681,1,15,1.4761065844527637,1.4544326733663917,0.9945347006194205,14987,0.8004270367651966,11.610462400747315,60,1.4522726115208417,0.3711917218711138,1108.7695943571118,22.75647666864256,0.0032635341634105197,11996,0.53,1.4522726115208417,0.0,False,-1.999999999985448,False,False
capped,3.0,108,fixed_10,10.0,1.297442443984681,1,59,1.4761065844527637,1.5104953767699865,0.9789385163939968,14987,0.8987789417495162,11.610462400747315,60,1.4690256421208705,0.1770610910754663,4260.8217816564875,40.099805453292454,0.0056224196073363375,13470,0.095,1.4349406395376723,0.011081485437538889,False,0.5617389175458811,False,False
capped,3.0,108,fixed_10,10.0,1.297442443984681,3,30,1.4761065844527637,1.5378981530182714,0.9903079458372163,14987,0.357376392873824,11.610462400747315,60,1.5094597749245668,0.15120113814767477,230.1376700636277,9.891638851645693,0.006254428578060467,5356,0.61,1.3967239863912948,0.02711474757734428,False,-1.274789944789518,False,False
capped,3.0,108,selected_regression,4.0,1.297442443984681,1,30,0.9984653366250751,1.5076625863517576,0.9943015208773617,14987,0.8560752652298659,11.610462400747315,60,1.4681980594573592,0.25880428903836383,2307.7186702797226,30.718548525823927,0.005568826292712048,12830,0.1,1.4223169264811693,0.017619855669976623,False,1.2214299350234796,True,True
capped,3.0,108,selected_mle,4.0,1.297442443984681,1,30,0.9984653366250751,1.5076625863517576,0.9943015208773617,14987,0.8560752652298659,11.610462400747315,60,1.4681980594573592,0.25880428903836383,2307.7186702797226,30.718548525823927,0.005568826292712048,12830,0.1,1.4223169264811693,0.017619855669976623,False,1.2214299350234796,True,True
capped,3.0,109,iei_rounded,1.0,1.2968550772883443,1,30,0.37985443959243087,2.174433711896725,0.9948055061831824,63849,0.9918244608372879,2.7252580306661027,59,1.9705071981025117,0.535962108573198,8885.977292355938,42.441489785792264,0.023035120134091147,63327,0.005,1.6620932718080195,0.14450872214972788,False,548.6036473079585,False,False
capped,3.0,109,iei_rounded,1.0,1.2968550772883443,1,15,0.37985443959243087,2.130328741681397,0.9948211702666019,63849,0.9772431831352096,2.7252580306661027,59,1.9344109332182757,0.6342264634449093,4500.034958083605,34.73405792721435,0.01715771165601432,62396,0.005,1.6246515071060694,0.16891975957039515,False,388.96778603750863,False,False
capped,3.0,109,iei_rounded,1.0,1.2968550772883443,1,59,0.37985443959243087,2.1745502268489796,0.9687540916975584,63849,1.0,2.7252580306661027,59,1.9827663387502756,0.4571864914691266,14935.011974048384,46.30503838487078,0.02526590185688049,63849,0.005,1.7235314833015318,0.10848152482048273,False,500.43044906808063,False,False
capped,3.0,109,iei_rounded,1.0,1.2968550772883443,3,30,0.37985443959243087,2.2573144089851778,0.9939363810374633,63849,0.23848454948393866,2.7252580306661027,59,2.248658117045947,0.2745525884275527,1106.9354058570307,20.714470487975372,0.009719333854235013,15227,0.005,2.07423605488667,0.04516908977381857,False,1.9621862514759414,False,False
capped,3.0,109,fixed_10,10.0,1.2968550772883443,1,30,1.4517256936611775,1.4743735258480122,0.9929904423509112,14796,0.854758042714247,11.760273046769397,60,1.4654621454970158,0.25596782442106003,2359.0605177209145,31.331658505094925,0.004835847045540076,12647,0.16,1.4312535728673494,0.013117815462022337,False,-0.23275434950483032,False,False
capped,3.0,109,fixed_10,10.0,1.2968550772883443,1,15,1.4517256936611775,1.4727682574329208,0.9978014481430514,14796,0.7968369829683698,11.760273046769397,60,1.4591647353588346,0.3761422437845865,1036.5311057507968,21.345899063483774,0.00461105685610852,11790,0.185,1.4168607817119814,0.020062390575866985,False,-0.3200233289244352,False,False
capped,3.0,109,fixed_10,10.0,1.2968550772883443,1,59,1.4517256936611775,1.5030680318495304,0.979549545009094,14796,0.8959854014598541,11.760273046769397,60,1.469995365264209,0.1770819042222752,4216.691193031024,39.986241065755486,0.004909026474731348,13257,0.17,1.4332870496258938,0.011940963597510689,False,0.9228698495062417,False,False
capped,3.0,109,fixed_10,10.0,1.2968550772883443,3,30,1.4517256936611775,1.4770742609008891,0.9866716987025697,14796,0.3546228710462287,11.760273046769397,60,1.4911582549855442,0.14708530923052643,262.11823232795723,11.476069429434059,0.0062022685656422105,5247,0.57,1.4911582549855442,0.0,False,-2.0,False,False
capped,3.0,109,selected_regression,96.0,1.2968550772883443,1,30,1.0010362694300519,1.4743735258480122,0.9929904423509112,14796,0.854758042714247,11.760273046769397,60,1.4654621454970158,0.25596782442106003,2359.0605177209145,31.331658505094925,0.004835847045540076,12647,0.185,1.4312535728673494,0.013117815462022337,False,-0.23275434950483032,True,True
capped,3.0,109,selected_mle,96.0,1.2968550772883443,1,30,1.0010362694300519,1.4743735258480122,0.9929904423509112,14796,0.854758042714247,11.760273046769397,60,1.4654621454970158,0.25596782442106003,2359.0605177209145,31.331658505094925,0.004835847045540076,12647,0.185,1.4312535728673494,0.013117815462022337,False,-0.23275434950483032,True,True
capped,3.0,110,iei_rounded,1.0,1.2968886651775884,1,30,0.36626473534170584,2.1165099928089166,0.9954554397724165,64051,0.991897082012771,2.7166632839456057,59,1.9886253127759073,0.5389057228697576,9917.532335205357,45.70345555956609,0.019800712758409333,63532,0.005,1.7417331583123998,0.11567112419399099,False,350.62072181358235,False,False
capped,3.0,110,iei_rounded,1.0,1.2968886651775884,1,15,0.36626473534170584,2.141171880103288,0.9960450851068774,64051,0.9759098218607047,2.7166632839456057,59,1.965017707786318,0.6504984444751338,4758.662352869201,36.23983654545297,0.016097789447774846,62508,0.005,1.6810815650214586,0.155857245090492,False,321.8891195342876,False,False
capped,3.0,110,iei_rounded,1.0,1.2968886651775884,1,59,0.36626473534170584,2.1445922498151173,0.9644265702955706,64051,1.0,2.7166632839456057,59,1.9985567823171397,0.4590219379001237,16098.233982346523,48.91453284675322,0.02156952026848591,64051,0.005,1.792084843791433,0.08634765473195306,False,317.5696130593715,False,False
capped,3.0,110,iei_rounded,1.0,1.2968886651775884,3,30,0.36626473534170584,2.156013280147091,0.992649786247409,64051,0.2298168646859534,2.7166632839456057,59,2.2019809035553184,0.2631444385596906,1164.4322592198114,22.208127530116712,0.007704410405626527,14720,0.015,2.1963116649919243,0.0014590652849612489,False,-1.995830916945124,False,False
capped,3.0,110,fixed_10,10.0,1.2968886651775884,1,30,1.4111892723675532,1.4973631585285476,0.9929228203157436,15070,0.8589913735899137,11.546449900464498,60,1.4669310608781014,0.2579463493957912,2346.024405846443,31.117276854331703,0.005139694271847739,12945,0.115,1.415958583927901,0.01957246044287681,False,2.0121135467270506,False,False
capped,3.0,110,fixed_10,10.0,1.2968886651775884,1,15,1.4111892723675532,1.490359196184167,0.9968693537828293,15070,0.7998672859986729,11.546449900464498,60,1.462770371253212,0.37885511005311867,1028.2697147390668,21.059661900233678,0.004672415772989935,12054,0.165,1.400224395027678,0.029712616537635538,False,1.750934922354645,False,False
capped,3.0,110,fixed_10,10.0,1.2968886651775884,1,59,1.4111892723675532,1.513548434505438,0.9878136731256562,15070,0.8983410749834108,11.546449900464498,60,1.475569981072118,0.1801892508984808,4217.292654105278,39.13651122167325,0.006884639852729857,13538,0.01,1.4178692488473326,0.018837349737313172,False,5.351053747603146,False,False
capped,3.0,110,fixed_10,10.0,1.2968886651775884,3,30,1.4111892723675532,1.5144784465969197,0.9870651040248166,15070,0.35587259455872594,11.546449900464498,60,1.496912537377943,0.14896755425409952,240.77106473935208,10.478910756066389,0.006682687904368989,5363,0.47,1.4539071009647497,0.010328594593173038,False,-1.893887722872023,False,False
capped,3.0,110,selected_regression,4.0,1.2968886651775884,1,30,1.0005308560053086,1.4973631585285476,0.9929228203157436,15070,0.8589913735899137,11.546449900464498,60,1.4669310608781014,0.2579463493957912,2346.024405846443,31.117276854331703,0.005139694271847739,12945,0.105,1.415958583927901,0.01957246044287681,False,2.0121135467270506,True,True
capped,3.0,110,selected_mle,4.0,1.2968886651775884,1,30,1.0005308560053086,1.4973631585285476,0.9929228203157436,15070,0.8589913735899137,11.546449900464498,60,1.4669310608781014,0.2579463493957912,2346.024405846443,31.117276854331703,0.005139694271847739,12945,0.105,1.415958583927901,0.01957246044287681,False,2.0121135467270506,True,True
capped,3.0,111,iei_rounded,1.0,1.2983232080817726,1,30,0.37021852639721525,2.121946975644977,0.9951170233147612,63953,0.9921817584788829,2.7208262317639518,59,1.9786491865895695,0.5344120215443027,9687.729209174986,45.013110356466235,0.02074040843706726,63453,0.005,1.71621246998075,0.12270401906301301,False,397.8517477251298,False,False
capped,3.0,111,iei_rounded,1.0,1.2983232080817726,1,15,0.37021852639721525,2.1376549357894317,0.9956616331715037,63953,0.9761230903945085,2.7208262317639518,59,1.9527456363512794,0.6441821334804241,4630.806984215035,35.462296878709026,0.016635683607041263,62426,0.005,1.656398009018885,0.16227003767108103,False,352.58984300799784,False,False
capped,3.0,111,iei_rounded,1.0,1.2983232080817726,1,59,0.37021852639721525,2.152807120016568,0.9691175521853197,63953,1.0,2.7208262317639518,59,1.9913238924519394,0.45813105304604873,15572.41183863127,47.84739890907518,0.023050459294414183,63953,0.005,1.7630634846967244,0.09545350665515077,False,388.3069105364848,False,False
capped,3.0,111,iei_rounded,1.0,1.2983232080817726,3,30,0.37021852639721525,2.170248229895493,0.9924400641128996,63953,0.23364032961706252,2.7208262317639518,59,2.2084722432529578,0.2647101717030851,1168.7324890198768,22.103776598292782,0.0075033112980796846,14942,0.025,2.1770290546567286,0.008099451453188088,False,-1.87036239344161,False,False
capped,3.0,111,fixed_10,10.0,1.2983232080817726,1,30,1.4372451291345718,1.4941269184997954,0.9940800090577528,14832,0.854908306364617,11.731728694714132,60,1.4649936752275021,0.2570547364510476,2304.5303869424506,31.046034360141757,0.0064323806882307655,12680,0.03,1.415523437373695,0.018982452256603225,False,1.7037096489439136,False,False
capped,3.0,111,fixed_10,10.0,1.2983232080817726,1,15,1.4372451291345718,1.4694182579944763,0.9978446319706177,14832,0.796655879180151,11.731728694714132,60,1.4579693796129067,0.3756164007840209,1038.8384768873452,21.47172097804995,0.005344479267081037,11816,0.09,1.4095625598354513,0.022955651902719473,False,0.2050216010902659,False,False
capped,3.0,111,fixed_10,10.0,1.2983232080817726,1,59,1.4372451291345718,1.4744810720295798,0.9866788219421323,14832,0.8977211434735707,11.731728694714132,60,1.4656189688948178,0.17483013341226078,4292.079757406392,40.37719978259013,0.006234464002123186,13315,0.06,1.4360094284235276,0.009610838091258055,False,-0.0865884749655379,False,False
capped,3.0,111,fixed_10,10.0,1.2983232080817726,3,30,1.4372451291345718,1.5078183121536228,0.9891357649191217,14832,0.352953074433657,11.731728694714132,60,1.485206400922161,0.14743249797324176,230.78642837807607,10.226098322990948,0.005784871761876587,5235,0.63,1.4594480397519292,0.006179142301285335,False,-1.9627667941640539,False,False
capped,3.0,111,selected_regression,4.0,1.2983232080817726,1,30,1.0049892125134843,1.4941269184997954,0.9940800090577528,14832,0.854908306364617,11.731728694714132,60,1.4649936752275021,0.2570547364510476,2304.5303869424506,31.046034360141757,0.0064323806882307655,12680,0.03,1.415523437373695,0.018982452256603225,False,1.7037096489439136,True,True
capped,3.0,111,selected_mle,4.0,1.2983232080817726,1,30,1.0049892125134843,1.4941269184997954,0.9940800090577528,14832,0.854908306364617,11.731728694714132,60,1.4649936752275021,0.2570547364510476,2304.5303869424506,31.046034360141757,0.0064323806882307655,12680,0.03,1.415523437373695,0.018982452256603225,False,1.7037096489439136,True,True
capped,3.0,112,iei_rounded,1.0,1.296099190398007,1,30,0.3666325959925173,2.1097544212945323,0.9953766971729273,64039,0.9919111791252205,2.717547119723918,58,1.986348050178636,0.5372695815908586,9936.574656326271,45.69140563588642,0.020146097317181644,63521,0.005,1.7371408784676428,0.11668516769357067,False,357.6628567552543,False,False
capped,3.0,112,iei_rounded,1.0,1.296099190398007,1,15,0.3666325959925173,2.102924227782157,0.9968165799471981,64039,0.9762956948109746,2.717547119723918,58,1.9603030902148877,0.6460258247400483,4902.425148870355,36.61491844411606,0.01604875766907987,62521,0.005,1.684434448457823,0.15113372334460476,False,304.7974923218717,False,False
capped,3.0,112,iei_rounded,1.0,1.296099190398007,1,59,0.3666325959925173,2.11006941310328,0.9861077993170667,64039,1.0,2.717547119723918,58,1.996815246008934,0.45883249940269966,15971.297002733701,49.0506366838937,0.022037706485947828,64039,0.005,1.785396876414717,0.08841098750690622,False,333.0957323948678,False,False
capped,3.0,112,iei_rounded,1.0,1.296099190398007,3,30,0.3666325959925173,2.147558669818744,0.9924179590294899,64039,0.23167132528615375,2.717547119723918,58,2.2167933954009573,0.26424899939096624,1276.6729769932115,24.0654647974684,0.005670498796397916,14836,0.12,2.2167933954009573,0.0,False,-2.0000000000436557,False,False
capped,3.0,112,fixed_10,10.0,1.296099190398007,1,30,1.4681574043626,1.5285963511991236,0.9925398968618111,15062,0.8576550258929757,11.554176072234762,60,1.4746316368030374,0.26219981318801655,2281.892674036231,30.38009766797554,0.005560779224870083,12918,0.06,1.4065681532585048,0.02622307024266674,False,5.120139830978587,False,False
capped,3.0,112,fixed_10,10.0,1.296099190398007,1,15,1.4681574043626,1.46374457092535,0.9984857797037645,15062,0.8026158544681982,11.554176072234762,60,1.4583445307685903,0.37488507405478366,1088.0581275044797,22.137982217846538,0.003425811605451856,12089,0.49,1.4313837834292755,0.01277548823449351,False,-1.3001607746409718,False,False
capped,3.0,112,fixed_10,10.0,1.296099190398007,1,59,1.4681574043626,1.5166467281858886,0.9869667359944335,15062,0.897490373124419,11.554176072234762,60,1.4800193590524753,0.18158788924771974,4222.7890542765645,39.03408960927109,0.0065565098228339,13518,0.025,1.4218801027328487,0.019014443631997793,False,5.441979544637434,False,False
capped,3.0,112,fixed_10,10.0,1.296099190398007,3,30,1.4681574043626,1.5639458345655288,0.9874347281492453,15062,0.35400345239676007,11.554176072234762,60,1.517400518648918,0.15259276490620904,223.3360908401085,9.656092494279552,0.006516052325860611,5332,0.39,1.3787174262202115,0.03338394683336477,False,-0.9096528691407002,False,False
capped,3.0,112,selected_regression,4.0,1.296099190398007,1,30,0.9962820342583987,1.5285963511991236,0.9925398968618111,15062,0.8576550258929757,11.554176072234762,60,1.4746316368030374,0.26219981318801655,2281.892674036231,30.38009766797554,0.005560779224870083,12918,0.05,1.4065681532585048,0.02622307024266674,False,5.120139830978587,True,True
capped,3.0,112,selected_mle,4.0,1.296099190398007,1,30,0.9962820342583987,1.5285963511991236,0.9925398968618111,15062,0.8576550258929757,11.554176072234762,60,1.4746316368030374,0.26219981318801655,2281.892674036231,30.38009766797554,0.005560779224870083,12918,0.05,1.4065681532585048,0.02622307024266674,False,5.120139830978587,True,True
capped,3.0,113,iei_rounded,1.0,1.2910041289642449,1,30,0.3696143798494951,2.134540211849335,0.9968044817160981,63436,0.9914874834478845,2.7437890157008638,60,1.9769991161793659,0.5341635807449243,9510.06125228569,44.853657757175775,0.021051644522376622,62896,0.005,1.7100840929128784,0.1247828844828358,False,408.19781529463944,False,False
capped,3.0,113,iei_rounded,1.0,1.2910041289642449,1,15,0.3696143798494951,2.1023843718929354,0.9962921821935005,63436,0.9760703701368308,2.7437890157008638,60,1.9472350937475564,0.6387345712202246,4782.239639643933,36.26525407546644,0.01627922092101286,61918,0.005,1.6665898235974554,0.15324821600654057,False,314.7223327491374,False,False
capped,3.0,113,iei_rounded,1.0,1.2910041289642449,1,59,0.3696143798494951,2.1700324701430453,0.9582030670358269,63436,0.9999684721609181,2.7437890157008638,60,1.986973086921589,0.4536570954840661,15684.026410210801,48.59470139214538,0.02284868248325278,63434,0.005,1.7655099721837513,0.092315635707828,False,364.3857887784252,False,False
capped,3.0,113,iei_rounded,1.0,1.2910041289642449,3,30,0.3696143798494951,2.19317508205884,0.9960382596369538,63436,0.23433066397629107,2.7437890157008638,60,2.2136223410804536,0.26584391298323484,1158.316188761539,22.17518120199021,0.004745049358266029,14865,0.19,2.2072159100548943,0.0016507585291031905,False,-1.9946504028921481,False,False
capped,3.0,113,fixed_10,10.0,1.2910041289642449,1,30,1.5133868808567603,1.4876032016362246,0.9953443672884287,14693,0.8537398761314912,11.84611719866603,60,1.4584041442025235,0.2541191115997189,2298.0464657427824,30.977620634191638,0.008122254560717135,12544,0.005,1.4407950500143039,0.006731715030869939,False,-1.5344734915561276,False,False
capped,3.0,113,fixed_10,10.0,1.2910041289642449,1,15,1.5133868808567603,1.4692215378985425,0.9963686172001828,14693,0.7941196488123596,11.84611719866603,60,1.4533191368284957,0.3725006186363292,1055.1907126814795,21.956238323777,0.007635667437946414,11668,0.005,1.4533191368284957,0.0,False,-1.999999999992724,False,False
capped,3.0,113,fixed_10,10.0,1.2910041289642449,1,59,1.5133868808567603,1.5317193780115694,0.9835192838985533,14693,0.8937589328251548,11.84611719866603,60,1.4678187869843438,0.17829086293833357,4032.954270154729,38.509101343151166,0.00987499594513852,13132,0.005,1.4226390605282127,0.014692439830954694,False,2.3858170830717427,False,False
capped,3.0,113,fixed_10,10.0,1.2910041289642449,3,30,1.5133868808567603,1.518759549609837,0.9924701207310485,14693,0.3621452392295651,11.84611719866603,60,1.4958551982739987,0.14933806104170483,225.37328394432413,9.903947930033901,0.0079123427761221,5321,0.22,1.3411347865270353,0.03716988895701278,False,-0.6429091069585411,False,False
capped,3.0,113,selected_regression,4.0,1.2910041289642449,1,30,1.0106173007554617,1.4876032016362246,0.9953443672884287,14693,0.8537398761314912,11.84611719866603,60,1.4584041442025235,0.2541191115997189,2298.0464657427824,30.977620634191638,0.008122254560717135,12544,0.02,1.4407950500143039,0.006731715030869939,False,-1.5344734915561276,True,True
capped,3.0,113,selected_mle,5.0,1.2910041289642449,1,30,0.9652522279453847,1.5066406509430168,0.9961114093351973,15486,0.8623918377889707,11.239506651168798,60,1.4923263382140615,0.26488080568344974,2572.4167063536047,32.855777577499786,0.0069869743059042255,13355,0.01,1.4923263382140615,0.0,False,-2.000000000007276,True,True
capped,3.0,114,iei_rounded,1.0,1.2708473193838818,1,30,0.3708631662688942,2.1315123917939065,0.9944131003410881,62620,0.991168955605238,2.7787927179814758,59,1.9699727828547626,0.5291044452000095,9450.868930850465,45.02072670906885,0.020450594430110658,62067,0.005,1.70799851427934,0.12207419613799216,False,390.1481484157557,False,False
capped,3.0,114,iei_rounded,1.0,1.2708473193838818,1,15,0.3708631662688942,2.1013782007512636,0.9959589211098349,62620,0.9751357393803897,2.7787927179814758,59,1.9416089467211837,0.6355751297038004,4688.241154091256,35.92319966573021,0.015883600815234433,61063,0.005,1.6617829949612921,0.15255177518641064,False,309.5365540269413,False,False
capped,3.0,114,iei_rounded,1.0,1.2708473193838818,1,59,0.3708631662688942,2.09387397566468,0.9807426957533983,62620,1.0,2.7787927179814758,59,1.979136854431692,0.44608167336198346,15851.222223037019,48.7209031802107,0.022071039342637655,62620,0.005,1.766536017065221,0.08816227403294212,False,334.2407522292342,False,False
capped,3.0,114,iei_rounded,1.0,1.2708473193838818,3,30,0.3708631662688942,2.193624755537114,0.9918904450614972,62620,0.23618652187799424,2.7787927179814758,59,2.1981219043327567,0.2635219857212816,1107.2829740628745,21.46858741807914,0.009527820058519598,14790,0.01,2.1011178334590097,0.02497429340766902,False,-0.7778262822248507,False,False
capped,3.0,114,fixed_10,10.0,1.2708473193838818,1,30,1.4514292221842615,1.5056191895010913,0.9926850619056042,14623,0.8514668672638993,11.899610203104698,60,1.4793307160487341,0.26178284507069627,2304.193042263367,30.818469021304406,0.003850841810255079,12451,0.385,1.4411930542662816,0.014691902646997445,False,0.15471769970463356,False,False
capped,3.0,114,fixed_10,10.0,1.2708473193838818,1,15,1.4514292221842615,1.4669544448544949,0.9969453958318027,14623,0.7963482185598031,11.899610203104698,60,1.4683497477125247,0.3781258124730704,1079.4796213683824,22.11566186461946,0.003174506292273449,11645,0.62,1.4581384640032968,0.004847072403947786,False,-1.9035122256245813,False,False
capped,3.0,114,fixed_10,10.0,1.2708473193838818,1,59,1.4514292221842615,1.5125842914384355,0.9739757498511262,14623,0.8917458797784312,11.899610203104698,60,1.4816482006428107,0.18028311738574215,4207.813276969716,39.646778904509866,0.003671305032502681,13040,0.56,1.451834409259474,0.009737964453657731,False,-0.10908304445911199,False,False
capped,3.0,114,fixed_10,10.0,1.2708473193838818,3,30,1.4514292221842615,1.5229278446582337,0.9865961230159725,14623,0.34931272652670453,11.899610203104698,60,1.5087667483770755,0.15050356421362693,234.19305904916908,10.32782259526824,0.004433612167323853,5108,0.915,1.4623547409691686,0.01115944143336862,False,-1.8824713417197927,False,False
capped,3.0,114,selected_regression,4.0,1.2708473193838818,1,30,1.0012993229843397,1.5056191895010913,0.9926850619056042,14623,0.8514668672638993,11.899610203104698,60,1.4793307160487341,0.26178284507069627,2304.193042263367,30.818469021304406,0.003850841810255079,12451,0.39,1.4411930542662816,0.014691902646997445,False,0.15471769970463356,True,True
capped,3.0,114,selected_mle,4.0,1.2708473193838818,1,30,1.0012993229843397,1.5056191895010913,0.9926850619056042,14623,0.8514668672638993,11.899610203104698,60,1.4793307160487341,0.26178284507069627,2304.193042263367,30.818469021304406,0.003850841810255079,12451,0.39,1.4411930542662816,0.014691902646997445,False,0.15471769970463356,True,True
capped,3.0,115,iei_rounded,1.0,1.2954525452922465,1,30,0.3720646361311323,2.146472770877061,0.9964900584493769,63760,0.9915150564617315,2.729203262233375,58,1.981437081563863,0.5396395320570218,9256.69768337552,43.39494842942818,0.022033096760696202,63219,0.005,1.694796704976309,0.1345395546187608,False,470.63989892831887,False,False
capped,3.0,115,iei_rounded,1.0,1.2954525452922465,1,15,0.3720646361311323,2.130970895287994,0.9961502543196074,63760,0.9765997490589712,2.729203262233375,58,1.9501081508658036,0.6429591541700244,4580.780202063792,34.980948802527124,0.017016184349566754,62268,0.005,1.6462398890035135,0.1663626729780392,False,370.259456699423,False,False
capped,3.0,115,iei_rounded,1.0,1.2954525452922465,1,59,0.3720646361311323,2.0810225192202707,0.9845770550060328,63760,1.0,2.729203262233375,58,1.990567546833793,0.4563489608746448,15704.418528351554,47.490280574414484,0.023628250586574362,63760,0.005,1.760378541973884,0.09625381440732059,False,393.8005796507059,False,False
capped,3.0,115,iei_rounded,1.0,1.2954525452922465,3,30,0.3720646361311323,2.206740048682662,0.9955437783203464,63760,0.23456712672521957,2.729203262233375,58,2.2463545782216396,0.27191562542941694,1201.3058902378873,22.456351305628147,0.0054673035112466906,14956,0.065,2.2463545782216396,0.0,False,-2.000000000014552,False,False
capped,3.0,115,fixed_10,10.0,1.2954525452922465,1,30,1.407942238267148,1.5046292763690587,0.9925686669534316,14936,0.8549812533476165,11.650642742367435,60,1.4895063219729874,0.2638122223876128,2457.327558385899,32.460525584788634,0.0021952517201467847,12770,0.935,1.478095506828535,0.0044036506952269145,False,-1.8024885557460948,False,False
capped,3.0,115,fixed_10,10.0,1.2954525452922465,1,15,1.407942238267148,1.4897773220510884,0.9976504716290797,14936,0.7982726298875201,11.650642742367435,60,1.4889263962625439,0.3866662293371006,1121.6444288024445,22.597680109594382,0.002540925703637731,11923,0.755,1.47774099443028,0.005336134150327441,False,-1.882050504696963,False,False
capped,3.0,115,fixed_10,10.0,1.2954525452922465,1,59,1.407942238267148,1.4900396975483219,0.9811319420435874,14936,0.8966256025709695,11.650642742367435,60,1.486404066882729,0.17976549296199057,4481.937749715944,41.54697027007181,0.0023996454731760597,13392,0.905,1.486404066882729,0.0,False,-2.000000000021828,False,False
capped,3.0,115,fixed_10,10.0,1.2954525452922465,3,30,1.407942238267148,1.5138213890397243,0.9860461218635627,14936,0.3450053561863953,11.650642742367435,60,1.4978632854921745,0.14879373028823112,239.13788229499528,10.649652349362421,0.004571813230203503,5153,0.845,1.4978632854921745,0.0,False,-2.000000000007276,False,False
capped,3.0,115,selected_regression,4.0,1.2954525452922465,1,30,0.9818559185859668,1.5046292763690587,0.9925686669534316,14936,0.8549812533476165,11.650642742367435,60,1.4895063219729874,0.2638122223876128,2457.327558385899,32.460525584788634,0.0021952517201467847,12770,0.905,1.478095506828535,0.0044036506952269145,False,-1.8024885557460948,True,True
capped,3.0,115,selected_mle,4.0,1.2954525452922465,1,30,0.9818559185859668,1.5046292763690587,0.9925686669534316,14936,0.8549812533476165,11.650642742367435,60,1.4895063219729874,0.2638122223876128,2457.327558385899,32.460525584788634,0.0021952517201467847,12770,0.905,1.478095506828535,0.0044036506952269145,False,-1.8024885557460948,True,True
capped,3.0,116,iei_rounded,1.0,1.284445365121812,1,30,0.3710683217671782,2.1352314202621083,0.9953280374669975,63308,0.99140708915145,2.7492102103999496,60,1.9779172050800344,0.5342056549081229,9552.578210750462,45.06388922997096,0.020488854264965606,62764,0.005,1.7168602436810678,0.12200528610735775,False,389.64133468538057,False,False
capped,3.0,116,iei_rounded,1.0,1.284445365121812,1,15,0.3710683217671782,2.1194877109331305,0.9960604295422015,63308,0.9755797055664371,2.7492102103999496,60,1.950408015175844,0.6412114010266927,4722.130636113014,36.16670759943108,0.016075438387915475,61762,0.005,1.668356482065047,0.15416930307900575,False,316.49420461960835,False,False
capped,3.0,116,iei_rounded,1.0,1.284445365121812,1,59,0.3710683217671782,2.0935772726608293,0.9832038815610241,63308,0.9999842042079989,2.7492102103999496,60,1.9872208574786345,0.45233742882946615,15855.21736228627,48.72837923768976,0.0221461347750882,63307,0.005,1.7733478312686615,0.08905609832108849,False,339.5716042490094,False,False
capped,3.0,116,iei_rounded,1.0,1.284445365121812,3,30,0.3710683217671782,2.19383719049695,0.9933428029054702,63308,0.23373033423895875,2.7492102103999496,60,2.206068731916025,0.26484817012239503,1123.6332445998305,21.55766424283181,0.007311447194960463,14797,0.02,2.144005760024875,0.015986904035087984,False,-1.5001857077877503,False,False
capped,3.0,116,fixed_10,10.0,1.284445365121812,1,30,1.4471094015160086,1.4845243019184289,0.9907266646306585,14744,0.8532284319045035,11.804598480737928,60,1.4716973778730367,0.2581891440998906,2356.183063427368,31.24878653439167,0.004016473735258264,12580,0.385,1.4393323431109575,0.012434162177926086,False,-0.42876470086775953,False,False
capped,3.0,116,fixed_10,10.0,1.284445365121812,1,15,1.4471094015160086,1.478260656167675,0.9978860120822132,14744,0.7963917525773195,11.804598480737928,60,1.4645124494882449,0.37794605544075155,1047.3012628569288,21.68327124866652,0.0029556803546711974,11742,0.645,1.4316141678230943,0.015616085733436825,False,-0.9893394354439806,False,False
capped,3.0,116,fixed_10,10.0,1.284445365121812,1,59,1.4471094015160086,1.4762135815584114,0.9858029306413153,14744,0.8958220293000543,11.804598480737928,60,1.4709872080569024,0.17583965695673193,4318.801822893618,40.76325737506972,0.0036715407690530166,13208,0.55,1.4540210106973528,0.005513865334321231,False,-1.3772150021322886,False,False
capped,3.0,116,fixed_10,10.0,1.284445365121812,3,30,1.4471094015160086,1.4872789033464797,0.9824220450616039,14744,0.3497693977211069,11.804598480737928,60,1.4830226807902616,0.14680723761357267,235.0668916279942,10.420788701860872,0.005874520134482419,5157,0.655,1.4259242629396682,0.013695900861077522,False,-1.8199393413669895,False,False
capped,3.0,116,selected_regression,4.0,1.284445365121812,1,30,0.9995930548019534,1.4845243019184289,0.9907266646306585,14744,0.8532284319045035,11.804598480737928,60,1.4716973778730367,0.2581891440998906,2356.183063427368,31.24878653439167,0.004016473735258264,12580,0.335,1.4393323431109575,0.012434162177926086,False,-0.42876470086775953,True,True
capped,3.0,116,selected_mle,4.0,1.284445365121812,1,30,0.9995930548019534,1.4845243019184289,0.9907266646306585,14744,0.8532284319045035,11.804598480737928,60,1.4716973778730367,0.2581891440998906,2356.183063427368,31.24878653439167,0.004016473735258264,12580,0.335,1.4393323431109575,0.012434162177926086,False,-0.42876470086775953,True,True
capped,3.0,117,iei_rounded,1.0,1.2850006920241075,1,30,0.3699982441422635,2.1452033271520206,0.9964820137618484,63549,0.9917858660246424,2.7388629246723,60,1.9763437767058196,0.5339483147640378,9506.4085807312,45.0805826805891,0.019382158690395057,63027,0.005,1.7154222458908714,0.12186648542634049,False,391.3174086496001,False,False
capped,3.0,117,iei_rounded,1.0,1.2850006920241075,1,15,0.3699982441422635,2.1098334373445122,0.9962162431274687,63549,0.9764433744040032,2.7388629246723,60,1.945784502908877,0.6370870961474688,4863.051119220749,37.23360407939985,0.014421631157236603,62052,0.005,1.6817259030576346,0.14394824077011195,False,279.50606504286407,False,False
capped,3.0,117,iei_rounded,1.0,1.2850006920241075,1,59,0.3699982441422635,2.1155638554871428,0.9742916986893447,63549,0.9999842641111584,2.7388629246723,60,1.9875195272858637,0.45450071595064645,15643.277949286912,48.02763797396358,0.02140417792199334,63548,0.005,1.7670340770675437,0.09191840811400974,False,361.7281701899483,False,False
capped,3.0,117,iei_rounded,1.0,1.2850006920241075,3,30,0.3699982441422635,2.2141712787154733,0.9959480971815606,63549,0.23638452217973532,2.7388629246723,60,2.2196341780414475,0.2678089410738572,1130.896123421549,21.43567054631818,0.0057080575694883895,15022,0.045,2.148839783318325,0.018262677096107512,False,-1.3439132494095247,False,False
capped,3.0,117,fixed_10,10.0,1.2850006920241075,1,30,1.473096116294207,1.4808199328082383,0.9891613149229688,15098,0.8595178169293947,11.528149423764736,60,1.4713256358381752,0.258606190823259,2403.1930961446424,31.164371926739204,0.007203253425464906,12977,0.015,1.4230591423156227,0.018556663592339064,False,1.6028327618769254,False,False
capped,3.0,117,fixed_10,10.0,1.2850006920241075,1,15,1.473096116294207,1.506969788073155,0.9955654419821596,15098,0.8020267585110611,11.528149423764736,60,1.4655453177625848,0.38121146641502257,1001.3397150955733,20.47487839607756,0.006368923520681746,12109,0.035,1.386879196105357,0.037420721780871864,False,3.9560310410670354,False,False
capped,3.0,117,fixed_10,10.0,1.2850006920241075,1,59,1.473096116294207,1.547752248107559,0.978766111406211,15098,0.8967412902371175,11.528149423764736,60,1.4841572056248165,0.1840781870317718,4153.490947218438,38.668884924892254,0.008442723063669944,13539,0.01,1.4113094345903734,0.023888186784930068,False,9.673317997992854,False,False
capped,3.0,117,fixed_10,10.0,1.2850006920241075,3,30,1.473096116294207,1.4792860718372616,0.9793745731116589,15098,0.3532255927937475,11.528149423764736,60,1.4940792259209008,0.14790664873480258,256.16464765542787,11.110188368063037,0.011580364365833207,5333,0.05,1.4540228229325804,0.009617640684593568,False,-1.9084160343772965,False,False
capped,3.0,117,selected_regression,4.0,1.2850006920241075,1,30,1.010729897999735,1.4808199328082383,0.9891613149229688,15098,0.8595178169293947,11.528149423764736,60,1.4713256358381752,0.258606190823259,2403.1930961446424,31.164371926739204,0.007203253425464906,12977,0.01,1.4230591423156227,0.018556663592339064,False,1.6028327618769254,True,True
capped,3.0,117,selected_mle,4.0,1.2850006920241075,1,30,1.010729897999735,1.4808199328082383,0.9891613149229688,15098,0.8595178169293947,11.528149423764736,60,1.4713256358381752,0.258606190823259,2403.1930961446424,31.164371926739204,0.007203253425464906,12977,0.01,1.4230591423156227,0.018556663592339064,False,1.6028327618769254,True,True
capped,3.0,118,iei_rounded,1.0,1.2891740931341784,1,30,0.3714134732062473,2.1327575573184783,0.9963466861696129,63344,0.9911278100530437,2.7470636524374843,59,1.9805337250008481,0.5381049775881308,9301.14617860902,43.488810026956244,0.02264682239186322,62782,0.005,1.6964687098816518,0.1332444788932772,False,459.4488355561916,False,False
capped,3.0,118,iei_rounded,1.0,1.2891740931341784,1,15,0.3714134732062473,2.13449676530374,0.9961011093513226,63344,0.9757988128315231,2.7470636524374843,59,1.9512666947546915,0.6441863263547705,4500.255274643409,34.49784512371295,0.01799657225786222,61811,0.005,1.6388763632661323,0.17119797391681016,False,388.07299683094607,False,False
capped,3.0,118,iei_rounded,1.0,1.2891740931341784,1,59,0.3714134732062473,2.1040168172470857,0.9766263583620038,63344,1.0,2.7470636524374843,59,1.9880530772620784,0.45259611266254884,15900.38964943753,48.21152483846551,0.023927791866709236,63344,0.005,1.7658158048530408,0.0926983786442179,False,366.021465931437,False,False
capped,3.0,118,iei_rounded,1.0,1.2891740931341784,3,30,0.3714134732062473,2.1835621530611085,0.9948582758376637,63344,0.23334491033089164,2.7470636524374843,59,2.2337804215475163,0.26900296433144844,1203.8267552413727,22.63328071239472,0.005588097191221553,14781,0.065,2.2337804215475163,0.0,False,-2.000000000029104,False,False
capped,3.0,118,fixed_10,10.0,1.2891740931341784,1,30,1.5197405848219365,1.4738362038071318,0.9923224840879353,14670,0.8546693933197,11.861622358554873,60,1.448468374621596,0.2511520964461289,2256.437654663948,30.557874391852074,0.004915606444632958,12538,0.17,1.4031319195836844,0.01730181560230711,False,1.0881187970226165,False,False
capped,3.0,118,fixed_10,10.0,1.2891740931341784,1,15,1.5197405848219365,1.4806920401638886,0.9970237401580216,14670,0.7939331970006817,11.861622358554873,60,1.4436426825483597,0.37158098058960476,963.2917293858936,20.40212650264901,0.004311351841485567,11647,0.28,1.3826991136842304,0.028814795172350163,False,1.4557335336285178,False,False
capped,3.0,118,fixed_10,10.0,1.2891740931341784,1,59,1.5197405848219365,1.5102168014434574,0.9797239173099683,14670,0.8948193592365371,11.861622358554873,60,1.4597438966836247,0.17573265878624272,4015.2270344749227,38.297641033770034,0.006154476401903197,13127,0.05,1.3971599337259928,0.020311287103251547,False,6.420460392444511,False,False
capped,3.0,118,fixed_10,10.0,1.2891740931341784,3,30,1.5197405848219365,1.4897371018556493,0.9858781236027562,14670,0.36182685753237903,11.861622358554873,60,1.480253374815101,0.14651903027340912,239.05027710729365,10.556115352030405,0.005566386556691949,5308,0.66,1.4380202026734452,0.010127081136572,False,-1.8985185121382528,False,False
capped,3.0,118,selected_regression,4.0,1.2891740931341784,1,30,1.0159509202453987,1.4738362038071318,0.9923224840879353,14670,0.8546693933197,11.861622358554873,60,1.448468374621596,0.2511520964461289,2256.437654663948,30.557874391852074,0.004915606444632958,12538,0.145,1.4031319195836844,0.01730181560230711,False,1.0881187970226165,True,True
capped,3.0,118,selected_mle,5.0,1.2891740931341784,1,30,0.9636393550510036,1.4853968352613658,0.9936504020596478,15432,0.8635303265940902,11.275920165889062,60,1.4829060068004214,0.2604264910545042,2602.9059198289183,33.52339889413364,0.002416796699722612,13326,0.885,1.4829060068004214,0.0,False,-2.0,True,True
capped,3.0,119,iei_rounded,1.0,1.3061160428411787,1,30,0.3706285603939365,2.187052346075944,0.9960858886751117,64373,0.9920152859117953,2.703555838627996,60,1.9736973036233625,0.5391942723384007,8824.616835175675,42.14287435766825,0.02302278985762718,63859,0.005,1.6593932439801435,0.14755170746381152,False,572.8208895443822,False,False
capped,3.0,119,iei_rounded,1.0,1.3061160428411787,1,15,0.3706285603939365,2.1346629513846915,0.9951020524871865,64373,0.977739114224908,2.703555838627996,60,1.9365864317803538,0.6357786418904172,4519.03080359923,34.73126246416462,0.016956477028604033,62940,0.005,1.6255362609380668,0.1697440811208589,False,395.14848385113874,False,False
capped,3.0,119,iei_rounded,1.0,1.3061160428411787,1,59,0.3706285603939365,2.1938226146123156,0.9705040415629133,64373,0.9999844655367933,2.703555838627996,60,1.9866273976689701,0.4620434884498056,14726.993347680063,45.789939213099174,0.025404423384500552,64372,0.005,1.7188834407877391,0.11240722067951199,False,535.3918999722227,False,False
capped,3.0,119,iei_rounded,1.0,1.3061160428411787,3,30,0.3706285603939365,2.2759211804923143,0.9966009753482419,64373,0.23848507914809003,2.703555838627996,60,2.26345075247478,0.2777412061083505,1111.3782047859297,20.635972073070164,0.007631923074347902,15352,0.02,2.084653595844739,0.046374649289106784,False,2.1688169561093673,False,False
capped,3.0,119,fixed_10,10.0,1.3061160428411787,1,30,1.4244943820224718,1.4615334869898358,0.9894173481274896,14750,0.8545084745762712,11.799050847457627,60,1.4630648413461511,0.2533233496477679,2433.293161700063,32.840469089421404,0.004670976465764087,12604,0.2,1.4608857696575044,0.0008335844324678907,False,-1.992841127626889,False,False
capped,3.0,119,fixed_10,10.0,1.3061160428411787,1,15,1.4244943820224718,1.4539315146883658,0.9939927520548569,14750,0.7938305084745763,11.799050847457627,60,1.4656376784824996,0.37647328801961166,1097.8622115137664,22.37679478453037,0.004828754909251498,11709,0.125,1.4497619745586887,0.007532658498220028,False,-1.765348381079093,False,False
capped,3.0,119,fixed_10,10.0,1.3061160428411787,1,59,1.4244943820224718,1.474893659858406,0.9809176891205482,14750,0.8972203389830509,11.799050847457627,60,1.4644965932098497,0.17345633581895092,4341.039245224979,41.35382036680312,0.004239351963274518,13234,0.325,1.4593784468170228,0.0016578879266709989,False,-1.9430614821976633,False,False
capped,3.0,119,fixed_10,10.0,1.3061160428411787,3,30,1.4244943820224718,1.455583402749974,0.9797294312753233,14750,0.35315254237288135,11.799050847457627,60,1.467333770336575,0.143407263603193,266.1750732608609,11.904689128616013,0.011824209775495254,5209,0.03,1.467333770336575,0.0,False,-2.000000000010914,False,False
capped,3.0,119,selected_regression,4.0,1.3061160428411787,1,30,0.9989830508474576,1.4615334869898358,0.9894173481274896,14750,0.8545084745762712,11.799050847457627,60,1.4630648413461511,0.2533233496477679,2433.293161700063,32.840469089421404,0.004670976465764087,12604,0.23,1.4608857696575044,0.0008335844324678907,False,-1.992841127626889,True,True
capped,3.0,119,selected_mle,4.0,1.3061160428411787,1,30,0.9989830508474576,1.4615334869898358,0.9894173481274896,14750,0.8545084745762712,11.799050847457627,60,1.4630648413461511,0.2533233496477679,2433.293161700063,32.840469089421404,0.004670976465764087,12604,0.23,1.4608857696575044,0.0008335844324678907,False,-1.992841127626889,True,True
refractory_0.8,3.0,100,iei_rounded,17.0,16.910374543284277,1,30,0.8704573368976231,1.9527561444781931,0.957651431887979,47394,0.9965396463687387,3.6682913448959784,77,1.5901422667078808,0.3302494299123163,5554.560819774522,38.87892543388026,0.023043126799216662,47230,0.005,1.2527651084878315,0.1374270861588622,False,604.1644593075325,False,True
refractory_0.8,3.0,100,iei_rounded,17.0,16.910374543284277,1,15,0.8704573368976231,1.5901002548619314,0.9964597520472668,47394,0.9628433978984682,3.6682913448959784,77,1.514937892148259,0.4057580748890892,3542.828110813306,36.54727372927846,0.00854660544713115,45633,0.005,1.371643041657366,0.06919790157859801,False,71.49676905636443,True,True
refractory_0.8,3.0,100,iei_rounded,17.0,16.910374543284277,1,59,0.8704573368976231,2.763586808017368,0.8937615195558221,47394,0.9999789002827362,3.6682913448959784,77,1.6724492577457593,0.3184457769791159,5119.882679320219,31.1536877352688,0.04166834633605487,47393,0.005,1.1219387185192085,0.205019513763032,False,1997.2465085801086,False,True
refractory_0.8,3.0,100,iei_rounded,17.0,16.910374543284277,3,30,0.8704573368976231,2.1743352618826144,0.955409387846647,47394,0.37601806135797783,3.6682913448959784,77,1.7979192708137095,0.2039577629384116,199.4722076890017,4.383582608092546,0.026387288109730345,17821,0.005,0.4290505979241249,0.3409586015613221,False,314.3687251681258,False,False
refractory_0.8,3.0,100,fixed_10,10.0,16.910374543284277,1,30,0.9432288401253919,1.9527561444781931,0.957651431887979,47394,0.9965396463687387,3.6682913448959784,77,1.5901422667078808,0.3302494299123163,5554.560819774522,38.87892543388026,0.023043126799216662,47230,0.005,1.2527651084878315,0.1374270861588622,False,604.1644593075325,False,True
refractory_0.8,3.0,100,fixed_10,10.0,16.910374543284277,1,15,0.9432288401253919,1.5901002548619314,0.9964597520472668,47394,0.9628433978984682,3.6682913448959784,77,1.514937892148259,0.4057580748890892,3542.828110813306,36.54727372927846,0.00854660544713115,45633,0.005,1.371643041657366,0.06919790157859801,False,71.49676905636443,True,True
refractory_0.8,3.0,100,fixed_10,10.0,16.910374543284277,1,59,0.9432288401253919,2.763586808017368,0.8937615195558221,47394,0.9999789002827362,3.6682913448959784,77,1.6724492577457593,0.3184457769791159,5119.882679320219,31.1536877352688,0.04166834633605487,47393,0.005,1.1219387185192085,0.205019513763032,False,1997.2465085801086,False,True
refractory_0.8,3.0,100,fixed_10,10.0,16.910374543284277,3,30,0.9432288401253919,2.1743352618826144,0.955409387846647,47394,0.37601806135797783,3.6682913448959784,77,1.7979192708137095,0.2039577629384116,199.4722076890017,4.383582608092546,0.026387288109730345,17821,0.005,0.4290505979241249,0.3409586015613221,False,314.3687251681258,False,False
refractory_0.8,3.0,100,selected_regression,128.0,16.910374543284277,1,30,1.1146476337448559,1.691420584934947,0.9506013752215646,34101,0.9914078766018591,5.098237588340518,78,1.2776430214267531,0.23120368035754457,303.99130285722833,2.9848580927001214,0.0733710858593224,33808,0.005,0.48148273424687155,0.29626547598694913,False,2478.6211234800867,True,False
refractory_0.8,3.0,100,selected_mle,10.0,16.910374543284277,1,30,0.9432288401253919,1.9527561444781931,0.957651431887979,47394,0.9965396463687387,3.6682913448959784,77,1.5901422667078808,0.3302494299123163,5554.560819774522,38.87892543388026,0.023043126799216662,47230,0.005,1.2527651084878315,0.1374270861588622,False,604.1644593075325,False,True
refractory_0.8,3.0,101,iei_rounded,15.0,15.395903163009908,1,30,0.9223214918811601,1.9239203893426373,0.9653413562874711,46903,0.9967379485320769,3.7062661237021084,67,1.5823759358252563,0.3254896692757555,5648.550914532486,39.829470146303336,0.0202727523088142,46750,0.005,1.2672028469326055,0.127830493164189,False,524.1542981683742,False,True
refractory_0.8,3.0,101,iei_rounded,15.0,15.395903163009908,1,15,0.9223214918811601,1.5764747362195517,0.9952296369059915,46903,0.9621559388525254,3.7062661237021084,67,1.5075600179438258,0.4010225109718335,3639.386105063815,38.108433758331444,0.006686823893978011,45128,0.005,1.3982117206244613,0.052627777300788776,False,40.42836568481289,True,True
refractory_0.8,3.0,101,iei_rounded,15.0,15.395903163009908,1,59,0.9223214918811601,2.7601590332529415,0.8939031567814554,46903,0.9999786794021704,3.7062661237021084,67,1.666293933176087,0.3145896137053268,5128.72421752816,31.538208412629196,0.03921609340803889,46902,0.005,1.1272980875400356,0.19985886463908478,False,1906.5075542151171,False,True
refractory_0.8,3.0,101,iei_rounded,15.0,15.395903163009908,3,30,0.9223214918811601,2.135856030180402,0.9658914941172276,46903,0.37925079419226915,3.7062661237021084,67,1.7763622545691842,0.20071156904368842,162.9090522084221,3.593806266138778,0.02891118054631092,17788,0.005,0.37161096221940915,0.3491600805727648,False,331.98151949878957,False,False
refractory_0.8,3.0,101,fixed_10,10.0,15.395903163009908,1,30,0.9475149482742257,1.9239203893426373,0.9653413562874711,46903,0.9967379485320769,3.7062661237021084,67,1.5823759358252563,0.3254896692757555,5648.550914532486,39.829470146303336,0.0202727523088142,46750,0.005,1.2672028469326055,0.127830493164189,False,524.1542981683742,False,True
refractory_0.8,3.0,101,fixed_10,10.0,15.395903163009908,1,15,0.9475149482742257,1.5764747362195517,0.9952296369059915,46903,0.9621559388525254,3.7062661237021084,67,1.5075600179438258,0.4010225109718335,3639.386105063815,38.108433758331444,0.006686823893978011,45128,0.005,1.3982117206244613,0.052627777300788776,False,40.42836568481289,True,True
refractory_0.8,3.0,101,fixed_10,10.0,15.395903163009908,1,59,0.9475149482742257,2.7601590332529415,0.8939031567814554,46903,0.9999786794021704,3.7062661237021084,67,1.666293933176087,0.3145896137053268,5128.72421752816,31.538208412629196,0.03921609340803889,46902,0.005,1.1272980875400356,0.19985886463908478,False,1906.5075542151171,False,True
refractory_0.8,3.0,101,fixed_10,10.0,15.395903163009908,3,30,0.9475149482742257,2.135856030180402,0.9658914941172276,46903,0.37925079419226915,3.7062661237021084,67,1.7763622545691842,0.20071156904368842,162.9090522084221,3.593806266138778,0.02891118054631092,17788,0.005,0.37161096221940915,0.3491600805727648,False,331.98151949878957,False,False
refractory_0.8,3.0,101,selected_regression,128.0,15.395903163009908,1,30,1.0642585551330799,1.6843413384621861,0.9521813580533892,34443,0.9925383967714775,5.047034230467729,70,1.2895626593243446,0.23201573157963423,784.8588410683979,7.596803319673919,0.06408344463405014,34186,0.005,0.5778354777159889,0.2651518348770028,False,2019.941413788969,True,False
refractory_0.8,3.0,101,selected_mle,12.0,15.395903163009908,1,30,0.9566382052569898,1.9239203893426373,0.9653413562874711,46903,0.9967379485320769,3.7062661237021084,67,1.5823759358252563,0.3254896692757555,5648.550914532486,39.829470146303336,0.0202727523088142,46750,0.005,1.2672028469326055,0.127830493164189,False,524.1542981683742,False,True
refractory_0.8,3.0,102,iei_rounded,18.0,17.64229312121696,1,30,0.8315613166326827,1.9719061601483092,0.958541654187312,47621,0.9965141429201403,3.6510153083723567,65,1.5932911077091578,0.33227222660346567,5508.3892245036195,38.83233807585059,0.023743069326476074,47455,0.005,1.252453641113019,0.13902749441670206,False,618.662063506199,False,True
refractory_0.8,3.0,102,iei_rounded,18.0,17.64229312121696,1,15,0.8315613166326827,1.580067373918571,0.9968823234913621,47621,0.9640704731106025,3.6510153083723567,65,1.5146546834156407,0.40450084192909563,3679.425506112881,37.933145197327164,0.008362468390533395,45910,0.005,1.387458585387553,0.06137494268206189,False,56.2794556466979,True,True
refractory_0.8,3.0,102,iei_rounded,18.0,17.64229312121696,1,59,0.8315613166326827,2.7618491130545517,0.8953396394081843,47621,0.9999790008609647,3.6510153083723567,65,1.6750755732038787,0.3201957157911848,5103.705788254146,31.050602277678188,0.04223150403292031,47620,0.005,1.1237578819886025,0.20561139552096272,False,2008.9723996706016,False,True
refractory_0.8,3.0,102,iei_rounded,18.0,17.64229312121696,3,30,0.8315613166326827,2.200598056073202,0.9579252873352629,47621,0.37277671615463764,3.6510153083723567,65,1.7910375146712543,0.2040090770186722,102.70443526385309,2.2877549192756037,0.02855701391871243,17752,0.005,0.28601533794130124,0.3748829411666638,False,376.90654897567583,False,False
refractory_0.8,3.0,102,fixed_10,10.0,17.64229312121696,1,30,0.9366555371797672,1.9719061601483092,0.958541654187312,47621,0.9965141429201403,3.6510153083723567,65,1.5932911077091578,0.33227222660346567,5508.3892245036195,38.83233807585059,0.023743069326476074,47455,0.005,1.252453641113019,0.13902749441670206,False,618.662063506199,False,True
refractory_0.8,3.0,102,fixed_10,10.0,17.64229312121696,1,15,0.9366555371797672,1.580067373918571,0.9968823234913621,47621,0.9640704731106025,3.6510153083723567,65,1.5146546834156407,0.40450084192909563,3679.425506112881,37.933145197327164,0.008362468390533395,45910,0.005,1.387458585387553,0.06137494268206189,False,56.2794556466979,True,True
refractory_0.8,3.0,102,fixed_10,10.0,17.64229312121696,1,59,0.9366555371797672,2.7618491130545517,0.8953396394081843,47621,0.9999790008609647,3.6510153083723567,65,1.6750755732038787,0.3201957157911848,5103.705788254146,31.050602277678188,0.04223150403292031,47620,0.005,1.1237578819886025,0.20561139552096272,False,2008.9723996706016,False,True
refractory_0.8,3.0,102,fixed_10,10.0,17.64229312121696,3,30,0.9366555371797672,2.200598056073202,0.9579252873352629,47621,0.37277671615463764,3.6510153083723567,65,1.7910375146712543,0.2040090770186722,102.70443526385309,2.2877549192756037,0.02855701391871243,17752,0.005,0.28601533794130124,0.3748829411666638,False,376.90654897567583,False,False
refractory_0.8,3.0,102,selected_regression,128.0,17.64229312121696,1,30,1.1719436546911346,1.6788778962217508,0.951624723496427,33837,0.9915181605934332,5.138310133877117,70,1.2694007296444578,0.2286140236484881,259.4354787128672,2.57838068104037,0.07541196675611211,33550,0.005,0.46758311101708266,0.2975090832819674,False,2493.801668106258,True,False
refractory_0.8,3.0,102,selected_mle,8.0,17.64229312121696,1,30,0.9381791907514451,1.9719061601483092,0.958541654187312,47621,0.9965141429201403,3.6510153083723567,65,1.5932911077091578,0.33227222660346567,5508.3892245036195,38.83233807585059,0.023743069326476074,47455,0.005,1.252453641113019,0.13902749441670206,False,618.662063506199,False,True
refractory_0.8,3.0,103,iei_rounded,17.0,17.49184111959583,1,30,0.8717994628469113,1.9505392904814338,0.961090394787429,47562,0.9965308439510534,3.656574576342458,61,1.5951277694127644,0.3317861824921138,5694.1475477247095,39.73273750609714,0.021601100348951408,47397,0.005,1.2693486423821265,0.13283287910922784,False,564.6476524848258,False,True
refractory_0.8,3.0,103,iei_rounded,17.0,17.49184111959583,1,15,0.8717994628469113,1.6010055539029862,0.9960726367866095,47562,0.9624490139186745,3.656574576342458,61,1.5229040622015244,0.4090538538896954,3592.969272356951,37.01925185569045,0.007699391624134022,45776,0.005,1.3855646170641849,0.0664370171565184,False,65.58390984337893,True,True
refractory_0.8,3.0,103,iei_rounded,17.0,17.49184111959583,1,59,0.8717994628469113,2.7421077579729025,0.9028628140105679,47562,0.9999789748118245,3.656574576342458,61,1.6766464107635048,0.319613389176459,5313.310895441559,32.00816419083404,0.040019499768495115,47561,0.005,1.1382581725549028,0.20066383747129646,False,1916.4526518695347,False,True
refractory_0.8,3.0,103,iei_rounded,17.0,17.49184111959583,3,30,0.8717994628469113,2.1695313724785117,0.9601694966551011,47562,0.3747950044152895,3.656574576342458,61,1.8030721212316667,0.20445448842325126,230.24332298197947,5.036722158563439,0.025078445878656486,17826,0.005,0.5014673728926605,0.3242590104709888,False,284.72396667909925,False,False
refractory_0.8,3.0,103,fixed_10,10.0,17.49184111959583,1,30,0.9361781537695945,1.9505392904814338,0.961090394787429,47562,0.9965308439510534,3.656574576342458,61,1.5951277694127644,0.3317861824921138,5694.1475477247095,39.73273750609714,0.021601100348951408,47397,0.005,1.2693486423821265,0.13283287910922784,False,564.6476524848258,False,True
refractory_0.8,3.0,103,fixed_10,10.0,17.49184111959583,1,15,0.9361781537695945,1.6010055539029862,0.9960726367866095,47562,0.9624490139186745,3.656574576342458,61,1.5229040622015244,0.4090538538896954,3592.969272356951,37.01925185569045,0.007699391624134022,45776,0.005,1.3855646170641849,0.0664370171565184,False,65.58390984337893,True,True
refractory_0.8,3.0,103,fixed_10,10.0,17.49184111959583,1,59,0.9361781537695945,2.7421077579729025,0.9028628140105679,47562,0.9999789748118245,3.656574576342458,61,1.6766464107635048,0.319613389176459,5313.310895441559,32.00816419083404,0.040019499768495115,47561,0.005,1.1382581725549028,0.20066383747129646,False,1916.4526518695347,False,True
refractory_0.8,3.0,103,fixed_10,10.0,17.49184111959583,3,30,0.9361781537695945,2.1695313724785117,0.9601694966551011,47562,0.3747950044152895,3.656574576342458,61,1.8030721212316667,0.20445448842325126,230.24332298197947,5.036722158563439,0.025078445878656486,17826,0.005,0.5014673728926605,0.3242590104709888,False,284.72396667909925,False,False
refractory_0.8,3.0,103,selected_regression,128.0,17.49184111959583,1,30,1.1770519155489958,1.7027193478597604,0.9453621800055859,33936,0.9910124941065536,5.124764262140499,75,1.2752249977432673,0.23073657448564522,249.11473435347565,2.4696964359209557,0.07303427051510675,33631,0.005,0.47566156165598716,0.2972994747103804,False,2486.0218758313276,False,False
refractory_0.8,3.0,103,selected_mle,8.0,17.49184111959583,1,30,0.9417942225802739,1.9505392904814338,0.961090394787429,47562,0.9965308439510534,3.656574576342458,61,1.5951277694127644,0.3317861824921138,5694.1475477247095,39.73273750609714,0.021601100348951408,47397,0.005,1.2693486423821265,0.13283287910922784,False,564.6476524848258,False,True
refractory_0.8,3.0,104,iei_rounded,16.0,15.694929240116254,1,30,0.9054979103617236,1.9340122798293713,0.9624711236161415,46986,0.9966372962158941,3.702315583365258,59,1.5822487624758867,0.3264763423663113,5509.73624909089,38.84616432055027,0.022923016490906056,46828,0.005,1.247828839602893,0.13580951069960737,False,590.461267237697,False,True
refractory_0.8,3.0,104,iei_rounded,16.0,15.694929240116254,1,15,0.9054979103617236,1.590944890818833,0.9948637172341301,46986,0.961711999318946,3.702315583365258,59,1.5083393518817143,0.4032178157659626,3458.4694091126134,36.21345116466273,0.00847080347951834,45187,0.005,1.362874413996334,0.07013627125712942,False,73.13056095817592,True,True
refractory_0.8,3.0,104,iei_rounded,16.0,15.694929240116254,1,59,0.9054979103617236,2.782880296222111,0.89576040150141,46986,1.0,3.702315583365258,59,1.665794423433395,0.31484937782782907,5058.322537904144,30.805440475236082,0.041851288150912325,46986,0.005,1.114221782095349,0.2047489435174063,False,1995.7978049007943,False,True
refractory_0.8,3.0,104,iei_rounded,16.0,15.694929240116254,3,30,0.9054979103617236,2.149259614431632,0.9619760404616493,46986,0.37864470267739325,3.702315583365258,59,1.7837552875546532,0.20178265686265295,178.32165486720515,3.940231273609377,0.027445210914475188,17791,0.005,0.3917575694365235,0.34623946253214455,False,325.5342792309675,False,False
refractory_0.8,3.0,104,fixed_10,10.0,15.694929240116254,1,30,0.9761177100727811,1.9340122798293713,0.9624711236161415,46986,0.9966372962158941,3.702315583365258,59,1.5822487624758867,0.3264763423663113,5509.73624909089,38.84616432055027,0.022923016490906056,46828,0.005,1.247828839602893,0.13580951069960737,False,590.461267237697,False,True
refractory_0.8,3.0,104,fixed_10,10.0,15.694929240116254,1,15,0.9761177100727811,1.590944890818833,0.9948637172341301,46986,0.961711999318946,3.702315583365258,59,1.5083393518817143,0.4032178157659626,3458.4694091126134,36.21345116466273,0.00847080347951834,45187,0.005,1.362874413996334,0.07013627125712942,False,73.13056095817592,True,True
refractory_0.8,3.0,104,fixed_10,10.0,15.694929240116254,1,59,0.9761177100727811,2.782880296222111,0.89576040150141,46986,1.0,3.702315583365258,59,1.665794423433395,0.31484937782782907,5058.322537904144,30.805440475236082,0.041851288150912325,46986,0.005,1.114221782095349,0.2047489435174063,False,1995.7978049007943,False,True
refractory_0.8,3.0,104,fixed_10,10.0,15.694929240116254,3,30,0.9761177100727811,2.149259614431632,0.9619760404616493,46986,0.37864470267739325,3.702315583365258,59,1.7837552875546532,0.20178265686265295,178.32165486720515,3.940231273609377,0.027445210914475188,17791,0.005,0.3917575694365235,0.34623946253214455,False,325.5342792309675,False,False
refractory_0.8,3.0,104,selected_regression,128.0,15.694929240116254,1,30,1.0894230769230768,1.7021130172076457,0.9485986169722345,34352,0.9913833255705635,5.063955519329297,72,1.2891437180032543,0.23333566013691243,577.5934864947238,5.634572814321455,0.06900784987311942,34056,0.005,0.539151214430048,0.27978740738912516,False,2225.6301813217287,False,False
refractory_0.8,3.0,104,selected_mle,10.0,15.694929240116254,1,30,0.9761177100727811,1.9340122798293713,0.9624711236161415,46986,0.9966372962158941,3.702315583365258,59,1.5822487624758867,0.3264763423663113,5509.73624909089,38.84616432055027,0.022923016490906056,46828,0.005,1.247828839602893,0.13580951069960737,False,590.461267237697,False,True
refractory_0.8,3.0,105,iei_rounded,18.0,18.092205667289285,1,30,0.8214337489127284,1.9515758573971604,0.9619614805831426,47785,0.9963168358271424,3.6413100345296643,66,1.601478420225229,0.3343984416061937,5781.745881260713,40.08577636457372,0.023043461071536764,47609,0.005,1.272763267502355,0.13436363339898244,False,575.8869413615903,False,True
refractory_0.8,3.0,105,iei_rounded,18.0,18.092205667289285,1,15,0.8214337489127284,1.5990795767742123,0.9976971404446945,47785,0.9628335251648007,3.6413100345296643,66,1.5297959682401316,0.41209436006351563,3627.463264739993,36.795327473970545,0.009106368580796831,46009,0.005,1.38195485938214,0.07167576801329513,False,76.54884847300127,True,True
refractory_0.8,3.0,105,iei_rounded,18.0,18.092205667289285,1,59,0.8214337489127284,2.8112692681381453,0.8937490882807129,47785,0.9999581458616721,3.6413100345296643,66,1.6815658065333334,0.32132917408822514,5492.897002730931,32.70915180246062,0.041101627616841774,47783,0.005,1.146252435167656,0.19994581687521287,False,1898.5628939195885,False,True
refractory_0.8,3.0,105,iei_rounded,18.0,18.092205667289285,3,30,0.8214337489127284,2.165257717336105,0.960431040483583,47785,0.3711624986920582,3.6413100345296643,66,1.8100492362795126,0.20487284825441487,290.16498803032755,6.387217341941049,0.02359458275088072,17736,0.005,0.6005291230064191,0.30138362946335623,False,245.04383566493925,False,False
refractory_0.8,3.0,105,fixed_10,10.0,18.092205667289285,1,30,0.9349150864602345,1.9515758573971604,0.9619614805831426,47785,0.9963168358271424,3.6413100345296643,66,1.601478420225229,0.3343984416061937,5781.745881260713,40.08577636457372,0.023043461071536764,47609,0.005,1.272763267502355,0.13436363339898244,False,575.8869413615903,False,True
refractory_0.8,3.0,105,fixed_10,10.0,18.092205667289285,1,15,0.9349150864602345,1.5990795767742123,0.9976971404446945,47785,0.9628335251648007,3.6413100345296643,66,1.5297959682401316,0.41209436006351563,3627.463264739993,36.795327473970545,0.009106368580796831,46009,0.005,1.38195485938214,0.07167576801329513,False,76.54884847300127,True,True
refractory_0.8,3.0,105,fixed_10,10.0,18.092205667289285,1,59,0.9349150864602345,2.8112692681381453,0.8937490882807129,47785,0.9999581458616721,3.6413100345296643,66,1.6815658065333334,0.32132917408822514,5492.897002730931,32.70915180246062,0.041101627616841774,47783,0.005,1.146252435167656,0.19994581687521287,False,1898.5628939195885,False,True
refractory_0.8,3.0,105,fixed_10,10.0,18.092205667289285,3,30,0.9349150864602345,2.165257717336105,0.960431040483583,47785,0.3711624986920582,3.6413100345296643,66,1.8100492362795126,0.20487284825441487,290.16498803032755,6.387217341941049,0.02359458275088072,17736,0.005,0.6005291230064191,0.30138362946335623,False,245.04383566493925,False,False
refractory_0.8,3.0,105,selected_regression,128.0,18.092205667289285,1,30,1.2153875819514077,1.6812709152334515,0.9489130004766362,33692,0.9906209189125015,5.164430725394753,84,1.2696054409230957,0.2290169445276828,212.35199682272196,2.1123286090684488,0.07665077493499561,33376,0.005,0.45245237468337457,0.30339835684256056,False,2572.2618552842177,False,False
refractory_0.8,3.0,105,selected_mle,10.0,18.092205667289285,1,30,0.9349150864602345,1.9515758573971604,0.9619614805831426,47785,0.9963168358271424,3.6413100345296643,66,1.601478420225229,0.3343984416061937,5781.745881260713,40.08577636457372,0.023043461071536764,47609,0.005,1.272763267502355,0.13436363339898244,False,575.8869413615903,False,True
refractory_0.8,3.0,106,iei_rounded,18.0,18.485731628885052,1,30,0.8234101849505954,1.9549087907509108,0.9629301471861091,47872,0.9963235294117647,3.634859625668449,58,1.6004945760098703,0.3344316609481195,5720.900299146608,39.680252688634,0.022735758136336548,47696,0.005,1.2694432618935096,0.1352930399670669,False,585.3161991627421,False,True
refractory_0.8,3.0,106,iei_rounded,18.0,18.485731628885052,1,15,0.8234101849505954,1.601884684257743,0.9963085772430815,47872,0.963360628342246,3.634859625668449,58,1.5266470462748192,0.4106056183179678,3638.573021632132,37.24291887960919,0.00835324833757528,46118,0.005,1.3862676595771666,0.06798094312688412,False,69.05893456810736,True,True
refractory_0.8,3.0,106,iei_rounded,18.0,18.485731628885052,1,59,0.8234101849505954,2.6569527110720106,0.9013967665926862,47872,1.0,3.634859625668449,58,1.680746942407227,0.32174055011605096,5374.382936600989,32.42182585626058,0.04085741759880196,47872,0.005,1.1419345134027086,0.20124743476417026,False,1926.737051377393,False,True
refractory_0.8,3.0,106,iei_rounded,18.0,18.485731628885052,3,30,0.8234101849505954,2.171280452303564,0.9624205266391731,47872,0.3716577540106952,3.634859625668449,58,1.8081896106314392,0.2052505128048009,236.9594001696126,5.176755755150504,0.02440326358872713,17792,0.005,0.5097840473774915,0.3236326381419894,False,282.3913557516935,False,False
refractory_0.8,3.0,106,fixed_10,10.0,18.485731628885052,1,30,0.9251443113400782,1.9549087907509108,0.9629301471861091,47872,0.9963235294117647,3.634859625668449,58,1.6004945760098703,0.3344316609481195,5720.900299146608,39.680252688634,0.022735758136336548,47696,0.005,1.2694432618935096,0.1352930399670669,False,585.3161991627421,False,True
refractory_0.8,3.0,106,fixed_10,10.0,18.485731628885052,1,15,0.9251443113400782,1.601884684257743,0.9963085772430815,47872,0.963360628342246,3.634859625668449,58,1.5266470462748192,0.4106056183179678,3638.573021632132,37.24291887960919,0.00835324833757528,46118,0.005,1.3862676595771666,0.06798094312688412,False,69.05893456810736,True,True
refractory_0.8,3.0,106,fixed_10,10.0,18.485731628885052,1,59,0.9251443113400782,2.6569527110720106,0.9013967665926862,47872,1.0,3.634859625668449,58,1.680746942407227,0.32174055011605096,5374.382936600989,32.42182585626058,0.04085741759880196,47872,0.005,1.1419345134027086,0.20124743476417026,False,1926.737051377393,False,True
refractory_0.8,3.0,106,fixed_10,10.0,18.485731628885052,3,30,0.9251443113400782,2.171280452303564,0.9624205266391731,47872,0.3716577540106952,3.634859625668449,58,1.8081896106314392,0.2052505128048009,236.9594001696126,5.176755755150504,0.02440326358872713,17792,0.005,0.5097840473774915,0.3236326381419894,False,282.3913557516935,False,False
refractory_0.8,3.0,106,selected_regression,128.0,18.485731628885052,1,30,1.2455710880628745,1.6796833715602748,0.9471212955494824,33611,0.9910445984945405,5.177114635089703,86,1.2625454323750969,0.22746193258224962,86.79867868354698,0.8695201181555454,0.0786537092290232,33310,0.005,0.42699519705059613,0.3096131483404455,False,2678.850705776189,False,False
refractory_0.8,3.0,106,selected_mle,8.0,18.485731628885052,1,30,0.9305220883534137,1.9549087907509108,0.9629301471861091,47872,0.9963235294117647,3.634859625668449,58,1.6004945760098703,0.3344316609481195,5720.900299146608,39.680252688634,0.022735758136336548,47696,0.005,1.2694432618935096,0.1352930399670669,False,585.3161991627421,False,True
refractory_0.8,3.0,107,iei_rounded,19.0,18.59794552236648,1,30,0.8232480614537285,1.9439869807737513,0.9636458559951103,47926,0.9966823853440722,3.629094854567458,64,1.6032579932949478,0.33415338212218393,5956.314755342493,41.089535563128514,0.02017144818421085,47767,0.005,1.2946462520787057,0.1260474913528066,False,509.5466979491757,False,True
refractory_0.8,3.0,107,iei_rounded,19.0,18.59794552236648,1,15,0.8232480614537285,1.6111001908403277,0.995956643048072,47926,0.9626298877436047,3.629094854567458,64,1.534174503721557,0.4135159993384526,3700.119098914297,37.8146763166595,0.0074693561016261345,46135,0.005,1.4069214025727603,0.06170380525373511,False,56.299570119415876,True,True
refractory_0.8,3.0,107,iei_rounded,19.0,18.59794552236648,1,59,0.8232480614537285,2.662355315016656,0.8977754491188986,47926,0.9999582689980386,3.629094854567458,64,1.6841373003752,0.3226013122518533,5534.983018075176,33.43429174313401,0.03841766818390285,47924,0.005,1.1601089597915437,0.19573963091603638,False,1825.7526275402051,False,True
refractory_0.8,3.0,107,iei_rounded,19.0,18.59794552236648,3,30,0.8232480614537285,2.153901185725575,0.9623710709496409,47926,0.3700705253933147,3.629094854567458,64,1.7957245674198905,0.2033258354502765,218.0225525468408,4.798280621450873,0.026588328681550644,17736,0.005,0.45682344597389407,0.33335951697582716,False,299.9041997472814,False,False
refractory_0.8,3.0,107,fixed_10,10.0,18.59794552236648,1,30,0.9306608551520918,1.9439869807737513,0.9636458559951103,47926,0.9966823853440722,3.629094854567458,64,1.6032579932949478,0.33415338212218393,5956.314755342493,41.089535563128514,0.02017144818421085,47767,0.005,1.2946462520787057,0.1260474913528066,False,509.5466979491757,False,True
refractory_0.8,3.0,107,fixed_10,10.0,18.59794552236648,1,15,0.9306608551520918,1.6111001908403277,0.995956643048072,47926,0.9626298877436047,3.629094854567458,64,1.534174503721557,0.4135159993384526,3700.119098914297,37.8146763166595,0.0074693561016261345,46135,0.005,1.4069214025727603,0.06170380525373511,False,56.299570119415876,True,True
refractory_0.8,3.0,107,fixed_10,10.0,18.59794552236648,1,59,0.9306608551520918,2.662355315016656,0.8977754491188986,47926,0.9999582689980386,3.629094854567458,64,1.6841373003752,0.3226013122518533,5534.983018075176,33.43429174313401,0.03841766818390285,47924,0.005,1.1601089597915437,0.19573963091603638,False,1825.7526275402051,False,True
refractory_0.8,3.0,107,fixed_10,10.0,18.59794552236648,3,30,0.9306608551520918,2.153901185725575,0.9623710709496409,47926,0.3700705253933147,3.629094854567458,64,1.7957245674198905,0.2033258354502765,218.0225525468408,4.798280621450873,0.026588328681550644,17736,0.005,0.45682344597389407,0.33335951697582716,False,299.9041997472814,False,False
refractory_0.8,3.0,107,selected_regression,128.0,18.59794552236648,1,30,1.2614949910095041,1.6795247179477226,0.9472534958254056,33599,0.9911604512039048,5.176582636387987,74,1.2622804436419575,0.22738951039734984,84.06108044381273,0.8413686341300487,0.07851363679392698,33302,0.005,0.42739662284461094,0.3093274408393122,False,2674.147781126987,False,False
refractory_0.8,3.0,107,selected_mle,10.0,18.59794552236648,1,30,0.9306608551520918,1.9439869807737513,0.9636458559951103,47926,0.9966823853440722,3.629094854567458,64,1.6032579932949478,0.33415338212218393,5956.314755342493,41.089535563128514,0.02017144818421085,47767,0.005,1.2946462520787057,0.1260474913528066,False,509.5466979491757,False,True
refractory_0.8,3.0,108,iei_rounded,18.0,18.39018284167951,1,30,0.8002678054429647,1.961488917022531,0.9613048542570116,47847,0.9963216084603005,3.634418040838506,64,1.599574451743349,0.33463417493060776,5627.036771470103,38.97624241466026,0.021496506766024492,47671,0.005,1.2661051346493526,0.13625939412988036,False,593.7113530676288,False,True
refractory_0.8,3.0,108,iei_rounded,18.0,18.39018284167951,1,15,0.8002678054429647,1.6116638783651298,0.994255950451233,47847,0.9635713837858173,3.634418040838506,64,1.5246005637568718,0.4102015879686307,3581.9367545530654,36.87401009806524,0.008688813334257861,46104,0.005,1.3866196255482413,0.06677775391927879,False,66.67243844486075,True,True
refractory_0.8,3.0,108,iei_rounded,18.0,18.39018284167951,1,59,0.8002678054429647,2.645259506000806,0.8942013834893274,47847,0.9999582000961398,3.634418040838506,64,1.6800542946228472,0.3220460595458101,5268.798784207155,31.791302925108923,0.0396766170132114,47845,0.005,1.1385936581695886,0.2022249502336438,False,1944.4757334332098,False,True
refractory_0.8,3.0,108,iei_rounded,18.0,18.39018284167951,3,30,0.8002678054429647,2.183395232672294,0.9608641929885683,47847,0.3728760423851025,3.634418040838506,64,1.8075611379915824,0.20618646807936586,156.8088870458103,3.41813964740057,0.02968877799696884,17841,0.005,0.33303663423200236,0.36787764908541715,False,362.34960834818776,False,False
refractory_0.8,3.0,108,fixed_10,10.0,18.39018284167951,1,30,0.9214854275714683,1.961488917022531,0.9613048542570116,47847,0.9963216084603005,3.634418040838506,64,1.599574451743349,0.33463417493060776,5627.036771470103,38.97624241466026,0.021496506766024492,47671,0.005,1.2661051346493526,0.13625939412988036,False,593.7113530676288,False,True
refractory_0.8,3.0,108,fixed_10,10.0,18.39018284167951,1,15,0.9214854275714683,1.6116638783651298,0.994255950451233,47847,0.9635713837858173,3.634418040838506,64,1.5246005637568718,0.4102015879686307,3581.9367545530654,36.87401009806524,0.008688813334257861,46104,0.005,1.3866196255482413,0.06677775391927879,False,66.67243844486075,True,True
refractory_0.8,3.0,108,fixed_10,10.0,18.39018284167951,1,59,0.9214854275714683,2.645259506000806,0.8942013834893274,47847,0.9999582000961398,3.634418040838506,64,1.6800542946228472,0.3220460595458101,5268.798784207155,31.791302925108923,0.0396766170132114,47845,0.005,1.1385936581695886,0.2022249502336438,False,1944.4757334332098,False,True
refractory_0.8,3.0,108,fixed_10,10.0,18.39018284167951,3,30,0.9214854275714683,2.183395232672294,0.9608641929885683,47847,0.3728760423851025,3.634418040838506,64,1.8075611379915824,0.20618646807936586,156.8088870458103,3.41813964740057,0.02968877799696884,17841,0.005,0.33303663423200236,0.36787764908541715,False,362.34960834818776,False,False
refractory_0.8,3.0,108,selected_regression,128.0,18.39018284167951,1,30,1.2249024249792053,1.6860422980564806,0.9488053606590453,33723,0.9913708744773597,5.15659935355692,78,1.2646473447879192,0.22790763733245556,126.71943643088079,1.263602800601762,0.07398650470073193,33432,0.005,0.45044511221911443,0.30170317090970017,False,2559.0969941160874,False,False
refractory_0.8,3.0,108,selected_mle,12.0,18.39018284167951,1,30,0.9334857889578569,1.961488917022531,0.9613048542570116,47847,0.9963216084603005,3.634418040838506,64,1.599574451743349,0.33463417493060776,5627.036771470103,38.97624241466026,0.021496506766024492,47671,0.005,1.2661051346493526,0.13625939412988036,False,593.7113530676288,False,True
refractory_0.8,3.0,109,iei_rounded,18.0,17.54420031771132,1,30,0.8509538950715422,1.9344181356395873,0.9634402518900113,47639,0.9965154600222507,3.6528054745061818,66,1.598552848478585,0.3320616415230162,5895.974646538262,40.816516324156275,0.02137792070141714,47473,0.005,1.2851865715100566,0.1278171853319159,False,522.9602421838208,False,True
refractory_0.8,3.0,109,iei_rounded,18.0,17.54420031771132,1,15,0.8509538950715422,1.598857694567181,0.9961536548314297,47639,0.9624677260227964,3.6528054745061818,66,1.5279806194592158,0.4106243625631808,3678.230356073956,37.693901669156794,0.007629688620561681,45851,0.005,1.397836828717153,0.06301579686277177,False,58.70706034419709,True,True
refractory_0.8,3.0,109,iei_rounded,18.0,17.54420031771132,1,59,0.8509538950715422,2.7480235471849093,0.8953195219189339,47639,0.9999790087953148,3.6528054745061818,66,1.6795915429192885,0.32001282641197315,5506.854518911993,33.196312369731096,0.039680161916515744,47638,0.005,1.1518798440746134,0.19674535063297705,False,1844.553449568688,False,True
refractory_0.8,3.0,109,iei_rounded,18.0,17.54420031771132,3,30,0.8509538950715422,2.1401594202878536,0.9614355854117318,47639,0.37141837570058145,3.6528054745061818,66,1.7921620904369444,0.20232222245704412,247.56254665116253,5.45124322145907,0.025495769821827524,17694,0.005,0.5128928165094054,0.31828455949736806,False,274.1191725797107,False,False
refractory_0.8,3.0,109,fixed_10,10.0,17.54420031771132,1,30,0.9260596253189768,1.9344181356395873,0.9634402518900113,47639,0.9965154600222507,3.6528054745061818,66,1.598552848478585,0.3320616415230162,5895.974646538262,40.816516324156275,0.02137792070141714,47473,0.005,1.2851865715100566,0.1278171853319159,False,522.9602421838208,False,True
refractory_0.8,3.0,109,fixed_10,10.0,17.54420031771132,1,15,0.9260596253189768,1.598857694567181,0.9961536548314297,47639,0.9624677260227964,3.6528054745061818,66,1.5279806194592158,0.4106243625631808,3678.230356073956,37.693901669156794,0.007629688620561681,45851,0.005,1.397836828717153,0.06301579686277177,False,58.70706034419709,True,True
refractory_0.8,3.0,109,fixed_10,10.0,17.54420031771132,1,59,0.9260596253189768,2.7480235471849093,0.8953195219189339,47639,0.9999790087953148,3.6528054745061818,66,1.6795915429192885,0.32001282641197315,5506.854518911993,33.196312369731096,0.039680161916515744,47638,0.005,1.1518798440746134,0.19674535063297705,False,1844.553449568688,False,True
refractory_0.8,3.0,109,fixed_10,10.0,17.54420031771132,3,30,0.9260596253189768,2.1401594202878536,0.9614355854117318,47639,0.37141837570058145,3.6528054745061818,66,1.7921620904369444,0.20232222245704412,247.56254665116253,5.45124322145907,0.025495769821827524,17694,0.005,0.5128928165094054,0.31828455949736806,False,274.1191725797107,False,False
refractory_0.8,3.0,109,selected_regression,128.0,17.54420031771132,1,30,1.1658064105014976,1.669771488956174,0.9513405666438526,33825,0.9909830007390983,5.14459719142646,71,1.2754261810225298,0.22905336940125148,490.5756101150612,4.835768132654881,0.07250627559116696,33520,0.005,0.5057122342340271,0.2858951749456003,False,2303.718806689896,True,False
refractory_0.8,3.0,109,selected_mle,12.0,17.54420031771132,1,30,0.9349516155486305,1.9344181356395873,0.9634402518900113,47639,0.9965154600222507,3.6528054745061818,66,1.598552848478585,0.3320616415230162,5895.974646538262,40.816516324156275,0.02137792070141714,47473,0.005,1.2851865715100566,0.1278171853319159,False,522.9602421838208,False,True
refractory_0.8,3.0,110,iei_rounded,17.0,17.004607424202785,1,30,0.8629924665681433,1.940075287255004,0.9647508158975593,47431,0.9966477620121861,3.668507937846556,79,1.5920649372613855,0.33018923314811643,5697.654115737668,39.86734431329462,0.021786465425015278,47272,0.005,1.2695699963854916,0.13131954071974042,False,552.6319825228711,False,True
refractory_0.8,3.0,110,iei_rounded,17.0,17.004607424202785,1,15,0.8629924665681433,1.5969339897255168,0.9948469516472209,47431,0.9624085513693575,3.668507937846556,79,1.5193528359831223,0.4071315756256615,3611.198697397729,37.46553970915265,0.007561776617881044,45648,0.005,1.3891606426168648,0.06290308553446666,False,58.628547260479536,True,True
refractory_0.8,3.0,110,iei_rounded,17.0,17.004607424202785,1,59,0.8629924665681433,2.676975433836801,0.9059065426682286,47431,0.99995783348443,3.668507937846556,79,1.6743742556099352,0.3185601045448375,5266.116108159594,31.93723118620057,0.04039528186043162,47429,0.005,1.135660254666086,0.2005625022919034,False,1916.1262912190869,False,True
refractory_0.8,3.0,110,iei_rounded,17.0,17.004607424202785,3,30,0.8629924665681433,2.1524983184379622,0.9647753185691775,47431,0.37384832704349474,3.668507937846556,79,1.7846831528428257,0.20217814676815632,159.42189074167592,3.5218109540742177,0.03020805056531295,17732,0.005,0.3673746881090861,0.35261994454498957,False,335.8766496899334,False,False
refractory_0.8,3.0,110,fixed_10,10.0,17.004607424202785,1,30,0.9335187847721448,1.940075287255004,0.9647508158975593,47431,0.9966477620121861,3.668507937846556,79,1.5920649372613855,0.33018923314811643,5697.654115737668,39.86734431329462,0.021786465425015278,47272,0.005,1.2695699963854916,0.13131954071974042,False,552.6319825228711,False,True
refractory_0.8,3.0,110,fixed_10,10.0,17.004607424202785,1,15,0.9335187847721448,1.5969339897255168,0.9948469516472209,47431,0.9624085513693575,3.668507937846556,79,1.5193528359831223,0.4071315756256615,3611.198697397729,37.46553970915265,0.007561776617881044,45648,0.005,1.3891606426168648,0.06290308553446666,False,58.628547260479536,True,True
refractory_0.8,3.0,110,fixed_10,10.0,17.004607424202785,1,59,0.9335187847721448,2.676975433836801,0.9059065426682286,47431,0.99995783348443,3.668507937846556,79,1.6743742556099352,0.3185601045448375,5266.116108159594,31.93723118620057,0.04039528186043162,47429,0.005,1.135660254666086,0.2005625022919034,False,1916.1262912190869,False,True
refractory_0.8,3.0,110,fixed_10,10.0,17.004607424202785,3,30,0.9335187847721448,2.1524983184379622,0.9647753185691775,47431,0.37384832704349474,3.668507937846556,79,1.7846831528428257,0.20217814676815632,159.42189074167592,3.5218109540742177,0.03020805056531295,17732,0.005,0.3673746881090861,0.35261994454498957,False,335.8766496899334,False,False
refractory_0.8,3.0,110,selected_regression,128.0,17.004607424202785,1,30,1.1532372248680653,1.6882532418329972,0.9489437928883819,34067,0.9920744415416679,5.10761147151202,82,1.2731304897393247,0.22963601207781076,301.00199455905437,2.9756551416277204,0.07380028747482481,33797,0.005,0.47956214129518043,0.2947699513683099,False,2462.754295076389,True,False
refractory_0.8,3.0,110,selected_mle,12.0,17.004607424202785,1,30,0.9473388429752067,1.940075287255004,0.9647508158975593,47431,0.9966477620121861,3.668507937846556,79,1.5920649372613855,0.33018923314811643,5697.654115737668,39.86734431329462,0.021786465425015278,47272,0.005,1.2695699963854916,0.13131954071974042,False,552.6319825228711,False,True
refractory_0.8,3.0,111,iei_rounded,17.0,16.87215508340241,1,30,0.8722646127267492,1.9358455949672582,0.9646598778559601,47404,0.9966247574044385,3.6705763226731922,65,1.591753636880897,0.32965060066238216,5749.359501433431,40.17863233187081,0.020719758735495475,47244,0.005,1.2754664917003495,0.12872185475514558,False,531.5057961285347,False,True
refractory_0.8,3.0,111,iei_rounded,17.0,16.87215508340241,1,15,0.8722646127267492,1.5898410081832588,0.9954104092164768,47404,0.9627035693190448,3.6705763226731922,65,1.5180889103372248,0.40586568308258175,3679.4181795758427,38.18292275399712,0.006434270887526128,45636,0.005,1.4011292001936182,0.05645817207830084,False,46.94323820795398,True,True
refractory_0.8,3.0,111,iei_rounded,17.0,16.87215508340241,1,59,0.8722646127267492,2.714782905933516,0.8975465689071749,47404,0.9999789047337777,3.6705763226731922,65,1.6740600101200922,0.31818638324831017,5292.440327265011,32.259413697107995,0.03934509717029139,47403,0.005,1.1395381601083576,0.19887906664589375,False,1887.3243776922463,False,True
refractory_0.8,3.0,111,iei_rounded,17.0,16.87215508340241,3,30,0.8722646127267492,2.1484982604525285,0.9647158159663539,47404,0.37541135769133405,3.6705763226731922,65,1.78974800891279,0.20250158833113563,202.68381842801864,4.434648970535348,0.028746460687239073,17796,0.005,0.4546610175313796,0.3321907672502224,False,299.78539532472496,False,False
refractory_0.8,3.0,111,fixed_10,10.0,16.87215508340241,1,30,0.9546585396193557,1.9358455949672582,0.9646598778559601,47404,0.9966247574044385,3.6705763226731922,65,1.591753636880897,0.32965060066238216,5749.359501433431,40.17863233187081,0.020719758735495475,47244,0.005,1.2754664917003495,0.12872185475514558,False,531.5057961285347,False,True
refractory_0.8,3.0,111,fixed_10,10.0,16.87215508340241,1,15,0.9546585396193557,1.5898410081832588,0.9954104092164768,47404,0.9627035693190448,3.6705763226731922,65,1.5180889103372248,0.40586568308258175,3679.4181795758427,38.18292275399712,0.006434270887526128,45636,0.005,1.4011292001936182,0.05645817207830084,False,46.94323820795398,True,True
refractory_0.8,3.0,111,fixed_10,10.0,16.87215508340241,1,59,0.9546585396193557,2.714782905933516,0.8975465689071749,47404,0.9999789047337777,3.6705763226731922,65,1.6740600101200922,0.31818638324831017,5292.440327265011,32.259413697107995,0.03934509717029139,47403,0.005,1.1395381601083576,0.19887906664589375,False,1887.3243776922463,False,True
refractory_0.8,3.0,111,fixed_10,10.0,16.87215508340241,3,30,0.9546585396193557,2.1484982604525285,0.9647158159663539,47404,0.37541135769133405,3.6705763226731922,65,1.78974800891279,0.20250158833113563,202.68381842801864,4.434648970535348,0.028746460687239073,17796,0.005,0.4546610175313796,0.3321907672502224,False,299.78539532472496,False,False
refractory_0.8,3.0,111,selected_regression,128.0,16.87215508340241,1,30,1.1198026779422128,1.6984379138135208,0.9468106932200344,34103,0.9913497346274521,5.1021904231299295,65,1.2792440155545268,0.2311653533711337,387.74937550006337,3.8146067359377342,0.07069227173458703,33808,0.005,0.5031687232958535,0.28874129840676604,False,2360.173170583963,True,False
refractory_0.8,3.0,111,selected_mle,10.0,16.87215508340241,1,30,0.9546585396193557,1.9358455949672582,0.9646598778559601,47404,0.9966247574044385,3.6705763226731922,65,1.591753636880897,0.32965060066238216,5749.359501433431,40.17863233187081,0.020719758735495475,47244,0.005,1.2754664917003495,0.12872185475514558,False,531.5057961285347,False,True
refractory_0.8,3.0,112,iei_rounded,18.0,18.15821126679018,1,30,0.8390495567504723,1.9508827595109932,0.9650909928899896,47787,0.9967773662293092,3.6411994894008832,59,1.5944128414613292,0.3325153614676638,5570.848760395328,38.79239925013163,0.023858228435515605,47633,0.005,1.2524330494661893,0.13956097988506377,False,624.83497318023,False,True
refractory_0.8,3.0,112,iei_rounded,18.0,18.15821126679018,1,15,0.8390495567504723,1.610915387133004,0.9935393219142964,47787,0.9632117521501664,3.6411994894008832,59,1.5202323895351721,0.40893478141430717,3499.003929989258,36.22929131565585,0.00940859646187947,46029,0.005,1.3642025181190516,0.0754917627673694,False,85.75256606959738,True,True
refractory_0.8,3.0,112,iei_rounded,18.0,18.15821126679018,1,59,0.8390495567504723,2.7810210799755515,0.9013906363300268,47787,1.0,3.6411994894008832,59,1.676650521661598,0.32107995504079867,5121.990278379058,30.946423576282474,0.0424370854115092,47787,0.005,1.1226762819541705,0.20682748803550624,False,2032.3348575604905,False,True
refractory_0.8,3.0,112,iei_rounded,18.0,18.15821126679018,3,30,0.8390495567504723,2.1665068636399614,0.9657813422062923,47787,0.37359532927365185,3.6411994894008832,59,1.8011113720848382,0.20472488810821537,183.22387192837576,4.004694337858226,0.02652046142508202,17853,0.005,0.40517077190994655,0.3478740748568054,False,326.80562704394106,False,False
refractory_0.8,3.0,112,fixed_10,10.0,18.15821126679018,1,30,0.9361224553418337,1.9508827595109932,0.9650909928899896,47787,0.9967773662293092,3.6411994894008832,59,1.5944128414613292,0.3325153614676638,5570.848760395328,38.79239925013163,0.023858228435515605,47633,0.005,1.2524330494661893,0.13956097988506377,False,624.83497318023,False,True
refractory_0.8,3.0,112,fixed_10,10.0,18.15821126679018,1,15,0.9361224553418337,1.610915387133004,0.9935393219142964,47787,0.9632117521501664,3.6411994894008832,59,1.5202323895351721,0.40893478141430717,3499.003929989258,36.22929131565585,0.00940859646187947,46029,0.005,1.3642025181190516,0.0754917627673694,False,85.75256606959738,True,True
refractory_0.8,3.0,112,fixed_10,10.0,18.15821126679018,1,59,0.9361224553418337,2.7810210799755515,0.9013906363300268,47787,1.0,3.6411994894008832,59,1.676650521661598,0.32107995504079867,5121.990278379058,30.946423576282474,0.0424370854115092,47787,0.005,1.1226762819541705,0.20682748803550624,False,2032.3348575604905,False,True
refractory_0.8,3.0,112,fixed_10,10.0,18.15821126679018,3,30,0.9361224553418337,2.1665068636399614,0.9657813422062923,47787,0.37359532927365185,3.6411994894008832,59,1.8011113720848382,0.20472488810821537,183.22387192837576,4.004694337858226,0.02652046142508202,17853,0.005,0.40517077190994655,0.3478740748568054,False,326.80562704394106,False,False
refractory_0.8,3.0,112,selected_regression,128.0,18.15821126679018,1,30,1.2085076259733574,1.6779937265424478,0.9503860685393783,33733,0.9918773900927875,5.158213025820413,62,1.2628171124994605,0.22720446717154819,136.1111175941322,1.3597803128594692,0.07551901248492487,33459,0.005,0.4440899354847112,0.30322122603815166,False,2588.4720849519945,False,False
refractory_0.8,3.0,112,selected_mle,8.0,18.15821126679018,1,30,0.9376505678559137,1.9508827595109932,0.9650909928899896,47787,0.9967773662293092,3.6411994894008832,59,1.5944128414613292,0.3325153614676638,5570.848760395328,38.79239925013163,0.023858228435515605,47633,0.005,1.2524330494661893,0.13956097988506377,False,624.83497318023,False,True
refractory_0.8,3.0,113,iei_rounded,18.0,18.231197348232637,1,30,0.8307382502067676,1.9495502697128948,0.9671786313768873,47834,0.9965714763557302,3.6368900781870637,80,1.5975883024945663,0.33352201307341856,5648.682829086619,39.20568744513786,0.021805975922119247,47670,0.005,1.265464314748283,0.1355999277616329,False,589.4363362567674,False,True
refractory_0.8,3.0,113,iei_rounded,18.0,18.231197348232637,1,15,0.8307382502067676,1.5986202758205983,0.996095814784599,47834,0.9638750679433039,3.6368900781870637,80,1.5217237435962847,0.408269447118916,3643.1450832011174,37.45376436682745,0.0076314798424890196,46106,0.005,1.390474983230485,0.0634543202797914,False,60.1932088919275,True,True
refractory_0.8,3.0,113,iei_rounded,18.0,18.231197348232637,1,59,0.8307382502067676,2.7634650870793416,0.8935086546648843,47834,0.9999581887360455,3.6368900781870637,80,1.6790224334639827,0.32183795018227435,5212.286582841178,31.65002625445982,0.04020944389072306,47832,0.005,1.1348187267598553,0.20320494564797206,False,1963.937935828435,False,True
refractory_0.8,3.0,113,iei_rounded,18.0,18.231197348232637,3,30,0.8307382502067676,2.165472450781542,0.9690411982989667,47834,0.37379269975331353,3.6368900781870637,80,1.8067307336695588,0.20562775891002782,189.21217155255178,4.110209970133273,0.026550247450141506,17880,0.005,0.41247437622338534,0.34766047558298685,False,325.99155641841935,False,False
refractory_0.8,3.0,113,fixed_10,10.0,18.231197348232637,1,30,0.9462940086473132,1.9495502697128948,0.9671786313768873,47834,0.9965714763557302,3.6368900781870637,80,1.5975883024945663,0.33352201307341856,5648.682829086619,39.20568744513786,0.021805975922119247,47670,0.005,1.265464314748283,0.1355999277616329,False,589.4363362567674,False,True
refractory_0.8,3.0,113,fixed_10,10.0,18.231197348232637,1,15,0.9462940086473132,1.5986202758205983,0.996095814784599,47834,0.9638750679433039,3.6368900781870637,80,1.5217237435962847,0.408269447118916,3643.1450832011174,37.45376436682745,0.0076314798424890196,46106,0.005,1.390474983230485,0.0634543202797914,False,60.1932088919275,True,True
refractory_0.8,3.0,113,fixed_10,10.0,18.231197348232637,1,59,0.9462940086473132,2.7634650870793416,0.8935086546648843,47834,0.9999581887360455,3.6368900781870637,80,1.6790224334639827,0.32183795018227435,5212.286582841178,31.65002625445982,0.04020944389072306,47832,0.005,1.1348187267598553,0.20320494564797206,False,1963.937935828435,False,True
refractory_0.8,3.0,113,fixed_10,10.0,18.231197348232637,3,30,0.9462940086473132,2.165472450781542,0.9690411982989667,47834,0.37379269975331353,3.6368900781870637,80,1.8067307336695588,0.20562775891002782,189.21217155255178,4.110209970133273,0.026550247450141506,17880,0.005,0.41247437622338534,0.34766047558298685,False,325.99155641841935,False,False
refractory_0.8,3.0,113,selected_regression,128.0,18.231197348232637,1,30,1.2201362993442202,1.6931927863765182,0.9483447593412411,33779,0.9912371591817402,5.1501524615885605,82,1.2656580896588014,0.22858642259404627,81.62191258653209,0.8164217865713285,0.07573470320530679,33483,0.005,0.4408413274168487,0.3058744971036164,False,2627.095500378171,False,False
refractory_0.8,3.0,113,selected_mle,10.0,18.231197348232637,1,30,0.9462940086473132,1.9495502697128948,0.9671786313768873,47834,0.9965714763557302,3.6368900781870637,80,1.5975883024945663,0.33352201307341856,5648.682829086619,39.20568744513786,0.021805975922119247,47670,0.005,1.265464314748283,0.1355999277616329,False,589.4363362567674,False,True
refractory_0.8,3.0,114,iei_rounded,15.0,15.39175061775328,1,30,0.9094080375894351,1.9333937035720985,0.9615430940822304,46915,0.996269849728232,3.7081743578812745,58,1.5841524687049553,0.32664810249579335,5602.376784444118,39.55617618490235,0.022343959717126216,46740,0.005,1.2592993199208808,0.13192760143978494,False,556.0336125993636,False,True
refractory_0.8,3.0,114,iei_rounded,15.0,15.39175061775328,1,15,0.9094080375894351,1.5871359197382635,0.9958821664087595,46915,0.9610572311627411,3.7081743578812745,58,1.511842663518694,0.40407766181253935,3526.2046188526474,36.81557972241805,0.008176856181023429,45088,0.005,1.3758442564343973,0.0656019008786302,False,63.473672975902446,True,True
refractory_0.8,3.0,114,iei_rounded,15.0,15.39175061775328,1,59,0.9094080375894351,2.7623734718597523,0.8849259049993132,46915,1.0,3.7081743578812745,58,1.6665672601691472,0.31426487742589926,5200.66487083579,31.84237376387429,0.04102826809219401,46915,0.005,1.1258796539473652,0.2005503905297729,False,1918.060030838329,False,True
refractory_0.8,3.0,114,iei_rounded,15.0,15.39175061775328,3,30,0.9094080375894351,2.1465896383645644,0.9601135563596761,46915,0.3766812320153469,3.7081743578812745,58,1.7762185688907248,0.20062348469730695,166.77333380686042,3.715777354713871,0.02865895766005644,17672,0.005,0.37973094049561923,0.34708492134646385,False,326.06990681593015,False,False
refractory_0.8,3.0,114,fixed_10,10.0,15.39175061775328,1,30,0.950753002478236,1.9333937035720985,0.9615430940822304,46915,0.996269849728232,3.7081743578812745,58,1.5841524687049553,0.32664810249579335,5602.376784444118,39.55617618490235,0.022343959717126216,46740,0.005,1.2592993199208808,0.13192760143978494,False,556.0336125993636,False,True
refractory_0.8,3.0,114,fixed_10,10.0,15.39175061775328,1,15,0.950753002478236,1.5871359197382635,0.9958821664087595,46915,0.9610572311627411,3.7081743578812745,58,1.511842663518694,0.40407766181253935,3526.2046188526474,36.81557972241805,0.008176856181023429,45088,0.005,1.3758442564343973,0.0656019008786302,False,63.473672975902446,True,True
refractory_0.8,3.0,114,fixed_10,10.0,15.39175061775328,1,59,0.950753002478236,2.7623734718597523,0.8849259049993132,46915,1.0,3.7081743578812745,58,1.6665672601691472,0.31426487742589926,5200.66487083579,31.84237376387429,0.04102826809219401,46915,0.005,1.1258796539473652,0.2005503905297729,False,1918.060030838329,False,True
refractory_0.8,3.0,114,fixed_10,10.0,15.39175061775328,3,30,0.950753002478236,2.1465896383645644,0.9601135563596761,46915,0.3766812320153469,3.7081743578812745,58,1.7762185688907248,0.20062348469730695,166.77333380686042,3.715777354713871,0.02865895766005644,17672,0.005,0.37973094049561923,0.34708492134646385,False,326.06990681593015,False,False
refractory_0.8,3.0,114,selected_regression,128.0,15.39175061775328,1,30,1.1042276836877627,1.693240045869781,0.9514285799212775,34407,0.9913680355741564,5.056209492254483,85,1.291547243730653,0.2335187847936701,672.1950471926244,6.5099394662281105,0.06740340290938107,34110,0.005,0.5540808702048678,0.27522424699928394,False,2157.8968787996855,True,False
refractory_0.8,3.0,114,selected_mle,10.0,15.39175061775328,1,30,0.950753002478236,1.9333937035720985,0.9615430940822304,46915,0.996269849728232,3.7081743578812745,58,1.5841524687049553,0.32664810249579335,5602.376784444118,39.55617618490235,0.022343959717126216,46740,0.005,1.2592993199208808,0.13192760143978494,False,556.0336125993636,False,True
refractory_0.8,3.0,115,iei_rounded,19.0,18.808782861722637,1,30,0.8112623762376238,1.953856171531482,0.9650923198310258,47992,0.9964785797632939,3.625375062510418,76,1.6023352635075003,0.3352889157899198,5740.554720782293,39.6945587367476,0.02231101546974773,47823,0.005,1.272052026635016,0.1350611861010684,False,583.7570530278026,False,True
refractory_0.8,3.0,115,iei_rounded,19.0,18.808782861722637,1,15,0.8112623762376238,1.6018054920178904,0.9965174879925573,47992,0.9637647941323554,3.625375062510418,76,1.5282392956310407,0.41116416204122885,3667.695762411016,37.36624972026637,0.007865491687399029,46253,0.005,1.3908763613420378,0.06653763524327097,False,66.20958964311285,True,True
refractory_0.8,3.0,115,iei_rounded,19.0,18.808782861722637,1,59,0.8112623762376238,2.685731435627459,0.8938606909359487,47992,0.9999166527754626,3.625375062510418,76,1.682959629783733,0.3233096950022908,5340.11519362922,32.30478822279032,0.04050691876287965,47988,0.005,1.142962110027717,0.20194224851969084,False,1936.653325329593,False,True
refractory_0.8,3.0,115,iei_rounded,19.0,18.808782861722637,3,30,0.8112623762376238,2.16906830642293,0.9655503318049325,47992,0.37154109018169695,3.625375062510418,76,1.8124812457828323,0.2059493796879821,241.2012366258065,5.24571805270437,0.02525345334367135,17831,0.005,0.5128547835130237,0.32408753772531734,False,283.16828379192157,False,False
refractory_0.8,3.0,115,fixed_10,10.0,18.808782861722637,1,30,0.9113011036841288,1.953856171531482,0.9650923198310258,47992,0.9964785797632939,3.625375062510418,76,1.6023352635075003,0.3352889157899198,5740.554720782293,39.6945587367476,0.02231101546974773,47823,0.005,1.272052026635016,0.1350611861010684,False,583.7570530278026,False,True
refractory_0.8,3.0,115,fixed_10,10.0,18.808782861722637,1,15,0.9113011036841288,1.6018054920178904,0.9965174879925573,47992,0.9637647941323554,3.625375062510418,76,1.5282392956310407,0.41116416204122885,3667.695762411016,37.36624972026637,0.007865491687399029,46253,0.005,1.3908763613420378,0.06653763524327097,False,66.20958964311285,True,True
refractory_0.8,3.0,115,fixed_10,10.0,18.808782861722637,1,59,0.9113011036841288,2.685731435627459,0.8938606909359487,47992,0.9999166527754626,3.625375062510418,76,1.682959629783733,0.3233096950022908,5340.11519362922,32.30478822279032,0.04050691876287965,47988,0.005,1.142962110027717,0.20194224851969084,False,1936.653325329593,False,True
refractory_0.8,3.0,115,fixed_10,10.0,18.808782861722637,3,30,0.9113011036841288,2.16906830642293,0.9655503318049325,47992,0.37154109018169695,3.625375062510418,76,1.8124812457828323,0.2059493796879821,241.2012366258065,5.24571805270437,0.02525345334367135,17831,0.005,0.5128547835130237,0.32408753772531734,False,283.16828379192157,False,False
refractory_0.8,3.0,115,selected_regression,128.0,18.808782861722637,1,30,1.2339820262494343,1.6780145696521374,0.9497938110623223,33550,0.9908792846497765,5.185961251862891,78,1.2596953049660709,0.2269896836500066,15.18577105738722,0.15252761797543044,0.07885209049678593,33244,0.005,0.4156101130729573,0.31253590009449883,False,2725.873181870411,False,False
refractory_0.8,3.0,115,selected_mle,8.0,18.808782861722637,1,30,0.9352415637625904,1.953856171531482,0.9650923198310258,47992,0.9964785797632939,3.625375062510418,76,1.6023352635075003,0.3352889157899198,5740.554720782293,39.6945587367476,0.02231101546974773,47823,0.005,1.272052026635016,0.1350611861010684,False,583.7570530278026,False,True
refractory_0.8,3.0,116,iei_rounded,17.0,17.38926335362222,1,30,0.8440708604483008,1.9732441123614637,0.9561362296809224,47504,0.9962318962613674,3.6601128326035703,57,1.593387343443366,0.3321382571950696,5518.613251826155,38.844930891025825,0.02220857702016127,47325,0.005,1.2581072435319285,0.13671223300994,False,597.2014592236374,False,True
refractory_0.8,3.0,116,iei_rounded,17.0,17.38926335362222,1,15,0.8440708604483008,1.5984602512836596,0.9944978221846114,47504,0.9630978443920512,3.6601128326035703,57,1.5171675907737434,0.4063724208847659,3594.0258512557743,37.35807377347469,0.007670463354264134,45751,0.005,1.386676226189604,0.06301395809967412,False,59.08126462702057,True,True
refractory_0.8,3.0,116,iei_rounded,17.0,17.38926335362222,1,59,0.8440708604483008,2.777997529108389,0.8923587491755848,47504,1.0,3.6601128326035703,57,1.6743553617203748,0.3191253950446057,5189.367277739251,31.43205932511064,0.04051904190386357,47504,0.005,1.1306995302747862,0.2025099324807521,False,1952.6444315281697,False,True
refractory_0.8,3.0,116,iei_rounded,17.0,17.38926335362222,3,30,0.8440708604483008,2.2044503779796223,0.9546654798533768,47504,0.37382115190299764,3.6601128326035703,57,1.792736315600317,0.20443194070007586,92.79325426176895,2.0577016325184174,0.03230497513140862,17758,0.005,0.2545509685251347,0.38328544409650256,False,393.0046468173532,False,False
refractory_0.8,3.0,116,fixed_10,10.0,17.38926335362222,1,30,0.9231201774390053,1.9732441123614637,0.9561362296809224,47504,0.9962318962613674,3.6601128326035703,57,1.593387343443366,0.3321382571950696,5518.613251826155,38.844930891025825,0.02220857702016127,47325,0.005,1.2581072435319285,0.13671223300994,False,597.2014592236374,False,True
refractory_0.8,3.0,116,fixed_10,10.0,17.38926335362222,1,15,0.9231201774390053,1.5984602512836596,0.9944978221846114,47504,0.9630978443920512,3.6601128326035703,57,1.5171675907737434,0.4063724208847659,3594.0258512557743,37.35807377347469,0.007670463354264134,45751,0.005,1.386676226189604,0.06301395809967412,False,59.08126462702057,True,True
refractory_0.8,3.0,116,fixed_10,10.0,17.38926335362222,1,59,0.9231201774390053,2.777997529108389,0.8923587491755848,47504,1.0,3.6601128326035703,57,1.6743553617203748,0.3191253950446057,5189.367277739251,31.43205932511064,0.04051904190386357,47504,0.005,1.1306995302747862,0.2025099324807521,False,1952.6444315281697,False,True
refractory_0.8,3.0,116,fixed_10,10.0,17.38926335362222,3,30,0.9231201774390053,2.2044503779796223,0.9546654798533768,47504,0.37382115190299764,3.6601128326035703,57,1.792736315600317,0.20443194070007586,92.79325426176895,2.0577016325184174,0.03230497513140862,17758,0.005,0.2545509685251347,0.38328544409650256,False,393.0046468173532,False,False
refractory_0.8,3.0,116,selected_regression,128.0,17.38926335362222,1,30,1.170371322112296,1.7081574091217362,0.9404722707821433,33909,0.9915361703382582,5.127547258839836,63,1.2699171710547414,0.22907988079187225,220.32936757558105,2.204283067861167,0.07225570866740372,33622,0.005,0.47552275640799896,0.2947294646630541,False,2455.0739377486752,False,False
refractory_0.8,3.0,116,selected_mle,8.0,17.38926335362222,1,30,0.9291024268895895,1.9732441123614637,0.9561362296809224,47504,0.9962318962613674,3.6601128326035703,57,1.593387343443366,0.3321382571950696,5518.613251826155,38.844930891025825,0.02220857702016127,47325,0.005,1.2581072435319285,0.13671223300994,False,597.2014592236374,False,True
refractory_0.8,3.0,117,iei_rounded,17.0,17.460095191107758,1,30,0.853540637062155,1.9408809437101793,0.966910060891016,47557,0.9962360956326093,3.6579893601362574,72,1.5959465669974318,0.33258854760779866,5634.274158133963,39.23591329127167,0.024639453060092298,47378,0.005,1.2575562656999972,0.13813761209146425,False,608.2764774230309,False,True
refractory_0.8,3.0,117,iei_rounded,17.0,17.460095191107758,1,15,0.853540637062155,1.614217739986841,0.9941490444884584,47557,0.9618142439598797,3.6579893601362574,72,1.5251365535437547,0.4113616825154831,3461.8509125929604,35.75763420488481,0.010865719114706018,45741,0.005,1.3588610038920632,0.08058645754824273,False,96.88022269264911,True,True
refractory_0.8,3.0,117,iei_rounded,17.0,17.460095191107758,1,59,0.853540637062155,2.656582137139336,0.8945631528647816,47557,0.999957945202599,3.6579893601362574,72,1.6766517383912731,0.3196287019214793,5310.822509032973,32.00787385546918,0.04286576119522817,47555,0.005,1.1315386885448564,0.2033209837231822,False,1961.7494976335438,False,True
refractory_0.8,3.0,117,iei_rounded,17.0,17.460095191107758,3,30,0.853540637062155,2.1477735587324442,0.9671043739552879,47557,0.3714069432470509,3.6579893601362574,72,1.7967808018343607,0.20350056188409144,217.72730666994505,4.782673223759578,0.026946548795049374,17663,0.005,0.4740385217193917,0.3293433415428322,False,291.6121878585691,False,False
refractory_0.8,3.0,117,fixed_10,10.0,17.460095191107758,1,30,0.9446458711008314,1.9408809437101793,0.966910060891016,47557,0.9962360956326093,3.6579893601362574,72,1.5959465669974318,0.33258854760779866,5634.274158133963,39.23591329127167,0.024639453060092298,47378,0.005,1.2575562656999972,0.13813761209146425,False,608.2764774230309,False,True
refractory_0.8,3.0,117,fixed_10,10.0,17.460095191107758,1,15,0.9446458711008314,1.614217739986841,0.9941490444884584,47557,0.9618142439598797,3.6579893601362574,72,1.5251365535437547,0.4113616825154831,3461.8509125929604,35.75763420488481,0.010865719114706018,45741,0.005,1.3588610038920632,0.08058645754824273,False,96.88022269264911,True,True
refractory_0.8,3.0,117,fixed_10,10.0,17.460095191107758,1,59,0.9446458711008314,2.656582137139336,0.8945631528647816,47557,0.999957945202599,3.6579893601362574,72,1.6766517383912731,0.3196287019214793,5310.822509032973,32.00787385546918,0.04286576119522817,47555,0.005,1.1315386885448564,0.2033209837231822,False,1961.7494976335438,False,True
refractory_0.8,3.0,117,fixed_10,10.0,17.460095191107758,3,30,0.9446458711008314,2.1477735587324442,0.9671043739552879,47557,0.3714069432470509,3.6579893601362574,72,1.7967808018343607,0.20350056188409144,217.72730666994505,4.782673223759578,0.026946548795049374,17663,0.005,0.4740385217193917,0.3293433415428322,False,291.6121878585691,False,False
refractory_0.8,3.0,117,selected_regression,128.0,17.460095191107758,1,30,1.1556272170267656,1.6894789340941025,0.9522643031412276,33953,0.9906930168173652,5.123641504432598,73,1.2771373020152286,0.2314192631821277,248.06258886144965,2.444506150183233,0.07616069334441444,33637,0.005,0.4665840775829018,0.3017312765066593,False,2552.0165153324197,True,False
refractory_0.8,3.0,117,selected_mle,8.0,17.460095191107758,1,30,0.9465268374196895,1.9408809437101793,0.966910060891016,47557,0.9962360956326093,3.6579893601362574,72,1.5959465669974318,0.33258854760779866,5634.274158133963,39.23591329127167,0.024639453060092298,47378,0.005,1.2575562656999972,0.13813761209146425,False,608.2764774230309,False,True
refractory_0.8,3.0,118,iei_rounded,17.0,16.563200570646636,1,30,0.8620151663582598,1.9344425964311216,0.9666597721146821,47292,0.9963630212298064,3.679269221009896,57,1.5896052210207277,0.3297152428147099,5580.727018886079,38.93684055356219,0.02164766612880409,47120,0.005,1.2580160307107442,0.13498907818236525,False,582.5865756800922,False,True
refractory_0.8,3.0,118,iei_rounded,17.0,16.563200570646636,1,15,0.8620151663582598,1.5894633302262509,0.99637752920988,47292,0.9629535650850038,3.679269221009896,57,1.5135902335922378,0.4048510666313627,3564.6201171491407,36.917886934093126,0.008125687576258533,45540,0.005,1.3810443386603821,0.06395463083306788,False,60.788440557866124,True,True
refractory_0.8,3.0,118,iei_rounded,17.0,16.563200570646636,1,59,0.8620151663582598,2.741617011777251,0.9005612966535984,47292,1.0,3.679269221009896,57,1.6714306914856625,0.3171700279227233,5213.13504614083,31.406632607816928,0.04016613060886881,47292,0.005,1.1278280675805983,0.20219026239986598,False,1947.2224864345044,False,True
refractory_0.8,3.0,118,iei_rounded,17.0,16.563200570646636,3,30,0.8620151663582598,2.1470518004408734,0.9678698531518733,47292,0.37735769263300345,3.679269221009896,57,1.7994404733619351,0.204142124784366,205.89192882062395,4.487692401493553,0.029440178775399395,17846,0.005,0.42524430967122073,0.3423516555394148,False,317.04908151045674,False,False
refractory_0.8,3.0,118,fixed_10,10.0,16.563200570646636,1,30,0.9479952237305178,1.9344425964311216,0.9666597721146821,47292,0.9963630212298064,3.679269221009896,57,1.5896052210207277,0.3297152428147099,5580.727018886079,38.93684055356219,0.02164766612880409,47120,0.005,1.2580160307107442,0.13498907818236525,False,582.5865756800922,False,True
refractory_0.8,3.0,118,fixed_10,10.0,16.563200570646636,1,15,0.9479952237305178,1.5894633302262509,0.99637752920988,47292,0.9629535650850038,3.679269221009896,57,1.5135902335922378,0.4048510666313627,3564.6201171491407,36.917886934093126,0.008125687576258533,45540,0.005,1.3810443386603821,0.06395463083306788,False,60.788440557866124,True,True
refractory_0.8,3.0,118,fixed_10,10.0,16.563200570646636,1,59,0.9479952237305178,2.741617011777251,0.9005612966535984,47292,1.0,3.679269221009896,57,1.6714306914856625,0.3171700279227233,5213.13504614083,31.406632607816928,0.04016613060886881,47292,0.005,1.1278280675805983,0.20219026239986598,False,1947.2224864345044,False,True
refractory_0.8,3.0,118,fixed_10,10.0,16.563200570646636,3,30,0.9479952237305178,2.1470518004408734,0.9678698531518733,47292,0.37735769263300345,3.679269221009896,57,1.7994404733619351,0.204142124784366,205.89192882062395,4.487692401493553,0.029440178775399395,17846,0.005,0.42524430967122073,0.3423516555394148,False,317.04908151045674,False,False
refractory_0.8,3.0,118,selected_regression,128.0,16.563200570646636,1,30,1.1255668391134956,1.6878512428769998,0.9527047541776207,34114,0.9913232104121475,5.100545230697074,75,1.2812105170832861,0.23151754470482477,435.4316760168367,4.256694800801661,0.07004780239184866,33818,0.005,0.51053886393809,0.2868823003865846,False,2329.294906381954,True,False
refractory_0.8,3.0,118,selected_mle,8.0,16.563200570646636,1,30,0.9545533541883907,1.9344425964311216,0.9666597721146821,47292,0.9963630212298064,3.679269221009896,57,1.5896052210207277,0.3297152428147099,5580.727018886079,38.93684055356219,0.02164766612880409,47120,0.005,1.2580160307107442,0.13498907818236525,False,582.5865756800922,False,True
refractory_0.8,3.0,119,iei_rounded,17.0,16.836748206464005,1,30,0.8779744839449541,1.9410873010255965,0.968265885735526,47441,0.9960582618410236,3.667544950570182,58,1.5952190627716991,0.3321616288182996,5630.411221132781,39.22991711466196,0.021409538126862748,47254,0.005,1.2671204829838927,0.13380470959575252,False,570.8794681443251,False,True
refractory_0.8,3.0,119,iei_rounded,17.0,16.836748206464005,1,15,0.8779744839449541,1.5934560698330826,0.9956193757854067,47441,0.9632385489344659,3.667544950570182,58,1.519041911527852,0.40668551500854644,3645.7430047157713,37.73065421053321,0.00736335772218033,45697,0.005,1.3954960703795738,0.059669306359765834,False,52.664548785134684,True,True
refractory_0.8,3.0,119,iei_rounded,17.0,16.836748206464005,1,59,0.8779744839449541,2.6915666632951045,0.9032804976944183,47441,1.0,3.667544950570182,58,1.675407967385782,0.3183638902138356,5381.875858829447,32.10166985519445,0.03952977687422887,47441,0.005,1.1408219316291248,0.19903936547603274,False,1887.6312223277346,False,True
refractory_0.8,3.0,119,iei_rounded,17.0,16.836748206464005,3,30,0.8779744839449541,2.1534408789905854,0.9701916920041533,47441,0.37427541577959994,3.667544950570182,58,1.800201990028098,0.20461841537566083,178.27144364155717,3.883763006060805,0.027049528763550268,17756,0.005,0.39213873689019985,0.3508850579618667,False,330.5940509330976,False,False
refractory_0.8,3.0,119,fixed_10,10.0,16.836748206464005,1,30,0.9370762645671259,1.9410873010255965,0.968265885735526,47441,0.9960582618410236,3.667544950570182,58,1.5952190627716991,0.3321616288182996,5630.411221132781,39.22991711466196,0.021409538126862748,47254,0.005,1.2671204829838927,0.13380470959575252,False,570.8794681443251,False,True
refractory_0.8,3.0,119,fixed_10,10.0,16.836748206464005,1,15,0.9370762645671259,1.5934560698330826,0.9956193757854067,47441,0.9632385489344659,3.667544950570182,58,1.519041911527852,0.40668551500854644,3645.7430047157713,37.73065421053321,0.00736335772218033,45697,0.005,1.3954960703795738,0.059669306359765834,False,52.664548785134684,True,True
refractory_0.8,3.0,119,fixed_10,10.0,16.836748206464005,1,59,0.9370762645671259,2.6915666632951045,0.9032804976944183,47441,1.0,3.667544950570182,58,1.675407967385782,0.3183638902138356,5381.875858829447,32.10166985519445,0.03952977687422887,47441,0.005,1.1408219316291248,0.19903936547603274,False,1887.6312223277346,False,True
refractory_0.8,3.0,119,fixed_10,10.0,16.836748206464005,3,30,0.9370762645671259,2.1534408789905854,0.9701916920041533,47441,0.37427541577959994,3.667544950570182,58,1.800201990028098,0.20461841537566083,178.27144364155717,3.883763006060805,0.027049528763550268,17756,0.005,0.39213873689019985,0.3508850579618667,False,330.5940509330976,False,False
refractory_0.8,3.0,119,selected_regression,128.0,16.836748206464005,1,30,1.1583248212461696,1.6859417750018746,0.9513271524850184,33973,0.9909928472610603,5.121478821417008,65,1.2777315275334633,0.23069597005976433,377.23821652736274,3.7131242668867075,0.0726358357148355,33667,0.005,0.49475752961853087,0.2912201519469676,False,2390.6308404052397,True,False
refractory_0.8,3.0,119,selected_mle,8.0,16.836748206464005,1,30,0.9392284351972259,1.9410873010255965,0.968265885735526,47441,0.9960582618410236,3.667544950570182,58,1.5952190627716991,0.3321616288182996,5630.411221132781,39.22991711466196,0.021409538126862748,47254,0.005,1.2671204829838927,0.13380470959575252,False,570.8794681443251,False,True
refractory_1.0,3.0,100,iei_rounded,2.0,1.8758316952736067,1,30,0.0,3.703940062182543,0.8582291661967396,95227,1.0,1.8255641782267633,12,2.1245163191747576,0.7935773510760431,-6386.336201007229,-58.332527350515925,0.07640807326175847,95227,0.005,0.6657046686505327,0.8480677220162989,False,12207.727061530575,False,False
refractory_1.0,3.0,100,iei_rounded,2.0,1.8758316952736067,1,15,0.0,3.703940062182543,0.8582291661967396,95227,1.0,1.8255641782267633,12,2.034283472448392,0.7935099531284262,-4854.341718970673,-47.859530617144046,0.06193948534966298,95227,0.005,0.6912669742172807,0.8273791646539824,False,9243.669867870747,False,False
refractory_1.0,3.0,100,iei_rounded,2.0,1.8758316952736067,1,59,0.0,3.703940062182543,0.8582291661967396,95227,1.0,1.8255641782267633,12,2.164055994274678,0.7935773519871896,-6973.321810876948,-61.44269525483417,0.08343988065054475,95227,0.005,0.6644345292468957,0.849050998740229,False,13378.809418594145,False,False
refractory_1.0,3.0,100,iei_rounded,2.0,1.8758316952736067,3,30,0.0,5.5650044739350975,0.9274862123879133,95227,0.21479202327071104,1.8255641782267633,12,3.7265859712960836,0.753490422820037,-866.1984469506749,-32.7513867739049,0.07829705612024118,20454,0.005,-4.263401747733205,2.589339709243234,False,1782.0393040709096,False,False
refractory_1.0,3.0,100,fixed_10,10.0,1.8758316952736067,1,30,1.4753217543421218,1.3031645343580593,0.9935053689490756,25802,0.9597318037361445,6.737578482288194,108,1.332866312748573,0.20805876360431003,4658.056245706809,48.92969123706832,0.01036602564077349,24763,0.005,1.332866312748573,0.0,False,-2.000000000014552,False,False
refractory_1.0,3.0,100,fixed_10,10.0,1.8758316952736067,1,15,1.4753217543421218,1.3088653988070256,0.9964323185027494,25802,0.8647391675063949,6.737578482288194,108,1.3541126330243696,0.32806134003941245,2159.983917574631,34.17177137570628,0.007094990090241726,22312,0.005,1.3541126330243696,0.0,False,-2.0,False,False
refractory_1.0,3.0,100,fixed_10,10.0,1.8758316952736067,1,59,1.4753217543421218,1.7498360246956777,0.9163903220369689,25802,0.9968607084722114,6.737578482288194,108,1.3916679019830855,0.16598085649662447,5908.601694432219,46.563351297770346,0.021546859144541464,25721,0.005,1.243943122835741,0.04691796678921064,False,90.75988855381729,False,False
refractory_1.0,3.0,100,fixed_10,10.0,1.8758316952736067,3,30,1.4753217543421218,1.2822074276890894,0.9877902494335726,25802,0.44636074722889696,6.737578482288194,108,1.2695950262074778,0.11953403945309646,402.41797343789136,14.001106161057882,0.009071382711928866,11517,0.005,1.2695950262074778,0.0,False,-2.0,False,False
refractory_1.0,3.0,100,selected_regression,4.0,1.8758316952736067,1,30,0.9796914967831951,1.3031645343580593,0.9935053689490756,25802,0.9597318037361445,6.737578482288194,108,1.332866312748573,0.20805876360431003,4658.056245706809,48.92969123706832,0.01036602564077349,24763,0.005,1.332866312748573,0.0,False,-2.000000000014552,True,True
refractory_1.0,3.0,100,selected_mle,4.0,1.8758316952736067,1,30,0.9796914967831951,1.3031645343580593,0.9935053689490756,25802,0.9597318037361445,6.737578482288194,108,1.332866312748573,0.20805876360431003,4658.056245706809,48.92969123706832,0.01036602564077349,24763,0.005,1.332866312748573,0.0,False,-2.000000000014552,True,True
refractory_1.0,3.0,101,iei_rounded,2.0,1.872670786524426,1,30,0.0,4.0398501615537965,0.8398915160427619,95002,1.0,1.8306877749942108,13,2.121191964309171,0.7901930053328778,-6317.494683194203,-57.5616859133185,0.07646213822408998,95002,0.005,0.6697339980203001,0.8416096404017637,False,12125.898023664922,False,False
refractory_1.0,3.0,101,iei_rounded,2.0,1.872670786524426,1,15,0.0,4.0398501615537965,0.8398915160427619,95002,1.0,1.8306877749942108,13,2.030533435310028,0.7901227294452664,-4775.021212913726,-46.93838946776335,0.061897721623850765,95002,0.005,0.6961153933045723,0.8203097332661187,False,9145.080227080995,False,False
refractory_1.0,3.0,101,iei_rounded,2.0,1.872670786524426,1,59,0.0,4.0398501615537965,0.8398915160427619,95002,1.0,1.8306877749942108,13,2.1609601341261797,0.7901930063323626,-6909.2893500552245,-60.73403589268681,0.08354852279780833,95002,0.005,0.6683929141377343,0.8426450180596685,False,13306.406772323244,False,False
refractory_1.0,3.0,101,iei_rounded,2.0,1.872670786524426,3,30,0.0,6.057344207813734,0.9123208211682924,95002,0.21547967411212396,1.8306877749942108,13,3.705570975271664,0.7457291410242866,-852.7365295264233,-32.08086203370106,0.0752071949083919,20471,0.005,-3.978386162210455,2.481306272211772,False,1721.7252521328046,False,False
refractory_1.0,3.0,101,fixed_10,10.0,1.872670786524426,1,30,1.4804095045500505,1.304849581256154,0.9950855665011529,25532,0.9575043083189723,6.81180479398402,141,1.3354716789212038,0.20905983256467614,4583.76864305603,48.102456364352555,0.00834561554972335,24447,0.005,1.3354716789212038,0.0,False,-1.999999999985448,False,False
refractory_1.0,3.0,101,fixed_10,10.0,1.872670786524426,1,15,1.4804095045500505,1.3089112657020439,0.9973382570237029,25532,0.8649537834873884,6.81180479398402,141,1.3517006146500403,0.3273655028844664,2122.405881116523,33.97203865794622,0.006902593764934739,22084,0.005,1.3517006146500403,0.0,False,-1.999999999985448,False,False
refractory_1.0,3.0,101,fixed_10,10.0,1.872670786524426,1,59,1.4804095045500505,1.7263819152350128,0.9142158843491462,25532,0.9966708444305186,6.81180479398402,141,1.389649389091561,0.1643721878453061,5990.559568643805,47.18287448815755,0.019717953886551287,25447,0.005,1.2520231977533198,0.04365062867987769,False,77.75257286068518,False,False
refractory_1.0,3.0,101,fixed_10,10.0,1.872670786524426,3,30,1.4804095045500505,1.280857009227066,0.9909743814488938,25532,0.4431693561021463,6.81180479398402,141,1.27028663377906,0.11974797895356287,388.66541706960845,13.51774637803724,0.004858993535273859,11315,0.365,1.27028663377906,0.0,False,-2.000000000014552,False,False
refractory_1.0,3.0,101,selected_regression,48.0,1.872670786524426,1,30,1.0099340822579148,1.304849581256154,0.9950855665011529,25532,0.9575043083189723,6.81180479398402,141,1.3354716789212038,0.20905983256467614,4583.76864305603,48.102456364352555,0.00834561554972335,24447,0.005,1.3354716789212038,0.0,False,-1.999999999985448,True,True
refractory_1.0,3.0,101,selected_mle,48.0,1.872670786524426,1,30,1.0099340822579148,1.304849581256154,0.9950855665011529,25532,0.9575043083189723,6.81180479398402,141,1.3354716789212038,0.20905983256467614,4583.76864305603,48.102456364352555,0.00834561554972335,24447,0.005,1.3354716789212038,0.0,False,-1.999999999985448,True,True
refractory_1.0,3.0,102,iei_rounded,2.0,1.8910873657552243,1,30,0.0,4.144753833778884,0.8448486155618604,96151,1.0,1.8097679691318862,13,2.138474900384315,0.8042061727436287,-6261.384024393449,-57.47229712967638,0.0750669235363004,96151,0.005,0.6896989800374957,0.8469887293422966,False,12005.341926855413,False,False
refractory_1.0,3.0,102,iei_rounded,2.0,1.8910873657552243,1,15,0.0,4.144753833778884,0.8448486155618604,96151,1.0,1.8097679691318862,13,2.0500108673544535,0.8041470816467475,-4773.125234354348,-47.238432829636345,0.06099510314296974,96151,0.005,0.7145202646819278,0.8268089978746099,False,9124.698325021367,False,False
refractory_1.0,3.0,102,iei_rounded,2.0,1.8910873657552243,1,59,0.0,4.144753833778884,0.8448486155618604,96151,1.0,1.8097679691318862,13,2.177066424737996,0.8042061734248258,-6828.4014940768175,-60.50595542010529,0.0818732715564916,96151,0.005,0.6884783659626083,0.8479382966724206,False,13136.635967254493,False,False
refractory_1.0,3.0,102,iei_rounded,2.0,1.8910873657552243,3,30,0.0,6.22248214054326,0.921856635771829,96151,0.2103878274796934,1.8097679691318862,13,3.7454273574799313,0.7599283789216831,-855.5119469894222,-33.021076705690504,0.07514810566137842,20229,0.005,-4.283095048581597,2.606387528153494,False,1745.4300428806673,False,False
refractory_1.0,3.0,102,fixed_10,10.0,1.8910873657552243,1,30,1.459786910197869,1.3210387489428181,0.9937099107346536,26333,0.9617969847719592,6.608096305016519,122,1.3434428811694215,0.21179192348161557,4740.682617889848,48.76497204314657,0.009065616577455193,25327,0.005,1.3434428811694215,0.0,False,-2.0,False,False
refractory_1.0,3.0,102,fixed_10,10.0,1.8910873657552243,1,15,1.459786910197869,1.3247123405842658,0.9971451359273409,26333,0.8697072114836897,6.608096305016519,122,1.360789154058276,0.33122811996973767,2191.8072347112256,34.26003603895048,0.006536422872380043,22902,0.005,1.360789154058276,0.0,False,-1.999999999985448,False,False
refractory_1.0,3.0,102,fixed_10,10.0,1.8910873657552243,1,59,1.459786910197869,1.7727658287617138,0.9179723855088534,26333,0.9965062848896822,6.608096305016519,122,1.404109049703722,0.17045326525010224,5976.435644400672,46.19860818585686,0.02195860318462739,26241,0.005,1.2434161649809345,0.0513285063861643,False,109.57465738634346,False,False
refractory_1.0,3.0,102,fixed_10,10.0,1.8910873657552243,3,30,1.459786910197869,1.3059381138745394,0.9880359209854501,26333,0.44343599286066915,6.608096305016519,122,1.2846647761055099,0.12184696790835989,389.79360483146235,13.31719540594893,0.007360147741089285,11677,0.04,1.251170343022069,0.007885372440310129,False,-1.8578615464939503,False,False
refractory_1.0,3.0,102,selected_regression,48.0,1.8910873657552243,1,30,1.030860376691131,1.3210387489428181,0.9937099107346536,26333,0.9617969847719592,6.608096305016519,122,1.3434428811694215,0.21179192348161557,4740.682617889848,48.76497204314657,0.009065616577455193,25327,0.005,1.3434428811694215,0.0,False,-2.0,True,True
refractory_1.0,3.0,102,selected_mle,48.0,1.8910873657552243,1,30,1.030860376691131,1.3210387489428181,0.9937099107346536,26333,0.9617969847719592,6.608096305016519,122,1.3434428811694215,0.21179192348161557,4740.682617889848,48.76497204314657,0.009065616577455193,25327,0.005,1.3434428811694215,0.0,False,-2.0,True,True
refractory_1.0,3.0,103,iei_rounded,2.0,1.8782930252645218,1,30,0.0,4.348392888244725,0.8413093953500761,95451,1.0,1.8235115399524364,14,2.1293296307415392,0.794941774994655,-6075.949440985427,-55.16628224717526,0.07456477674558315,95451,0.005,0.7023807774704388,0.8281341632382737,False,11752.091862229514,False,False
refractory_1.0,3.0,103,iei_rounded,2.0,1.8782930252645218,1,15,0.0,4.348392888244725,0.8413093953500761,95451,1.0,1.8235115399524364,14,2.0397101009362597,0.7948755043173739,-4560.675950013333,-44.5800989003695,0.06023402584743731,95451,0.005,0.729559496694368,0.8061889416358359,False,8829.383593269362,False,False
refractory_1.0,3.0,103,iei_rounded,2.0,1.8782930252645218,1,59,0.0,4.348392888244725,0.8413093953500761,95451,1.0,1.8235115399524364,14,2.168540304629788,0.7949417758724238,-6655.410695446617,-58.35479255313623,0.08151816558517244,95451,0.005,0.7009530641763232,0.8292362907446614,False,12907.718354574055,False,False
refractory_1.0,3.0,103,iei_rounded,2.0,1.8782930252645218,3,30,0.0,6.443467964411136,0.9188603759727413,95451,0.21347078605776787,1.8235115399524364,14,3.7001740345067926,0.7435141053527838,-839.2455891244066,-31.722505573564966,0.07535799059909531,20376,0.005,-3.8760666326890356,2.4438097255592646,False,1688.6800474023257,False,False
refractory_1.0,3.0,103,fixed_10,10.0,1.8782930252645218,1,30,1.4566238647040401,1.3228300103212132,0.9948766452320104,25864,0.9592097123414784,6.729662851840396,114,1.3345980299565863,0.21062969040223123,4448.616241113117,46.371849773747506,0.00491853465167047,24809,0.025,1.3345980299565863,0.0,False,-1.999999999985448,False,False
refractory_1.0,3.0,103,fixed_10,10.0,1.8782930252645218,1,15,1.4566238647040401,1.3209071830659005,0.998339884609546,25864,0.8683111660995979,6.729662851840396,114,1.3439312446814977,0.3267013002907989,2020.1048738319828,32.29324958328071,0.004321157926681418,22458,0.03,1.3439312446814977,0.0,False,-1.9999999999708962,False,False
refractory_1.0,3.0,103,fixed_10,10.0,1.8782930252645218,1,59,1.4566238647040401,1.7282392230496821,0.9220874519950122,25864,0.9967909062789978,6.729662851840396,114,1.391815979964667,0.166507037751347,5848.908867762849,45.45439974634128,0.02078316834297733,25781,0.005,1.221001230472538,0.054326591864593717,False,122.05684928465053,False,False
refractory_1.0,3.0,103,fixed_10,10.0,1.8782930252645218,3,30,1.4566238647040401,1.3123858471097973,0.9901665578804515,25864,0.4465666563563254,6.729662851840396,114,1.2926599755279309,0.12287169741884257,387.5481706252776,13.191253239364146,0.004543677972358107,11550,0.545,1.2343626492236461,0.01373550613390145,False,-1.5745179856749019,False,False
refractory_1.0,3.0,103,selected_regression,4.0,1.8782930252645218,1,30,0.9773816888339004,1.3228300103212132,0.9948766452320104,25864,0.9592097123414784,6.729662851840396,114,1.3345980299565863,0.21062969040223123,4448.616241113117,46.371849773747506,0.00491853465167047,24809,0.01,1.3345980299565863,0.0,False,-1.999999999985448,True,True
refractory_1.0,3.0,103,selected_mle,4.0,1.8782930252645218,1,30,0.9773816888339004,1.3228300103212132,0.9948766452320104,25864,0.9592097123414784,6.729662851840396,114,1.3345980299565863,0.21062969040223123,4448.616241113117,46.371849773747506,0.00491853465167047,24809,0.01,1.3345980299565863,0.0,False,-1.999999999985448,True,True
refractory_1.0,3.0,104,iei_rounded,2.0,1.8784169065088439,1,30,0.0,4.303309919036172,0.8467073702728791,95464,1.0,1.8223623564904048,14,2.130339351806777,0.795707814708382,-6063.33314255415,-55.22611054498524,0.07418137163855298,95464,0.005,0.7064492606433759,0.8264459047536438,False,11700.583262490749,False,False
refractory_1.0,3.0,104,iei_rounded,2.0,1.8784169065088439,1,15,0.0,4.303309919036172,0.8467073702728791,95464,1.0,1.8223623564904048,14,2.040848028905897,0.795642168792978,-4552.080090485242,-44.674799234115156,0.059879399114950216,95464,0.005,0.7337304709224645,0.8044178641893472,False,8786.349196795782,False,False
refractory_1.0,3.0,104,iei_rounded,2.0,1.8784169065088439,1,59,0.0,4.303309919036172,0.8467073702728791,95464,1.0,1.8223623564904048,14,2.1694812836002466,0.7957078155679431,-6641.021119427847,-58.39524201199011,0.08111840035900764,95464,0.005,0.7050102463711042,0.8275567319795875,False,12852.636454544612,False,False
refractory_1.0,3.0,104,iei_rounded,2.0,1.8784169065088439,3,30,0.0,6.350236053260756,0.9234962871676572,95464,0.21316936227268918,1.8223623564904048,14,3.6940886291527644,0.7432705895082765,-886.3918774096251,-33.30175884030525,0.07749715849614047,20350,0.005,-4.275968307330707,2.5757158243695013,False,1817.2113049618274,False,False
refractory_1.0,3.0,104,fixed_10,10.0,1.8784169065088439,1,30,1.4553196741545298,1.3051330773339973,0.9934829279427364,25956,0.9606256742179072,6.70249653259362,117,1.3337074467558505,0.20864370328237614,4656.46633840191,48.45342044633243,0.008075829582600114,24934,0.005,1.3337074467558505,0.0,False,-2.0000000000436557,False,False
refractory_1.0,3.0,104,fixed_10,10.0,1.8784169065088439,1,15,1.4553196741545298,1.3350980494016162,0.9976686583037001,25956,0.8655416859300354,6.70249653259362,117,1.3559565952119623,0.3309441405665863,2056.5352737137423,32.88654717776963,0.006069462169499107,22466,0.005,1.3559565952119623,0.0,False,-1.999999999985448,False,False
refractory_1.0,3.0,104,fixed_10,10.0,1.8784169065088439,1,59,1.4553196741545298,1.7444504194339414,0.9182494220978294,25956,0.9969178609955309,6.70249653259362,117,1.393624382852062,0.16674710761657957,5925.432080696148,46.23698383222263,0.021628846764372933,25876,0.005,1.2378022723378344,0.04955116220474495,False,101.71742196855485,False,False
refractory_1.0,3.0,104,fixed_10,10.0,1.8784169065088439,3,30,1.4553196741545298,1.2827278318139808,0.987749692174444,25956,0.44560024657112035,6.70249653259362,117,1.269402272157878,0.11973574928937836,391.4879280360834,13.540976462356609,0.005461348755085416,11566,0.23,1.268190661547053,0.0002848185107066703,False,-1.9998155374778435,False,False
refractory_1.0,3.0,104,selected_regression,4.0,1.8784169065088439,1,30,0.9794652488827246,1.3051330773339973,0.9934829279427364,25956,0.9606256742179072,6.70249653259362,117,1.3337074467558505,0.20864370328237614,4656.46633840191,48.45342044633243,0.008075829582600114,24934,0.005,1.3337074467558505,0.0,False,-2.0000000000436557,True,True
refractory_1.0,3.0,104,selected_mle,4.0,1.8784169065088439,1,30,0.9794652488827246,1.3051330773339973,0.9934829279427364,25956,0.9606256742179072,6.70249653259362,117,1.3337074467558505,0.20864370328237614,4656.46633840191,48.45342044633243,0.008075829582600114,24934,0.005,1.3337074467558505,0.0,False,-2.0000000000436557,True,True
refractory_1.0,3.0,105,iei_rounded,2.0,1.8756529976992826,1,30,0.0,3.566755007329113,0.8772351073175891,95442,1.0,1.8223214098614866,12,2.1305724334979157,0.7957351381811173,-6041.817727608588,-54.72044474951793,0.07434204599918537,95442,0.005,0.7062553423571415,0.8268344586181812,False,11700.472755594732,False,False
refractory_1.0,3.0,105,iei_rounded,2.0,1.8756529976992826,1,15,0.0,3.566755007329113,0.8772351073175891,95442,1.0,1.8223214098614866,12,2.0411106833247086,0.795669514442938,-4531.888231580775,-44.15625128880763,0.06004670989020777,95442,0.005,0.7334829256213177,0.8048462641906861,False,8788.560050543048,False,False
refractory_1.0,3.0,105,iei_rounded,2.0,1.8756529976992826,1,59,0.0,3.566755007329113,0.8772351073175891,95442,1.0,1.8223214098614866,12,2.1696985105364828,0.7957351390400391,-6618.945906569435,-57.91023290494139,0.08127530262491511,95442,0.005,0.7048211601787472,0.8279417512283459,False,12851.420924719714,False,False
refractory_1.0,3.0,105,iei_rounded,2.0,1.8756529976992826,3,30,0.0,5.261608014736163,0.9433789810477218,95442,0.2130299029777247,1.8223214098614866,12,3.6977444241140933,0.7429202525376688,-843.6720926620472,-31.39712602397648,0.07614909510329537,20332,0.005,-3.954136816229466,2.4688645503323525,False,1711.7866599113331,False,False
refractory_1.0,3.0,105,fixed_10,10.0,1.8756529976992826,1,30,1.4504498990022647,1.3380608727982612,0.9958168741022737,26146,0.9589229710089497,6.65210739692496,88,1.3475237016127988,0.21430842040203957,4568.220673682967,47.07131731605798,0.007441722462285916,25072,0.005,1.3475237016127988,0.0,False,-2.000000000014552,False,False
refractory_1.0,3.0,105,fixed_10,10.0,1.8756529976992826,1,15,1.4504498990022647,1.326137900131251,0.9982983324475726,26146,0.86954027384686,6.65210739692496,88,1.3583707130410172,0.3309285234603262,2137.265715410736,33.458790975310755,0.006169962339527657,22735,0.005,1.3583707130410172,0.0,False,-2.000000000029104,False,False
refractory_1.0,3.0,105,fixed_10,10.0,1.8756529976992826,1,59,1.4504498990022647,1.7310611906052462,0.9289677402633382,26146,0.9965960376348199,6.65210739692496,88,1.4014310756042239,0.16869793751197543,6065.484671926789,46.596381097032996,0.019352319270848684,26057,0.005,1.2468770414936516,0.04929710043596822,False,100.6015805254865,False,False
refractory_1.0,3.0,105,fixed_10,10.0,1.8756529976992826,3,30,1.4504498990022647,1.3336093280875811,0.9920185404157718,26146,0.4424386139371223,6.65210739692496,88,1.3060737123836557,0.12483689949882198,378.199055475095,12.811183106135045,0.006621419078022495,11568,0.08,1.199274855122466,0.025197288369365904,False,-0.5726930866803741,False,False
refractory_1.0,3.0,105,selected_regression,4.0,1.8756529976992826,1,30,0.9742981718044825,1.3380608727982612,0.9958168741022737,26146,0.9589229710089497,6.65210739692496,88,1.3475237016127988,0.21430842040203957,4568.220673682967,47.07131731605798,0.007441722462285916,25072,0.005,1.3475237016127988,0.0,False,-2.000000000014552,True,True
refractory_1.0,3.0,105,selected_mle,4.0,1.8756529976992826,1,30,0.9742981718044825,1.3380608727982612,0.9958168741022737,26146,0.9589229710089497,6.65210739692496,88,1.3475237016127988,0.21430842040203957,4568.220673682967,47.07131731605798,0.007441722462285916,25072,0.005,1.3475237016127988,0.0,False,-2.000000000014552,True,True
refractory_1.0,3.0,106,iei_rounded,2.0,1.8722529515978523,1,30,0.0,4.133662281888254,0.8257639277027784,95336,1.0,1.8251447511957708,13,2.129079453008755,0.7938557507517914,-5969.866089318919,-54.42525701844317,0.07353962872046449,95336,0.005,0.7168058075839445,0.8179674368915487,False,11549.23410604967,False,False
refractory_1.0,3.0,106,iei_rounded,2.0,1.8722529515978523,1,15,0.0,4.133662281888254,0.8257639277027784,95336,1.0,1.8251447511957708,13,2.0394281332539936,0.7937885843319206,-4455.379182248103,-43.779748254411075,0.05920174011424062,95336,0.005,0.7450259017001352,0.7952299310572257,False,8633.323880924407,False,False
refractory_1.0,3.0,106,iei_rounded,2.0,1.8722529515978523,1,59,0.0,4.133662281888254,0.8257639277027784,95336,1.0,1.8251447511957708,13,2.16830717377656,0.7938557516560278,-6549.08836762688,-57.63039384050235,0.08049707592416189,95336,0.005,0.7152769465194797,0.819144734106024,False,12704.113978169451,False,False
refractory_1.0,3.0,106,iei_rounded,2.0,1.8722529515978523,3,30,0.0,6.243551685889465,0.8961528437221098,95336,0.21408492070151883,1.8251447511957708,13,3.684588243530195,0.7397013300651143,-880.8860272297774,-33.4362937280301,0.07558756739246975,20410,0.005,-4.1018172938877715,2.5115984969604206,False,1780.0455159402045,False,False
refractory_1.0,3.0,106,fixed_10,10.0,1.8722529515978523,1,30,1.432271161417323,1.3402491113852923,0.995588520870825,26116,0.9578802266809618,6.662658906417522,109,1.3525138682278293,0.21560596597308024,4600.604060200724,47.152313554292476,0.008176931025709822,25016,0.005,1.3525138682278293,0.0,False,-2.000000000014552,False,False
refractory_1.0,3.0,106,fixed_10,10.0,1.8722529515978523,1,15,1.432271161417323,1.3131831770343505,0.9973874505815143,26116,0.8717644355950376,6.662658906417522,109,1.3569860486580456,0.32900477560802854,2216.709295657348,34.6930675005995,0.008069764064637441,22767,0.005,1.3569860486580456,0.0,False,-2.000000000014552,False,False
refractory_1.0,3.0,106,fixed_10,10.0,1.8722529515978523,1,59,1.432271161417323,1.7310596721226725,0.9229727634775075,26116,0.996630418134477,6.662658906417522,109,1.4032636880407896,0.16857718707902564,6170.8301031269875,47.368659789615315,0.018855956606151025,26028,0.005,1.2599110760312038,0.045727457888295256,False,86.22287771632546,False,False
refractory_1.0,3.0,106,fixed_10,10.0,1.8722529515978523,3,30,1.432271161417323,1.335804417642314,0.9916336701552707,26116,0.4410706080563639,6.662658906417522,109,1.3162141544309147,0.12575390363243477,401.22443035606733,13.386272975119287,0.0055865098380224465,11519,0.245,1.2731323303791555,0.01017252802928809,False,-1.7682442707882728,False,False
refractory_1.0,3.0,106,selected_regression,48.0,1.8722529515978523,1,30,0.9963418986438258,1.3402491113852923,0.995588520870825,26116,0.9578802266809618,6.662658906417522,109,1.3525138682278293,0.21560596597308024,4600.604060200724,47.152313554292476,0.008176931025709822,25016,0.005,1.3525138682278293,0.0,False,-2.000000000014552,True,True
refractory_1.0,3.0,106,selected_mle,48.0,1.8722529515978523,1,30,0.9963418986438258,1.3402491113852923,0.995588520870825,26116,0.9578802266809618,6.662658906417522,109,1.3525138682278293,0.21560596597308024,4600.604060200724,47.152313554292476,0.008176931025709822,25016,0.005,1.3525138682278293,0.0,False,-2.000000000014552,True,True
refractory_1.0,3.0,107,iei_rounded,2.0,1.8742218372760244,1,30,0.0,4.0905748098236625,0.8484499926102251,95462,1.0,1.822725272883451,14,2.129318643711988,0.7954657287560423,-6137.432645903696,-55.95836064717583,0.07480702995106392,95462,0.005,0.6965467039985943,0.8321323381271089,False,11830.0219709448,False,False
refractory_1.0,3.0,107,iei_rounded,2.0,1.8742218372760244,1,15,0.0,4.0905748098236625,0.8484499926102251,95462,1.0,1.822725272883451,14,2.0396977179928815,0.79539988602892,-4621.9334397746525,-45.41701751814664,0.0604759656479289,95462,0.005,0.7233327087229191,0.8104869276904125,False,8904.884986453224,False,False
refractory_1.0,3.0,107,iei_rounded,2.0,1.8742218372760244,1,59,0.0,4.0905748098236625,0.8484499926102251,95462,1.0,1.822725272883451,14,2.168530066123571,0.7954657296213234,-6716.9808633846005,-59.11716479335951,0.0817605969811025,95462,0.005,0.6951564861201619,0.8332065160979399,False,12985.921902326925,False,False
refractory_1.0,3.0,107,iei_rounded,2.0,1.8742218372760244,3,30,0.0,6.097778026346558,0.9264775791903919,95462,0.21360331859797616,1.822725272883451,14,3.7099638787707026,0.7470108248291969,-843.531849958957,-31.97475352632015,0.07294034587169496,20391,0.005,-3.914921777217585,2.4622300532678163,False,1690.4724264728793,False,False
refractory_1.0,3.0,107,fixed_10,10.0,1.8742218372760244,1,30,1.4746546583094993,1.3152060948472635,0.9965745710055751,26217,0.9602929396956174,6.6369531220200635,130,1.3459684021888396,0.2125520291845278,4722.052621718123,48.32443872326659,0.006798248352098413,25176,0.005,1.3459684021888396,0.0,False,-1.999999999985448,False,False
refractory_1.0,3.0,107,fixed_10,10.0,1.8742218372760244,1,15,1.4746546583094993,1.3480973928092013,0.9985428679718453,26217,0.8687111416256628,6.6369531220200635,130,1.364786360401835,0.335025889355943,2058.537394663477,32.35570378998377,0.005971046527764479,22775,0.005,1.364786360401835,0.0,False,-2.0,False,False
refractory_1.0,3.0,107,fixed_10,10.0,1.8742218372760244,1,59,1.4746546583094993,1.7633851403877594,0.9129717776114662,26217,0.9966815425105847,6.6369531220200635,130,1.4028422654695536,0.16925151026880642,6069.829887803699,47.06388909574487,0.020264059237560694,26130,0.005,1.2468784636249803,0.04977886520827976,False,102.73112454949296,False,False
refractory_1.0,3.0,107,fixed_10,10.0,1.8742218372760244,3,30,1.4746546583094993,1.2930949845297597,0.9938426142561552,26217,0.44234656902010144,6.6369531220200635,130,1.2981148693390896,0.12259993241136338,445.0411831594159,14.98322075452696,0.005093927863114023,11597,0.295,1.2981148693390896,0.0,False,-2.0,False,False
refractory_1.0,3.0,107,selected_regression,4.0,1.8742218372760244,1,30,0.9744059198230156,1.3152060948472635,0.9965745710055751,26217,0.9602929396956174,6.6369531220200635,130,1.3459684021888396,0.2125520291845278,4722.052621718123,48.32443872326659,0.006798248352098413,25176,0.005,1.3459684021888396,0.0,False,-1.999999999985448,True,True
refractory_1.0,3.0,107,selected_mle,4.0,1.8742218372760244,1,30,0.9744059198230156,1.3152060948472635,0.9965745710055751,26217,0.9602929396956174,6.6369531220200635,130,1.3459684021888396,0.2125520291845278,4722.052621718123,48.32443872326659,0.006798248352098413,25176,0.005,1.3459684021888396,0.0,False,-1.999999999985448,True,True
refractory_1.0,3.0,108,iei_rounded,2.0,1.8828699697100821,1,30,0.0,4.081806417299036,0.8703037880874849,95679,1.0,1.8181837184753185,16,2.1309104230967915,0.7985064180041999,-6338.633667535251,-58.265790633393536,0.0754645485683042,95679,0.005,0.6785324321534473,0.8463126642493829,False,12094.387140439067,False,False
refractory_1.0,3.0,108,iei_rounded,2.0,1.8828699697100821,1,15,0.0,3.7789733992136885,0.8597986082201482,95679,0.9999895483857482,1.8181837184753185,16,2.0415480554859418,0.7985427364659679,-4832.82140007007,-48.09425833954118,0.06118810555527732,95678,0.005,0.7034272933156017,0.8261328111624036,False,9173.994508800359,False,False
refractory_1.0,3.0,108,iei_rounded,2.0,1.8828699697100821,1,59,0.0,4.081806417299036,0.8703037880874849,95679,1.0,1.8181837184753185,16,2.170013518301859,0.7985064188003983,-6916.575246103289,-61.31979474301004,0.08239233826957026,95679,0.005,0.6772745899315422,0.8472883035408025,False,13247.421733660449,False,False
refractory_1.0,3.0,108,iei_rounded,2.0,1.8828699697100821,3,30,0.0,5.934373191984543,0.9496661770243199,95679,0.2131815758943969,1.8181837184753185,16,3.736594946705237,0.7580209655226975,-891.7074381629424,-34.066177626649875,0.07752715987059022,20397,0.005,-4.519225638606779,2.6818196448509317,False,1841.985723965321,False,False
refractory_1.0,3.0,108,fixed_10,10.0,1.8828699697100821,1,30,1.4738099614041535,1.3190259295086784,0.9937538918494032,26058,0.959743648783483,6.675953641875815,104,1.3396159360079043,0.21100113335453696,4627.502776471476,47.93713474663451,0.008454695505353271,25009,0.005,1.3396159360079043,0.0,False,-2.000000000029104,False,False
refractory_1.0,3.0,108,fixed_10,10.0,1.8828699697100821,1,15,1.4738099614041535,1.3134491129913428,0.9960223764695032,26058,0.8684473098472638,6.675953641875815,104,1.3528913340546023,0.32808458836122656,2161.6781457690454,33.95225001375209,0.0064324606261579875,22630,0.015,1.3528913340546023,0.0,False,-1.999999999985448,False,False
refractory_1.0,3.0,108,fixed_10,10.0,1.8828699697100821,1,59,1.4738099614041535,1.759151788907721,0.9107674336430284,26058,0.996853173689462,6.675953641875815,104,1.3967915511957703,0.1677241615933331,5959.3195114008195,46.418163414230996,0.020848722236345818,25976,0.005,1.240739613024375,0.049687416378894164,False,102.35867819839041,False,False
refractory_1.0,3.0,108,fixed_10,10.0,1.8828699697100821,3,30,1.4738099614041535,1.3060123036519988,0.9880959920437498,26058,0.4454678025942129,6.675953641875815,104,1.2915288849386268,0.12239471664368695,407.8175439457917,13.856844166224379,0.007871321264819042,11608,0.03,1.2915288849386268,0.0,False,-2.0,False,False
refractory_1.0,3.0,108,selected_regression,4.0,1.8828699697100821,1,30,0.9777803361731522,1.3190259295086784,0.9937538918494032,26058,0.959743648783483,6.675953641875815,104,1.3396159360079043,0.21100113335453696,4627.502776471476,47.93713474663451,0.008454695505353271,25009,0.005,1.3396159360079043,0.0,False,-2.000000000029104,True,True
refractory_1.0,3.0,108,selected_mle,4.0,1.8828699697100821,1,30,0.9777803361731522,1.3190259295086784,0.9937538918494032,26058,0.959743648783483,6.675953641875815,104,1.3396159360079043,0.21100113335453696,4627.502776471476,47.93713474663451,0.008454695505353271,25009,0.005,1.3396159360079043,0.0,False,-2.000000000029104,True,True
refractory_1.0,3.0,109,iei_rounded,2.0,1.8701551435212713,1,30,0.0,4.02199397763198,0.8387345637360276,95203,1.0,1.8277050092959255,13,2.127013785527824,0.7921595426342125,-5973.967814859742,-54.178306235270604,0.0738704773519474,95203,0.005,0.7130573279928951,0.8182846503617403,False,11581.287193946802,False,False
refractory_1.0,3.0,109,iei_rounded,2.0,1.8701551435212713,1,15,0.0,4.02199397763198,0.8387345637360276,95203,1.0,1.8277050092959255,13,2.0370996143113853,0.7920909533808107,-4452.930846633421,-43.482658900572304,0.05947354299347285,95203,0.005,0.7413824367045075,0.7954770601578485,False,8652.883924002323,False,False
refractory_1.0,3.0,109,iei_rounded,2.0,1.8701551435212713,1,59,0.0,4.02199397763198,0.8387345637360276,95203,1.0,1.8277050092959255,13,2.166382482413093,0.7921595435813835,-6556.181048195912,-57.412315681149934,0.0808615070699924,95203,0.005,0.7115212139380204,0.8194667195184802,False,12742.12573644417,False,False
refractory_1.0,3.0,109,iei_rounded,2.0,1.8701551435212713,3,30,0.0,6.030230395023625,0.91002733071452,95203,0.21461508565906537,1.8277050092959255,13,3.682534039062608,0.7379984328621307,-855.4346115123756,-32.00577620545675,0.07469025566077425,20432,0.005,-3.8959083158452663,2.440970328038679,False,1720.088964974595,False,False
refractory_1.0,3.0,109,fixed_10,10.0,1.8701551435212713,1,30,1.4889719397132704,1.3081381940259231,0.9928848200843182,26011,0.9597093537349582,6.689592864557302,96,1.3395565629482231,0.2099746282507995,4729.294834138661,49.19429510972251,0.008468978070870103,24963,0.005,1.3395565629482231,0.0,False,-2.0,False,False
refractory_1.0,3.0,109,fixed_10,10.0,1.8701551435212713,1,15,1.4889719397132704,1.3327204888425046,0.998574430941255,26011,0.8653646534158626,6.689592864557302,96,1.36328306590954,0.3330577726663222,2109.289097753713,33.27303563546395,0.00502545220168138,22509,0.01,1.36328306590954,0.0,False,-2.0,False,False
refractory_1.0,3.0,109,fixed_10,10.0,1.8701551435212713,1,59,1.4889719397132704,1.745004153170612,0.9207935311954283,26011,0.9968474876013994,6.689592864557302,96,1.3967206781679824,0.16713577445429795,6035.379575032023,47.21878285008252,0.021386164310291167,25929,0.005,1.2513574391193545,0.046254111788345244,False,88.47390502839698,False,False
refractory_1.0,3.0,109,fixed_10,10.0,1.8701551435212713,3,30,1.4889719397132704,1.283985114989353,0.9866374736510024,26011,0.4425819845450002,6.689592864557302,96,1.2740246462734977,0.1199699080708205,410.4311237075233,14.258408859543131,0.005507405468753279,11512,0.235,1.2740246462734977,0.0,False,-2.000000000014552,False,False
refractory_1.0,3.0,109,selected_regression,4.0,1.8701551435212713,1,30,0.9732805351582023,1.3081381940259231,0.9928848200843182,26011,0.9597093537349582,6.689592864557302,96,1.3395565629482231,0.2099746282507995,4729.294834138661,49.19429510972251,0.008468978070870103,24963,0.005,1.3395565629482231,0.0,False,-2.0,True,True
refractory_1.0,3.0,109,selected_mle,4.0,1.8701551435212713,1,30,0.9732805351582023,1.3081381940259231,0.9928848200843182,26011,0.9597093537349582,6.689592864557302,96,1.3395565629482231,0.2099746282507995,4729.294834138661,49.19429510972251,0.008468978070870103,24963,0.005,1.3395565629482231,0.0,False,-2.0,True,True
refractory_1.0,3.0,110,iei_rounded,2.0,1.8730954520577563,1,30,0.0,4.340393077009972,0.8432217032945875,95208,1.0,1.8265691958658936,14,2.125090772801178,0.7929110936824744,-6251.80361188333,-57.016897788899755,0.07562290576133768,95208,0.005,0.6809559710092342,0.8381990958907194,False,12003.384878607263,False,False
refractory_1.0,3.0,110,iei_rounded,2.0,1.8730954520577563,1,15,0.0,4.340393077009972,0.8432217032945875,95208,1.0,1.8265691958658936,14,2.0349313113676093,0.7928431384658758,-4722.555998684977,-46.458035530631385,0.06117082493896786,95208,0.005,0.707420277854826,0.8168183969295222,False,9049.274931896216,False,False
refractory_1.0,3.0,110,iei_rounded,2.0,1.8730954520577563,1,59,0.0,4.340393077009972,0.8432217032945875,95208,1.0,1.8265691958658936,14,2.16459106869838,0.7929110946103719,-6837.605315190992,-60.170504527424114,0.08264531668432518,95208,0.005,0.679601870869879,0.8392452069157906,False,13171.880533523305,False,False
refractory_1.0,3.0,110,iei_rounded,2.0,1.8730954520577563,3,30,0.0,6.426198499469079,0.9211990566538342,95208,0.2149609276531384,1.8265691958658936,14,3.7160223454169863,0.7490018685273563,-844.3500518448678,-31.762602781546413,0.07336521821954689,20466,0.005,-3.9424794679735387,2.4748287912031772,False,1698.0586496586839,False,False
refractory_1.0,3.0,110,fixed_10,10.0,1.8730954520577563,1,30,1.4521544487968663,1.3254502883190054,0.9935893026317262,25903,0.9584990155580435,6.713662510133961,98,1.34045778200562,0.2116489768766881,4554.214406886423,47.337249995947765,0.008014628522620193,24828,0.005,1.34045778200562,0.0,False,-1.999999999985448,False,False
refractory_1.0,3.0,110,fixed_10,10.0,1.8730954520577563,1,15,1.4521544487968663,1.319946441533729,0.9984656476515968,25903,0.8673512720534301,6.713662510133961,98,1.3536532396187102,0.3289901919846743,2112.991846108601,33.4906080628874,0.0062602740717903615,22467,0.005,1.3536532396187102,0.0,False,-2.0,False,False
refractory_1.0,3.0,110,fixed_10,10.0,1.8730954520577563,1,59,1.4521544487968663,1.7225033186825551,0.9306864664468896,25903,0.9967957379454118,6.713662510133961,98,1.395024424413558,0.16666746482721523,5995.881520727772,46.58284566982366,0.019577914455744416,25820,0.005,1.244238909405188,0.047962249881662686,False,94.92697607481387,False,False
refractory_1.0,3.0,110,fixed_10,10.0,1.8730954520577563,3,30,1.4521544487968663,1.3180644177771292,0.9877679838423897,25903,0.44589429795776553,6.713662510133961,98,1.301255988070567,0.12356678230124157,412.6471584258257,13.897728629562572,0.006787030710270314,11550,0.055,1.301255988070567,0.0,False,-2.000000000014552,False,False
refractory_1.0,3.0,110,selected_regression,4.0,1.8730954520577563,1,30,0.9766050264448134,1.3254502883190054,0.9935893026317262,25903,0.9584990155580435,6.713662510133961,98,1.34045778200562,0.2116489768766881,4554.214406886423,47.337249995947765,0.008014628522620193,24828,0.005,1.34045778200562,0.0,False,-1.999999999985448,True,True
refractory_1.0,3.0,110,selected_mle,4.0,1.8730954520577563,1,30,0.9766050264448134,1.3254502883190054,0.9935893026317262,25903,0.9584990155580435,6.713662510133961,98,1.34045778200562,0.2116489768766881,4554.214406886423,47.337249995947765,0.008014628522620193,24828,0.005,1.34045778200562,0.0,False,-1.999999999985448,True,True
refractory_1.0,3.0,111,iei_rounded,2.0,1.8660569146819375,1,30,0.0,4.1567954339298225,0.8270676201385873,94938,1.0,1.8331016031515304,13,2.1191254850842878,0.7886090679391622,-6338.814313865522,-58.09666382201964,0.0759561462088838,94938,0.005,0.6709416221476885,0.838499027268427,False,12101.762705565634,False,False
refractory_1.0,3.0,111,iei_rounded,2.0,1.8660569146819375,1,15,0.0,4.1567954339298225,0.8270676201385873,94938,1.0,1.8331016031515304,13,2.0282014807296758,0.788537404036934,-4788.554255858815,-47.46145744927374,0.06133190038880243,94938,0.005,0.6977558054372432,0.8168783849175231,False,9107.710341565922,False,False
refractory_1.0,3.0,111,iei_rounded,2.0,1.8660569146819375,1,59,0.0,4.1567954339298225,0.8270676201385873,94938,1.0,1.8331016031515304,13,2.1590362146542166,0.7886090689828782,-6934.090185455874,-61.25191836717655,0.08307662919924352,94938,0.005,0.6695628943837144,0.8395618868165275,False,13289.128207726637,False,False
refractory_1.0,3.0,111,iei_rounded,2.0,1.8660569146819375,3,30,0.0,6.291522201100179,0.9005419460826138,94938,0.21718384629969031,1.8331016031515304,13,3.709259182286919,0.7481544052338172,-889.4469437232627,-33.79309004886163,0.07547788540922051,20619,0.005,-4.228311174244726,2.5679178820008173,False,1807.2000257816762,False,False
refractory_1.0,3.0,111,fixed_10,10.0,1.8660569146819375,1,30,1.4611698817672683,1.30600737216662,0.9962584609213506,25774,0.9577869170481881,6.752192131605494,114,1.3431167512414088,0.2107056381445468,4726.323701438013,49.017616531111365,0.01021247126902336,24686,0.005,1.3431167512414088,0.0,False,-2.000000000014552,False,False
refractory_1.0,3.0,111,fixed_10,10.0,1.8660569146819375,1,15,1.4611698817672683,1.3123170193628468,0.9970074828940307,25774,0.8669201520912547,6.752192131605494,114,1.3591087783531801,0.32929786007367057,2207.0749318282915,35.05263048459998,0.007831518308400731,22344,0.005,1.3591087783531801,0.0,False,-2.0,False,False
refractory_1.0,3.0,111,fixed_10,10.0,1.8660569146819375,1,59,1.4611698817672683,1.737272928720299,0.9152397541975511,25774,0.9967021028943897,6.752192131605494,114,1.3960898818950955,0.1659385791261489,6130.969283727499,48.055152503775865,0.01942735946831131,25689,0.005,1.2693946482579979,0.04026053511796133,False,66.20825084805256,False,False
refractory_1.0,3.0,111,fixed_10,10.0,1.8660569146819375,3,30,1.4611698817672683,1.280287571739041,0.993462730826179,25774,0.44083184604640335,6.752192131605494,114,1.2754412773765527,0.12022986518013729,401.08400628565283,13.850210279026854,0.005510661876715339,11362,0.255,1.2754412773765527,0.0,False,-2.000000000014552,False,False
refractory_1.0,3.0,111,selected_regression,48.0,1.8660569146819375,1,30,0.9945583167059677,1.30600737216662,0.9962584609213506,25774,0.9577869170481881,6.752192131605494,114,1.3431167512414088,0.2107056381445468,4726.323701438013,49.017616531111365,0.01021247126902336,24686,0.005,1.3431167512414088,0.0,False,-2.000000000014552,True,True
refractory_1.0,3.0,111,selected_mle,48.0,1.8660569146819375,1,30,0.9945583167059677,1.30600737216662,0.9962584609213506,25774,0.9577869170481881,6.752192131605494,114,1.3431167512414088,0.2107056381445468,4726.323701438013,49.017616531111365,0.01021247126902336,24686,0.005,1.3431167512414088,0.0,False,-2.000000000014552,True,True
refractory_1.0,3.0,112,iei_rounded,2.0,1.890732606691611,1,30,0.0,4.1103964488891584,0.8572882315194943,96196,1.0,1.8087030645764897,14,2.1413908219672653,0.8049335182430992,-6055.992307377457,-55.34277320813233,0.0735782320519951,96196,0.005,0.7149719376246161,0.8327142032613859,False,11680.260434433032,False,False
refractory_1.0,3.0,112,iei_rounded,2.0,1.890732606691611,1,15,0.0,4.1103964488891584,0.8572882315194943,96196,1.0,1.8087030645764897,14,2.0532925279996537,0.8048749573286764,-4579.02528786694,-45.05272055475605,0.059588159221821035,96196,0.005,0.7409472287585994,0.8116357048438669,False,8827.685882706835,False,False
refractory_1.0,3.0,112,iei_rounded,2.0,1.890732606691611,1,59,0.0,4.1103964488891584,0.8572882315194943,96196,1.0,1.8087030645764897,14,2.179786565650586,0.8049335189108673,-6618.0452117079985,-58.42061599958439,0.0803382318513941,96196,0.005,0.7136417758967397,0.8337466825356739,False,12801.348378747614,False,False
refractory_1.0,3.0,112,iei_rounded,2.0,1.890732606691611,3,30,0.0,6.050418118011737,0.9336682954640516,96196,0.20991517318807434,1.8087030645764897,14,3.7260536138804614,0.7538701204107212,-869.5309578389323,-33.315818576637966,0.07875568536141653,20193,0.005,-4.369527636467829,2.6250802384940393,False,1791.8357196565848,False,False
refractory_1.0,3.0,112,fixed_10,10.0,1.890732606691611,1,30,1.4570772669606717,1.3230060760950804,0.9974091621309747,26462,0.9613407905676064,6.575088806590583,109,1.3461815616435278,0.2131744860749813,4710.3498410515,47.96742408792538,0.0064896082262533294,25439,0.005,1.3461815616435278,0.0,False,-1.999999999985448,False,False
refractory_1.0,3.0,112,fixed_10,10.0,1.890732606691611,1,15,1.4570772669606717,1.3157393944177338,0.9977317468516135,26462,0.8727231501776131,6.575088806590583,109,1.3547529730845778,0.3289461987858896,2200.012105424434,34.29274988763331,0.0055542800992272046,23094,0.01,1.3547529730845778,0.0,False,-2.0,False,False
refractory_1.0,3.0,112,fixed_10,10.0,1.890732606691611,1,59,1.4570772669606717,1.769974782470901,0.9202127787619283,26462,0.9969012168392412,6.575088806590583,109,1.4046543390055266,0.17054157007086945,6022.736092156201,46.42412763700284,0.021407446171472055,26380,0.005,1.2384032533525267,0.05313298019071521,False,117.98592792317504,False,False
refractory_1.0,3.0,112,fixed_10,10.0,1.890732606691611,3,30,1.4570772669606717,1.305023890507062,0.9952970146206889,26462,0.44168997052376996,6.575088806590583,109,1.2929105424610032,0.12280990627250438,397.54964771339115,13.419065437008369,0.004266069056703681,11688,0.5,1.230498499159649,0.014705458090450095,False,-1.5065857318986673,False,False
refractory_1.0,3.0,112,selected_regression,4.0,1.890732606691611,1,30,0.96848310785277,1.3230060760950804,0.9974091621309747,26462,0.9613407905676064,6.575088806590583,109,1.3461815616435278,0.2131744860749813,4710.3498410515,47.96742408792538,0.0064896082262533294,25439,0.015,1.3461815616435278,0.0,False,-1.999999999985448,True,True
refractory_1.0,3.0,112,selected_mle,4.0,1.890732606691611,1,30,0.96848310785277,1.3230060760950804,0.9974091621309747,26462,0.9613407905676064,6.575088806590583,109,1.3461815616435278,0.2131744860749813,4710.3498410515,47.96742408792538,0.0064896082262533294,25439,0.015,1.3461815616435278,0.0,False,-1.999999999985448,True,True
refractory_1.0,3.0,113,iei_rounded,2.0,1.8632733252903235,1,30,0.0,4.332232186423183,0.8433455214765606,94760,1.0,1.8363866610384127,14,2.118385948562862,0.786464128232546,-6155.609632623987,-56.182245516516744,0.07466075732471111,94760,0.005,0.6918174655975813,0.8234001521867476,False,11802.873181441391,False,False
refractory_1.0,3.0,113,iei_rounded,2.0,1.8632733252903235,1,15,0.0,4.332232186423183,0.8433455214765606,94760,1.0,1.8363866610384127,14,2.027366776624943,0.7863905417628909,-4605.108632187287,-45.41773251346801,0.060015051670540887,94760,0.005,0.7201940531901492,0.8005946393000586,False,8816.231426940794,False,False
refractory_1.0,3.0,113,iei_rounded,2.0,1.8632733252903235,1,59,0.0,4.332232186423183,0.8433455214765606,94760,1.0,1.8363866610384127,14,2.1583477940208216,0.7864641293392693,-6751.1611012414605,-59.40333763020403,0.08179347536530457,94760,0.005,0.6902894544181143,0.8245736404204995,False,12990.390901998122,False,False
refractory_1.0,3.0,113,iei_rounded,2.0,1.8632733252903235,3,30,0.0,6.419920563481418,0.9221660491133512,94760,0.2177395525538202,1.8363866610384127,14,3.6795309045817017,0.7393295472989927,-926.8834342304633,-34.9173731440817,0.08094799018213417,20633,0.005,-4.452206594409802,2.627338192952856,False,1917.47005103861,False,False
refractory_1.0,3.0,113,fixed_10,10.0,1.8632733252903235,1,30,1.4872926116945255,1.2981762700730568,0.9935976318006468,25647,0.9577338480134129,6.785043084961204,166,1.3424836706373693,0.20982714913371142,4774.770271106037,49.63305374677185,0.011494229622557861,24563,0.005,1.3424836706373693,0.0,False,-1.999999999985448,False,False
refractory_1.0,3.0,113,fixed_10,10.0,1.8632733252903235,1,15,1.4872926116945255,1.3320938801304587,0.9976663768909235,25647,0.8636487698366281,6.785043084961204,166,1.3685281774373994,0.3341253998776099,2134.6206295453126,33.70519799423161,0.007285470663798643,22150,0.005,1.3685281774373994,0.0,False,-2.0,False,False
refractory_1.0,3.0,113,fixed_10,10.0,1.8632733252903235,1,59,1.4872926116945255,1.7336728779191721,0.9111504812105976,25647,0.9964128358092564,6.785043084961204,166,1.3959899578162425,0.16556811027311596,6150.649783391581,48.33881393054307,0.019908895389876946,25555,0.005,1.2753413459057428,0.03832423008856133,False,59.56244192532904,False,False
refractory_1.0,3.0,113,fixed_10,10.0,1.8632733252903235,3,30,1.4872926116945255,1.269773776277921,0.9884269128959412,25647,0.4425858774905447,6.785043084961204,166,1.2801459304828153,0.11996826341969441,448.99316724829634,15.490410384224125,0.007588476592881532,11351,0.045,1.2801459304828153,0.0,False,-2.0,False,False
refractory_1.0,3.0,113,selected_regression,4.0,1.8632733252903235,1,30,0.9721214956915039,1.2981762700730568,0.9935976318006468,25647,0.9577338480134129,6.785043084961204,166,1.3424836706373693,0.20982714913371142,4774.770271106037,49.63305374677185,0.011494229622557861,24563,0.005,1.3424836706373693,0.0,False,-1.999999999985448,False,True
refractory_1.0,3.0,113,selected_mle,4.0,1.8632733252903235,1,30,0.9721214956915039,1.2981762700730568,0.9935976318006468,25647,0.9577338480134129,6.785043084961204,166,1.3424836706373693,0.20982714913371142,4774.770271106037,49.63305374677185,0.011494229622557861,24563,0.005,1.3424836706373693,0.0,False,-1.999999999985448,False,True
refractory_1.0,3.0,114,iei_rounded,2.0,1.8671618993789405,1,30,0.0,4.185212371142215,0.8563417439055963,94752,1.0,1.8363306315433976,14,2.118402433862629,0.786500609226847,-6157.619143067985,-55.97616677003738,0.07550291252332786,94752,0.005,0.6871871383446654,0.8265809552186184,False,11863.00954602944,False,False
refractory_1.0,3.0,114,iei_rounded,2.0,1.8671618993789405,1,15,0.0,4.185212371142215,0.8563417439055963,94752,1.0,1.8363306315433976,14,2.0273853842695697,0.7864270558751025,-4607.319380007468,-45.18353723279966,0.060857685518086346,94752,0.005,0.7152370054005265,0.8040234642213121,False,8875.063454851159,False,False
refractory_1.0,3.0,114,iei_rounded,2.0,1.8671618993789405,1,59,0.0,4.185212371142215,0.8563417439055963,94752,1.0,1.8363306315433976,14,2.1583631393148988,0.786500610332469,-6753.089279685059,-59.220615613695756,0.08263535764269714,94752,0.005,0.6856911061917084,0.8277307450323792,False,13050.45175874341,False,False
refractory_1.0,3.0,114,iei_rounded,2.0,1.8671618993789405,3,30,0.0,6.1334304424236565,0.9325573978398991,94752,0.21607987166497805,1.8363306315433976,14,3.6620518371894786,0.7333390029898066,-919.9891382303741,-34.266806841349215,0.08104441567608772,20474,0.005,-4.369930359710405,2.589800666805395,False,1899.5213819017954,False,False
refractory_1.0,3.0,114,fixed_10,10.0,1.8671618993789405,1,30,1.485115277425893,1.290573458488979,0.9954860107739236,25379,0.9576027424248394,6.855904487962489,124,1.3294392963471307,0.2066537826321893,4601.026498226261,48.54082141426939,0.010022591255072322,24303,0.005,1.3294392963471307,0.0,False,-2.000000000029104,False,False
refractory_1.0,3.0,114,fixed_10,10.0,1.8671618993789405,1,15,1.485115277425893,1.3233054031277431,0.9983556737510105,25379,0.8612238464872533,6.855904487962489,124,1.3546696505175557,0.32963292193826277,2043.2441539079448,32.78226770213968,0.005929412359647057,21857,0.015,1.3546696505175557,0.0,False,-2.000000000014552,False,False
refractory_1.0,3.0,114,fixed_10,10.0,1.8671618993789405,1,59,1.485115277425893,1.7258525717744795,0.9124708321246772,25379,0.9965719689507073,6.855904487962489,124,1.385567274924794,0.16328085515011165,5918.089381935725,46.97190784017457,0.02057200000287751,25292,0.005,1.249842473623526,0.042973817872806096,False,75.16198313157656,False,False
refractory_1.0,3.0,114,fixed_10,10.0,1.8671618993789405,3,30,1.485115277425893,1.2648013138424417,0.9919828033933773,25379,0.4480081957523937,6.855904487962489,124,1.2714507913643533,0.11912700104458623,432.92289614172626,15.017524744201316,0.007172313325071844,11370,0.045,1.2714507913643533,0.0,False,-2.000000000029104,False,False
refractory_1.0,3.0,114,selected_regression,4.0,1.8671618993789405,1,30,0.9817959730485835,1.290573458488979,0.9954860107739236,25379,0.9576027424248394,6.855904487962489,124,1.3294392963471307,0.2066537826321893,4601.026498226261,48.54082141426939,0.010022591255072322,24303,0.005,1.3294392963471307,0.0,False,-2.000000000029104,False,True
refractory_1.0,3.0,114,selected_mle,4.0,1.8671618993789405,1,30,0.9817959730485835,1.290573458488979,0.9954860107739236,25379,0.9576027424248394,6.855904487962489,124,1.3294392963471307,0.2066537826321893,4601.026498226261,48.54082141426939,0.010022591255072322,24303,0.005,1.3294392963471307,0.0,False,-2.000000000029104,False,True
refractory_1.0,3.0,115,iei_rounded,2.0,1.8793690322318692,1,30,0.0,3.693414866861182,0.8560356870224298,95541,1.0,1.8199935106394114,12,2.133570008226309,0.7972917872860177,-5926.576111688576,-53.874579221093754,0.07346653158982663,95541,0.005,0.7218425697967451,0.8194070727245839,False,11509.971137387329,False,False
refractory_1.0,3.0,115,iei_rounded,2.0,1.8793690322318692,1,15,0.0,3.693414866861182,0.8560356870224298,95541,1.0,1.8199935106394114,12,2.044487838541139,0.7972274149423269,-4427.571181286561,-43.30748026177594,0.0592563195347201,95541,0.005,0.7496199006618215,0.7969857396347133,False,8622.502995698887,False,False
refractory_1.0,3.0,115,iei_rounded,2.0,1.8793690322318692,1,59,0.0,3.693414866861182,0.8560356870224298,95541,1.0,1.8199935106394114,12,2.172492634510901,0.7972917881091279,-6498.836393416253,-57.06694230648653,0.08035142486469982,95541,0.005,0.720350608197033,0.8205582450355633,False,12651.03722610508,False,False
refractory_1.0,3.0,115,iei_rounded,2.0,1.8793690322318692,3,30,0.0,5.546844808638951,0.92288575016819,95541,0.21216022440627583,1.8199935106394114,12,3.687316866450333,0.7401021630960589,-860.8436924383326,-32.602540124559624,0.07569218633148833,20270,0.005,-4.0225146551641515,2.4862970453126856,False,1739.9482378452813,False,False
refractory_1.0,3.0,115,fixed_10,10.0,1.8793690322318692,1,30,1.436046868290289,1.320926201630485,0.9957361764571454,26111,0.9603998314886446,6.659415571981158,131,1.3460472957073097,0.2124199984907637,4720.824355039524,48.73299027064709,0.00956270595508435,25077,0.005,1.3460472957073097,0.0,False,-2.0,False,False
refractory_1.0,3.0,115,fixed_10,10.0,1.8793690322318692,1,15,1.436046868290289,1.3137556864314055,0.9960120338463923,26111,0.8697483819080081,6.659415571981158,131,1.3606243593840635,0.3299670448012064,2240.3390788168304,35.2623681615022,0.007844470736001252,22710,0.005,1.3606243593840635,0.0,False,-2.000000000014552,False,False
refractory_1.0,3.0,115,fixed_10,10.0,1.8793690322318692,1,59,1.436046868290289,1.8030192228508404,0.8978045762322007,26111,0.9954042357627054,6.659415571981158,131,1.405637566802616,0.17084062127143657,5938.809419099238,46.383044579660236,0.02178921457951888,25991,0.005,1.2486352583873523,0.05016929893375953,False,103.49456752737751,False,False
refractory_1.0,3.0,115,fixed_10,10.0,1.8793690322318692,3,30,1.436046868290289,1.3020226150572414,0.9920603021663162,26111,0.4401210217915821,6.659415571981158,131,1.2787763128016625,0.12133395790934479,368.8911428225904,12.680888042573638,0.006927777432713889,11492,0.045,1.216916285419862,0.014556198795248105,False,-1.5233185815013712,False,False
refractory_1.0,3.0,115,selected_regression,48.0,1.8793690322318692,1,30,1.0241468413080281,1.320926201630485,0.9957361764571454,26111,0.9603998314886446,6.659415571981158,131,1.3460472957073097,0.2124199984907637,4720.824355039524,48.73299027064709,0.00956270595508435,25077,0.005,1.3460472957073097,0.0,False,-2.0,True,True
refractory_1.0,3.0,115,selected_mle,48.0,1.8793690322318692,1,30,1.0241468413080281,1.320926201630485,0.9957361764571454,26111,0.9603998314886446,6.659415571981158,131,1.3460472957073097,0.2124199984907637,4720.824355039524,48.73299027064709,0.00956270595508435,25077,0.005,1.3460472957073097,0.0,False,-2.0,True,True
refractory_1.0,3.0,116,iei_rounded,2.0,1.8765342082877627,1,30,0.0,4.2387699856535725,0.8530125740661479,95281,1.0,1.8252747137414596,15,2.126690679402005,0.7937694645992126,-6194.71614825764,-56.163841533367965,0.07551749512268147,95281,0.005,0.6860103804557318,0.8364867699231235,False,11945.905873810872,False,False
refractory_1.0,3.0,116,iei_rounded,2.0,1.8765342082877627,1,15,0.0,4.2387699856535725,0.8530125740661479,95281,1.0,1.8252747137414596,15,2.03673533420819,0.7937022265040685,-4671.054224536604,-45.59747311624868,0.0611113070437137,95281,0.005,0.7125392959917732,0.8150495465821983,False,9003.20878662524,False,False
refractory_1.0,3.0,116,iei_rounded,2.0,1.8765342082877627,1,59,0.0,4.2387699856535725,0.8530125740661479,95281,1.0,1.8252747137414596,15,2.16608146346797,0.7937694655055807,-6778.003225208897,-59.34000118158994,0.08251378958318567,95281,0.005,0.6846480453831104,0.8375394474057217,False,13109.353866390884,False,False
refractory_1.0,3.0,116,iei_rounded,2.0,1.8765342082877627,3,30,0.0,6.185178776101161,0.9274246984336404,95281,0.21415602271176834,1.8252747137414596,15,3.71212753604644,0.7468563252024074,-820.7345298263414,-30.46100232578657,0.0737218720079843,20405,0.005,-3.7822132064608485,2.41855287633422,False,1648.8056684842668,False,False
refractory_1.0,3.0,116,fixed_10,10.0,1.8765342082877627,1,30,1.4811267605633802,1.3282887263282233,0.9946483264526184,25792,0.9585918114143921,6.742943548387097,119,1.3370687645000938,0.21119613501089668,4461.419666094919,46.80469104429933,0.00838277414131261,24724,0.005,1.3370687645000938,0.0,False,-2.000000000014552,False,False
refractory_1.0,3.0,116,fixed_10,10.0,1.8765342082877627,1,15,1.4811267605633802,1.3087968170240736,0.9972674741143039,25792,0.8676721464019851,6.742943548387097,119,1.3469733748611556,0.32615077789929103,2111.8643674109067,33.74825700769629,0.0071340927454059955,22379,0.005,1.3469733748611556,0.0,False,-2.000000000014552,False,False
refractory_1.0,3.0,116,fixed_10,10.0,1.8765342082877627,1,59,1.4811267605633802,1.7337092087303114,0.9279172784852172,25792,0.9962003722084367,6.742943548387097,119,1.3937226154410727,0.16703168561184495,5845.228568383145,45.63288519020074,0.02026644581716386,25694,0.005,1.229568982549103,0.05222770840097486,False,112.20932684914442,False,False
refractory_1.0,3.0,116,fixed_10,10.0,1.8765342082877627,3,30,1.4811267605633802,1.3200435777254704,0.9897117283707363,25792,0.44432382133995035,6.742943548387097,119,1.2865886729853937,0.1225438537629076,358.0822381135738,12.292153360041237,0.00807757671803111,11460,0.025,1.1951536601991606,0.021532478357012604,False,-0.9626581011543749,False,False
refractory_1.0,3.0,116,selected_regression,4.0,1.8765342082877627,1,30,0.9735964640198511,1.3282887263282233,0.9946483264526184,25792,0.9585918114143921,6.742943548387097,119,1.3370687645000938,0.21119613501089668,4461.419666094919,46.80469104429933,0.00838277414131261,24724,0.005,1.3370687645000938,0.0,False,-2.000000000014552,True,True
refractory_1.0,3.0,116,selected_mle,4.0,1.8765342082877627,1,30,0.9735964640198511,1.3282887263282233,0.9946483264526184,25792,0.9585918114143921,6.742943548387097,119,1.3370687645000938,0.21119613501089668,4461.419666094919,46.80469104429933,0.00838277414131261,24724,0.005,1.3370687645000938,0.0,False,-2.000000000014552,True,True
refractory_1.0,3.0,117,iei_rounded,2.0,1.8708221879981628,1,30,0.0,4.268047772020482,0.8413443608459796,95231,1.0,1.8274931482395438,14,2.127302821694231,0.7922996142761587,-5962.895169692316,-54.05990968680973,0.07372356801141944,95231,0.005,0.7150865314139797,0.8172109117552409,False,11558.276165898278,False,False
refractory_1.0,3.0,117,iei_rounded,2.0,1.8708221879981628,1,15,0.0,4.268047772020482,0.8413443608459796,95231,1.0,1.8274931482395438,14,2.037425469221562,0.7922311436308791,-4442.627153610882,-43.3679530265857,0.05933490749839743,95231,0.005,0.7435029833495622,0.7943324910533442,False,8631.884178489068,False,False
refractory_1.0,3.0,117,iei_rounded,2.0,1.8708221879981628,1,59,0.0,4.268047772020482,0.8413443608459796,95231,1.0,1.8274931482395438,14,2.166651768658168,0.7922996152197059,-6544.746501276288,-57.29350809943613,0.08070989084799296,95231,0.005,0.7135409129339744,0.8184001219886265,False,12718.365308600507,False,False
refractory_1.0,3.0,117,iei_rounded,2.0,1.8708221879981628,3,30,0.0,6.288258603243959,0.9132087912619355,95231,0.2144679778643509,1.8274931482395438,14,3.6783505914647794,0.7372089935375228,-872.1306630385201,-32.4254833505902,0.07624217885579487,20424,0.005,-4.036709479115766,2.48620690213599,False,1768.486793307471,False,False
refractory_1.0,3.0,117,fixed_10,10.0,1.8708221879981628,1,30,1.4357386187674201,1.3231981235604,0.9911976368256686,25990,0.9590996537129666,6.696190842631782,111,1.3422970825679723,0.21210958010076658,4589.368020647809,47.3794506420129,0.006820651421457213,24927,0.005,1.3422970825679723,0.0,False,-1.999999999985448,False,False
refractory_1.0,3.0,117,fixed_10,10.0,1.8708221879981628,1,15,1.4357386187674201,1.345512571007979,0.9968348382700964,25990,0.8671027318199307,6.696190842631782,111,1.3597343192093643,0.33330746438695025,2017.4182547369169,31.868769340969028,0.0040075100512178,22536,0.085,1.3597343192093643,0.0,False,-1.999999999985448,False,False
refractory_1.0,3.0,117,fixed_10,10.0,1.8708221879981628,1,59,1.4357386187674201,1.7417942213990665,0.9253662363904964,25990,0.9963447479799923,6.696190842631782,111,1.3985464435982795,0.16823198391939748,5952.258022403091,46.3036943489002,0.021068441653088188,25895,0.005,1.237774569567805,0.05124012318964392,False,108.33683048308012,False,False
refractory_1.0,3.0,117,fixed_10,10.0,1.8708221879981628,3,30,1.4357386187674201,1.310495404848545,0.9831245232356876,25990,0.4448634090034629,6.696190842631782,111,1.3035052654287131,0.12353658369765946,431.5575150874656,14.541594574555035,0.00596491213736472,11562,0.185,1.3035052654287131,0.0,False,-2.0,False,False
refractory_1.0,3.0,117,selected_regression,4.0,1.8708221879981628,1,30,0.977914582531743,1.3231981235604,0.9911976368256686,25990,0.9590996537129666,6.696190842631782,111,1.3422970825679723,0.21210958010076658,4589.368020647809,47.3794506420129,0.006820651421457213,24927,0.005,1.3422970825679723,0.0,False,-1.999999999985448,True,True
refractory_1.0,3.0,117,selected_mle,4.0,1.8708221879981628,1,30,0.977914582531743,1.3231981235604,0.9911976368256686,25990,0.9590996537129666,6.696190842631782,111,1.3422970825679723,0.21210958010076658,4589.368020647809,47.3794506420129,0.006820651421457213,24927,0.005,1.3422970825679723,0.0,False,-1.999999999985448,True,True
refractory_1.0,3.0,118,iei_rounded,2.0,1.8785116768953434,1,30,0.0,4.345958602615583,0.8380486006410226,95446,1.0,1.8230308237118371,14,2.128686153470058,0.7952620290547838,-6176.31261071893,-56.12042444093211,0.07558092814214412,95446,0.005,0.6887236421899139,0.8368196607249175,False,11930.87367593823,False,False
refractory_1.0,3.0,118,iei_rounded,2.0,1.8785116768953434,1,15,0.0,4.345958602615583,0.8380486006410226,95446,1.0,1.8230308237118371,14,2.0389848378867104,0.795196020274834,-4658.4117495577875,-45.570214377659724,0.061231812608183,95446,0.005,0.7150948195336762,0.8154940345937107,False,8998.880843190855,False,False
refractory_1.0,3.0,118,iei_rounded,2.0,1.8785116768953434,1,59,0.0,4.345958602615583,0.8380486006410226,95446,1.0,1.8230308237118371,14,2.167940685120696,0.7952620299248965,-6756.926570446757,-59.28964139492044,0.08254475930248562,95446,0.005,0.6873733863557785,0.8378638538183867,False,13089.009297725308,False,False
refractory_1.0,3.0,118,iei_rounded,2.0,1.8785116768953434,3,30,0.0,6.434806147787809,0.9129619451933948,95446,0.21294763531211366,1.8230308237118371,14,3.707444377355179,0.7453633883440911,-820.4155502697773,-30.74986276857026,0.07123779132934405,20325,0.005,-3.733087320324924,2.3994524946596942,False,1632.699587839059,False,False
refractory_1.0,3.0,118,fixed_10,10.0,1.8785116768953434,1,30,1.475436308303832,1.3245723499743969,0.995646922914908,25888,0.9587453646477132,6.721299443757726,128,1.338963440686987,0.2113499772991188,4530.890578303932,47.07288896469016,0.007967866714460647,24820,0.005,1.338963440686987,0.0,False,-2.0000000000727596,False,False
refractory_1.0,3.0,118,fixed_10,10.0,1.8785116768953434,1,15,1.475436308303832,1.3166827517057573,0.9982722611977766,25888,0.868587762669963,6.721299443757726,128,1.348625325229568,0.3269377565691738,2115.3934717458683,33.84931520851136,0.006819135898083584,22486,0.005,1.348625325229568,0.0,False,-2.000000000014552,False,False
refractory_1.0,3.0,118,fixed_10,10.0,1.8785116768953434,1,59,1.475436308303832,1.7412662705928779,0.9223868768335262,25888,0.9966007416563659,6.721299443757726,128,1.3947867814715647,0.16703577838420447,5922.664038596514,46.12159378512352,0.020401154392753806,25800,0.005,1.238865809583654,0.049605787686045705,False,101.51973806260503,False,False
refractory_1.0,3.0,118,fixed_10,10.0,1.8785116768953434,3,30,1.475436308303832,1.3149079490906983,0.9916970958562048,25888,0.44437577255871447,6.721299443757726,128,1.2862657518458018,0.12254235535295804,357.16346428405564,12.256032522052275,0.005804459708357523,11504,0.18,1.1445143915507787,0.03338433455325732,False,0.49812977387045976,False,False
refractory_1.0,3.0,118,selected_regression,4.0,1.8785116768953434,1,30,0.9784456118665018,1.3245723499743969,0.995646922914908,25888,0.9587453646477132,6.721299443757726,128,1.338963440686987,0.2113499772991188,4530.890578303932,47.07288896469016,0.007967866714460647,24820,0.005,1.338963440686987,0.0,False,-2.0000000000727596,True,True
refractory_1.0,3.0,118,selected_mle,4.0,1.8785116768953434,1,30,0.9784456118665018,1.3245723499743969,0.995646922914908,25888,0.9587453646477132,6.721299443757726,128,1.338963440686987,0.2113499772991188,4530.890578303932,47.07288896469016,0.007967866714460647,24820,0.005,1.338963440686987,0.0,False,-2.0000000000727596,True,True
refractory_1.0,3.0,119,iei_rounded,2.0,1.883720143675634,1,30,0.0,4.13752331140062,0.8389980285115788,95806,1.0,1.816378932425944,13,2.1358332243023117,0.7997215747070792,-5993.875829558077,-54.80230096840186,0.07349069748165371,95806,0.005,0.7183810334712477,0.824258570525572,False,11587.685783574852,False,False
refractory_1.0,3.0,119,iei_rounded,2.0,1.883720143675634,1,15,0.0,4.13752331140062,0.8389980285115788,95806,1.0,1.816378932425944,13,2.0470367319809792,0.7996591090155849,-4500.092978214037,-44.329170666164835,0.05934448006494808,95806,0.005,0.7455261648612479,0.802309309146726,False,8707.508771882218,False,False
refractory_1.0,3.0,119,iei_rounded,2.0,1.883720143675634,1,59,0.0,4.13752331140062,0.8389980285115788,95806,1.0,1.816378932425944,13,2.174602795959954,0.7997215754772362,-6563.616947909765,-57.943965794762,0.08033925740368386,95806,0.005,0.7169473026399862,0.825366990921333,False,12723.868769802502,False,False
refractory_1.0,3.0,119,iei_rounded,2.0,1.883720143675634,3,30,0.0,6.224662157629697,0.914006236160209,95806,0.21177170532116987,1.816378932425944,13,3.704751198078215,0.7462961077744668,-867.1855712647794,-33.20411730155257,0.07376703904604698,20289,0.005,-4.11096102393468,2.525707231105332,False,1747.850852516778,False,False
refractory_1.0,3.0,119,fixed_10,10.0,1.883720143675634,1,30,1.4665122798464258,1.329412505137799,0.9939564083684487,26187,0.9603620116851873,6.645282010157712,109,1.3396402025271161,0.21170664601189232,4576.636146902775,47.49774895519219,0.007025570733998121,25149,0.005,1.3396402025271161,0.0,False,-2.000000000029104,False,False
refractory_1.0,3.0,119,fixed_10,10.0,1.883720143675634,1,15,1.4665122798464258,1.3214062034447998,0.998808203271214,26187,0.8687898575629129,6.645282010157712,109,1.3528978539370566,0.32901453669850844,2121.0537552575124,33.44821110472181,0.005642973269978868,22751,0.01,1.3528978539370566,0.0,False,-1.999999999985448,False,False
refractory_1.0,3.0,119,fixed_10,10.0,1.883720143675634,1,59,1.4665122798464258,1.7379238323126096,0.9294836619535878,26187,0.9970214228433956,6.645282010157712,109,1.3974473471518625,0.16821280732660215,5948.053210406728,45.9438385171856,0.02091015463753021,26109,0.005,1.2335776931721607,0.05221397335379712,False,113.570845329843,False,False
refractory_1.0,3.0,119,fixed_10,10.0,1.883720143675634,3,30,1.4665122798464258,1.3228949292316874,0.9884119987685953,26187,0.4454500324588536,6.645282010157712,109,1.2934599907856263,0.12312690648709607,383.01134752627837,13.042716332469713,0.006552132814211964,11665,0.095,1.2384114915769093,0.012970922228612467,False,-1.6168023361533415,False,False
refractory_1.0,3.0,119,selected_regression,4.0,1.883720143675634,1,30,0.9763241302936572,1.329412505137799,0.9939564083684487,26187,0.9603620116851873,6.645282010157712,109,1.3396402025271161,0.21170664601189232,4576.636146902775,47.49774895519219,0.007025570733998121,25149,0.005,1.3396402025271161,0.0,False,-2.000000000029104,True,True
refractory_1.0,3.0,119,selected_mle,4.0,1.883720143675634,1,30,0.9763241302936572,1.329412505137799,0.9939564083684487,26187,0.9603620116851873,6.645282010157712,109,1.3396402025271161,0.21170664601189232,4576.636146902775,47.49774895519219,0.007025570733998121,25149,0.005,1.3396402025271161,0.0,False,-2.000000000029104,True,True
refractory_1.2,3.0,100,iei_rounded,1.0,1.4442658224717433,1,30,0.0,3.966691202338494,0.8011459576493816,70690,1.0,2.461819210637997,17,1.7342085234553029,0.5212175490948217,-9271.216054313712,-89.21746373923152,0.10965974423233837,70690,0.005,0.05016568564796497,0.8200897087213329,False,16591.365709130943,False,False
refractory_1.2,3.0,100,iei_rounded,1.0,1.4442658224717433,1,15,0.0,3.5142544940224996,0.789484406823002,70690,0.9999717074550856,2.461819210637997,17,1.5805849474505482,0.5196159183745017,-6054.615800676024,-68.20219742719185,0.08015611811571632,70688,0.005,0.12430217297587305,0.7688680884174222,False,10529.919754413771,False,False
refractory_1.2,3.0,100,iei_rounded,1.0,1.4442658224717433,1,59,0.0,3.966691202338494,0.8011459576493816,70690,1.0,2.461819210637997,17,1.808423031896874,0.5212188984085988,-10692.393346505713,-94.77909966636213,0.1256853668859158,70690,0.005,0.04429962036658155,0.823911573722786,False,19414.319969467208,False,False
refractory_1.2,3.0,100,iei_rounded,1.0,1.4442658224717433,3,30,0.0,5.894557636985665,0.8996451907333417,70690,0.3719903805347291,2.461819210637997,17,3.0488454258742106,0.5458671747611963,-1891.3736898601505,-55.44269883872115,0.1042799457533391,26296,0.005,-4.811449382001514,2.3878274456566113,False,4030.3172936266055,False,False
refractory_1.2,3.0,100,fixed_10,10.0,1.4442658224717433,1,30,2.1625247105337477,1.0635167526076978,0.96756804503719,12294,0.8317878639986985,14.155360338376443,245,1.225583790097117,0.16776836546792584,2269.274550886691,39.26741284293446,0.029621777148576056,10226,0.005,1.225583790097117,0.0,False,-2.0,False,False
refractory_1.2,3.0,100,fixed_10,10.0,1.4442658224717433,1,15,2.1625247105337477,1.2563327402494238,0.9929546330109483,12294,0.7126240442492273,14.155360338376443,245,1.3266368916778557,0.3145219795548243,902.5454616185824,23.274617279351336,0.012082855239306856,8761,0.005,1.3266368916778557,0.0,False,-2.000000000007276,False,False
refractory_1.2,3.0,100,fixed_10,10.0,1.4442658224717433,1,59,2.1625247105337477,1.0310501055801766,0.9615971383258709,12294,0.9548560273304051,14.155360338376443,245,1.1618742223004244,0.09382505183816503,3792.8203683555894,48.244590682238986,0.038693068158832666,11739,0.005,1.1618742223004244,0.0,False,-2.000000000014552,False,False
refractory_1.2,3.0,100,fixed_10,10.0,1.4442658224717433,3,30,2.1625247105337477,0.934082968232545,0.9594062798474984,12294,0.4150805270863836,14.155360338376443,245,1.031459781993922,0.08724380217053382,230.5597121995211,14.178764056733918,0.024564219824441236,5103,0.005,1.031459781993922,0.0,False,-2.0,False,False
refractory_1.2,3.0,100,selected_regression,4.0,1.4442658224717433,1,30,1.1749633967789166,1.0635167526076978,0.96756804503719,12294,0.8317878639986985,14.155360338376443,245,1.225583790097117,0.16776836546792584,2269.274550886691,39.26741284293446,0.029621777148576056,10226,0.005,1.225583790097117,0.0,False,-2.0,False,False
refractory_1.2,3.0,100,selected_mle,4.0,1.4442658224717433,1,30,1.1749633967789166,1.0635167526076978,0.96756804503719,12294,0.8317878639986985,14.155360338376443,245,1.225583790097117,0.16776836546792584,2269.274550886691,39.26741284293446,0.029621777148576056,10226,0.005,1.225583790097117,0.0,False,-2.0,False,False
refractory_1.2,3.0,101,iei_rounded,1.0,1.4360134220722642,1,30,0.0,3.9127371957613457,0.7724655697411833,70292,1.0,2.475672907300973,16,1.727115547563061,0.5173966561045957,-9386.850977517934,-91.05626579666539,0.1116030841358358,70292,0.005,0.028247434602161278,0.8253251900055227,False,16825.89516647809,False,False
refractory_1.2,3.0,101,iei_rounded,1.0,1.4360134220722642,1,15,0.0,3.674244492672781,0.7609770322370863,70292,0.9999857736300005,2.475672907300973,16,1.5719982969069815,0.5156605350215573,-6125.920440195341,-69.72058877350548,0.08174323037884479,70291,0.005,0.10291378833213387,0.7738515404349103,False,10677.722490511864,False,False
refractory_1.2,3.0,101,iei_rounded,1.0,1.4360134220722642,1,59,0.0,3.9127371957613457,0.7724655697411833,70292,1.0,2.475672907300973,16,1.8021212618084501,0.5173981467043498,-10829.061897191401,-96.58757545053872,0.12784311202000503,70292,0.005,0.022405007601522576,0.8291226778837307,False,19691.00750990567,False,False
refractory_1.2,3.0,101,iei_rounded,1.0,1.4360134220722642,3,30,0.0,5.9679330828078925,0.8717927076244816,70292,0.3733426278950663,2.475672907300973,16,3.028439863693942,0.5408744876812492,-1961.762237661854,-58.1126179349711,0.10571223623669845,26243,0.005,-5.0189680651585284,2.442405505567889,False,4224.20502066279,False,False
refractory_1.2,3.0,101,fixed_10,10.0,1.4360134220722642,1,30,2.192203727414995,1.0770273483818025,0.9575864922574673,12197,0.8299581864392883,14.267442813806674,201,1.2300134262863676,0.16973773854501817,2212.013246524165,38.28532888728213,0.028952961286467405,10123,0.005,1.2300134262863676,0.0,False,-2.000000000007276,False,False
refractory_1.2,3.0,101,fixed_10,10.0,1.4360134220722642,1,15,2.192203727414995,1.2772538214773825,0.9882063100587422,12197,0.7128802164466672,14.267442813806674,201,1.3270827076702414,0.3172959765145805,839.167360941866,21.430987159727692,0.009112858783681066,8695,0.01,1.3270827076702414,0.0,False,-2.000000000007276,False,False
refractory_1.2,3.0,101,fixed_10,10.0,1.4360134220722642,1,59,2.192203727414995,1.0429811629746606,0.950016521890161,12197,0.9522013609904075,14.267442813806674,201,1.1657780118805992,0.09484089306749793,3729.3743961757846,47.97042479667441,0.03793618474211047,11614,0.005,1.1657780118805992,0.0,False,-1.9999999999563443,False,False
refractory_1.2,3.0,101,fixed_10,10.0,1.4360134220722642,3,30,2.192203727414995,0.9540103093717343,0.9319536873747503,12197,0.4151020742805608,14.267442813806674,201,1.0640224163309444,0.09010411216138048,254.01842501950094,15.259209339043426,0.027181714582837913,5063,0.005,1.0640224163309444,0.0,False,-2.0,False,False
refractory_1.2,3.0,101,selected_regression,128.0,1.4360134220722642,1,30,1.1465033180193978,1.0770273483818025,0.9575864922574673,12197,0.8299581864392883,14.267442813806674,201,1.2300134262863676,0.16973773854501817,2212.013246524165,38.28532888728213,0.028952961286467405,10123,0.005,1.2300134262863676,0.0,False,-2.000000000007276,False,False
refractory_1.2,3.0,101,selected_mle,128.0,1.4360134220722642,1,30,1.1465033180193978,1.0770273483818025,0.9575864922574673,12197,0.8299581864392883,14.267442813806674,201,1.2300134262863676,0.16973773854501817,2212.013246524165,38.28532888728213,0.028952961286467405,10123,0.005,1.2300134262863676,0.0,False,-2.000000000007276,False,False
refractory_1.2,3.0,102,iei_rounded,1.0,1.452969084312692,1,30,0.0,3.2833531355233987,0.7795263536096626,71311,1.0,2.4398059205452176,14,1.7439051009226265,0.5274090202907409,-9245.33261684389,-88.68177433516719,0.10973772512413932,71311,0.005,0.06007171232557391,0.8242253447923548,False,16606.621598619968,False,False
refractory_1.2,3.0,102,iei_rounded,1.0,1.452969084312692,1,15,0.0,3.2833531355233987,0.7795263536096626,71311,1.0,2.4398059205452176,14,1.5921456897589241,0.525811001779394,-6071.845471429505,-67.79721131184026,0.08068392063114876,71311,0.005,0.1320298422682996,0.7742518538850545,False,10621.75492073549,False,False
refractory_1.2,3.0,102,iei_rounded,1.0,1.452969084312692,1,59,0.0,3.2833531355233987,0.7795263536096626,71311,1.0,2.4398059205452176,14,1.8170481213150556,0.5274101682754364,-10639.579386711976,-94.18905642300265,0.125473189343216,71311,0.005,0.05453615224032424,0.8278520020429972,False,19377.0116961913,False,False
refractory_1.2,3.0,102,iei_rounded,1.0,1.452969084312692,3,30,0.0,5.085848076478776,0.8666924933389285,71311,0.3668157787718585,2.4398059205452176,14,3.0692365403458,0.5511975827210551,-1823.5453360303193,-53.99337807657017,0.1023916312864136,26158,0.005,-4.658365732273307,2.350504849152568,False,3850.3308163753536,False,False
refractory_1.2,3.0,102,fixed_10,10.0,1.452969084312692,1,30,2.081026875250702,1.068350278336526,0.9669462638259823,12740,0.842072213500785,13.656593406593407,188,1.2361167170602183,0.1699535889686995,2426.4884276873977,40.93921397555478,0.030736792562202297,10728,0.005,1.2361167170602183,0.0,False,-2.0,False,False
refractory_1.2,3.0,102,fixed_10,10.0,1.452969084312692,1,15,2.081026875250702,1.2489835985742408,0.9864232298593743,12740,0.7232339089481946,13.656593406593407,188,1.3376048840150307,0.316658399676917,1000.9376299450272,24.881163772975306,0.014965253908002962,9214,0.005,1.3376048840150307,0.0,False,-2.000000000014552,False,False
refractory_1.2,3.0,102,fixed_10,10.0,1.452969084312692,1,59,2.081026875250702,1.0676038961091112,0.9663756438456131,12740,0.9559654631083202,13.656593406593407,188,1.183717468598628,0.09814512156532812,3960.8319374305192,48.856826891774205,0.03751384579272843,12179,0.005,1.183717468598628,0.0,False,-2.0,False,False
refractory_1.2,3.0,102,fixed_10,10.0,1.452969084312692,3,30,2.081026875250702,0.9307081047626456,0.96126819606055,12740,0.41357927786499216,13.656593406593407,188,1.0248506064878438,0.08671806176990288,231.68634512711003,14.090329561090966,0.02729753672349486,5269,0.005,1.0248506064878438,0.0,False,-2.000000000007276,False,False
refractory_1.2,3.0,102,selected_regression,128.0,1.452969084312692,1,30,1.064363464268812,1.068350278336526,0.9669462638259823,12740,0.842072213500785,13.656593406593407,188,1.2361167170602183,0.1699535889686995,2426.4884276873977,40.93921397555478,0.030736792562202297,10728,0.005,1.2361167170602183,0.0,False,-2.0,False,False
refractory_1.2,3.0,102,selected_mle,128.0,1.452969084312692,1,30,1.064363464268812,1.068350278336526,0.9669462638259823,12740,0.842072213500785,13.656593406593407,188,1.2361167170602183,0.1699535889686995,2426.4884276873977,40.93921397555478,0.030736792562202297,10728,0.005,1.2361167170602183,0.0,False,-2.0,False,False
refractory_1.2,3.0,103,iei_rounded,1.0,1.4446556731418239,1,30,0.0,3.5689946031299065,0.7728606358652046,70836,1.0,2.4563922299395786,15,1.737321294384115,0.5227301009671275,-9193.87744288928,-88.20949589581642,0.10850662759190616,70836,0.005,0.0629631606407391,0.8159824244029202,False,16431.110275231185,False,False
refractory_1.2,3.0,103,iei_rounded,1.0,1.4446556731418239,1,15,0.0,3.5689946031299065,0.7728606358652046,70836,1.0,2.4563922299395786,15,1.5842352320245663,0.5210450370667337,-5988.54925742181,-67.04671914106149,0.07913466784648265,70836,0.005,0.13804376062693915,0.7640669089838906,False,10402.505404189491,False,False
refractory_1.2,3.0,103,iei_rounded,1.0,1.4446556731418239,1,59,0.0,3.5689946031299065,0.7728606358652046,70836,1.0,2.4563922299395786,15,1.8111905624832065,0.5227313980865951,-10605.315193536404,-93.78826832117099,0.12443873259604948,70836,0.005,0.0570261601837541,0.8198530021591106,False,19234.31234998282,False,False
refractory_1.2,3.0,103,iei_rounded,1.0,1.4446556731418239,3,30,0.0,5.489992811885697,0.8659283295287374,70836,0.3715624823536055,2.4563922299395786,15,3.056520728313819,0.547637710790301,-1860.1272650644887,-54.59597432717524,0.10322368423627398,26320,0.005,-4.707674456506258,2.3590161612820566,False,3941.713337295543,False,False
refractory_1.2,3.0,103,fixed_10,10.0,1.4446556731418239,1,30,2.176559287183002,1.0592900103397977,0.9620891025625211,12512,0.8361572890025576,13.906729539641944,208,1.2307113645696912,0.16804584025452063,2383.908815775913,40.561489581013646,0.030995983248795045,10462,0.005,1.2307113645696912,0.0,False,-2.000000000014552,False,False
refractory_1.2,3.0,103,fixed_10,10.0,1.4446556731418239,1,15,2.176559287183002,1.250068368124946,0.9894899473807987,12512,0.7174712276214834,13.906729539641944,208,1.332794409902041,0.3151258370003319,966.4473349187665,24.436299843304703,0.013242129067023045,8977,0.005,1.332794409902041,0.0,False,-2.000000000007276,False,False
refractory_1.2,3.0,103,fixed_10,10.0,1.4446556731418239,1,59,2.176559287183002,1.0421651790066189,0.9645364724662957,12512,0.9557225063938619,13.906729539641944,208,1.1709476419245615,0.09534104988425607,3903.088565517789,48.95022521739515,0.03959225855833354,11958,0.005,1.1709476419245615,0.0,False,-2.0,False,False
refractory_1.2,3.0,103,fixed_10,10.0,1.4446556731418239,3,30,2.176559287183002,0.9207167041977098,0.9507080162041683,12512,0.4132832480818414,13.906729539641944,208,1.0170968030425396,0.08562320931919262,230.74154225328917,14.328850252944019,0.02524977300939657,5171,0.005,1.0170968030425396,0.0,False,-2.000000000003638,False,False
refractory_1.2,3.0,103,selected_regression,128.0,1.4446556731418239,1,30,1.0636958101235165,1.0592900103397977,0.9620891025625211,12512,0.8361572890025576,13.906729539641944,208,1.2307113645696912,0.16804584025452063,2383.908815775913,40.561489581013646,0.030995983248795045,10462,0.005,1.2307113645696912,0.0,False,-2.000000000014552,False,False
refractory_1.2,3.0,103,selected_mle,128.0,1.4446556731418239,1,30,1.0636958101235165,1.0592900103397977,0.9620891025625211,12512,0.8361572890025576,13.906729539641944,208,1.2307113645696912,0.16804584025452063,2383.908815775913,40.561489581013646,0.030995983248795045,10462,0.005,1.2307113645696912,0.0,False,-2.000000000014552,False,False
refractory_1.2,3.0,104,iei_rounded,1.0,1.438236712884513,1,30,0.0,3.569326427794281,0.7745366869936319,70222,1.0,2.4747230212753837,15,1.728436151962379,0.5176568086569127,-9286.576108907644,-89.86214544903547,0.10992186318457808,70222,0.005,0.042738805083886895,0.8184980862730766,False,16581.955820065312,False,False
refractory_1.2,3.0,104,iei_rounded,1.0,1.438236712884513,1,15,0.0,3.569326427794281,0.7745366869936319,70222,1.0,2.4747230212753837,15,1.573543224847901,0.5158722029378153,-6036.442259853928,-68.47128267535695,0.08011711729764015,70222,0.005,0.11900539462591853,0.7659476084233156,False,10468.02695667249,False,False
refractory_1.2,3.0,104,iei_rounded,1.0,1.438236712884513,1,59,0.0,3.569326427794281,0.7745366869936319,70222,1.0,2.4747230212753837,15,1.8032940790443757,0.5176582891891843,-10721.910379536192,-95.41212919303109,0.12612183438903646,70222,0.005,0.036696893695840734,0.8224221753002414,False,19432.5582517437,False,False
refractory_1.2,3.0,104,iei_rounded,1.0,1.438236712884513,3,30,0.0,5.497002584795719,0.8698478156898194,70222,0.37389991740480194,2.4747230212753837,15,3.027716099398459,0.5409786106049665,-1978.6935944939385,-58.73244031348539,0.10887176803488913,26256,0.005,-5.122662449829945,2.4751843266445053,False,4301.326780790929,False,False
refractory_1.2,3.0,104,fixed_10,10.0,1.438236712884513,1,30,2.2310546596260883,1.068834088736486,0.9608940864606724,12082,0.8277603045853336,14.38338023506042,203,1.225183086038049,0.1681707098655113,2193.719053586795,38.12166037736675,0.028203719018731643,10001,0.005,1.225183086038049,0.0,False,-2.000000000021828,False,False
refractory_1.2,3.0,104,fixed_10,10.0,1.438236712884513,1,15,2.2310546596260883,1.268738574116133,0.9917313336060306,12082,0.711140539645754,14.38338023506042,203,1.319654279224304,0.31390441744828923,838.5960792051553,22.09931910523196,0.010458955995931829,8592,0.005,1.319654279224304,0.0,False,-2.0,False,False
refractory_1.2,3.0,104,fixed_10,10.0,1.438236712884513,1,59,2.2310546596260883,1.038741532710484,0.947856055118604,12082,0.9514980963416653,14.38338023506042,203,1.160296515674359,0.09385773054926341,3676.04055158283,47.56974990829501,0.03871920729677358,11496,0.005,1.160296515674359,0.0,False,-1.999999999985448,False,False
refractory_1.2,3.0,104,fixed_10,10.0,1.438236712884513,3,30,2.2310546596260883,0.9391265485749741,0.9425320281077458,12082,0.41226618109584506,14.38338023506042,203,1.0316128822763009,0.08747035108442527,220.56750968955697,13.843463582009583,0.025253729974338945,4981,0.005,1.0316128822763009,0.0,False,-2.000000000007276,False,False
refractory_1.2,3.0,104,selected_regression,4.0,1.438236712884513,1,30,1.1792749544777354,1.068834088736486,0.9608940864606724,12082,0.8277603045853336,14.38338023506042,203,1.225183086038049,0.1681707098655113,2193.719053586795,38.12166037736675,0.028203719018731643,10001,0.005,1.225183086038049,0.0,False,-2.000000000021828,False,False
refractory_1.2,3.0,104,selected_mle,4.0,1.438236712884513,1,30,1.1792749544777354,1.068834088736486,0.9608940864606724,12082,0.8277603045853336,14.38338023506042,203,1.225183086038049,0.1681707098655113,2193.719053586795,38.12166037736675,0.028203719018731643,10001,0.005,1.225183086038049,0.0,False,-2.000000000021828,False,False
refractory_1.2,3.0,105,iei_rounded,1.0,1.4427630275411136,1,30,0.0,3.910333635347605,0.7739557136816613,70621,1.0,2.4620438679712833,16,1.7343261227507956,0.5211551277836401,-9242.697554300888,-89.25286199908534,0.10913317255546201,70621,0.005,0.05543819174131071,0.8172342526346329,False,16491.621055478026,False,False
refractory_1.2,3.0,105,iei_rounded,1.0,1.4427630275411136,1,15,0.0,3.6715426391838495,0.7628330977751422,70621,0.999985839905977,2.4620438679712833,16,1.580679144532267,0.5194940461241686,-6026.212863855434,-68.2103927088327,0.07962529165401333,70620,0.005,0.13052660118530637,0.765375339470333,False,10438.421470969013,False,False
refractory_1.2,3.0,105,iei_rounded,1.0,1.4427630275411136,1,59,0.0,3.910333635347605,0.7739557136816613,70621,1.0,2.4620438679712833,16,1.8085275662007785,0.521156479295499,-10662.008383078073,-94.75376598325782,0.12515525576892467,70621,0.005,0.0494796829220912,0.8211142415940313,False,19310.49416329438,False,False
refractory_1.2,3.0,105,iei_rounded,1.0,1.4427630275411136,3,30,0.0,5.955923624646846,0.8723418281598516,70621,0.37124934509565144,2.4620438679712833,16,3.036894258298412,0.543773372681144,-1968.2477146407305,-58.426363335096525,0.10810051649345809,26218,0.005,-5.132008825689001,2.483582978493274,False,4274.463783985077,False,False
refractory_1.2,3.0,105,fixed_10,10.0,1.4427630275411136,1,30,2.15972027972028,1.0506651688453394,0.9556616778267529,12368,0.8364327296248383,14.058214747736093,183,1.2267345685166635,0.1668577657266876,2359.347371553201,40.471598714060974,0.03251523325618244,10345,0.005,1.2267345685166635,0.0,False,-2.000000000007276,False,False
refractory_1.2,3.0,105,fixed_10,10.0,1.4427630275411136,1,15,2.15972027972028,1.2725048835089026,0.9911786192277648,12368,0.7153945666235446,14.058214747736093,183,1.335829073579978,0.31881809005429684,897.6388244402087,22.74878652537633,0.010570670091359369,8848,0.005,1.335829073579978,0.0,False,-2.000000000007276,False,False
refractory_1.2,3.0,105,fixed_10,10.0,1.4427630275411136,1,59,2.15972027972028,1.053926129472452,0.9519003244525766,12368,0.9548027166882277,14.058214747736093,183,1.1706943821078593,0.09574302485342756,3804.721884090945,48.27190851564643,0.040517025868340495,11809,0.005,1.1706943821078593,0.0,False,-2.0,False,False
refractory_1.2,3.0,105,fixed_10,10.0,1.4427630275411136,3,30,2.15972027972028,0.9098546532143151,0.9366420331957058,12368,0.4173673997412678,14.058214747736093,183,1.0345147829021553,0.08611385266674035,266.70737055721656,16.055223135567093,0.032718587349095274,5162,0.005,1.0345147829021553,0.0,False,-2.000000000003638,False,False
refractory_1.2,3.0,105,selected_regression,128.0,1.4427630275411136,1,30,1.152260307998013,1.0506651688453394,0.9556616778267529,12368,0.8364327296248383,14.058214747736093,183,1.2267345685166635,0.1668577657266876,2359.347371553201,40.471598714060974,0.03251523325618244,10345,0.005,1.2267345685166635,0.0,False,-2.000000000007276,False,False
refractory_1.2,3.0,105,selected_mle,128.0,1.4427630275411136,1,30,1.152260307998013,1.0506651688453394,0.9556616778267529,12368,0.8364327296248383,14.058214747736093,183,1.2267345685166635,0.1668577657266876,2359.347371553201,40.471598714060974,0.03251523325618244,10345,0.005,1.2267345685166635,0.0,False,-2.000000000007276,False,False
refractory_1.2,3.0,106,iei_rounded,1.0,1.4416867454954256,1,30,0.0,3.673786252125127,0.7954372777847638,70695,1.0,2.4606124902751256,16,1.7359560041988598,0.5215530995455895,-9149.812899046363,-87.73492229673555,0.10919556393252583,70695,0.005,0.0631186596575723,0.8145318747505521,False,16391.775497200462,False,False
refractory_1.2,3.0,106,iei_rounded,1.0,1.4416867454954256,1,15,0.0,3.3925886923958073,0.8019977095750617,70695,0.9999858547280571,2.4606124902751256,16,1.58263962979734,0.5198997564187569,-5943.525677732959,-66.45994221952061,0.07976689465630499,70694,0.005,0.13850613820175867,0.7624531766418761,False,10361.52694476323,False,False
refractory_1.2,3.0,106,iei_rounded,1.0,1.4416867454954256,1,59,0.0,3.673786252125127,0.7954372777847638,70695,1.0,2.4606124902751256,16,1.8099765493350564,0.5215544371039016,-10563.976828611021,-93.4056816315377,0.12516864342480893,70695,0.005,0.05710394352113887,0.8184493306566414,False,19200.136070905515,False,False
refractory_1.2,3.0,106,iei_rounded,1.0,1.4416867454954256,3,30,0.0,5.51771135968567,0.889502851891885,70695,0.3702524931041799,2.4606124902751256,16,3.0394443183925883,0.5425775225915797,-1870.2111371598503,-54.3164454793909,0.10226147728444873,26175,0.005,-4.7011188913119,2.3471237338281727,False,3961.4063534115558,False,False
refractory_1.2,3.0,106,fixed_10,10.0,1.4416867454954256,1,30,2.185623795097769,1.0853019106844988,0.9714022744408823,12506,0.8351191428114505,13.90956340956341,305,1.233611053743621,0.171210058157382,2260.2626970958886,38.45471461398142,0.02586203551255184,10444,0.005,1.233611053743621,0.0,False,-1.999999999992724,False,False
refractory_1.2,3.0,106,fixed_10,10.0,1.4416867454954256,1,15,2.185623795097769,1.257139637693913,0.9919567148852476,12506,0.7205341436110667,13.90956340956341,305,1.3204966710984518,0.313392389975085,898.6472701723601,22.833388760528024,0.010866935234911113,9011,0.01,1.3204966710984518,0.0,False,-2.0,False,False
refractory_1.2,3.0,106,fixed_10,10.0,1.4416867454954256,1,59,2.185623795097769,1.071695110736894,0.9580058005177485,12506,0.9533024148408764,13.90956340956341,305,1.1754654002249314,0.0973052964213153,3779.0178846719796,47.767739744986955,0.03608391988153947,11922,0.005,1.1754654002249314,0.0,False,-2.0,False,False
refractory_1.2,3.0,106,fixed_10,10.0,1.4416867454954256,3,30,2.185623795097769,0.9643270690838198,0.9630290240168764,12506,0.41444106828722216,13.90956340956341,305,1.0577014318045936,0.09037994293138146,235.98323325357305,14.133016354699297,0.02330158153846118,5183,0.005,1.0577014318045936,0.0,False,-1.999999999996362,False,False
refractory_1.2,3.0,106,selected_regression,128.0,1.4416867454954256,1,30,1.119821384271893,1.0853019106844988,0.9714022744408823,12506,0.8351191428114505,13.90956340956341,305,1.233611053743621,0.171210058157382,2260.2626970958886,38.45471461398142,0.02586203551255184,10444,0.005,1.233611053743621,0.0,False,-1.999999999992724,False,False
refractory_1.2,3.0,106,selected_mle,128.0,1.4416867454954256,1,30,1.119821384271893,1.0853019106844988,0.9714022744408823,12506,0.8351191428114505,13.90956340956341,305,1.233611053743621,0.171210058157382,2260.2626970958886,38.45471461398142,0.02586203551255184,10444,0.005,1.233611053743621,0.0,False,-1.999999999992724,False,False
refractory_1.2,3.0,107,iei_rounded,1.0,1.4384462361260015,1,30,0.0,3.4483557925872663,0.7955834360919452,70636,1.0,2.4629225890480773,15,1.7357710438896081,0.5209111208051473,-9074.729843643054,-87.12152045885806,0.1080396446411479,70636,0.005,0.07394652577525454,0.8082496972837131,False,16205.929183692817,False,False
refractory_1.2,3.0,107,iei_rounded,1.0,1.4384462361260015,1,15,0.0,3.4483557925872663,0.7955834360919452,70636,1.0,2.4629225890480773,15,1.582371094670096,0.5191909984791461,-5866.219445119541,-65.71812119052909,0.07859245614804533,70636,0.005,0.15112703962013144,0.7549906813597773,False,10185.304231499176,False,False
refractory_1.2,3.0,107,iei_rounded,1.0,1.4384462361260015,1,59,0.0,3.4483557925872663,0.7955834360919452,70636,1.0,2.4629225890480773,15,1.80981210086893,0.5209124809434191,-10488.464179067472,-92.79641254135261,0.12401828027641804,70636,0.005,0.06771196853937823,0.8123045940133867,False,19012.559997374832,False,False
refractory_1.2,3.0,107,iei_rounded,1.0,1.4384462361260015,3,30,0.0,5.2488340949672425,0.8892344752130321,70636,0.3708448949544142,2.4629225890480773,15,3.0328287986322646,0.540967222016072,-1895.90825109374,-55.799198841534526,0.10471524808418164,26195,0.005,-4.769553309778882,2.3651895358470094,False,4029.9219997298787,False,False
refractory_1.2,3.0,107,fixed_10,10.0,1.4384462361260015,1,30,2.149024325046779,1.07733761479202,0.963405049104969,12608,0.8408946700507615,13.798461294416244,314,1.2355378329196132,0.1701459864128767,2379.157744333815,39.97585208059884,0.03318270283622404,10602,0.005,1.2355378329196132,0.0,False,-2.000000000007276,False,False
refractory_1.2,3.0,107,fixed_10,10.0,1.4384462361260015,1,15,2.149024325046779,1.2718099565134173,0.9942405722281495,12608,0.7223191624365483,13.798461294416244,314,1.336613241144649,0.31806177147047154,948.2843155136646,23.937678114831296,0.01619037405842455,9107,0.005,1.336613241144649,0.0,False,-2.0,False,False
refractory_1.2,3.0,107,fixed_10,10.0,1.4384462361260015,1,59,2.149024325046779,1.0843404629731275,0.9587010253053325,12608,0.9534422588832487,13.798461294416244,314,1.185441621798324,0.09893829177160182,3862.661614106959,47.879312641212884,0.03968876141009009,12021,0.005,1.185441621798324,0.0,False,-2.000000000014552,False,False
refractory_1.2,3.0,107,fixed_10,10.0,1.4384462361260015,3,30,2.149024325046779,0.9585929839579134,0.9454105683270619,12608,0.4186230964467005,13.798461294416244,314,1.0485303392457457,0.08930199735505431,239.18345151403537,14.30797942851986,0.02643837747825395,5278,0.005,1.0485303392457457,0.0,False,-1.999999999996362,False,False
refractory_1.2,3.0,107,selected_regression,4.0,1.4384462361260015,1,30,1.1630710659898478,1.07733761479202,0.963405049104969,12608,0.8408946700507615,13.798461294416244,314,1.2355378329196132,0.1701459864128767,2379.157744333815,39.97585208059884,0.03318270283622404,10602,0.005,1.2355378329196132,0.0,False,-2.000000000007276,False,False
refractory_1.2,3.0,107,selected_mle,4.0,1.4384462361260015,1,30,1.1630710659898478,1.07733761479202,0.963405049104969,12608,0.8408946700507615,13.798461294416244,314,1.2355378329196132,0.1701459864128767,2379.157744333815,39.97585208059884,0.03318270283622404,10602,0.005,1.2355378329196132,0.0,False,-2.000000000007276,False,False
refractory_1.2,3.0,108,iei_rounded,1.0,1.458911121451838,1,30,0.0,3.541982127545248,0.7873366061219743,71549,1.0,2.4310472543292008,15,1.7486906523984889,0.5299145362123283,-9148.405564075534,-87.72769124971718,0.1090085653268793,71549,0.005,0.07622418481959449,0.819863935798707,False,16418.074936414778,False,False
refractory_1.2,3.0,108,iei_rounded,1.0,1.458911121451838,1,15,0.0,3.541982127545248,0.7873366061219743,71549,1.0,2.4310472543292008,15,1.5978890692099785,0.5283613310669675,-6003.109412923123,-66.97693983098598,0.08018465494545512,71549,0.005,0.14824232482770225,0.7697811730136563,False,10491.774203154142,False,False
refractory_1.2,3.0,108,iei_rounded,1.0,1.458911121451838,1,59,0.0,3.541982127545248,0.7873366061219743,71549,1.0,2.4310472543292008,15,1.821309158279666,0.5299156114490262,-10528.146833380044,-93.2184215065063,0.1246020868769786,71549,0.005,0.07064519900562746,0.8235239349208561,False,19159.299609336158,False,False
refractory_1.2,3.0,108,iei_rounded,1.0,1.458911121451838,3,30,0.0,5.399069192533131,0.8784744199376585,71549,0.3632755174775329,2.4310472543292008,15,3.060860893270691,0.5494678552112795,-1856.8321750920586,-55.034529678743375,0.10295194293009641,25992,0.005,-4.806433286416271,2.393156926120594,False,3947.625720167838,False,False
refractory_1.2,3.0,108,fixed_10,10.0,1.458911121451838,1,30,2.0898921832884096,1.0751500549099486,0.9638041204255996,12764,0.8387652773425258,13.62731118771545,219,1.2327678358806704,0.16980956445893358,2377.786260444261,40.12226010894866,0.029039755546534818,10706,0.005,1.2327678358806704,0.0,False,-2.0,False,False
refractory_1.2,3.0,108,fixed_10,10.0,1.458911121451838,1,15,2.0898921832884096,1.2640567102047295,0.9917295454539243,12764,0.7203854591037292,13.62731118771545,219,1.3320300041882067,0.31688519669055737,942.345745521906,23.589609459165896,0.012958813714023742,9195,0.005,1.3320300041882067,0.0,False,-1.999999999992724,False,False
refractory_1.2,3.0,108,fixed_10,10.0,1.458911121451838,1,59,2.0898921832884096,1.0594046218658848,0.9475871909624698,12764,0.959260419931056,13.62731118771545,219,1.171928482807063,0.09599505281662732,3945.4077672520853,49.13437115050466,0.03839315406054222,12244,0.005,1.171928482807063,0.0,False,-1.9999999999708962,False,False
refractory_1.2,3.0,108,fixed_10,10.0,1.458911121451838,3,30,2.0898921832884096,0.9461594411291917,0.948990451106651,12764,0.4147602632403635,13.62731118771545,219,1.0349986262153532,0.0879123556487253,233.76599015786357,14.234127217449936,0.02486962674323956,5294,0.005,1.0349986262153532,0.0,False,-1.999999999996362,False,False
refractory_1.2,3.0,108,selected_regression,128.0,1.458911121451838,1,30,1.0417461832061068,1.0751500549099486,0.9638041204255996,12764,0.8387652773425258,13.62731118771545,219,1.2327678358806704,0.16980956445893358,2377.786260444261,40.12226010894866,0.029039755546534818,10706,0.005,1.2327678358806704,0.0,False,-2.0,False,False
refractory_1.2,3.0,108,selected_mle,128.0,1.458911121451838,1,30,1.0417461832061068,1.0751500549099486,0.9638041204255996,12764,0.8387652773425258,13.62731118771545,219,1.2327678358806704,0.16980956445893358,2377.786260444261,40.12226010894866,0.029039755546534818,10706,0.005,1.2327678358806704,0.0,False,-2.0,False,False
refractory_1.2,3.0,109,iei_rounded,1.0,1.4536599270059425,1,30,0.0,3.6410687122421312,0.8088135880000713,71121,1.0,2.444495999775031,16,1.7429715368259462,0.5260773063633728,-9134.143702062885,-87.32608493084125,0.10892922300648639,71121,0.005,0.07072953482684374,0.8172432482215365,False,16390.487807847036,False,False
refractory_1.2,3.0,109,iei_rounded,1.0,1.4536599270059425,1,15,0.0,3.4291773288384766,0.8031329983333987,71121,0.999971878910589,2.444495999775031,16,1.5911170710003777,0.5245649337690641,-5969.226667236497,-66.45301944362676,0.07984950866037249,71119,0.005,0.14382705243686328,0.7665699082237197,False,10428.119844023284,False,False
refractory_1.2,3.0,109,iei_rounded,1.0,1.4536599270059425,1,59,0.0,3.6410687122421312,0.8088135880000713,71121,1.0,2.444495999775031,16,1.8162172097345515,0.5260784949758812,-10528.41787128602,-92.94151795995356,0.12469247449689097,71121,0.005,0.06495178836617391,0.8210213020141881,False,19160.01078199476,False,False
refractory_1.2,3.0,109,iei_rounded,1.0,1.4536599270059425,3,30,0.0,5.433974224176108,0.9030602356367082,71121,0.36706458008183235,2.444495999775031,16,3.056561595490921,0.5473376914291403,-1830.4377506225271,-53.541190440819435,0.10352075961469631,26106,0.005,-4.655856681043937,2.3424518843403224,False,3874.3617384514364,False,False
refractory_1.2,3.0,109,fixed_10,10.0,1.4536599270059425,1,30,2.13849569802942,1.0557604249299437,0.9647769795485016,12472,0.8370750481077613,13.939624759461193,237,1.2173382166361808,0.1659042379711918,2290.6124407276043,39.55728319181029,0.03236581944473915,10440,0.005,1.2173382166361808,0.0,False,-1.999999999992724,False,False
refractory_1.2,3.0,109,fixed_10,10.0,1.4536599270059425,1,15,2.13849569802942,1.2700096625570387,0.9936332314523668,12472,0.7133579217447081,13.939624759461193,237,1.3261737366052575,0.3162547484385221,873.7838145723124,22.206870804424526,0.009773477182130008,8897,0.01,1.3261737366052575,0.0,False,-2.0,False,False
refractory_1.2,3.0,109,fixed_10,10.0,1.4536599270059425,1,59,2.13849569802942,1.0543119346371028,0.9518827438918015,12472,0.9573444515715203,13.939624759461193,237,1.1622836789564506,0.09484534119370167,3753.51842030846,47.51857187232303,0.038287021277957356,11940,0.005,1.1622836789564506,0.0,False,-2.0,False,False
refractory_1.2,3.0,109,fixed_10,10.0,1.4536599270059425,3,30,2.13849569802942,0.9284415459904111,0.9523155754333714,12472,0.422867222578576,13.939624759461193,237,1.0388641005990262,0.08746201447788884,254.00084399957544,15.24879910934835,0.030806411420227886,5274,0.005,1.0388641005990262,0.0,False,-1.999999999985448,False,False
refractory_1.2,3.0,109,selected_regression,4.0,1.4536599270059425,1,30,1.1763149454778705,1.0557604249299437,0.9647769795485016,12472,0.8370750481077613,13.939624759461193,237,1.2173382166361808,0.1659042379711918,2290.6124407276043,39.55728319181029,0.03236581944473915,10440,0.005,1.2173382166361808,0.0,False,-1.999999999992724,False,False
refractory_1.2,3.0,109,selected_mle,4.0,1.4536599270059425,1,30,1.1763149454778705,1.0557604249299437,0.9647769795485016,12472,0.8370750481077613,13.939624759461193,237,1.2173382166361808,0.1659042379711918,2290.6124407276043,39.55728319181029,0.03236581944473915,10440,0.005,1.2173382166361808,0.0,False,-1.999999999992724,False,False
refractory_1.2,3.0,110,iei_rounded,1.0,1.4498515842375643,1,30,0.0,3.573038612838317,0.7929412488754699,71120,1.0,2.4465691788526436,16,1.7415115960058802,0.5254908317717286,-9195.980418819898,-88.61245994611143,0.1084745308196009,71120,0.005,0.06881201769396579,0.8168670668054372,False,16416.413654668926,False,False
refractory_1.2,3.0,110,iei_rounded,1.0,1.4498515842375643,1,15,0.0,3.2261697205541955,0.8043661589463152,71120,0.9999859392575928,2.4465691788526436,16,1.5893172172632735,0.5239125170091687,-6015.495067385461,-67.8361368176312,0.07931483047895788,71119,0.005,0.14257581391197593,0.7657637786732255,False,10428.891766155692,False,False
refractory_1.2,3.0,110,iei_rounded,1.0,1.4498515842375643,1,59,0.0,3.573038612838317,0.7929412488754699,71120,1.0,2.4465691788526436,16,1.81491801715333,0.5254920387246562,-10596.105511519023,-94.06514971440475,0.1242813005420137,71120,0.005,0.06299186618777472,0.8206698672742395,False,19197.446609613107,False,False
refractory_1.2,3.0,110,iei_rounded,1.0,1.4498515842375643,3,30,0.0,5.440746137244244,0.8901769782114859,71120,0.36822272215973,2.4465691788526436,16,3.0530796037289516,0.5479545913759165,-1917.3247243998799,-56.88803111366556,0.10388533695290564,26188,0.005,-4.960484226207972,2.4380492236472353,False,4104.222474278999,False,False
refractory_1.2,3.0,110,fixed_10,10.0,1.4498515842375643,1,30,2.1261555193039694,1.0596110679306128,0.9613859850332295,12629,0.8383878375168263,13.777812970148071,179,1.232145502812143,0.16852154810665299,2409.4337724117736,40.966171371707595,0.03243915791272134,10588,0.005,1.232145502812143,0.0,False,-1.9999999999781721,False,False
refractory_1.2,3.0,110,fixed_10,10.0,1.4498515842375643,1,15,2.1261555193039694,1.263643492105355,0.9857048741029628,12629,0.7173172856124792,13.777812970148071,179,1.3417373121331213,0.31928579327409656,962.0830054831071,24.017468254216983,0.014800868759480945,9059,0.005,1.3417373121331213,0.0,False,-2.000000000007276,False,False
refractory_1.2,3.0,110,fixed_10,10.0,1.4498515842375643,1,59,2.1261555193039694,1.061583521345446,0.9532878858843302,12629,0.9562118932615409,13.777812970148071,179,1.1753258675612646,0.09656280283407484,3907.0155571777223,48.80379509204046,0.03875817513519675,12076,0.005,1.1753258675612646,0.0,False,-1.9999999999563443,False,False
refractory_1.2,3.0,110,fixed_10,10.0,1.4498515842375643,3,30,2.1261555193039694,0.9195628559899637,0.949584564806508,12629,0.41396785176973633,13.777812970148071,179,1.02142998935639,0.08600952991283053,236.45018526660962,14.552982140520328,0.029751093519408855,5228,0.005,1.02142998935639,0.0,False,-2.000000000003638,False,False
refractory_1.2,3.0,110,selected_regression,4.0,1.4498515842375643,1,30,1.1660464011402327,1.0596110679306128,0.9613859850332295,12629,0.8383878375168263,13.777812970148071,179,1.232145502812143,0.16852154810665299,2409.4337724117736,40.966171371707595,0.03243915791272134,10588,0.005,1.232145502812143,0.0,False,-1.9999999999781721,False,False
refractory_1.2,3.0,110,selected_mle,4.0,1.4498515842375643,1,30,1.1660464011402327,1.0596110679306128,0.9613859850332295,12629,0.8383878375168263,13.777812970148071,179,1.232145502812143,0.16852154810665299,2409.4337724117736,40.966171371707595,0.03243915791272134,10588,0.005,1.232145502812143,0.0,False,-1.9999999999781721,False,False
refractory_1.2,3.0,111,iei_rounded,1.0,1.438183888696341,1,30,0.0,3.471786400895836,0.791138416767567,70535,1.0,2.467101439001914,15,1.7341216501956023,0.5197539092565,-9065.228024071406,-87.06019410019503,0.10763704390200768,70535,0.005,0.07468014953110218,0.8062027768347126,False,16165.829488527088,False,False
refractory_1.2,3.0,111,iei_rounded,1.0,1.438183888696341,1,15,0.0,3.471786400895836,0.791138416767567,70535,1.0,2.467101439001914,15,1.5803871062945571,0.5180111185751322,-5847.932770749051,-65.59090217711662,0.07810968427748699,70535,0.005,0.1526763248834516,0.7524394172096383,False,10133.044653124234,False,False
refractory_1.2,3.0,111,iei_rounded,1.0,1.438183888696341,1,59,0.0,3.471786400895836,0.791138416767567,70535,1.0,2.467101439001914,15,1.8083458111493709,0.5197553110534046,-10483.642315146164,-92.74752905409723,0.12366528154157297,70535,0.005,0.06833694506301471,0.8103232641028933,False,18981.381739260396,False,False
refractory_1.2,3.0,111,iei_rounded,1.0,1.438183888696341,3,30,0.0,5.3007232558729775,0.8855910281708149,70535,0.3725951655206635,2.467101439001914,15,3.034582337557323,0.5411250951033773,-1882.9323922301546,-55.2058115276868,0.10210439190674231,26281,0.005,-4.672503091029004,2.3351968973509383,False,3970.7299854417943,False,False
refractory_1.2,3.0,111,fixed_10,10.0,1.438183888696341,1,30,2.162498272764958,1.0748308493447172,0.9616278488378086,12441,0.833212764247247,13.987380435656299,225,1.2380632276666024,0.17091152393868875,2324.672973233382,39.48893754764482,0.029974559931023825,10366,0.005,1.2380632276666024,0.0,False,-2.000000000021828,False,False
refractory_1.2,3.0,111,fixed_10,10.0,1.438183888696341,1,15,2.162498272764958,1.2919274037821131,0.9909555715811947,12441,0.7157784743991641,13.987380435656299,225,1.3412178648355262,0.3219989873507436,880.8230261152785,22.36254278103998,0.011429744449430346,8905,0.005,1.3412178648355262,0.0,False,-2.0,False,False
refractory_1.2,3.0,111,fixed_10,10.0,1.438183888696341,1,59,2.162498272764958,1.0530113531612064,0.9527939973339632,12441,0.955067920585162,13.987380435656299,225,1.1726760027336507,0.09593776635399576,3852.1469558744557,48.75023963307698,0.04027594425206038,11882,0.005,1.1726760027336507,0.0,False,-1.999999999985448,False,False
refractory_1.2,3.0,111,fixed_10,10.0,1.438183888696341,3,30,2.162498272764958,0.9464586453852383,0.9440793538906872,12441,0.41274817136886105,13.987380435656299,225,1.0551628174471457,0.08941739518653566,248.4378882354449,14.949630455350421,0.02710652633495736,5135,0.005,1.0551628174471457,0.0,False,-1.999999999992724,False,False
refractory_1.2,3.0,111,selected_regression,128.0,1.438183888696341,1,30,1.0806923451974646,1.0748308493447172,0.9616278488378086,12441,0.833212764247247,13.987380435656299,225,1.2380632276666024,0.17091152393868875,2324.672973233382,39.48893754764482,0.029974559931023825,10366,0.005,1.2380632276666024,0.0,False,-2.000000000021828,False,False
refractory_1.2,3.0,111,selected_mle,128.0,1.438183888696341,1,30,1.0806923451974646,1.0748308493447172,0.9616278488378086,12441,0.833212764247247,13.987380435656299,225,1.2380632276666024,0.17091152393868875,2324.672973233382,39.48893754764482,0.029974559931023825,10366,0.005,1.2380632276666024,0.0,False,-2.000000000021828,False,False
refractory_1.2,3.0,112,iei_rounded,1.0,1.445094651581861,1,30,0.0,3.9130629382925846,0.7661551344080297,70836,1.0,2.456124004743351,16,1.738758194836139,0.5228050907150619,-9066.792414505813,-87.13428134165389,0.10755031983031271,70836,0.005,0.08010687869652977,0.807744904064402,False,16163.718896271486,False,False
refractory_1.2,3.0,112,iei_rounded,1.0,1.445094651581861,1,15,0.0,3.6740659812161423,0.7534795225469421,70836,0.999985882884409,2.456124004743351,16,1.586008715475872,0.5211759460413643,-5877.125542668981,-66.03194395452194,0.07825750025082956,70835,0.005,0.15651241371813435,0.7549599482122413,False,10175.600668715168,False,False
refractory_1.2,3.0,112,iei_rounded,1.0,1.445094651581861,1,59,0.0,3.9130629382925846,0.7661551344080297,70836,1.0,2.456124004743351,16,1.8124685018175857,0.5228063852994558,-10472.413003233281,-92.73344277349838,0.12343937420438522,70836,0.005,0.07392022444320406,0.811774021613144,False,18954.308385403565,False,False
refractory_1.2,3.0,112,iei_rounded,1.0,1.445094651581861,3,30,0.0,5.962460828932159,0.861177620190514,70836,0.36931786097464564,2.456124004743351,16,3.0345860560484557,0.5422613450140528,-1927.8279558306428,-56.93855151029295,0.10495306180573544,26161,0.005,-4.929024302452293,2.4172029600936003,False,4130.632959142298,False,False
refractory_1.2,3.0,112,fixed_10,10.0,1.445094651581861,1,30,2.166072896684023,1.0728184768651086,0.9663670658655485,12495,0.8377751100440176,13.924129651860744,221,1.233406264343552,0.16982969943898663,2333.450525822185,39.569577406129845,0.028386050602397572,10468,0.005,1.233406264343552,0.0,False,-1.999999999992724,False,False
refractory_1.2,3.0,112,fixed_10,10.0,1.445094651581861,1,15,2.166072896684023,1.2634740648163187,0.9929431252670902,12495,0.7207683073229292,13.924129651860744,221,1.329501763687004,0.31598394919423,920.5430043604781,23.288900753663157,0.011461434597031028,9006,0.005,1.329501763687004,0.0,False,-2.0,False,False
refractory_1.2,3.0,112,fixed_10,10.0,1.445094651581861,1,59,2.166072896684023,1.061601661708097,0.9606755342987694,12495,0.9539015606242497,13.924129651860744,221,1.1779407567390887,0.09711533868412617,3855.72949716294,48.28836425196867,0.03688025721944843,11919,0.005,1.1779407567390887,0.0,False,-2.0,False,False
refractory_1.2,3.0,112,fixed_10,10.0,1.445094651581861,3,30,2.166072896684023,0.9433017378579625,0.9557481106471382,12495,0.41456582633053224,13.924129651860744,221,1.0370257387038233,0.08802617007882912,231.7414492492398,14.252594121021316,0.025070621610624233,5180,0.005,1.0370257387038233,0.0,False,-1.999999999996362,False,False
refractory_1.2,3.0,112,selected_regression,4.0,1.445094651581861,1,30,1.1677470988395358,1.0728184768651086,0.9663670658655485,12495,0.8377751100440176,13.924129651860744,221,1.233406264343552,0.16982969943898663,2333.450525822185,39.569577406129845,0.028386050602397572,10468,0.005,1.233406264343552,0.0,False,-1.999999999992724,False,False
refractory_1.2,3.0,112,selected_mle,4.0,1.445094651581861,1,30,1.1677470988395358,1.0728184768651086,0.9663670658655485,12495,0.8377751100440176,13.924129651860744,221,1.233406264343552,0.16982969943898663,2333.450525822185,39.569577406129845,0.028386050602397572,10468,0.005,1.233406264343552,0.0,False,-1.999999999992724,False,False
refractory_1.2,3.0,113,iei_rounded,1.0,1.4456712221885082,1,30,0.0,3.152316566833227,0.807391854574866,70746,1.0,2.4576654510502363,14,1.7370511114938285,0.5223744366909358,-9160.868691571235,-88.03319244544304,0.10963688533112109,70746,0.005,0.061464594860544085,0.816558264580216,False,16433.208759977308,False,False
refractory_1.2,3.0,113,iei_rounded,1.0,1.4456712221885082,1,15,0.0,3.152316566833227,0.807391854574866,70746,1.0,2.4576654510502363,14,1.5839103853560115,0.5206825724359965,-5957.496271440888,-66.71464584921517,0.08025182307633111,70746,0.005,0.13646659884848425,0.764698109359998,False,10407.196728163515,False,False
refractory_1.2,3.0,113,iei_rounded,1.0,1.4456712221885082,1,59,0.0,3.152316566833227,0.807391854574866,70746,1.0,2.4576654510502363,14,1.8109502980140437,0.5223757459008895,-10571.607846902396,-93.67440164745834,0.12557709358285946,70746,0.005,0.055541110043338254,0.8204199943802832,False,19235.088342373725,False,False
refractory_1.2,3.0,113,iei_rounded,1.0,1.4456712221885082,3,30,0.0,4.823343333493228,0.8971363165663667,70746,0.36892545161563906,2.4576654510502363,14,3.0382740514427287,0.5424376536886093,-1875.936467601584,-55.461285001741395,0.10483067544223135,26100,0.005,-4.749789563997858,2.362007401122754,False,3986.763706215177,False,False
refractory_1.2,3.0,113,fixed_10,10.0,1.4456712221885082,1,30,2.1714521225443058,1.0636795749218555,0.9676103036053987,12381,0.8370083191987723,14.043292141184072,236,1.2299696678804484,0.16825687513624965,2339.548522964694,40.38055040047056,0.03307657459634805,10363,0.005,1.2299696678804484,0.0,False,-2.0,False,False
refractory_1.2,3.0,113,fixed_10,10.0,1.4456712221885082,1,15,2.1714521225443058,1.2444425721526178,0.987346344859692,12381,0.7167433971407803,14.043292141184072,236,1.3350023474852808,0.31502317890744025,977.2492508098615,24.796702450011452,0.015428925837706386,8874,0.005,1.3350023474852808,0.0,False,-1.999999999992724,False,False
refractory_1.2,3.0,113,fixed_10,10.0,1.4456712221885082,1,59,2.1714521225443058,1.067494804262607,0.9620882169420881,12381,0.9529924884904288,14.043292141184072,236,1.1763292801313572,0.0970476685715353,3787.5816759640347,47.638714821489266,0.040151301552327656,11799,0.005,1.1763292801313572,0.0,False,-2.000000000014552,False,False
refractory_1.2,3.0,113,fixed_10,10.0,1.4456712221885082,3,30,2.1714521225443058,0.9350841320943315,0.9599029963196821,12381,0.4163637832162184,14.043292141184072,236,1.0271951484581,0.08700450891950987,226.6525221673557,13.990354689613246,0.02742978328212181,5155,0.005,1.0271951484581,0.0,False,-2.0,False,False
refractory_1.2,3.0,113,selected_regression,4.0,1.4456712221885082,1,30,1.1727647201356919,1.0636795749218555,0.9676103036053987,12381,0.8370083191987723,14.043292141184072,236,1.2299696678804484,0.16825687513624965,2339.548522964694,40.38055040047056,0.03307657459634805,10363,0.005,1.2299696678804484,0.0,False,-2.0,False,False
refractory_1.2,3.0,113,selected_mle,4.0,1.4456712221885082,1,30,1.1727647201356919,1.0636795749218555,0.9676103036053987,12381,0.8370083191987723,14.043292141184072,236,1.2299696678804484,0.16825687513624965,2339.548522964694,40.38055040047056,0.03307657459634805,10363,0.005,1.2299696678804484,0.0,False,-2.0,False,False
refractory_1.2,3.0,114,iei_rounded,1.0,1.432398187807878,1,30,0.0,3.6601674688481713,0.7483051656448588,70032,1.0,2.482964930317569,15,1.7248853569196978,0.5154083976184913,-9299.871437293163,-90.06693435261765,0.11062288829429606,70032,0.005,0.03637584908269355,0.8185261063322149,False,16627.274230011157,False,False
refractory_1.2,3.0,114,iei_rounded,1.0,1.432398187807878,1,15,0.0,3.6601674688481713,0.7483051656448588,70032,1.0,2.482964930317569,15,1.5692650059152822,0.5135778866359786,-6029.311988727872,-68.45160236827866,0.0806440940928872,70032,0.005,0.11335205906657392,0.7655705070382891,False,10476.068371911504,False,False
refractory_1.2,3.0,114,iei_rounded,1.0,1.432398187807878,1,59,0.0,3.6601674688481713,0.7483051656448588,70032,1.0,2.482964930317569,15,1.8001411451921552,0.5154099674301555,-10745.951399053294,-95.67846382027636,0.12693070529234968,70032,0.005,0.030257838921341235,0.8224927673608676,False,19499.058781860454,False,False
refractory_1.2,3.0,114,iei_rounded,1.0,1.432398187807878,3,30,0.0,5.6873661756010465,0.8402880399455155,70032,0.3746572995202193,2.482964930317569,15,3.015762069014814,0.537435641060684,-1991.5174949764125,-58.933651296673425,0.10914746375130319,26238,0.005,-5.116290003228576,2.46610992518341,False,4329.447390969566,False,False
refractory_1.2,3.0,114,fixed_10,10.0,1.432398187807878,1,30,2.1739864864864864,1.0468099272814697,0.9543817193259911,12094,0.8297502893997023,14.377956011245246,231,1.231032553805127,0.16666529829839916,2359.8506533815976,40.65431451710292,0.03680720323389186,10035,0.005,1.231032553805127,0.0,False,-2.0,False,False
refractory_1.2,3.0,114,fixed_10,10.0,1.432398187807878,1,15,2.1739864864864864,1.2599083051395736,0.9912158576973673,12094,0.7102695551513147,14.377956011245246,231,1.3419153979975373,0.31778973575013647,945.9326870505853,24.606574690711792,0.018001507944634287,8590,0.005,1.3419153979975373,0.0,False,-2.0,False,False
refractory_1.2,3.0,114,fixed_10,10.0,1.432398187807878,1,59,2.1739864864864864,1.027977607138503,0.9532401304291505,12094,0.9535306763684471,14.377956011245246,231,1.164142323084567,0.09349274170601518,3811.969570910356,48.75456403114697,0.04588096904912792,11532,0.005,1.164142323084567,0.0,False,-2.0,False,False
refractory_1.2,3.0,114,fixed_10,10.0,1.432398187807878,3,30,2.1739864864864864,0.9010095461408076,0.9371685221183352,12094,0.40921117909707294,14.377956011245246,231,0.9959338748207838,0.0833264105161102,215.17902341994176,13.947121647783318,0.029030541727494752,4949,0.005,0.9959338748207838,0.0,False,-1.999999999992724,False,False
refractory_1.2,3.0,114,selected_regression,4.0,1.432398187807878,1,30,1.1712419381511494,1.0468099272814697,0.9543817193259911,12094,0.8297502893997023,14.377956011245246,231,1.231032553805127,0.16666529829839916,2359.8506533815976,40.65431451710292,0.03680720323389186,10035,0.005,1.231032553805127,0.0,False,-2.0,False,False
refractory_1.2,3.0,114,selected_mle,4.0,1.432398187807878,1,30,1.1712419381511494,1.0468099272814697,0.9543817193259911,12094,0.8297502893997023,14.377956011245246,231,1.231032553805127,0.16666529829839916,2359.8506533815976,40.65431451710292,0.03680720323389186,10035,0.005,1.231032553805127,0.0,False,-2.0,False,False
refractory_1.2,3.0,115,iei_rounded,1.0,1.4513537453311116,1,30,0.0,3.495154766635356,0.7827756365067006,71118,1.0,2.446384881464608,15,1.7441510802202504,0.5255429128746723,-8950.501311014375,-85.56211281817367,0.10737578766594075,71118,0.005,0.09480831787655947,0.8048011199089373,False,16012.480590131832,False,False
refractory_1.2,3.0,115,iei_rounded,1.0,1.4513537453311116,1,15,0.0,3.495154766635356,0.7827756365067006,71118,1.0,2.446384881464608,15,1.5924410342217126,0.5239107102769351,-5788.4016208571775,-64.34965582359168,0.07833382783934556,71118,0.005,0.17112233691901366,0.7519769589468359,False,10081.714904644468,False,False
refractory_1.2,3.0,115,iei_rounded,1.0,1.4513537453311116,1,59,0.0,3.495154766635356,0.7827756365067006,71118,1.0,2.446384881464608,15,1.8172670712781827,0.5255441181876317,-10339.989480316593,-91.25279481803395,0.12310393565583105,71118,0.005,0.08863687602208706,0.8088282533538145,False,18770.878025170212,False,False
refractory_1.2,3.0,115,iei_rounded,1.0,1.4513537453311116,3,30,0.0,5.329905898058933,0.8718472181073014,71118,0.365097443685143,2.446384881464608,15,3.0293171628764544,0.540258128073996,-1898.873131037171,-56.16009988459791,0.10699044894883991,25965,0.005,-4.861285456742713,2.392478347112258,False,4067.589336901947,False,False
refractory_1.2,3.0,115,fixed_10,10.0,1.4513537453311116,1,30,2.1423895253682486,1.0821814414814335,0.9602808068514044,12541,0.8343034845706084,13.873056375089705,235,1.2369434776333161,0.17134135603279343,2307.5535689754843,38.98433422722387,0.026856615857225652,10463,0.005,1.2369434776333161,0.0,False,-2.000000000014552,False,False
refractory_1.2,3.0,115,fixed_10,10.0,1.4513537453311116,1,15,2.1423895253682486,1.2657873557584534,0.9920143242831315,12541,0.7210748744119289,13.873056375089705,235,1.3239520279524104,0.3150609169263743,895.130018768237,22.750877172767,0.011601628497793337,9043,0.005,1.3239520279524104,0.0,False,-2.0,False,False
refractory_1.2,3.0,115,fixed_10,10.0,1.4513537453311116,1,59,2.1423895253682486,1.0651641769733917,0.9420325385763894,12541,0.9550275097679611,13.873056375089705,235,1.173943414866125,0.09655503930072815,3843.9451130817492,48.59814477869485,0.039964560310976616,11977,0.005,1.173943414866125,0.0,False,-2.0000000000436557,False,False
refractory_1.2,3.0,115,fixed_10,10.0,1.4513537453311116,3,30,2.1423895253682486,0.9534867561997381,0.9397797655774217,12541,0.4116896579220158,13.873056375089705,235,1.0528824655699989,0.0894075733879183,243.66651156649135,14.680617794980028,0.028237172492735052,5163,0.005,1.0528824655699989,0.0,False,-2.000000000003638,False,False
refractory_1.2,3.0,115,selected_regression,4.0,1.4513537453311116,1,30,1.1617095925364804,1.0821814414814335,0.9602808068514044,12541,0.8343034845706084,13.873056375089705,235,1.2369434776333161,0.17134135603279343,2307.5535689754843,38.98433422722387,0.026856615857225652,10463,0.005,1.2369434776333161,0.0,False,-2.000000000014552,False,False
refractory_1.2,3.0,115,selected_mle,4.0,1.4513537453311116,1,30,1.1617095925364804,1.0821814414814335,0.9602808068514044,12541,0.8343034845706084,13.873056375089705,235,1.2369434776333161,0.17134135603279343,2307.5535689754843,38.98433422722387,0.026856615857225652,10463,0.005,1.2369434776333161,0.0,False,-2.000000000014552,False,False
refractory_1.2,3.0,116,iei_rounded,1.0,1.4446293054928472,1,30,0.0,3.9960317717113454,0.7943638602081107,70730,1.0,2.4603421461897357,18,1.7343622011794277,0.5216283341821002,-9316.278098216884,-89.4291502969449,0.11080181126457772,70730,0.005,0.04103012751843399,0.8254015857083786,False,16747.015944952087,False,False
refractory_1.2,3.0,116,iei_rounded,1.0,1.4446293054928472,1,15,0.0,3.566175175893046,0.7708957582658197,70730,0.9999717234553938,2.4603421461897357,18,1.5807710396657644,0.5200387879850812,-6099.4144881665425,-68.36279473601786,0.08130610530793225,70728,0.005,0.1139083479056538,0.7749978654251434,False,10675.516389525583,False,False
refractory_1.2,3.0,116,iei_rounded,1.0,1.4446293054928472,1,59,0.0,3.9960317717113454,0.7943638602081107,70730,1.0,2.4603421461897357,18,1.8085596367506316,0.5216296691186346,-10737.632499309835,-95.04209133585121,0.1268228087093291,70730,0.005,0.03534010126053768,0.8291131604913992,False,19571.015771976352,False,False
refractory_1.2,3.0,116,iei_rounded,1.0,1.4446293054928472,3,30,0.0,5.9241417685230635,0.8902593568693078,70730,0.37152551958150715,2.4603421461897357,18,3.0564966687604365,0.5470696186302344,-1830.9204292126108,-53.3420113280119,0.1022544142767502,26278,0.005,-4.598180389880957,2.3239608978260824,False,3860.693295205012,False,False
refractory_1.2,3.0,116,fixed_10,10.0,1.4446293054928472,1,30,2.2221607414580165,1.0462687410194884,0.9625777484347454,12337,0.8311583042879144,14.105536191942935,176,1.2167684957754847,0.16505119347981706,2285.0052703622873,39.934537976240044,0.03386221995764371,10254,0.005,1.2167684957754847,0.0,False,-2.000000000014552,False,False
refractory_1.2,3.0,116,fixed_10,10.0,1.4446293054928472,1,15,2.2221607414580165,1.2523236422874526,0.9854234240391208,12337,0.7084380319364513,14.105536191942935,176,1.3256795549456601,0.31399232118364295,903.6473796473936,22.995304421263416,0.012169987905042978,8740,0.01,1.3256795549456601,0.0,False,-1.999999999992724,False,False
refractory_1.2,3.0,116,fixed_10,10.0,1.4446293054928472,1,59,2.2221607414580165,1.0448457738670285,0.9517178085783521,12337,0.9550944313852638,14.105536191942935,176,1.1561742841065001,0.09358373163605091,3705.061115801084,47.62871948770442,0.040423353425225184,11783,0.005,1.1561742841065001,0.0,False,-1.9999999999708962,False,False
refractory_1.2,3.0,116,fixed_10,10.0,1.4446293054928472,3,30,2.2221607414580165,0.9048538665727923,0.9540091089581614,12337,0.4154980951608981,14.105536191942935,176,1.0064118112123506,0.08447546789708402,225.46056417151945,14.3759022475671,0.028643464286355946,5126,0.005,1.0064118112123506,0.0,False,-1.999999999989086,False,False
refractory_1.2,3.0,116,selected_regression,4.0,1.4446293054928472,1,30,1.1748399124584583,1.0462687410194884,0.9625777484347454,12337,0.8311583042879144,14.105536191942935,176,1.2167684957754847,0.16505119347981706,2285.0052703622873,39.934537976240044,0.03386221995764371,10254,0.005,1.2167684957754847,0.0,False,-2.000000000014552,False,False
refractory_1.2,3.0,116,selected_mle,4.0,1.4446293054928472,1,30,1.1748399124584583,1.0462687410194884,0.9625777484347454,12337,0.8311583042879144,14.105536191942935,176,1.2167684957754847,0.16505119347981706,2285.0052703622873,39.934537976240044,0.03386221995764371,10254,0.005,1.2167684957754847,0.0,False,-2.000000000014552,False,False
refractory_1.2,3.0,117,iei_rounded,1.0,1.4482921025234248,1,30,0.0,3.559306625050376,0.7726017022647047,71095,1.0,2.4479358604683874,15,1.7431003695082037,0.5251049466184874,-8989.967478709936,-85.8396775129549,0.10647012246862458,71095,0.005,0.09291740803397665,0.8048270715286504,False,16033.808093183616,False,False
refractory_1.2,3.0,117,iei_rounded,1.0,1.4482921025234248,1,15,0.0,3.559306625050376,0.7726017022647047,71095,1.0,2.4479358604683874,15,1.5911793576631066,0.5234646196615647,-5820.339012801288,-64.7069251719998,0.07737754648036371,71095,0.005,0.16943368854084476,0.751887137250576,False,10089.434520611947,False,False
refractory_1.2,3.0,117,iei_rounded,1.0,1.4482921025234248,1,59,0.0,3.559306625050376,0.7726017022647047,71095,1.0,2.4479358604683874,15,1.8163318698543076,0.5251061657913616,-10383.214817022877,-91.49043042563318,0.12222953740605297,71095,0.005,0.08672402987716646,0.8088665026515696,False,18799.62374832394,False,False
refractory_1.2,3.0,117,iei_rounded,1.0,1.4482921025234248,3,30,0.0,5.46735691784261,0.8639406419706559,71095,0.3686757155918138,2.4479358604683874,15,3.049813442740076,0.5455752589067857,-1856.9807103504509,-54.61605302979324,0.1040156129411377,26211,0.005,-4.696989013564068,2.3517492592145337,False,3936.0766939869936,False,False
refractory_1.2,3.0,117,fixed_10,10.0,1.4482921025234248,1,30,2.1320652907055173,1.071736325987394,0.9619681852647607,12668,0.8384906851910325,13.738238080202084,223,1.2368868059357343,0.17027024980065042,2397.6720788002176,40.260706308871455,0.031110350583885782,10622,0.005,1.2368868059357343,0.0,False,-2.000000000007276,False,False
refractory_1.2,3.0,117,fixed_10,10.0,1.4482921025234248,1,15,2.1320652907055173,1.2740654905793147,0.9895958805263562,12668,0.7203189137985475,13.738238080202084,223,1.3391830081299059,0.31948423137359183,941.2078753813481,23.361435333452853,0.012128034161666912,9125,0.005,1.3391830081299059,0.0,False,-2.000000000007276,False,False
refractory_1.2,3.0,117,fixed_10,10.0,1.4482921025234248,1,59,2.1320652907055173,1.0586491446845538,0.9503196044338788,12668,0.9567413956425639,13.738238080202084,223,1.1773665349089182,0.09666604172757351,3957.403702151558,49.17557770276813,0.03867834804387693,12120,0.005,1.1773665349089182,0.0,False,-2.0,False,False
refractory_1.2,3.0,117,fixed_10,10.0,1.4482921025234248,3,30,2.1320652907055173,0.9393393868752197,0.9466664659790264,12668,0.4134827912851279,13.738238080202084,223,1.0349722978201914,0.08777638147365796,234.31045362837392,14.423258751380628,0.02451408867787075,5238,0.005,1.0349722978201914,0.0,False,-2.0,False,False
refractory_1.2,3.0,117,selected_regression,128.0,1.4482921025234248,1,30,1.1474588403722261,1.071736325987394,0.9619681852647607,12668,0.8384906851910325,13.738238080202084,223,1.2368868059357343,0.17027024980065042,2397.6720788002176,40.260706308871455,0.031110350583885782,10622,0.005,1.2368868059357343,0.0,False,-2.000000000007276,False,False
refractory_1.2,3.0,117,selected_mle,128.0,1.4482921025234248,1,30,1.1474588403722261,1.071736325987394,0.9619681852647607,12668,0.8384906851910325,13.738238080202084,223,1.2368868059357343,0.17027024980065042,2397.6720788002176,40.260706308871455,0.031110350583885782,10622,0.005,1.2368868059357343,0.0,False,-2.000000000007276,False,False
refractory_1.2,3.0,118,iei_rounded,1.0,1.4306822259896794,1,30,0.0,3.473225048058836,0.7833124494118896,70191,1.0,2.478993033294867,16,1.7278324396776572,0.516489443217903,-9184.814491624924,-88.28814545715744,0.10909279218666351,70191,0.005,0.05322533872918608,0.8120096435075026,False,16405.973962222954,False,False
refractory_1.2,3.0,118,iei_rounded,1.0,1.4306822259896794,1,15,0.0,3.190879912521563,0.7763268100236493,70191,0.9999715063184739,2.478993033294867,16,1.5729079872505256,0.5147883976463927,-5938.668957694191,-66.81814736254496,0.07927756927611657,70189,0.005,0.13054359429878443,0.7588171520092909,False,10305.800261102559,False,False
refractory_1.2,3.0,118,iei_rounded,1.0,1.4306822259896794,1,59,0.0,3.473225048058836,0.7833124494118896,70191,1.0,2.478993033294867,16,1.8027579003339813,0.5164909694580295,-10621.99843901801,-94.00297148095362,0.1253110674329721,70191,0.005,0.046946579472467574,0.8160808243279727,False,19259.320666919026,False,False
refractory_1.2,3.0,118,iei_rounded,1.0,1.4306822259896794,3,30,0.0,5.286181353261907,0.8750563573411273,70191,0.37507657676910144,2.478993033294867,16,3.027196604838233,0.539331290200636,-1913.6216042393048,-55.57675339778952,0.10434316214566636,26327,0.005,-4.794498323292592,2.3699121442259017,False,4083.3575985053467,False,False
refractory_1.2,3.0,118,fixed_10,10.0,1.4306822259896794,1,30,2.136826182618262,1.073557430235576,0.9624508567344499,12385,0.8331045619701252,14.049495357287041,215,1.2424895095518895,0.1713000589422633,2359.7162454388335,40.086185319276275,0.030460552064930924,10318,0.005,1.2424895095518895,0.0,False,-1.999999999985448,False,False
refractory_1.2,3.0,118,fixed_10,10.0,1.4306822259896794,1,15,2.136826182618262,1.2645229303466146,0.9883175551818495,12385,0.7172385950746871,14.049495357287041,215,1.3431424632163687,0.31957720970692927,949.4432994252047,23.84639251379446,0.01291452619527056,8883,0.005,1.3431424632163687,0.0,False,-2.0,False,False
refractory_1.2,3.0,118,fixed_10,10.0,1.4306822259896794,1,59,2.136826182618262,1.0399901389235366,0.9597816423847778,12385,0.95470327008478,14.049495357287041,215,1.1751236439122952,0.09565136366540142,3920.4116885750773,49.39254789189359,0.04056280467490175,11824,0.005,1.1751236439122952,0.0,False,-1.9999999999708962,False,False
refractory_1.2,3.0,118,fixed_10,10.0,1.4306822259896794,3,30,2.136826182618262,0.9431585490284865,0.9473412436606602,12385,0.4112232539362132,14.049495357287041,215,1.0560353925923227,0.08906759488883745,256.59422055281226,15.257878164407304,0.026886822720736975,5093,0.005,1.0560353925923227,0.0,False,-2.000000000007276,False,False
refractory_1.2,3.0,118,selected_regression,128.0,1.4306822259896794,1,30,1.0378695333496213,1.073557430235576,0.9624508567344499,12385,0.8331045619701252,14.049495357287041,215,1.2424895095518895,0.1713000589422633,2359.7162454388335,40.086185319276275,0.030460552064930924,10318,0.005,1.2424895095518895,0.0,False,-1.999999999985448,False,False
refractory_1.2,3.0,118,selected_mle,128.0,1.4306822259896794,1,30,1.0378695333496213,1.073557430235576,0.9624508567344499,12385,0.8331045619701252,14.049495357287041,215,1.2424895095518895,0.1713000589422633,2359.7162454388335,40.086185319276275,0.030460552064930924,10318,0.005,1.2424895095518895,0.0,False,-1.999999999985448,False,False
refractory_1.2,3.0,119,iei_rounded,1.0,1.4448634356869083,1,30,0.0,3.19964130253704,0.7978252371254742,70768,1.0,2.457763395885146,14,1.7373351708537914,0.5223470970688815,-9133.024904007589,-87.94471603790552,0.10912085315718939,70768,0.005,0.06718621141494162,0.813613565960217,False,16348.353694047808,False,False
refractory_1.2,3.0,119,iei_rounded,1.0,1.4448634356869083,1,15,0.0,3.19964130253704,0.7978252371254742,70768,1.0,2.457763395885146,14,1.5842519155284354,0.5206547089831666,-5931.054105134993,-66.66303034473106,0.07974956625247559,70768,0.005,0.1428079679766951,0.7613451202444398,False,10330.003339122137,False,False
refractory_1.2,3.0,119,iei_rounded,1.0,1.4448634356869083,1,59,0.0,3.19964130253704,0.7978252371254742,70768,1.0,2.457763395885146,14,1.8112029026016803,0.5223484072128259,-10543.05137286827,-93.55477351038219,0.1250525420536917,70768,0.005,0.06116989787511623,0.8175339188266298,False,19148.435186035204,False,False
refractory_1.2,3.0,119,iei_rounded,1.0,1.4448634356869083,3,30,0.0,4.921083468002959,0.8875052006984211,70768,0.3688390232873615,2.457763395885146,14,3.034422244003194,0.5416852374585852,-1898.880211535771,-56.07975558401064,0.10244870722929705,26102,0.005,-4.795433394988122,2.3743790652135783,False,4029.1634471806174,False,False
refractory_1.2,3.0,119,fixed_10,10.0,1.4448634356869083,1,30,2.178737997256516,1.0626609292747051,0.9659630758223574,12432,0.835505148005148,13.990588803088803,209,1.2230562945965833,0.16716845051644025,2298.4139867185195,39.540548300733505,0.0309917450233288,10387,0.005,1.2230562945965833,0.0,False,-2.000000000007276,False,False
refractory_1.2,3.0,119,fixed_10,10.0,1.4448634356869083,1,15,2.178737997256516,1.2533504356793386,0.989110089162645,12432,0.7150096525096525,13.990588803088803,209,1.3249066485310106,0.3133687146993993,926.116446692433,23.60725367215577,0.013638829487861825,8889,0.005,1.3249066485310106,0.0,False,-2.0,False,False
refractory_1.2,3.0,119,fixed_10,10.0,1.4448634356869083,1,59,2.178737997256516,1.0630398447347482,0.9480187275690628,12432,0.9544723294723295,13.990588803088803,209,1.1673924979250625,0.09560839320389783,3762.5602778272532,47.558652296064906,0.038618141691804386,11866,0.005,1.1673924979250625,0.0,False,-2.0,False,False
refractory_1.2,3.0,119,fixed_10,10.0,1.4448634356869083,3,30,2.178737997256516,0.9349064685280418,0.9549903407488772,12432,0.4175514800514801,13.990588803088803,209,1.0220317931034533,0.08677325377320103,219.35144098093738,13.722006806445684,0.025482201580622976,5191,0.005,1.0220317931034533,0.0,False,-2.000000000010914,False,False
refractory_1.2,3.0,119,selected_regression,4.0,1.4448634356869083,1,30,1.1674710424710424,1.0626609292747051,0.9659630758223574,12432,0.835505148005148,13.990588803088803,209,1.2230562945965833,0.16716845051644025,2298.4139867185195,39.540548300733505,0.0309917450233288,10387,0.005,1.2230562945965833,0.0,False,-2.000000000007276,False,False
refractory_1.2,3.0,119,selected_mle,4.0,1.4448634356869083,1,30,1.1674710424710424,1.0626609292747051,0.9659630758223574,12432,0.835505148005148,13.990588803088803,209,1.2230562945965833,0.16716845051644025,2298.4139867185195,39.540548300733505,0.0309917450233288,10387,0.005,1.2230562945965833,0.0,False,-2.000000000007276,False,False
