condition,hours,seed,policy,dt_ms,sigma_single,tau_regression,regression_r2,n_avalanches,fit_fraction,mean_size,max_size,tau_mle,exp_rate,llr,vuong_z,ks,fit_n
homogeneous,0.25,100,iei_float,54.10211706102117,0.8648018648018648,2.462601709988265,0.8691216592582431,4047,1.0,3.522362243637262,26,1.4105308257001834,0.3337848229972866,-623.6778258247901,-22.270239218511676,0.137718717420092,4047
homogeneous,0.25,100,iei_100,38.0,0.6106153123532174,3.153159361402216,0.8652645381272992,5860,1.0,2.43259385665529,18,1.7329890625133064,0.5294703440421744,-868.1645438819052,-28.75452344661348,0.13921134379540073,5860
homogeneous,0.25,100,iei_400,62.0,0.997002997002997,2.367472973984473,0.8664475152073511,3365,0.999702823179792,4.236255572065379,31,1.2651273603585746,0.26916179648724414,-522.9134893220685,-20.357855212770687,0.13136157960147107,3364
homogeneous,0.25,101,iei_float,53.28907694495804,0.8631090487238979,2.5086867742899126,0.8920255772325711,4155,1.0,3.522743682310469,27,1.4043050988925696,0.3337417401879855,-677.8104778310025,-23.186826614601465,0.13966839656001862,4155
homogeneous,0.25,101,iei_100,37.0,0.6016795279164775,3.1642763587583613,0.8712902233266201,6021,1.0,2.430991529646238,17,1.742173755324286,0.5299305548606674,-822.6671200797371,-26.093074464892258,0.13122190909232273,6021
homogeneous,0.25,101,iei_400,61.0,0.9568922305764411,2.341369370985953,0.8345529537965806,3494,1.0,4.189181453921007,27,1.2695199576601528,0.27210246348620093,-557.9289872742968,-21.84301392629935,0.13185009365610162,3494
homogeneous,0.25,102,iei_float,53.936409155937056,0.8670836591086787,2.5994988178949803,0.8636855309776202,4066,0.999754058042302,3.575996064928677,31,1.3933288216890372,0.32857023994851053,-666.1045767889959,-24.117624171872027,0.13629821157434108,4065
homogeneous,0.25,102,iei_100,37.0,0.6069246435845214,2.9762799802011988,0.8881873585254566,6035,1.0,2.4092792046396023,16,1.7481071363220533,0.5362483352004754,-846.3937755476022,-26.968642536396388,0.13476188325723065,6035
homogeneous,0.25,102,iei_400,61.0,1.01454898157129,2.252216456106546,0.858715409715016,3455,0.9997105643994211,4.208393632416787,31,1.2676099293370857,0.2712350454448107,-550.3302164138681,-21.360686910916165,0.1340298829775481,3454
homogeneous,0.25,103,iei_float,54.01234835355286,0.8369351669941061,2.6038544622930533,0.8711949351960783,4065,1.0,3.5498154981549814,26,1.403986646401643,0.3307119141060294,-628.4712131753538,-21.929694186338143,0.13510374337846276,4065
homogeneous,0.25,103,iei_100,37.0,0.5937286980231765,3.0334626904617163,0.8739678376258438,5969,1.0,2.4174903668956276,16,1.749092782472454,0.5338410325363656,-803.0344396308687,-25.584881616800743,0.1308301963805219,5969
homogeneous,0.25,103,iei_400,62.0,1.0045271629778671,2.2336465209458893,0.8428859377889111,3441,0.999709386806161,4.193548387096774,35,1.2675671993066846,0.2724513765206761,-563.3153057903363,-22.473975737877964,0.13835593846654987,3440
homogeneous,0.25,104,iei_float,54.35913357400722,0.8278720884326886,2.6472849923990482,0.8647039214578531,4054,1.0,3.554514060187469,26,1.402717819607597,0.3301915986219842,-628.0362310669747,-22.89264428145025,0.13485163077821727,4054
homogeneous,0.25,104,iei_100,38.0,0.6105089538171536,3.105747696538135,0.8762262110098318,5847,1.0,2.464511715409612,17,1.7253869508152722,0.520470438110574,-828.3604113640928,-26.789078854677857,0.13784220245970458,5847
homogeneous,0.25,104,iei_400,62.0,0.9914184755174155,2.315677640627206,0.8406110481479843,3396,0.9994110718492344,4.2432273262661955,35,1.255810540720633,0.26937787956218173,-575.8461157223595,-23.857440884300388,0.1346346971433341,3394
homogeneous,0.25,105,iei_float,54.048918156161804,0.838154808444097,2.381515151048143,0.8617193380587078,4057,1.0,3.550653192013803,29,1.4077887962190356,0.3306190296341428,-603.439699446175,-21.32113398356348,0.13064899362659238,4057
homogeneous,0.25,105,iei_100,37.0,0.5784936479128857,2.9146066044309356,0.8762665509064178,6019,1.0,2.393254693470676,15,1.7595728041884673,0.5410109155963114,-803.9165011489504,-25.67252651072063,0.1292716008144666,6019
homogeneous,0.25,105,iei_400,62.0,0.9632426988922457,2.2492091193708084,0.8354164576055501,3369,1.0,4.275749480558029,29,1.2622815145341182,0.26567428161522266,-494.7862070754879,-19.271394054586626,0.12106479697114655,3369
homogeneous,0.25,106,iei_float,54.38809558502113,0.8735271013354281,2.582265469028707,0.8277710366830847,4068,1.0,3.517699115044248,25,1.3985737544442234,0.33431240755116065,-704.7400842320075,-26.345362546126896,0.14569941602183017,4068
homogeneous,0.25,106,iei_100,37.0,0.593416572077185,3.018502801001913,0.8563998374026198,5991,1.0,2.388582874311467,15,1.7579693811974284,0.5424157631565818,-828.1386642109567,-26.74661543968907,0.13345808371583012,5991
homogeneous,0.25,106,iei_400,62.0,0.985929648241206,2.3164004349687364,0.8390475183805238,3394,1.0,4.216263995285798,26,1.2618380471747752,0.27006014862432315,-554.7085243440284,-22.35841293969983,0.13672215231375,3394
homogeneous,0.25,107,iei_float,54.79763727849486,0.8570861452957523,2.4136148604615744,0.8590394341661115,4009,1.0,3.560987777500624,26,1.3919510673305044,0.3294773517147427,-675.9437026538666,-24.772349714084545,0.14276047944695675,4009
homogeneous,0.25,107,iei_100,38.0,0.6022622345337026,2.9891976000046343,0.8994670458539317,5921,1.0,2.411079209592974,24,1.7435146988868784,0.5357187198035498,-861.1597354431461,-27.499798001100576,0.13636400245434155,5921
homogeneous,0.25,107,iei_400,62.0,0.9989974937343359,2.3737125878270837,0.8304525424376266,3388,1.0,4.213695395513577,27,1.2568239352879242,0.27025260434146625,-580.5782439366772,-23.815469805853787,0.13908468749289707,3388
homogeneous,0.25,108,iei_float,54.464203066242405,0.8771929824561403,2.616662688072709,0.8620809409151392,4088,1.0,3.521037181996086,27,1.3971921525570128,0.333934572018434,-711.9465064999617,-26.420986205870225,0.13908047049366512,4088
homogeneous,0.25,108,iei_100,37.0,0.5830870652421005,2.9336361504261963,0.8808290533329122,6062,1.0,2.3744638733091388,16,1.7650467229827367,0.5467072371167809,-827.4727704040847,-26.39503583854452,0.1337895042824288,6062
homogeneous,0.25,108,iei_400,62.0,0.9942224362060664,2.0286643243406077,0.856072861921408,3463,0.9997112330349408,4.156511695062085,34,1.2717520040750063,0.2752730436675951,-580.7636089213493,-23.502098611799045,0.13184117914052854,3462
homogeneous,0.25,109,iei_float,54.45489401721768,0.854372774040364,2.5711244473817936,0.8797765719757557,4048,1.0,3.5548418972332017,30,1.3989777391724711,0.3301553546360929,-648.9203678592613,-23.01697048870661,0.1381574569578573,4048
homogeneous,0.25,109,iei_100,38.0,0.6057736720554272,3.017828924919792,0.855171469951463,5923,1.0,2.429512071585345,16,1.7369541028692854,0.5303562033441607,-855.5098258427297,-27.91351153605669,0.13467068728572112,5923
homogeneous,0.25,109,iei_400,62.0,0.9703849950641659,2.3359743087983786,0.8670868034143854,3378,0.9997039668442865,4.2599171107164,31,1.2607322194495953,0.267409235779968,-524.8891125040407,-20.527203202018654,0.12691827874331887,3377
homogeneous,0.25,110,iei_float,54.12574415565558,0.8615384615384616,2.511814657514096,0.8491969859121311,4042,1.0,3.553933696190005,24,1.4002238436651648,0.3302557800066602,-641.7679247599737,-23.86606510177613,0.1320698026132247,4042
homogeneous,0.25,110,iei_100,37.0,0.5957351290684624,3.0022584587347043,0.8767902165317881,5998,1.0,2.394964988329443,17,1.7575884861219162,0.5404984800515145,-811.4251150963518,-26.2416508309706,0.12996424047547994,5998
homogeneous,0.25,110,iei_400,62.0,0.9820538384845464,2.3171687838065242,0.8428832241913435,3415,0.9997071742313324,4.206442166910688,42,1.2658797717195593,0.271633060531402,-557.371311022004,-22.04965745490011,0.13459228422406613,3414
homogeneous,0.25,111,iei_float,53.943005181347154,0.8767716535433071,2.5276829508008607,0.8613963561162975,4045,1.0,3.576761433868974,25,1.3887043486690818,0.32774976901926356,-680.346895052383,-24.588758585402946,0.14254515178476007,4045
homogeneous,0.25,111,iei_100,38.0,0.6209470492185678,2.980258191923504,0.8616323891875203,5918,1.0,2.4447448462318353,16,1.7263742280637313,0.5260068403391462,-891.7159093720193,-29.322589597246292,0.1401850070206656,5918
homogeneous,0.25,111,iei_400,61.0,0.9904426559356136,2.4176626417265563,0.8319422272945313,3414,0.9997070884592852,4.23784417106034,33,1.2599954197656285,0.26907868662321754,-554.7862322518404,-22.488831321467103,0.13630393401846,3413
homogeneous,0.25,112,iei_float,54.27805647126272,0.8498267231420871,2.4839478040352234,0.8664734849715036,4035,1.0,3.5940520446096653,29,1.3965084593579942,0.32587650088075537,-609.585281744704,-21.249571413413594,0.13235612401844538,4035
homogeneous,0.25,112,iei_100,38.0,0.6074142297950725,2.916982748874705,0.9009278532169652,5874,1.0,2.4688457609805923,19,1.730297801451636,0.5192724229220718,-779.9300936577173,-24.084240443187046,0.12914081588681875,5874
homogeneous,0.25,112,iei_400,62.0,0.9682697074863659,2.0108947075636316,0.8819451450072553,3429,1.0,4.229221347331584,26,1.2690704060008802,0.269093231954348,-512.6271545224275,-19.63801798496516,0.12484837496453219,3429
homogeneous,0.25,113,iei_float,53.58310140583744,0.8725335438042621,2.5362751379314417,0.8573287691043384,4037,0.9990091652216992,3.611345058211543,40,1.3881915301605492,0.3273741016486591,-676.8078394642135,-24.956818052435988,0.14058225916035788,4033
homogeneous,0.25,113,iei_100,37.0,0.6092321755027422,2.972877717744492,0.8856506120627612,6006,1.0,2.4274059274059274,18,1.737310443600629,0.5309633612692528,-871.3285311739592,-27.616805513480802,0.13813952248089767,6006
homogeneous,0.25,113,iei_400,61.0,1.0237388724035608,2.283604371856369,0.8688199443603334,3444,0.9985481997677119,4.233159117305458,40,1.2706775882089492,0.27213769355818673,-543.8227737968494,-21.062780158791174,0.1412689849292718,3439
homogeneous,0.25,114,iei_float,53.928499713138265,0.860456126787785,2.593234462788958,0.8562623446147072,4093,0.9995113608600049,3.546787197654532,34,1.400166234348669,0.332656063086497,-679.1094669734747,-25.1839563838324,0.13800728051363836,4091
homogeneous,0.25,114,iei_100,38.0,0.6082236082236082,2.9649419321615786,0.8858275824684142,5919,1.0,2.452610238215915,29,1.7295770395139751,0.5237894966474859,-841.7877107557038,-26.07367321703244,0.13480836508886074,5919
homogeneous,0.25,114,iei_400,61.0,0.9785679493424257,2.1868939785872867,0.8553088529888174,3471,0.9988475943532124,4.182368193604149,35,1.275181884915776,0.27517766896461215,-563.2171754522233,-22.454931499436498,0.1326542855573016,3467
homogeneous,0.25,115,iei_float,53.54706762630941,0.8376003056935423,2.2592897983182776,0.8634677919399372,4098,1.0,3.5617374328940947,20,1.3993115654087642,0.3293948394806486,-645.606297771933,-23.910633592085528,0.1264124372906707,4098
homogeneous,0.25,115,iei_100,37.0,0.5986486486486486,2.968731724061072,0.8803379823966067,5992,1.0,2.4359145527369828,16,1.7424618593567747,0.5285191919997667,-800.7742142972229,-25.344766242329833,0.12920335469511213,5992
homogeneous,0.25,115,iei_400,61.0,1.0062469966362326,2.3622504391179566,0.8419205131194415,3444,0.9997096399535423,4.238095238095238,38,1.2631846147091483,0.2691625673937885,-544.8622416098109,-21.580454562701764,0.12373930330611263,3443
homogeneous,0.25,116,iei_float,53.438097260564874,0.8568619740464019,2.4280770356974783,0.8659477597605993,4056,1.0,3.620069033530572,27,1.3908689972836772,0.3230973227539188,-612.1337685065346,-21.751401502945054,0.13522667528982657,4056
homogeneous,0.25,116,iei_100,37.0,0.5903504779244424,2.8626570919867693,0.8792500707815143,5980,1.0,2.455351170568562,19,1.738155570518229,0.5230212808693901,-772.6886314986908,-23.739772402147462,0.12602044205842372,5980
homogeneous,0.25,116,iei_400,61.0,0.9679012345679012,2.2741311699023075,0.8653182457955885,3444,0.9994192799070848,4.26335656213705,32,1.270717387484284,0.2677380226434307,-489.45674645618124,-18.157492912490838,0.12403827458539526,3442
homogeneous,0.25,117,iei_float,53.337308104248486,0.8566378633150039,2.4713554558108455,0.8717367550533799,4114,0.9997569275644141,3.5452114730189597,34,1.400987307095873,0.33204913685310855,-670.390732998985,-23.80108545421803,0.1380592953206416,4113
homogeneous,0.25,117,iei_100,37.0,0.5975749256463052,2.9293151475853594,0.8852629587677109,6037,1.0,2.415935067086301,19,1.7442718800027759,0.5342953070213337,-856.2113539583207,-27.360423731265577,0.1346939474072507,6037
homogeneous,0.25,117,iei_400,61.0,0.99347061778001,2.408010026625015,0.8696372685657813,3397,0.9997056226081837,4.29349425964086,35,1.2582095106429154,0.2650438343068058,-510.8570391857121,-19.403887562325153,0.128641062952426,3396
homogeneous,0.25,118,iei_float,54.37503630554749,0.8624213836477987,2.54989282981355,0.8206867894590028,4059,1.0,3.533628972653363,22,1.3972331675695937,0.33251689406389584,-689.6201816156581,-26.293635733886905,0.14139216305938623,4059
homogeneous,0.25,118,iei_100,38.0,0.5986442262739597,3.0356169301447307,0.8597227463693785,5905,1.0,2.4289585097375106,15,1.7342725469250855,0.5305156461359806,-875.9844865819427,-29.052257812527806,0.1375801573494197,5905
homogeneous,0.25,118,iei_400,62.0,0.9765664798777381,2.0734371026524134,0.8306209727674767,3435,1.0,4.175545851528384,26,1.2638643683560158,0.27314182830545686,-589.3489710612231,-24.338828217407944,0.13716179767797243,3435
homogeneous,0.25,119,iei_float,54.52605405405406,0.87829209896249,2.5168051988906166,0.8670697224299985,4046,1.0,3.565743944636678,27,1.3915451498827114,0.3289545473096819,-678.2605506390395,-24.20962437707932,0.14892430583688016,4046
homogeneous,0.25,119,iei_100,38.0,0.6030975496994915,2.9844252896191366,0.899892958153962,5921,1.0,2.436581658503631,18,1.738365680310368,0.5283285333942342,-821.8100806037568,-25.793593227455954,0.13520793537629544,5921
homogeneous,0.25,119,iei_400,62.0,0.9984939759036144,2.330057129083595,0.867354289442665,3385,0.9997045790251108,4.262038404726735,35,1.257766699868169,0.267338970459155,-539.5842460317687,-21.025535148061717,0.13566374238945128,3384
uniform,0.25,100,iei_float,4.432377511853692,1.0127388535031847,2.3141155729290652,0.8580948321101465,3222,0.9984481688392303,4.231843575418995,57,1.272919640857486,0.27332578831646415,-511.94618641504815,-20.25182957149164,0.13308303932778567,3217
uniform,0.25,100,iei_100,4.0,0.8963414634146342,2.54230699867899,0.8644220427568962,3667,0.9994545950368149,3.718298336514862,31,1.3675178098478096,0.3145008309070334,-581.484903225375,-21.480692945004407,0.13494487271272704,3665
uniform,0.25,100,iei_400,5.0,1.119607843137255,2.0236749394508626,0.848161663969678,2728,0.9974340175953079,4.99816715542522,70,1.1503234867055188,0.22657161579857604,-415.09940428202236,-18.379053268803677,0.12108688783359567,2721
uniform,0.25,101,iei_float,4.464743095201358,0.9832069339111592,2.268567278064908,0.8588299100671025,3214,0.998755444928438,4.140634723086497,50,1.289245882005675,0.2793625380702721,-503.30750262035116,-19.8187737997923,0.1371972845854076,3210
uniform,0.25,101,iei_100,4.0,0.8842244807777286,2.4648072956795883,0.8841744172677943,3647,0.9986290101453249,3.649026597203181,35,1.3865645252702965,0.3243319493252317,-586.3810043225434,-21.535922924984657,0.14251773040479604,3642
uniform,0.25,101,iei_400,5.0,1.0625,2.1542534049005684,0.8373177015024474,2729,0.9959692194943203,4.87651154268963,51,1.1799441229395544,0.2360141387771293,-407.8681554399262,-17.643524980838265,0.12464521520546812,2718
uniform,0.25,102,iei_float,4.394812462189957,1.0121951219512195,2.413339001101042,0.8609704305611277,3219,0.9975147561354458,4.215905560733147,44,1.269324052607038,0.2759243976356798,-557.3418877364769,-22.830011721813747,0.13716314382630332,3211
uniform,0.25,102,iei_100,4.0,0.8944567627494456,2.505687684523244,0.8937570834785686,3662,0.9986346258874932,3.7058984161660296,42,1.3730145140560612,0.31865699348364973,-597.9836007313611,-21.226307580920306,0.14039015812564015,3657
uniform,0.25,102,iei_400,5.0,1.1119352663519892,2.1575890339113926,0.8325076496518098,2713,0.9955768521931441,5.002211573903428,64,1.1535345941824797,0.22966884478109284,-434.73268418729145,-18.836911274799128,0.12549073386697396,2701
uniform,0.25,103,iei_float,4.50488229505715,1.01383714741884,2.3441208246055125,0.8581887053214121,3262,0.9987737584304108,4.156345800122624,62,1.2798677614537777,0.27815696655438493,-541.4053569648362,-21.035856360163308,0.13893014036406337,3258
uniform,0.25,103,iei_100,4.0,0.8854030501089325,2.461896197582491,0.8790850144760063,3729,0.9989273263609547,3.635827299544114,35,1.3877454186053146,0.32486289352427555,-599.2860259875241,-21.18498806663576,0.13905368542537938,3725
uniform,0.25,103,iei_400,5.0,1.1307443365695793,2.1909449276956634,0.835201595924135,2830,0.9978798586572438,4.790812720848057,65,1.1738168418854773,0.2377122494557783,-467.3042980910889,-20.62331576206294,0.12810845437976348,2824
uniform,0.25,104,iei_float,4.448244344580699,0.9894179894179894,2.447654385699194,0.8494341155982564,3237,0.9993821439604572,4.1640407784986095,40,1.2705722744215056,0.27561972921097344,-552.178880940893,-22.010100870933233,0.13616931783723563,3235
uniform,0.25,104,iei_100,4.0,0.92082239720035,2.4840796989528626,0.8860495874039944,3700,0.9997297297297297,3.642972972972973,33,1.371298063119342,0.3215195590303558,-646.7694651584233,-23.96058461881123,0.14340495333579212,3699
uniform,0.25,104,iei_400,5.0,1.1194630872483222,2.215028316477206,0.836241215862583,2758,0.9974619289340102,4.887237128353879,67,1.154709980744654,0.23230933226834377,-468.13147843607396,-21.254441233211267,0.12910982325935594,2751
uniform,0.25,105,iei_float,4.394309559939302,0.9457572502685284,2.3159980902990775,0.8626115857587094,3223,0.9981383803909402,4.196711138690661,51,1.2819871897424182,0.27618734657100674,-502.3777628439768,-19.005445085864316,0.13138912703030364,3217
uniform,0.25,105,iei_100,4.0,0.8922664282521234,2.5401094409970364,0.8747955317577414,3624,0.9988962472406181,3.7323399558498895,46,1.372418472764279,0.3157081578638903,-561.9525735180378,-20.59782448037582,0.13203247787496392,3620
uniform,0.25,105,iei_400,5.0,1.0820232399179768,2.0231789545326717,0.8061413182304216,2692,0.9966567607726597,5.024517087667162,59,1.1610750016685447,0.2269540389918539,-373.60822807436284,-16.870400460971425,0.11665408760948401,2683
uniform,0.25,106,iei_float,4.423587786259542,0.9546424759871932,2.455618878112368,0.8499034021045803,3238,0.9984558369363805,4.152872143298333,59,1.2849454846742692,0.2788498997412907,-521.2984300067573,-20.12255021819261,0.1330655333092372,3233
uniform,0.25,106,iei_100,4.0,0.8563192904656319,2.4837176201004145,0.8492139742820245,3708,0.9991909385113269,3.6264832793959005,39,1.388687379810035,0.3251211629889903,-593.8419850606426,-21.79261288331302,0.1390963845405807,3705
uniform,0.25,106,iei_400,5.0,1.1077966101694916,2.017706863624978,0.8443538925014116,2713,0.9963140434942868,4.956505713232584,59,1.1636646197915024,0.23005437511330828,-401.35770435092314,-18.03013427876322,0.12131441564384113,2703
uniform,0.25,107,iei_float,4.526155021000382,0.9632876712328767,2.3642062686217904,0.8724747910580488,3240,0.9978395061728395,4.150308641975308,46,1.2865963276945092,0.2806077929991274,-533.411425032812,-20.567576560570707,0.1433082956298107,3233
uniform,0.25,107,iei_100,4.0,0.8792878853669127,2.409205067553445,0.8859351988995807,3726,0.9994632313472893,3.6089640365002684,68,1.389906939837866,0.32698672120572747,-611.217499865546,-21.572455409755182,0.14655288214900997,3724
uniform,0.25,107,iei_400,5.0,1.0804289544235925,2.0980934006418392,0.840759984424579,2756,0.9960087082728593,4.879172714078375,63,1.1672845583878537,0.23562612046378645,-456.1798313151241,-20.052464632469007,0.13146273767159977,2745
uniform,0.25,108,iei_float,4.457988614800759,0.9604700854700855,2.3977009602878154,0.8593375399506552,3270,0.9990825688073395,4.137003058103976,40,1.282803518169393,0.27835101291839737,-531.2180599251303,-20.60234486004745,0.1388585080665487,3267
uniform,0.25,108,iei_100,4.0,0.9171416045594037,2.5935294789699035,0.8834320732315641,3689,0.9994578476551911,3.6671184602873406,45,1.3760174945689858,0.32025490090073827,-604.7959158416327,-21.48087492697764,0.14473266937989532,3687
uniform,0.25,108,iei_400,5.0,1.1036789297658862,2.109984975052979,0.8430701650044293,2738,0.9970781592403214,4.9408327246165085,57,1.1586640712519074,0.22973897117391784,-420.78397106936933,-17.997233201438643,0.12858719272927369,2730
uniform,0.25,109,iei_float,4.431650293199299,0.9586688137412775,2.3148524622036444,0.8699636350654549,3238,0.9981470043236566,4.163063619518221,44,1.2883718096316752,0.27869974437850886,-503.35764966015944,-19.444516879092117,0.13311562335477692,3232
uniform,0.25,109,iei_100,4.0,0.9137478108581436,2.5740496038320875,0.8738340616908685,3667,0.9994545950368149,3.676029451868012,54,1.3766742827220444,0.31962454253985495,-590.5366889976835,-21.714225446185953,0.13693863964297315,3665
uniform,0.25,109,iei_400,5.0,1.1273333333333333,2.203601212005376,0.835059523997206,2750,0.9963636363636363,4.901818181818181,54,1.1620720408068994,0.23385817393580788,-455.5792967167224,-20.527143702589438,0.12983921221003603,2740
uniform,0.25,110,iei_float,4.505206324720401,0.9312896405919662,2.298480596192071,0.8383133843827781,3282,0.9990859232175503,4.059110298598416,55,1.302034848519325,0.2855193392114238,-523.0592433688403,-20.397980921115906,0.13051319246483933,3279
uniform,0.25,110,iei_100,4.0,0.8627956989247312,2.5874897209091587,0.8743605420925995,3775,0.9994701986754967,3.5290066225165564,42,1.4066874832652356,0.3351638657569057,-618.1069099536533,-22.076683630378646,0.13768167649898788,3773
uniform,0.25,110,iei_400,5.0,1.0695538057742782,2.1314002191143615,0.8676285893808855,2825,0.9978761061946902,4.715752212389381,62,1.1930902351548323,0.2419469053699887,-437.8129009044574,-18.110073188492105,0.12677424439308665,2819
uniform,0.25,111,iei_float,4.419107020613068,0.9961935834692768,2.317847379518361,0.856739416141798,3239,0.9984563136770608,4.166409385612844,46,1.2778317554304106,0.2779204503744449,-544.2725824615757,-21.418464391531963,0.13897573716921455,3234
uniform,0.25,111,iei_100,4.0,0.9071013845466727,2.4060855036853046,0.8660303979573106,3668,0.9989094874591058,3.6791166848418757,46,1.3748909112165837,0.32099854778387327,-615.4598278442116,-22.314917093102807,0.14544042683789443,3664
uniform,0.25,111,iei_400,5.0,1.1218130311614731,2.2136364104275548,0.8092894141302327,2708,0.9955686853766618,4.983382570162481,77,1.150324523777778,0.2312646429183151,-463.5923670747496,-21.930257541044007,0.13420307536811635,2696
uniform,0.25,112,iei_float,4.57478254175968,1.0188273265196341,2.3488538863667263,0.8613744376793243,3218,0.9987569919204475,4.148228713486637,44,1.2721205708321204,0.2786286137812186,-575.4774814382426,-23.58496322382025,0.14500544549447744,3214
uniform,0.25,112,iei_100,4.0,0.9073763621123219,2.586287072287938,0.8533206918080163,3783,0.9994713190589479,3.528680941052075,40,1.397026582568225,0.33507598264409166,-672.1260258043361,-24.81484573992983,0.15082901856691971,3781
uniform,0.25,112,iei_400,5.0,1.0893997445721584,2.2014755953520937,0.8235763798496402,2893,0.9986173522295195,4.614241272035949,45,1.1887407642551988,0.24601059588085183,-512.5510339185929,-23.49397323595237,0.13745265333794413,2889
uniform,0.25,113,iei_float,4.415543883687295,0.9616580310880829,2.3235222313496102,0.8669068395569515,3351,0.999104744852283,4.027156072814085,44,1.2990281031164823,0.28740632735173366,-570.325279995109,-22.217523706081,0.1416462809746953,3348
uniform,0.25,113,iei_100,4.0,0.8874143835616438,2.284113896114539,0.882597549851946,3739,0.9997325488098422,3.60925381117946,33,1.3847585054771319,0.3250877627727454,-620.333761969381,-23.406284124848195,0.140116438777034,3738
uniform,0.25,113,iei_400,5.0,1.1087239583333333,2.1214810243135047,0.837803215795041,2760,0.9985507246376811,4.8894927536231885,54,1.1598012085483536,0.23032407051447534,-427.0840916057538,-18.565449331983217,0.1249325979341627,2756
uniform,0.25,114,iei_float,4.516346810285975,0.9983296213808464,2.3416689844363914,0.8582232121308235,3169,0.9987377721678763,4.266645629536131,89,1.258250365573252,0.2704030140607864,-537.5720641630809,-22.020188035524356,0.1403855305547651,3165
uniform,0.25,114,iei_100,4.0,0.8780053428317008,2.4616359587974244,0.876586397018517,3670,0.9997275204359674,3.6841961852861034,89,1.3740772991473431,0.31882425694615746,-596.1153586280517,-21.868486760007627,0.14573071814367913,3669
uniform,0.25,114,iei_400,5.0,1.0868686868686868,2.0944344382815006,0.842516250262642,2739,0.9974443227455275,4.936473165388828,89,1.1624626141437755,0.23057132730850366,-416.0424962345167,-18.636885081140566,0.1232369021640026,2732
uniform,0.25,115,iei_float,4.566615737203972,1.0339539978094194,2.3363282456624237,0.8440750867427248,3128,0.9990409207161125,4.293478260869565,51,1.2521669571840075,0.2669981611787523,-519.6143182021951,-21.493916552417943,0.13339321920888444,3125
uniform,0.25,115,iei_100,4.0,0.8558480794130341,2.4585524626924005,0.8844049992220303,3688,0.9994577006507592,3.641540130151844,40,1.3879031859258166,0.32265464510969055,-567.3780017277352,-20.510094340686077,0.1330968853696704,3686
uniform,0.25,115,iei_400,5.0,1.1255813953488372,2.1688420324656494,0.8236063712566642,2734,0.9970738844184345,4.912216532553036,51,1.1541965640429286,0.23195767933027306,-461.89381441073937,-21.44546014633819,0.1309945247709515,2726
uniform,0.25,116,iei_float,4.478926319027842,0.9864645370871684,2.1612001661833093,0.8880800912067932,3203,0.9975023415547923,4.164845457383703,47,1.2851601818152165,0.2806315881447162,-534.0676914311339,-21.12507061004731,0.13890841951691876,3195
uniform,0.25,116,iei_100,4.0,0.9177903436276642,2.4850467208370657,0.8781133411716397,3641,0.9989014007140895,3.663828618511398,48,1.3786895497240454,0.322637554653892,-608.8829734822507,-22.409258502421235,0.1401432684360827,3637
uniform,0.25,116,iei_400,5.0,1.1122853368560106,2.0794288405053254,0.8478700114239086,2736,0.9959795321637427,4.875730994152047,56,1.1690253650309348,0.23646787136401715,-455.5057214260792,-20.864947491453467,0.1315383221290118,2725
uniform,0.25,117,iei_float,4.591372489348752,0.9897629310344828,2.2967977416120475,0.8758601854498692,3159,0.9987337765115543,4.27065527065527,41,1.2665522764151387,0.2690270877422266,-482.39315939499704,-18.863931100876563,0.1296946862624264,3155
uniform,0.25,117,iei_100,4.0,0.8784364261168385,2.635787696758562,0.876303878837799,3726,0.999194847020934,3.6207729468599035,41,1.3885091900814235,0.325866540332603,-606.1060080609662,-22.38057319535098,0.14029029544628552,3723
uniform,0.25,117,iei_400,5.0,1.090851735015773,2.1319841644442055,0.8282542562991297,2789,0.9960559340265328,4.837217640731445,57,1.1812025887501871,0.23764158056789297,-430.17906725010437,-18.95721487158918,0.12427559711804351,2778
uniform,0.25,118,iei_float,4.491886563542614,0.9724430312665607,2.3604362807058767,0.8741508562088528,3224,0.9978287841191067,4.198511166253102,53,1.277908723697136,0.2772843312296204,-533.8518280482806,-20.92085426442901,0.1363016214809243,3217
uniform,0.25,118,iei_100,4.0,0.8540176693310896,2.4997958442537116,0.8793754564323808,3725,0.9989261744966443,3.6338255033557045,53,1.3974456948048743,0.3255140692865368,-552.9405679679562,-19.84217700941054,0.12837020950357414,3721
uniform,0.25,118,iei_400,5.0,1.1055341055341055,2.002329785675615,0.8687964389005458,2788,0.996413199426112,4.855093256814921,62,1.1732139976938765,0.2366443513831668,-450.09860349007624,-19.749995465902632,0.12800612828200275,2778
uniform,0.25,119,iei_float,4.382610017481189,0.9816657936092195,2.415182340353771,0.8517710782295375,3223,0.9984486503257834,4.189885200124108,46,1.2795844387117423,0.2758027114544428,-509.36710133582847,-20.667652014126066,0.12677891113841555,3218
uniform,0.25,119,iei_100,4.0,0.8995614035087719,2.496740454456501,0.8701957293479788,3610,0.9994459833795014,3.740720221606648,41,1.3671473104038245,0.31269874931747443,-553.9905638016529,-20.232714264043484,0.125466978169972,3608
uniform,0.25,119,iei_400,5.0,1.0842465753424657,2.1787623759919628,0.8326470662292005,2687,0.997394864160774,5.025679196129513,74,1.1503376992550916,0.22488117422504073,-389.86363429104597,-17.337405805497454,0.11425453370377048,2680
mixed,0.25,100,iei_float,4.4326947001741726,0.6676470588235294,1.9029027428634875,0.9300878451174053,2496,0.9791666666666666,4.971153846153846,183,1.5371209618364414,0.3231167713209606,153.77375892754912,4.502092436521017,0.07088472110675514,2444
mixed,0.25,100,iei_100,4.0,0.6008359456635318,1.8915150668405993,0.9590068969111638,2743,0.981407218374043,4.523514400291652,183,1.6000969306092951,0.3527213935076906,179.94625553884768,4.807758398568526,0.06899410000242151,2692
mixed,0.25,100,iei_400,5.0,0.6741957563312799,1.7964365749776847,0.9609883408973954,2210,0.9728506787330317,5.614479638009049,183,1.5057119667838084,0.3064538222251677,149.33704688649289,4.708521668810333,0.06754744524537731,2150
mixed,0.25,101,iei_float,4.470980595980596,0.6630565583634176,1.9690276636912736,0.944672620179804,2472,0.9805825242718447,4.809061488673139,179,1.5371437882233412,0.3283382777176237,114.29075709655962,3.5405837543625003,0.06191753907215042,2424
mixed,0.25,101,iei_100,4.0,0.6643979057591624,2.0768216543425133,0.9338878273481118,2727,0.9853318665199853,4.359369270260359,179,1.575562073330234,0.346054831984995,136.07264013691278,3.9406865220727103,0.06487077799221336,2687
mixed,0.25,101,iei_400,5.0,0.6830110497237569,1.8922882093141773,0.9508885942485467,2196,0.9758652094717668,5.413479052823315,179,1.4972525187045935,0.30656528736273225,121.66975147969244,4.022549819697903,0.06301876278063284,2143
mixed,0.25,102,iei_float,4.628044596912521,0.6281287246722288,2.116689732267594,0.9339286676784273,2457,0.9776149776149776,4.888888888888889,233,1.5766154173187328,0.3547555914288735,66.4052221122515,2.026024797699884,0.07257390768916949,2402
mixed,0.25,102,iei_100,4.0,0.5846693386773547,2.1692039867150856,0.9370257158819909,2807,0.9821873886711792,4.279301745635911,233,1.6454142843792336,0.3885744822372582,97.34164685167498,2.6241221289408054,0.07360169138078781,2757
mixed,0.25,102,iei_400,6.0,0.7372262773722628,1.9597586170989345,0.922557349243187,1880,0.9648936170212766,6.389361702127659,233,1.482898635682071,0.304572679497051,76.6164695387011,2.8010037582178327,0.060110448596347954,1814
mixed,0.25,103,iei_float,4.321969080553296,0.6329608938547486,2.017087194210034,0.9314655624737234,2639,0.9791587722622206,4.790450928381963,248,1.5816395653578201,0.3581570280130223,65.68748366505754,1.9325397358438516,0.07682396539229724,2584
mixed,0.25,103,iei_100,4.0,0.6125385405960946,1.9798433554604027,0.9389597095377706,2804,0.9835948644793152,4.508559201141227,248,1.601006090520423,0.355857400994693,163.83249589763352,4.349339556951965,0.06981321982192962,2758
mixed,0.25,103,iei_400,5.0,0.7131367292225201,1.9112393199776279,0.9696092427969708,2236,0.9704830053667263,5.653846153846154,248,1.5140910494976278,0.32752760408675696,35.04593463794295,1.1556549796371662,0.08074538410307536,2170
mixed,0.25,104,iei_float,4.282730796614192,0.6046002190580504,2.043115715674345,0.9579640024506026,2665,0.9801125703564728,4.873921200750469,182,1.5896728704911869,0.35349079549650075,130.18533919021743,3.7612924817520685,0.06730569122292107,2612
mixed,0.25,104,iei_100,4.0,0.586856851757514,1.9655424058270377,0.9574661665671992,2812,0.9818634423897582,4.619132290184922,182,1.6101101058139111,0.35618381793753473,197.2095303261618,5.309424858072318,0.06572674930925432,2761
mixed,0.25,104,iei_400,5.0,0.6609947643979057,1.8859765773204358,0.9198499954904545,2265,0.9726269315673289,5.734657836644591,187,1.5305929633749056,0.3190613063722202,145.20486885619388,4.462888870149989,0.06769416336778955,2203
mixed,0.25,105,iei_float,4.219178082191781,0.6410810810810811,2.042890814273157,0.9519176643826658,2695,0.9792207792207792,4.870500927643785,213,1.5756616860885853,0.35627885183357655,58.1923736591833,1.7565646001269168,0.07755956100379813,2639
mixed,0.25,105,iei_100,4.0,0.6056555269922879,2.0250068052838426,0.9626950067730502,2835,0.9834215167548501,4.629982363315697,213,1.6008389145311295,0.36081189939740543,126.90836074539934,3.593399156882944,0.07419782063873653,2788
mixed,0.25,105,iei_400,5.0,0.6981382978723404,2.064906242429503,0.9261647413133405,2291,0.9725010912265386,5.729375818419904,225,1.497740638606091,0.31825014364042503,46.03830786821345,1.5719769655279312,0.07906435991138622,2228
mixed,0.25,106,iei_float,4.4925545043192106,0.6333907056798623,2.0316048406508527,0.9414434134772832,2573,0.9821220365332297,4.860085503303536,228,1.5587079378236144,0.345153765582527,73.29972616820788,2.207282402451483,0.07331974083233456,2527
mixed,0.25,106,iei_100,4.0,0.606508875739645,2.219797357746032,0.9183726042211832,2904,0.9855371900826446,4.306129476584022,228,1.6187180454175358,0.3761544462425037,85.2345583634013,2.3825923508627946,0.07333182169989294,2862
mixed,0.25,106,iei_400,5.0,0.6936339522546419,1.9272737469932275,0.9468630461293778,2294,0.977332170880558,5.451176983435048,228,1.4998974485532859,0.3148617538705736,77.01288337749024,2.451634475461417,0.0777193128661044,2242
mixed,0.25,107,iei_float,4.530332029624699,0.6032202415181138,2.041712051108474,0.9169988547481142,2553,0.9768899334116725,4.842146494320407,229,1.5969183728470444,0.35181350870341066,161.77105507492303,4.798961702842298,0.0593980668377993,2494
mixed,0.25,107,iei_100,4.0,0.5646224024328433,1.9906048941283931,0.9657626533980297,2849,0.9828009828009828,4.339066339066339,229,1.6422970010759226,0.37362416965848566,195.00742427301915,5.252645350604941,0.059702687206929284,2800
mixed,0.25,107,iei_400,5.0,0.6200762388818297,1.964110180304873,0.9269114604388878,2299,0.9725967812092214,5.377120487168334,229,1.5735699237619212,0.33638131214199285,169.39310340824537,5.168742321670614,0.057718980172150214,2236
mixed,0.25,108,iei_float,3.9765172084831586,0.6136944302503833,1.9492565979517553,0.9524016836788237,2856,0.9810924369747899,4.896358543417367,226,1.5801346704675456,0.33959439341707987,212.3440210965178,5.815444953070486,0.05661595728178248,2802
mixed,0.25,108,iei_100,4.0,0.6095138525875589,2.017571321557202,0.9545501550598205,2820,0.9773049645390071,4.95886524822695,226,1.5857864052511257,0.3487535570714566,158.7613426382878,4.454744425315081,0.06411308705209012,2756
mixed,0.25,108,iei_400,5.0,0.7004048582995951,1.9519332732802612,0.9170731036930406,2251,0.9680142159040427,6.21235006663705,226,1.494473127362502,0.3098546972847176,92.00032006245625,3.091227165200394,0.0677605183581177,2179
mixed,0.25,109,iei_float,4.8713025904831895,0.685428392745466,2.0268262679748013,0.9229049799279878,2372,0.9814502529510961,4.734822934232715,173,1.5359857584860652,0.3299025482796458,94.95337035792251,2.995783771734216,0.07302656617402409,2328
mixed,0.25,109,iei_100,5.0,0.6616294349540078,1.9936262428011953,0.9128048521121508,2314,0.9792566983578219,4.853500432152117,161,1.531524648715683,0.32460361120422143,113.96069710008624,3.5970356397921974,0.06782407555416864,2266
mixed,0.25,109,iei_400,6.0,0.7232142857142857,1.8433154487963108,0.9468477296336273,1906,0.9679958027282266,5.892444910807975,173,1.4806614456704512,0.2992928736316578,103.60458044830436,3.6526709034971065,0.06503921347447633,1845
mixed,0.25,110,iei_float,4.297057893071813,0.6443682104059463,1.870069459318087,0.9250692369568867,2555,0.9796477495107632,5.0806262230919765,219,1.549029543870768,0.3242879357949099,191.63006609901072,5.383745213737115,0.06143758111541425,2503
mixed,0.25,110,iei_100,4.0,0.6109925293489862,1.8591916569472406,0.9555452177675953,2753,0.9832909553214675,4.715219760261533,219,1.555185604667967,0.3233921085405975,238.6562533104523,6.698002986114292,0.05530015064090821,2707
mixed,0.25,110,iei_400,5.0,0.661723163841808,1.780626666701145,0.9474420989239443,2169,0.9700322729368372,5.98478561549101,219,1.5098963916427603,0.30703863815851073,155.01017403855886,4.989746997832278,0.0651625166819797,2104
mixed,0.25,111,iei_float,4.510064908388793,0.6902298850574713,1.9165255671198387,0.9547089483643385,2560,0.9828125,4.887890625,203,1.5303442696858642,0.32689160045491306,104.81036759700507,3.1578547354265973,0.06824186298798368,2516
mixed,0.25,111,iei_100,4.0,0.65,2.0730616902145833,0.915029997343754,2824,0.9865439093484419,4.430949008498583,203,1.585577028927256,0.3528202945179604,127.78248711715892,3.624372090737409,0.06776597273905188,2786
mixed,0.25,111,iei_400,5.0,0.6979236436704621,1.9176252103934286,0.9420153254849445,2261,0.9756744803184432,5.534276868642194,203,1.491720772980342,0.306626720383524,107.01085934163024,3.527414607224869,0.06673820419229937,2206
mixed,0.25,112,iei_float,4.464657308009909,0.6687464549064095,2.047283773993683,0.9471295976106943,2552,0.9800156739811913,4.880485893416928,194,1.5467092216495022,0.3367661775662658,89.98641254431436,2.749008851057287,0.06942098510166905,2501
mixed,0.25,112,iei_100,4.0,0.6258811681772407,2.0706538360904676,0.934227838665282,2823,0.9844137442437123,4.411973078285512,194,1.599875599239466,0.360162355231329,127.63228658222818,3.756077984101444,0.06783176095263954,2779
mixed,0.25,112,iei_400,5.0,0.6915032679738562,1.9087842435670135,0.9604046247973931,2270,0.9731277533039647,5.486784140969163,194,1.5138477298984956,0.31976223281700367,87.13436676477605,2.8522052431928047,0.06815480873327184,2209
mixed,0.25,113,iei_float,4.234326505276226,0.659400544959128,2.020482213430087,0.9331155218739561,2676,0.9798206278026906,4.946562032884903,298,1.565895085373521,0.34586322832484395,97.8438149826401,2.853102481244024,0.07393568321697092,2622
mixed,0.25,113,iei_100,4.0,0.6315255955397872,2.0489754004088763,0.9566950182836982,2811,0.9807897545357525,4.709000355745286,298,1.5922809940565568,0.3579482419443525,113.57589250596504,3.242331194248123,0.07144118334900751,2757
mixed,0.25,113,iei_400,5.0,0.6919945725915875,1.9470443797628052,0.9120905356566633,2256,0.974290780141844,5.867464539007092,298,1.482199692055536,0.30291938067283286,102.35282987095468,3.4236915315721097,0.06893911424268151,2198
mixed,0.25,114,iei_float,4.393874643874644,0.6095732410611303,1.7910367405818892,0.9544036316927026,2588,0.9799072642967542,5.016228748068007,297,1.5537246807266012,0.3202607902580191,242.55732005620027,6.738775377806511,0.06058323776961683,2536
mixed,0.25,114,iei_100,4.0,0.6243550051599587,1.958424739989289,0.9470237624829457,2837,0.9820232640112795,4.575960521677828,297,1.5931623349767658,0.3501690134787465,178.68274642386476,4.836584530974073,0.07064219421981655,2786
mixed,0.25,114,iei_400,5.0,0.6874576271186441,1.7521389965440126,0.9656878571997312,2229,0.9703903095558546,5.824136384028712,297,1.4992361224267068,0.3025398406483084,157.17320621754686,5.032962539799554,0.06453347320595448,2163
mixed,0.25,115,iei_float,4.781041629122364,0.6428138265615525,1.7970864538154172,0.928930554061611,2418,0.9809760132340778,4.735732009925559,228,1.555851853360613,0.32237566387758454,218.75748640522573,6.3410285950722445,0.05492745834357121,2372
mixed,0.25,115,iei_100,5.0,0.618682021753039,1.8403869067553302,0.9137198170092169,2303,0.9756838905775076,4.972210160660008,228,1.5449303229855271,0.3175043743030047,205.5393738858926,6.2087252867318,0.05546033464322314,2247
mixed,0.25,115,iei_400,6.0,0.6753458096013019,1.8089536927771908,0.9591416529589257,1896,0.9646624472573839,6.0395569620253164,228,1.4722904654136233,0.29329019732899264,116.69586975234738,4.170115866558077,0.058512578359363576,1829
mixed,0.25,116,iei_float,4.957115715190446,0.6862619808306709,1.9605175863535087,0.9232386247441114,2339,0.9799059427105601,4.873022659256092,218,1.5050725491015502,0.31578643952045404,89.3912305603683,2.816652588499479,0.06591497720118644,2292
mixed,0.25,116,iei_100,5.0,0.6905829596412556,2.0153552713738763,0.9213876641047831,2346,0.9799658994032395,4.85848252344416,218,1.5115186733101194,0.31875731049711076,90.02739781313984,2.919040222211823,0.06653183126440221,2299
mixed,0.25,116,iei_400,6.0,0.7209113100081367,1.9121935088494362,0.9137276295384514,1917,0.9671361502347418,5.945748565466875,218,1.447536643835507,0.2885073766767329,80.93826335047545,2.9655282427111613,0.05925166241669988,1854
mixed,0.25,117,iei_float,4.289428615911568,0.6559608056614045,2.055019277419657,0.9423166765892818,2674,0.9820493642483171,4.93717277486911,258,1.5505322192755262,0.33839501137489625,96.47214304439866,2.9571625614844472,0.06560786357965664,2626
mixed,0.25,117,iei_100,4.0,0.6226226226226226,2.176851767422697,0.9249067524549397,2837,0.9837856891082128,4.653507225942898,258,1.5884341638482322,0.3562803012561261,112.52175809723173,3.3467461479584384,0.06062655582884807,2791
mixed,0.25,117,iei_400,5.0,0.6886979510905485,1.9847448028478236,0.9168616308867313,2299,0.976946498477599,5.742496737712049,258,1.485594312057307,0.3021526346994319,121.3228601649952,4.137136433837249,0.05810482540869871,2246
mixed,0.25,118,iei_float,4.246407826352797,0.6424242424242425,1.9300602278384318,0.9596721116102613,2661,0.9736940999624202,5.045471627207816,198,1.5573385220873188,0.33630788908601394,136.4145760225133,3.949526717665718,0.06669709002139079,2591
mixed,0.25,118,iei_100,4.0,0.6034308779011099,1.9370473985289989,0.9110934832255212,2878,0.9808895066018068,4.665045170257123,198,1.586833099893349,0.3437821982149969,206.83519873163226,5.510282719185302,0.06121239807030049,2823
mixed,0.25,118,iei_400,5.0,0.6863130320890635,1.9072475601054046,0.932961084144348,2290,0.9694323144104804,5.862882096069869,198,1.5187488274358625,0.3152524110805961,134.44000974831263,4.243859215676181,0.06563888118855532,2220
mixed,0.25,119,iei_float,4.4542922258799695,0.6645311589982528,1.9652420551561867,0.9286504155309614,2545,0.9799607072691552,4.793713163064833,192,1.5340988690144233,0.32650687359417274,120.35270170515801,3.5703472487236305,0.07027861315318612,2494
mixed,0.25,119,iei_100,4.0,0.6309644670050761,2.039039517116373,0.9447637395798228,2841,0.986272439281943,4.294262583597325,192,1.5790130297656422,0.35017544416508717,123.01701584896196,3.4998727287594016,0.07153542698938081,2802
mixed,0.25,119,iei_400,5.0,0.6937119675456389,1.9771869176997048,0.920080791831209,2246,0.9755120213713268,5.431878895814782,192,1.4889003731129993,0.3058105801063139,103.00677019224875,3.4947907993222045,0.06353131303133297,2191
capped,0.25,100,iei_float,1.2615512173060979,0.4347699475829936,2.075712198623469,0.9578768542412186,4421,0.9846188645102918,3.2926939606423886,59,1.8649454239076828,0.4664589067013243,644.4485781815406,11.974581425445452,0.022441654006656098,4353
capped,0.25,100,iei_100,1.0,0.39784172661870504,2.16011987920712,0.963530695940428,5180,0.9911196911196911,2.8102316602316604,51,1.9398596398438475,0.5159666902021243,724.5717334851128,12.102160680077725,0.022298667487038015,5134
capped,0.25,100,iei_400,1.0,0.39784172661870504,2.16011987920712,0.963530695940428,5180,0.9911196911196911,2.8102316602316604,51,1.9398596398438475,0.5159666902021243,724.5717334851128,12.102160680077725,0.022298667487038015,5134
capped,0.25,101,iei_float,1.2754558415247244,0.4074074074074074,1.924824226697317,0.9644438088419343,4447,0.9871823701371711,3.2628738475376657,59,1.8726910371919328,0.4545723002217623,803.8579644514259,13.992839320538097,0.018752564881257205,4390
capped,0.25,101,iei_100,1.0,0.3672262946323008,2.052836873535395,0.9855643934399215,5238,0.9919816723940436,2.7701412752959143,58,1.9770753420605143,0.5246966536543203,876.8841793072143,14.345446420629592,0.018170145056842335,5196
capped,0.25,101,iei_400,1.0,0.3672262946323008,2.052836873535395,0.9855643934399215,5238,0.9919816723940436,2.7701412752959143,58,1.9770753420605143,0.5246966536543203,876.8841793072143,14.345446420629592,0.018170145056842335,5196
capped,0.25,102,iei_float,1.3048301886792453,0.4076655052264808,2.185834712328166,0.9316992696574677,4505,0.9840177580466148,3.221087680355161,59,1.888493477771311,0.48636280053549696,604.7464122671203,11.123173476724517,0.025564009952483202,4433
capped,0.25,102,iei_100,1.0,0.3873684210526316,2.138844827347111,0.9342677575121389,5324,0.9934259954921112,2.7255822689706988,59,1.9510645184166098,0.518165569585425,795.1845952924559,12.674956305738363,0.022776602976850358,5289
capped,0.25,102,iei_400,1.0,0.3873684210526316,2.138844827347111,0.9342677575121389,5324,0.9934259954921112,2.7255822689706988,59,1.9510645184166098,0.518165569585425,795.1845952924559,12.674956305738363,0.022776602976850358,5289
capped,0.25,103,iei_float,1.3013626439810284,0.41201964750072234,1.983231207883971,0.9497435296743908,4500,0.9866666666666667,3.2255555555555557,59,1.8769137610091011,0.4625683141131959,760.3625180355954,13.42619385223168,0.023538264977773227,4440
capped,0.25,103,iei_100,1.0,0.3581254371648403,2.0608812127390315,0.9529011086909279,5331,0.9924967173138248,2.722753704745826,56,1.9791741654506279,0.5292997812589593,860.7223088817767,13.51653845196885,0.02175530844196405,5291
capped,0.25,103,iei_400,1.0,0.3581254371648403,2.0608812127390315,0.9529011086909279,5331,0.9924967173138248,2.722753704745826,56,1.9791741654506279,0.5292997812589593,860.7223088817767,13.51653845196885,0.02175530844196405,5291
capped,0.25,104,iei_float,1.22507677327541,0.4147206621342004,1.9737784364975604,0.9466604581665635,4358,0.984396512161542,3.338916934373566,59,1.8838350754452957,0.45764389206292067,816.7310043922045,14.826996279332796,0.01447793494459193,4290
capped,0.25,104,iei_100,1.0,0.3765090543259557,1.982797554200303,0.9804809024326463,4962,0.9901249496170899,2.9324869004433696,59,1.9454645387842877,0.495945517562448,916.6411640995173,15.463035634424532,0.012875432196995829,4913
capped,0.25,104,iei_400,1.0,0.3765090543259557,1.982797554200303,0.9804809024326463,4962,0.9901249496170899,2.9324869004433696,59,1.9454645387842877,0.495945517562448,916.6411640995173,15.463035634424532,0.012875432196995829,4913
capped,0.25,105,iei_float,1.278061224489796,0.4145261293179805,2.100328430708757,0.9506561875608965,4445,0.986726659167604,3.2722159730033744,58,1.853709364205331,0.4573726383041071,671.9613457677623,12.780626523485747,0.02104423617345419,4386
capped,0.25,105,iei_100,1.0,0.3753897817222355,2.1715908264825967,0.9525313095905893,5260,0.9929657794676806,2.7652091254752853,57,1.9387291550754053,0.5142424608390703,747.1569684535566,12.340851202182197,0.024343648442736177,5223
capped,0.25,105,iei_400,1.0,0.3753897817222355,2.1715908264825967,0.9525313095905893,5260,0.9929657794676806,2.7652091254752853,57,1.9387291550754053,0.5142424608390703,747.1569684535566,12.340851202182197,0.024343648442736177,5223
capped,0.25,106,iei_float,1.2936035560913133,0.3968849149120277,2.057217564925257,0.944086036450435,4535,0.9867695700110254,3.201764057331863,57,1.885634772922204,0.46906178394003206,753.6404070312356,13.670712736014638,0.020491389409023508,4475
capped,0.25,106,iei_100,1.0,0.3520799442249593,2.176860319255174,0.9683773172946876,5364,0.9919835943325876,2.7069351230425056,56,1.98371391954697,0.5395219597125882,794.3474052774177,13.251512211186638,0.019918119675036428,5321
capped,0.25,106,iei_400,1.0,0.3520799442249593,2.176860319255174,0.9683773172946876,5364,0.9919835943325876,2.7069351230425056,56,1.98371391954697,0.5395219597125882,794.3474052774177,13.251512211186638,0.019918119675036428,5321
capped,0.25,107,iei_float,1.2918264531167758,0.40598044853364,2.1115356806297965,0.9676051545306915,4511,0.9833739747284416,3.2263356240301486,57,1.9044156977859128,0.49308014020775826,632.5368690933981,11.49576283136803,0.02752861739667678,4436
capped,0.25,107,iei_100,1.0,0.3788300835654596,2.0793599302253427,0.969015053288394,5326,0.9915508824633872,2.7326323695080736,55,1.9804278671745248,0.5350466341109221,811.1156677570895,12.762789918829858,0.02196844802454534,5281
capped,0.25,107,iei_400,1.0,0.3788300835654596,2.0793599302253427,0.969015053288394,5326,0.9915508824633872,2.7326323695080736,55,1.9804278671745248,0.5350466341109221,811.1156677570895,12.762789918829858,0.02196844802454534,5281
capped,0.25,108,iei_float,1.3264841913715975,0.404981808004478,2.1065787471653192,0.9712208611021812,4611,0.9848189112990674,3.150943396226415,57,1.9176851179985004,0.4964220064661097,691.0119771340748,12.311157313640265,0.022806339516602603,4541
capped,0.25,108,iei_100,1.0,0.34181169120928157,2.187532702167492,0.9666568418817612,5515,0.9918404351767905,2.6344514959202177,55,2.0320285060357737,0.5633625104079494,888.1704214818955,13.752579660785715,0.016424016629959848,5470
capped,0.25,108,iei_400,1.0,0.34181169120928157,2.187532702167492,0.9666568418817612,5515,0.9918404351767905,2.6344514959202177,55,2.0320285060357737,0.5633625104079494,888.1704214818955,13.752579660785715,0.016424016629959848,5470
capped,0.25,109,iei_float,1.2746261928018634,0.40582241630276567,2.0587332796630253,0.9617474661797522,4412,0.9843608340888486,3.28921124206709,59,1.8916279998534673,0.47802884676767643,682.9260469975767,12.464301132625353,0.024898073011514588,4343
capped,0.25,109,iei_100,1.0,0.3638737241870401,2.171776056196825,0.9372380887354842,5229,0.9904379422451711,2.7752916427615224,57,1.9820405714818623,0.5400667287158727,757.962976927774,12.542834883047258,0.022965545636709495,5179
capped,0.25,109,iei_400,1.0,0.3638737241870401,2.171776056196825,0.9372380887354842,5229,0.9904379422451711,2.7752916427615224,57,1.9820405714818623,0.5400667287158727,757.962976927774,12.542834883047258,0.022965545636709495,5179
capped,0.25,110,iei_float,1.282333558001947,0.4244117647058824,1.9923722350179898,0.9598708123228085,4400,0.985,3.3011363636363638,59,1.8712526461023575,0.4608545017095206,727.3597359864684,13.156082617613546,0.021640801762643158,4334
capped,0.25,110,iei_100,1.0,0.37707247749881573,2.1871628345710903,0.9462063941401949,5244,0.9914187643020596,2.7698321891685738,59,1.9661252869113444,0.528426808176689,774.6405129052123,12.648223097692792,0.019918202266329565,5199
capped,0.25,110,iei_400,1.0,0.37707247749881573,2.1871628345710903,0.9462063941401949,5244,0.9914187643020596,2.7698321891685738,59,1.9661252869113444,0.528426808176689,774.6405129052123,12.648223097692792,0.019918202266329565,5199
capped,0.25,111,iei_float,1.2619029766814127,0.40594925634295714,2.1333940011262156,0.9660551008614227,4435,0.9835400225479143,3.276888387824126,57,1.8866267406066104,0.4774954785437814,663.6893912427713,12.714724300745312,0.020201657299883657,4362
capped,0.25,111,iei_100,1.0,0.37943432406519656,2.1595073130545455,0.9539595783711313,5168,0.9905185758513931,2.812113003095975,55,1.9642739900251147,0.5237298335348801,796.2216045261273,13.118314301591118,0.019888485344972118,5119
capped,0.25,111,iei_400,1.0,0.37943432406519656,2.1595073130545455,0.9539595783711313,5168,0.9905185758513931,2.812113003095975,55,1.9642739900251147,0.5237298335348801,796.2216045261273,13.118314301591118,0.019888485344972118,5119
capped,0.25,112,iei_float,1.288828543411028,0.411579249068501,2.0125388366449783,0.9497265745885929,4525,0.9867403314917127,3.2066298342541435,59,1.8831728867614448,0.4684748378190712,743.799198705145,13.047635368566558,0.020659926599372547,4465
capped,0.25,112,iei_100,1.0,0.3700677095493813,2.2096447304542655,0.9045566333049816,5337,0.9928798950721379,2.718755855349447,59,1.9657332250416015,0.5258841349682604,812.0690893409657,13.126686805696282,0.021492814010949712,5299
capped,0.25,112,iei_400,1.0,0.3700677095493813,2.2096447304542655,0.9045566333049816,5337,0.9928798950721379,2.718755855349447,59,1.9657332250416015,0.5258841349682604,812.0690893409657,13.126686805696282,0.021492814010949712,5299
capped,0.25,113,iei_float,1.322536908707442,0.3893780176086339,2.062887677139865,0.9496788166930581,4609,0.9861141245389455,3.1497070948144934,59,1.9102399289878793,0.49264484020222443,684.4034405998859,11.912824434973821,0.026628010623623743,4545
capped,0.25,113,iei_100,1.0,0.3657271702367531,2.281219129828148,0.9611194745506499,5489,0.9918017853889597,2.644744033521589,57,2.007182071763266,0.5652626238648832,712.7115393186364,11.56279732057733,0.02548734888820192,5444
capped,0.25,113,iei_400,1.0,0.3657271702367531,2.281219129828148,0.9611194745506499,5489,0.9918017853889597,2.644744033521589,57,2.007182071763266,0.5652626238648832,712.7115393186364,11.56279732057733,0.02548734888820192,5444
capped,0.25,114,iei_float,1.3192857683286676,0.40022516183506895,2.084827100628341,0.9425001911797172,4605,0.9854505971769816,3.154831704668838,59,1.914255140793225,0.4922633698486075,709.0196699545339,12.222237281206443,0.021763917962117407,4538
capped,0.25,114,iei_100,1.0,0.36526811756787075,2.206930333685098,0.9437050125217733,5471,0.9915920307073661,2.6554560409431547,56,2.009928145139641,0.5570402441655855,804.6884010613303,12.433145224327502,0.023307563971684986,5425
capped,0.25,114,iei_400,1.0,0.36526811756787075,2.206930333685098,0.9437050125217733,5471,0.9915920307073661,2.6554560409431547,56,2.009928145139641,0.5570402441655855,804.6884010613303,12.433145224327502,0.023307563971684986,5425
capped,0.25,115,iei_float,1.28306299509619,0.429732868757259,1.9774537204550584,0.9642644809544925,4463,0.9865561281649115,3.2511763387855703,59,1.8679166698681495,0.45637458377523743,762.7954314238568,13.66793773759144,0.018145636844841162,4403
capped,0.25,115,iei_100,1.0,0.39463781749764815,2.143512432001255,0.9385210724838551,5231,0.9912062703116039,2.773848212578857,59,1.9694730155001583,0.5249715259536101,826.2013881097242,13.237783868838836,0.019947243793551506,5185
capped,0.25,115,iei_400,1.0,0.39463781749764815,2.143512432001255,0.9385210724838551,5231,0.9912062703116039,2.773848212578857,59,1.9694730155001583,0.5249715259536101,826.2013881097242,13.237783868838836,0.019947243793551506,5185
capped,0.25,116,iei_float,1.3045118454806097,0.3900057438253877,1.9749573193851242,0.9529806759955526,4532,0.9865401588702559,3.2054280670785524,58,1.8935070155452696,0.47358286672725536,754.4228377465728,12.98923763176195,0.023683942040318984,4471
capped,0.25,116,iei_100,1.0,0.3666285714285714,2.1978458717026066,0.9709664848048715,5376,0.9914434523809523,2.7021949404761907,58,1.9981861855269702,0.5468735715756494,814.5614257904759,13.22792546366266,0.022737946068276504,5330
capped,0.25,116,iei_400,1.0,0.3666285714285714,2.1978458717026066,0.9709664848048715,5376,0.9914434523809523,2.7021949404761907,58,1.9981861855269702,0.5468735715756494,814.5614257904759,13.22792546366266,0.022737946068276504,5330
capped,0.25,117,iei_float,1.3070789137139849,0.4025974025974026,2.0315445603699103,0.9715080571874612,4557,0.9857362299758613,3.1909150757077023,60,1.8936992105460408,0.4804318908510262,695.7504766798179,12.303807143251907,0.024820243270120446,4492
capped,0.25,117,iei_100,1.0,0.3550420168067227,2.1360063339116753,0.9788674398577403,5376,0.9918154761904762,2.704799107142857,58,1.9931583723797441,0.5436015874222397,815.164181476979,12.884723441944075,0.02273670761191593,5332
capped,0.25,117,iei_400,1.0,0.3550420168067227,2.1360063339116753,0.9788674398577403,5376,0.9918154761904762,2.704799107142857,58,1.9931583723797441,0.5436015874222397,815.164181476979,12.884723441944075,0.02273670761191593,5332
capped,0.25,118,iei_float,1.3170713316241893,0.3927475592747559,2.096530844596806,0.9417756788065276,4604,0.9843614248479583,3.1622502172024327,59,1.9384750849407641,0.5093570803062353,689.2541679281984,11.700641550277442,0.028980905168058402,4532
capped,0.25,118,iei_100,1.0,0.34742729306487696,2.161604267104269,0.9694266107113719,5490,0.9903460837887067,2.651912568306011,57,2.0473428141109142,0.5848748700900184,777.632915979047,11.806152604506577,0.024970182604729385,5437
capped,0.25,118,iei_400,1.0,0.34742729306487696,2.161604267104269,0.9694266107113719,5490,0.9903460837887067,2.651912568306011,57,2.0473428141109142,0.5848748700900184,777.632915979047,11.806152604506577,0.024970182604729385,5437
capped,0.25,119,iei_float,1.2834184439771703,0.40546829552065156,1.9333356817736522,0.9719268066928461,4434,0.9860171402796571,3.2731168245376634,59,1.8767853298252941,0.4601586921977191,770.4462673534931,13.55578365932417,0.016652158659601013,4372
capped,0.25,119,iei_100,1.0,0.369354457318515,2.0364143262102576,0.969285883769524,5213,0.9921350469978899,2.7840015346249762,58,1.966802088572214,0.5187860950684133,867.8174533043621,13.481871622335376,0.019369858889306202,5172
capped,0.25,119,iei_400,1.0,0.369354457318515,2.0364143262102576,0.969285883769524,5213,0.9921350469978899,2.7840015346249762,58,1.966802088572214,0.5187860950684133,867.8174533043621,13.481871622335376,0.019369858889306202,5172
refractory_0.8,0.25,100,iei_float,17.16064605765891,0.867786391042205,2.063722318717933,0.9051957701452098,3942,0.9941653982749873,3.683916793505835,53,1.6067715225049657,0.33728370438779065,472.1946321179468,11.596052029570966,0.02424428796401573,3919
refractory_0.8,0.25,100,iei_100,2.0,0.0,3.8736778636978255,0.9353946361405696,10090,1.0,1.4392467789890981,10,2.6051204564627017,1.1868137915130648,-221.60120494551268,-7.378869459319841,0.040777621430574174,10090
refractory_0.8,0.25,100,iei_400,62.0,0.33675038441824706,2.063722318717933,0.9051957701452098,3942,0.9941653982749873,3.683916793505835,53,1.6067715225049657,0.33728370438779065,472.1946321179468,11.596052029570966,0.02424428796401573,3919
refractory_0.8,0.25,101,iei_float,13.621590608173713,0.9764705882352941,1.9945500778082506,0.9111670860097272,3867,0.9956038272562711,3.7496767520041376,49,1.5797925479915786,0.32490284003510794,457.7927080260402,11.335919264738004,0.02290757674351207,3850
refractory_0.8,0.25,101,iei_100,2.0,0.0,3.6245340962090657,0.9296400840278934,10106,1.0,1.4347912131407086,8,2.6011539954895486,1.1939086754641037,-303.7179433292591,-10.817085323690023,0.04533080446084414,10106
refractory_0.8,0.25,101,iei_400,62.0,0.29518716577540105,1.9945500778082506,0.9111670860097272,3867,0.9956038272562711,3.7496767520041376,49,1.5797925479915786,0.32490284003510794,457.7927080260402,11.335919264738004,0.02290757674351207,3850
refractory_0.8,0.25,102,iei_float,15.257372888772206,0.947002606429192,1.9805494566453266,0.9472103861811214,3897,0.9964074929432897,3.7261996407492943,58,1.574721286731295,0.3259515391906349,421.1774591619434,10.49045896467693,0.023274748696960168,3883
refractory_0.8,0.25,102,iei_100,2.0,0.0,3.714118760298437,0.9103567147919815,10141,1.0,1.4319100680406271,8,2.6124614054355018,1.1985471531602365,-259.40498890383583,-9.320933285286863,0.04168653630450625,10141
refractory_0.8,0.25,102,iei_400,62.0,0.39357218124341414,1.9805494566453266,0.9472103861811214,3897,0.9964074929432897,3.7261996407492943,58,1.574721286731295,0.3259515391906349,421.1774591619434,10.49045896467693,0.023274748696960168,3883
refractory_0.8,0.25,103,iei_float,21.87101734005296,0.7355747387551114,2.0408195279072903,0.9193306303551487,4052,0.9977788746298124,3.5784797630799603,45,1.583860915471563,0.3357212777723323,373.68755853013295,9.152952299447943,0.02971662349015508,4043
refractory_0.8,0.25,103,iei_100,2.0,0.0,3.902860251969472,0.9191364204785389,10347,1.0,1.4013723784671885,9,2.6644195328532714,1.250317684777909,-285.10323463485713,-10.312100047337859,0.04287988943200571,10347
refractory_0.8,0.25,103,iei_400,62.0,0.29963711767755313,2.0408195279072903,0.9193306303551487,4052,0.9977788746298124,3.5784797630799603,45,1.583860915471563,0.3357212777723323,373.68755853013295,9.152952299447943,0.02971662349015508,4043
refractory_0.8,0.25,104,iei_float,14.47777582572031,0.9768713204373423,1.9502583444237809,0.9139044338106203,3881,0.9969080133986086,3.7392424632826593,53,1.5777794914956988,0.32195277611066986,483.6824026565011,12.147744802719219,0.01755629837553596,3869
refractory_0.8,0.25,104,iei_100,2.0,0.0,3.946096825413725,0.8872203480003759,10161,1.0,1.428205885247515,8,2.6125944874968763,1.2045701896342242,-304.19846128047845,-11.15427195844035,0.04403079273014021,10161
refractory_0.8,0.25,104,iei_400,62.0,0.3654151242728715,1.9502583444237809,0.9139044338106203,3881,0.9969080133986086,3.7392424632826593,53,1.5777794914956988,0.32195277611066986,483.6824026565011,12.147744802719219,0.01755629837553596,3869
refractory_0.8,0.25,105,iei_float,17.115766550522647,0.864516129032258,1.93714210514521,0.9466223420442517,3954,0.9957005563985837,3.669195751138088,55,1.6022098946760135,0.3330844664232063,497.5005259203677,11.839561650956107,0.022599819768960083,3937
refractory_0.8,0.25,105,iei_100,2.0,0.0,3.9961960006123274,0.9177766307293689,10163,1.0,1.4275312407753615,9,2.622498234733124,1.205674462703299,-242.68023680437523,-8.718112119895927,0.03993536897508643,10163
refractory_0.8,0.25,105,iei_400,62.0,0.27717108684347375,1.93714210514521,0.9466223420442517,3954,0.9957005563985837,3.669195751138088,55,1.6022098946760135,0.3330844664232063,497.5005259203677,11.839561650956107,0.022599819768960083,3937
refractory_0.8,0.25,106,iei_float,14.133896366675463,0.941505376344086,1.9238388035264704,0.9262590174948026,3866,0.9961200206932229,3.7519399896533887,41,1.5797911087630343,0.32180653891197253,494.24719387124765,11.985585902111184,0.0214664184453629,3851
refractory_0.8,0.25,106,iei_100,2.0,0.0,4.009108082488341,0.9078087717931931,10140,1.0,1.430473372781065,9,2.6145520897153585,1.2008752282817938,-262.09493675491535,-9.226425295551785,0.04299537995184477,10140
refractory_0.8,0.25,106,iei_400,62.0,0.4216931216931217,1.9238388035264704,0.9262590174948026,3866,0.9961200206932229,3.7519399896533887,41,1.5797911087630343,0.32180653891197253,494.24719387124765,11.985585902111184,0.0214664184453629,3851
refractory_0.8,0.25,107,iei_float,13.98565898293155,0.9472789115646258,1.8566702624330325,0.9491659175033337,3857,0.9958516982110448,3.7593984962406015,47,1.5792587669669391,0.32278559144937624,478.53844037425785,11.618153778847491,0.021878502167478442,3841
refractory_0.8,0.25,107,iei_100,2.0,0.0,4.02719112345554,0.9123816807700559,10045,1.0,1.443504230960677,12,2.592456427698915,1.1801215885037415,-259.72634182047966,-8.755977450218818,0.043958309378485994,10045
refractory_0.8,0.25,107,iei_400,62.0,0.3523809523809524,1.8566702624330325,0.9491659175033337,3857,0.9958516982110448,3.7593984962406015,47,1.5792587669669391,0.32278559144937624,478.53844037425785,11.618153778847491,0.021878502167478442,3841
refractory_0.8,0.25,108,iei_float,23.48828690689156,0.737137916126243,2.070263338600138,0.9129949124861125,4108,0.9973222979552093,3.523612463485881,44,1.6180900078930396,0.34348987398619635,485.65136588345996,11.61660810155579,0.021852568379408077,4097
refractory_0.8,0.25,108,iei_100,2.0,0.0,4.223821026037037,0.9132794640606768,10298,1.0,1.4056127403379297,10,2.656318372962387,1.2428297379440147,-285.08308930514056,-10.482799504929805,0.0418869449392808,10298
refractory_0.8,0.25,108,iei_400,62.0,0.32013520038628684,2.070263338600138,0.9129949124861125,4108,0.9973222979552093,3.523612463485881,44,1.6180900078930396,0.34348987398619635,485.65136588345996,11.61660810155579,0.021852568379408077,4097
refractory_0.8,0.25,109,iei_float,15.258608573436401,0.815006468305304,1.9897736803538089,0.9260313532146756,3904,0.9951331967213115,3.710297131147541,44,1.5962415447966283,0.32985858344479757,495.21975025250657,12.217047499646688,0.019209045068446784,3885
refractory_0.8,0.25,109,iei_100,2.0,0.0,3.625869424151069,0.9377658698814972,9988,1.0,1.4502402883460153,9,2.5825892072381844,1.1697031234327162,-249.40481264471816,-8.393838580276956,0.04304034439698223,9988
refractory_0.8,0.25,109,iei_400,62.0,0.3208137715179969,1.9897736803538089,0.9260313532146756,3904,0.9951331967213115,3.710297131147541,44,1.5962415447966283,0.32985858344479757,495.21975025250657,12.217047499646688,0.019209045068446784,3885
refractory_0.8,0.25,110,iei_float,16.775023998603718,0.7933920704845815,1.9898141109566778,0.9421973266854999,3941,0.9972088302461304,3.6774930220756152,48,1.5811042537160471,0.3267732296726833,452.44404680950265,11.303778281544945,0.022942487736244355,3930
refractory_0.8,0.25,110,iei_100,2.0,0.0,4.176724270140916,0.9010363637743799,10194,1.0,1.4217186580341377,9,2.6242424654421708,1.2152833367262232,-302.8695000683423,-10.909590269314666,0.0444493036796596,10194
refractory_0.8,0.25,110,iei_400,62.0,0.37690288713910763,1.9898141109566778,0.9421973266854999,3941,0.9972088302461304,3.6774930220756152,48,1.5811042537160471,0.3267732296726833,452.44404680950265,11.303778281544945,0.022942487736244355,3930
refractory_0.8,0.25,111,iei_float,18.21059027777778,0.8310840226382238,1.9641449092479628,0.9378070964341508,3970,0.9952141057934509,3.6503778337531485,65,1.6014135056103296,0.3383005883944237,434.23922817399114,10.55575863505217,0.026210602814164263,3951
refractory_0.8,0.25,111,iei_100,2.0,0.0,3.7493440812021235,0.9466320871125135,10249,1.0,1.4139916089374573,9,2.643095304887199,1.2283262068126302,-269.05913126072915,-9.187775477314387,0.04385073965825381,10249
refractory_0.8,0.25,111,iei_400,62.0,0.3426069036579083,1.9641449092479628,0.9378070964341508,3970,0.9952141057934509,3.6503778337531485,65,1.6014135056103296,0.3383005883944237,434.23922817399114,10.55575863505217,0.026210602814164263,3951
refractory_0.8,0.25,112,iei_float,18.01166840822013,0.8052677029360967,2.029119786804292,0.91937734163502,3979,0.9962302085951245,3.6373460668509674,50,1.5982112551431609,0.3351193091922041,454.55215471738154,10.998789280696549,0.02381266708759444,3964
refractory_0.8,0.25,112,iei_100,2.0,0.0,3.9809253720453643,0.9177480453448689,10193,1.0,1.4198960070636713,9,2.638269831222443,1.21833183506175,-227.4129281143869,-8.076034397637086,0.03982350044195182,10193
refractory_0.8,0.25,112,iei_400,62.0,0.3679718875502008,2.029119786804292,0.91937734163502,3979,0.9962302085951245,3.6373460668509674,50,1.5982112551431609,0.3351193091922041,454.55215471738154,10.998789280696549,0.02381266708759444,3964
refractory_0.8,0.25,113,iei_float,22.58610400682012,0.7436901653611836,1.9744950532429217,0.9460090989026052,4079,0.9963226280951214,3.5552831576366755,42,1.6202997108529988,0.3430349226962095,499.75016743520166,11.55022654550162,0.022106163647656496,4064
refractory_0.8,0.25,113,iei_100,2.0,0.0,4.166459913948676,0.9251365349312275,10253,1.0,1.4144152930849507,10,2.6492401350400403,1.2276029098167265,-221.19150906924267,-7.781362148272524,0.03872944038141668,10253
refractory_0.8,0.25,113,iei_400,62.0,0.3140333660451423,1.9744950532429217,0.9460090989026052,4079,0.9963226280951214,3.5552831576366755,42,1.6202997108529988,0.3430349226962095,499.75016743520166,11.55022654550162,0.022106163647656496,4064
refractory_0.8,0.25,114,iei_float,24.45621181262729,0.6596026490066225,2.0765148000988884,0.9304227691606215,4135,0.9958887545344619,3.502055622732769,58,1.6279124250689687,0.3524336581355684,440.7995212945988,10.441798735597962,0.03163585062089386,4118
refractory_0.8,0.25,114,iei_100,2.0,0.0,4.042466138416028,0.916568624170819,10313,1.0,1.4041501018132454,11,2.668009115171456,1.2454011408953929,-223.8007472553909,-8.001130217360805,0.038578033546687096,10313
refractory_0.8,0.25,114,iei_400,62.0,0.28230131643100925,2.0765148000988884,0.9304227691606215,4135,0.9958887545344619,3.502055622732769,58,1.6279124250689687,0.3524336581355684,440.7995212945988,10.441798735597962,0.03163585062089386,4118
refractory_0.8,0.25,115,iei_float,21.372661747039643,0.6950043821209465,1.9403541207424186,0.9452446451250758,4050,0.997037037037037,3.576296296296296,47,1.6159717560279905,0.33893423461513983,519.7468713799568,12.043721997485934,0.01950106793006623,4038
refractory_0.8,0.25,115,iei_100,2.0,0.0,3.6649738333049364,0.9134033510989218,10298,1.0,1.4064866964459117,8,2.67222952199168,1.2412989678795832,-164.7528020746032,-5.830526432805103,0.035343773101387255,10298
refractory_0.8,0.25,115,iei_400,62.0,0.37229862475442044,1.9403541207424186,0.9452446451250758,4050,0.997037037037037,3.576296296296296,47,1.6159717560279905,0.33893423461513983,519.7468713799568,12.043721997485934,0.01950106793006623,4038
refractory_0.8,0.25,116,iei_float,13.104300980305572,0.9459572685379137,1.9439003442216733,0.9187234315935199,3843,0.995576372625553,3.774134790528233,55,1.578042212159465,0.32291426446697313,468.50272510192616,11.507383916823438,0.028814207206116216,3826
refractory_0.8,0.25,116,iei_100,2.0,0.0,3.978674808295226,0.9086060623051042,10157,1.0,1.4279807029634735,9,2.6212322987577448,1.204938521445888,-245.92300214668455,-8.656917167667059,0.04143184957482293,10157
refractory_0.8,0.25,116,iei_400,62.0,0.3347778981581798,1.9439003442216733,0.9187234315935199,3843,0.995576372625553,3.774134790528233,55,1.578042212159465,0.32291426446697313,468.50272510192616,11.507383916823438,0.028814207206116216,3826
refractory_0.8,0.25,117,iei_float,17.65410064426258,0.857389801210026,1.9394805697690976,0.9433832948847507,3964,0.9969727547931383,3.6559031281533803,72,1.5997527762316164,0.3315805500648539,503.22281491408654,11.962228279929324,0.01962612218258658,3952
refractory_0.8,0.25,117,iei_100,2.0,0.0,3.5557083514449555,0.9359910247984802,10194,1.0,1.421620561114381,8,2.637039452554008,1.2154469748124979,-214.59386339487753,-7.58741890221015,0.039079545968461527,10194
refractory_0.8,0.25,117,iei_400,62.0,0.3162217659137577,1.9394805697690976,0.9433832948847507,3964,0.9969727547931383,3.6559031281533803,72,1.5997527762316164,0.3315805500648539,503.22281491408654,11.962228279929324,0.01962612218258658,3952
refractory_0.8,0.25,118,iei_float,19.37372779023633,0.7745614035087719,1.9859629393605807,0.9281617232469881,3993,0.995992987728525,3.6316053092912597,57,1.6064964560590784,0.3363732757843243,488.23362718332237,11.548662058951237,0.02206444177187955,3977
refractory_0.8,0.25,118,iei_100,2.0,0.0,3.5322740418707497,0.9399022648556851,10188,1.0,1.4233411857086768,8,2.6310197009079612,1.2125838949000465,-235.1339458197067,-8.267843751069886,0.04106368538865368,10188
refractory_0.8,0.25,118,iei_400,62.0,0.3150684931506849,1.9859629393605807,0.9281617232469881,3993,0.995992987728525,3.6316053092912597,57,1.6064964560590784,0.3363732757843243,488.23362718332237,11.548662058951237,0.02206444177187955,3977
refractory_0.8,0.25,119,iei_float,16.063389504933205,0.8872995231902904,1.9523474387007795,0.9607754653439666,3921,0.9959194083142056,3.7000765110941085,42,1.5829700349679054,0.3283998467217193,440.8706907210538,10.83360548566899,0.023945735085507236,3905
refractory_0.8,0.25,119,iei_100,2.0,0.0,3.8481095620688857,0.9259800583580283,10159,1.0,1.4280933162712866,10,2.6233222828104577,1.204754287805141,-229.92106249713333,-7.8661685760510505,0.041573283578329234,10159
refractory_0.8,0.25,119,iei_400,62.0,0.35331230283911674,1.9523474387007795,0.9607754653439666,3921,0.9959194083142056,3.7000765110941085,42,1.5829700349679054,0.3283998467217193,440.8706907210538,10.83360548566899,0.023945735085507236,3905
refractory_1.0,0.25,100,iei_float,1.8546746326497658,0.0,3.2988846008792883,0.8777095644447842,7858,1.0,1.8453805039450242,11,2.107153208792189,0.7806539425855579,-548.5029019599366,-17.34903762406294,0.0786098852890984,7858
refractory_1.0,0.25,100,iei_100,2.0,0.0,3.2988846008792883,0.8777095644447842,7858,1.0,1.8453805039450242,11,2.107153208792189,0.7806539425855579,-548.5029019599366,-17.34903762406294,0.0786098852890984,7858
refractory_1.0,0.25,100,iei_400,24.0,1.5619512195121952,1.3267633266055838,0.964457741949566,2115,0.9541371158392435,6.856264775413711,85,1.3455464263292374,0.21211104594557206,381.1345769754975,13.83569446530897,0.0141499547309335,2018
refractory_1.0,0.25,101,iei_float,1.8783707182767835,0.0,3.3924081598900906,0.8748688892727067,7949,1.0,1.8240030192477041,11,2.1230316635886712,0.7946146309982349,-555.3350084374513,-17.583557775892032,0.07844030127678436,7949
refractory_1.0,0.25,101,iei_100,2.0,0.0,3.3924081598900906,0.8748688892727067,7949,1.0,1.8240030192477041,11,2.1230316635886712,0.7946146309982349,-555.3350084374513,-17.583557775892032,0.07844030127678436,7949
refractory_1.0,0.25,101,iei_400,28.0,1.5450861195542047,1.266170774497033,0.9630659107985579,2150,0.9646511627906976,6.743720930232558,76,1.311020238450686,0.2001049281170078,397.79971091411113,14.295754146983557,0.011022352722053652,2074
refractory_1.0,0.25,102,iei_float,1.880611581001952,0.0,3.0456310536870594,0.9015139329024237,7980,1.0,1.8164160401002507,10,2.1331067535783657,0.7996965510261158,-521.6603454576906,-16.590043080048293,0.07471928564304209,7980
refractory_1.0,0.25,102,iei_100,2.0,0.0,3.0456310536870594,0.9015139329024237,7980,1.0,1.8164160401002507,10,2.1331067535783657,0.7996965510261158,-521.6603454576906,-16.590043080048293,0.07471928564304209,7980
refractory_1.0,0.25,102,iei_400,34.0,1.4904714142427282,1.3371813125827656,0.9456527107701284,2199,0.965893587994543,6.591632560254661,111,1.340793235254596,0.21013960359356482,404.70384326791384,14.655374953312817,0.014832156935007723,2124
refractory_1.0,0.25,103,iei_float,1.9251617129288463,0.0,3.175016759600172,0.8816018438659552,8143,1.0,1.7779688075647795,10,2.1713241743379204,0.8265404417285573,-467.33413933116907,-14.851325800563703,0.07071475026669072,8143
refractory_1.0,0.25,103,iei_100,2.0,0.0,3.175016759600172,0.8816018438659552,8143,1.0,1.7779688075647795,10,2.1713241743379204,0.8265404417285573,-467.33413933116907,-14.851325800563703,0.07071475026669072,8143
refractory_1.0,0.25,103,iei_400,41.0,0.9797225186766275,1.368068202587597,0.959748953942871,2265,0.9682119205298013,6.39205298013245,80,1.311573511180784,0.20804765259722852,344.38638056709055,12.349932074671974,0.009731012947207685,2193
refractory_1.0,0.25,104,iei_float,1.8800966962127317,0.0,3.4912757438136652,0.8929596772501208,7939,1.0,1.8284418692530546,12,2.1225638897366945,0.7916727740717509,-530.5865764314548,-16.639203255162517,0.07569228515356241,7939
refractory_1.0,0.25,104,iei_100,2.0,0.0,3.4912757438136652,0.8929596772501208,7939,1.0,1.8284418692530546,12,2.1225638897366945,0.7916727740717509,-530.5865764314548,-16.639203255162517,0.07569228515356241,7939
refractory_1.0,0.25,104,iei_400,23.0,1.6547733847637416,1.3187893563447517,0.9395294309055038,2106,0.9582146248812915,6.892687559354226,94,1.324981192273329,0.20395603208944507,393.1781454760079,14.670575109464028,0.020079454344684222,2018
refractory_1.0,0.25,105,iei_float,1.842685695750892,0.0,3.5435296917165666,0.8712947509368227,7858,1.0,1.8463985747009417,12,2.1147914896414566,0.7800019259108626,-478.6448561090667,-15.038839924557292,0.0722379462080518,7858
refractory_1.0,0.25,105,iei_100,2.0,0.0,3.5435296917165666,0.8712947509368227,7858,1.0,1.8463985747009417,12,2.1147914896414566,0.7800019259108626,-478.6448561090667,-15.038839924557292,0.0722379462080518,7858
refractory_1.0,0.25,105,iei_400,31.0,1.4871541501976284,1.3411946412084639,0.9639459896144706,2177,0.958658704639412,6.664676159853009,75,1.3511366353008771,0.2128450718174364,404.58883735870165,14.728359891828518,0.013829418805368698,2087
refractory_1.0,0.25,106,iei_float,1.892024139618333,0.0,3.2230566178907463,0.867960352079514,8040,1.0,1.8037313432835822,11,2.1480676824473672,0.8083477029389432,-482.9643543946741,-15.345947131845318,0.07014908854638402,8040
refractory_1.0,0.25,106,iei_100,2.0,0.0,3.2230566178907463,0.867960352079514,8040,1.0,1.8037313432835822,11,2.1480676824473672,0.8083477029389432,-482.9643543946741,-15.345947131845318,0.07014908854638402,8040
refractory_1.0,0.25,106,iei_400,39.0,0.9471585244267199,1.3539238080592622,0.9558135906820939,2240,0.9629464285714285,6.474107142857143,85,1.3561387543324006,0.21565220927949713,407.7246518504276,14.190443903162354,0.01189997153833866,2157
refractory_1.0,0.25,107,iei_float,1.8552470894732558,0.0,3.6236414154865435,0.8731543217130975,7897,1.0,1.8339875902241358,12,2.1234488427735965,0.7880293628041717,-485.84958004292025,-15.469070830406235,0.07196630567730378,7897
refractory_1.0,0.25,107,iei_100,2.0,0.0,3.6236414154865435,0.8731543217130975,7897,1.0,1.8339875902241358,12,2.1234488427735965,0.7880293628041717,-485.84958004292025,-15.469070830406235,0.07196630567730378,7897
refractory_1.0,0.25,107,iei_400,34.0,1.2811565304087738,1.382421761921092,0.9642329613834105,2200,0.9568181818181818,6.583181818181818,89,1.3682301902799257,0.22069464406337164,389.7979484738847,13.796844463704174,0.012098135715828517,2105
refractory_1.0,0.25,108,iei_float,1.8859364873622813,0.0,3.344931842242884,0.8966784979698059,7981,1.0,1.8174414233805287,11,2.125268509892967,0.7990057320291923,-580.5666812649646,-18.468734042609633,0.07925182538972775,7981
refractory_1.0,0.25,108,iei_100,2.0,0.0,3.344931842242884,0.8966784979698059,7981,1.0,1.8174414233805287,11,2.125268509892967,0.7990057320291923,-580.5666812649646,-18.468734042609633,0.07925182538972775,7981
refractory_1.0,0.25,108,iei_400,30.0,1.5152471083070451,1.314465980673685,0.9511607490642366,2161,0.96298010180472,6.712170291531698,75,1.3082502508572151,0.20276490166864042,365.7422941043641,13.680675722913804,0.01666155411639081,2081
refractory_1.0,0.25,109,iei_float,1.8098318240620956,0.0,3.423896853883312,0.8644556162751145,7710,1.0,1.8783398184176394,12,2.090288781007649,0.7601100324241059,-481.5293310704905,-14.962328209437297,0.07538912756028593,7710
refractory_1.0,0.25,109,iei_100,2.0,0.0,3.423896853883312,0.8644556162751145,7710,1.0,1.8783398184176394,12,2.090288781007649,0.7601100324241059,-481.5293310704905,-14.962328209437297,0.07538912756028593,7710
refractory_1.0,0.25,109,iei_400,23.0,1.4282926829268292,1.351584009980463,0.9779882182221837,2114,0.9536423841059603,6.850520340586566,87,1.3559413601213794,0.2155705661735896,381.1991720047257,13.86948492637715,0.012646807569573038,2016
refractory_1.0,0.25,110,iei_float,1.8823338472774487,0.0,3.271517714465951,0.8985250237055826,7978,1.0,1.8177488092253697,11,2.1300820885498073,0.7987988854007779,-538.2052064843954,-16.89015563884838,0.07611405299167273,7978
refractory_1.0,0.25,110,iei_100,2.0,0.0,3.271517714465951,0.8985250237055826,7978,1.0,1.8177488092253697,11,2.1300820885498073,0.7987988854007779,-538.2052064843954,-16.89015563884838,0.07611405299167273,7978
refractory_1.0,0.25,110,iei_400,32.0,1.3275862068965518,1.382171110786146,0.9756121837211245,2179,0.9554841670491051,6.655346489215236,79,1.3412885507570618,0.21517003319190342,352.55719745628335,12.797962839405079,0.009789747481331434,2082
refractory_1.0,0.25,111,iei_float,1.9103843008994277,0.0,3.1944741403558137,0.8827592998906467,8051,1.0,1.7935660166438951,10,2.151059678021534,0.8154243713435254,-525.2881558681929,-16.905844417958566,0.07600263405460828,8051
refractory_1.0,0.25,111,iei_100,2.0,0.0,3.1944741403558137,0.8827592998906467,8051,1.0,1.7935660166438951,10,2.151059678021534,0.8154243713435254,-525.2881558681929,-16.905844417958566,0.07600263405460828,8051
refractory_1.0,0.25,111,iei_400,35.0,0.970954356846473,1.3532017476124043,0.9785817907289839,2210,0.9579185520361991,6.53393665158371,74,1.3547584696151436,0.2181458520477027,373.17670048678133,13.085270196651738,0.0076321667021771455,2117
refractory_1.0,0.25,112,iei_float,1.8851924331376386,0.0,3.5835141164762465,0.8586980840040479,8017,1.0,1.8087813396532368,11,2.1373467308936416,0.8048800080235989,-537.8228904084713,-17.332976423161906,0.07360147841405662,8017
refractory_1.0,0.25,112,iei_100,2.0,0.0,3.5835141164762465,0.8586980840040479,8017,1.0,1.8087813396532368,11,2.1373467308936416,0.8048800080235989,-537.8228904084713,-17.332976423161906,0.07360147841405662,8017
refractory_1.0,0.25,112,iei_400,37.0,1.3434038267875126,1.374424074689549,0.9693028503676157,2237,0.9606616003576218,6.482342422887796,95,1.3620208267488803,0.2204873146912713,380.24943136939356,13.277497085742896,0.005771391791906333,2149
refractory_1.0,0.25,113,iei_float,1.8547971667739858,0.0,3.6177702406406045,0.881423848011645,7844,1.0,1.8494390617032126,13,2.1009705818213416,0.7780614565841251,-574.3860274851648,-18.331549556628453,0.0786389396710302,7844
refractory_1.0,0.25,113,iei_100,2.0,0.0,3.6177702406406045,0.881423848011645,7844,1.0,1.8494390617032126,13,2.1009705818213416,0.7780614565841251,-574.3860274851648,-18.331549556628453,0.0786389396710302,7844
refractory_1.0,0.25,113,iei_400,20.0,1.6260623229461757,1.2508172711757526,0.9607989985691666,2083,0.9563130100816131,6.964474315890542,81,1.3267450551790834,0.20137310067081582,416.3934561038396,15.155929751842367,0.02654869555195849,1992
refractory_1.0,0.25,114,iei_float,1.8753853642706475,0.0,3.4688792545568736,0.844529923244268,7953,1.0,1.8232113667798315,11,2.128776202137539,0.7951417190945953,-512.7482279488163,-16.17171552922379,0.0755554670876526,7953
refractory_1.0,0.25,114,iei_100,2.0,0.0,3.4688792545568736,0.844529923244268,7953,1.0,1.8232113667798315,11,2.128776202137539,0.7951417190945953,-512.7482279488163,-16.17171552922379,0.0755554670876526,7953
refractory_1.0,0.25,114,iei_400,31.0,1.447211155378486,1.331323652653199,0.9472047334767238,2174,0.9599816007359706,6.669733210671573,94,1.3466171090635957,0.21277486061023282,391.3984597179494,13.832686083594643,0.008963076166613071,2087
refractory_1.0,0.25,115,iei_float,1.908131796786236,0.0,3.5783617273818966,0.8561466664883937,8058,1.0,1.7997021593447506,11,2.1487606738164065,0.8111371050712601,-504.58564699808744,-16.180830437890815,0.07191214904988419,8058
refractory_1.0,0.25,115,iei_100,2.0,0.0,3.5783617273818966,0.8561466664883937,8058,1.0,1.7997021593447506,11,2.1487606738164065,0.8111371050712601,-504.58564699808744,-16.180830437890815,0.07191214904988419,8058
refractory_1.0,0.25,115,iei_400,32.0,1.5818743563336766,1.3589488261303826,0.9736266289581558,2180,0.9610091743119266,6.652293577981651,79,1.3184561020541405,0.2103814098066354,328.49769353266527,11.918862132060651,0.0072037226525139,2095
refractory_1.0,0.25,116,iei_float,1.8548478243319608,0.0,3.194847952378052,0.8387027691904142,7874,1.0,1.8436626873253747,10,2.1076759968976884,0.7817567065375695,-555.8116284463607,-17.730856644409883,0.0783984110884739,7874
refractory_1.0,0.25,116,iei_100,2.0,0.0,3.194847952378052,0.8387027691904142,7874,1.0,1.8436626873253747,10,2.1076759968976884,0.7817567065375695,-555.8116284463607,-17.730856644409883,0.0783984110884739,7874
refractory_1.0,0.25,116,iei_400,26.0,1.535425101214575,1.3301621478214125,0.9412550703119363,2130,0.9586854460093897,6.8154929577464785,82,1.3340027593040542,0.20834574066358041,384.9170941536086,14.155535252176112,0.012017895411984947,2042
refractory_1.0,0.25,117,iei_float,1.9143182928815767,0.0,3.159529065739966,0.8918444222424461,8063,1.0,1.7939972714870396,10,2.1508507299843362,0.8151214963753102,-524.9675672841802,-16.81794153697048,0.07496017452636117,8063
refractory_1.0,0.25,117,iei_100,2.0,0.0,3.159529065739966,0.8918444222424461,8063,1.0,1.7939972714870396,10,2.1508507299843362,0.8151214963753102,-524.9675672841802,-16.81794153697048,0.07496017452636117,8063
refractory_1.0,0.25,117,iei_400,33.0,1.4496981891348089,1.3511069767814543,0.9800922543957569,2187,0.9574759945130316,6.614083219021491,89,1.358095851455671,0.2189423275820549,372.24148298272496,13.019043366719497,0.0062622264650396,2094
refractory_1.0,0.25,118,iei_float,1.8422071636011617,0.0,3.233317729160899,0.8643047346464481,7802,1.0,1.8570879261727762,11,2.104728362945659,0.7732243961780159,-493.7569019207171,-15.375218467057763,0.07650101397868703,7802
refractory_1.0,0.25,118,iei_100,2.0,0.0,3.233317729160899,0.8643047346464481,7802,1.0,1.8570879261727762,11,2.104728362945659,0.7732243961780159,-493.7569019207171,-15.375218467057763,0.07650101397868703,7802
refractory_1.0,0.25,118,iei_400,22.0,1.1288711288711288,1.2677797620592284,0.9521722398643468,2093,0.9546106067845198,6.922599139990444,83,1.3534004556207986,0.20795938134624165,436.8270413098953,15.87824349661753,0.019530052607264925,1998
refractory_1.0,0.25,119,iei_float,1.899894197118906,0.0,3.0361906818400795,0.8961330720204117,8049,1.0,1.8014660206236799,10,2.150005589053203,0.8099134912938062,-482.2046911035865,-15.164272660677776,0.07357995023075514,8049
refractory_1.0,0.25,119,iei_100,2.0,0.0,3.0361906818400795,0.8961330720204117,8049,1.0,1.8014660206236799,10,2.150005589053203,0.8099134912938062,-482.2046911035865,-15.164272660677776,0.07357995023075514,8049
refractory_1.0,0.25,119,iei_400,34.0,1.3843782117163412,1.3719432903214102,0.9680581933546997,2213,0.9624943515589697,6.552191595119747,75,1.3338247644485772,0.2133301732254438,354.4013429973542,12.691591543773688,0.004783511529833584,2130
refractory_1.2,0.25,100,iei_float,1.4281477087349845,0.0,2.951858102796508,0.8240662959227869,5841,1.0,2.4845060777264165,14,1.7320408266842566,0.5149901819807736,-714.4957491349332,-23.437768051346737,0.10455362499155857,5841
refractory_1.2,0.25,100,iei_100,1.0,0.0,2.951858102796508,0.8240662959227869,5841,1.0,2.4845060777264165,14,1.7320408266842566,0.5149901819807736,-714.4957491349332,-23.437768051346737,0.10455362499155857,5841
refractory_1.2,0.25,100,iei_400,1.0,0.0,2.951858102796508,0.8240662959227869,5841,1.0,2.4845060777264165,14,1.7320408266842566,0.5149901819807736,-714.4957491349332,-23.437768051346737,0.10455362499155857,5841
refractory_1.2,0.25,101,iei_float,1.4077303968664547,0.0,2.5028292681800064,0.8278863759451736,5708,1.0,2.5362648913805184,12,1.6938913395383697,0.5013361456432148,-844.6892180251915,-28.899153053117693,0.12114861529004833,5708
refractory_1.2,0.25,101,iei_100,1.0,0.0,2.5028292681800064,0.8278863759451736,5708,1.0,2.5362648913805184,12,1.6938913395383697,0.5013361456432148,-844.6892180251915,-28.899153053117693,0.12114861529004833,5708
refractory_1.2,0.25,101,iei_400,1.0,0.0,2.5028292681800064,0.8278863759451736,5708,1.0,2.5362648913805184,12,1.6938913395383697,0.5013361456432148,-844.6892180251915,-28.899153053117693,0.12114861529004833,5708
refractory_1.2,0.25,102,iei_float,1.4578411707896888,0.0,2.880777442916051,0.8291755563987133,5969,1.0,2.4332383983916905,14,1.749416789497003,0.5292854531460645,-750.4788456503444,-24.90968322901586,0.11017097776234858,5969
refractory_1.2,0.25,102,iei_100,1.0,0.0,2.880777442916051,0.8291755563987133,5969,1.0,2.4332383983916905,14,1.749416789497003,0.5292854531460645,-750.4788456503444,-24.90968322901586,0.11017097776234858,5969
refractory_1.2,0.25,102,iei_400,1.0,0.0,2.880777442916051,0.8291755563987133,5969,1.0,2.4332383983916905,14,1.749416789497003,0.5292854531460645,-750.4788456503444,-24.90968322901586,0.11017097776234858,5969
refractory_1.2,0.25,103,iei_float,1.446727045136588,0.0,2.8773125189505606,0.8207780859367928,5910,1.0,2.4668358714043994,13,1.731598886419503,0.5198272941173683,-780.4952362317972,-26.04604229526486,0.10870195854503617,5910
refractory_1.2,0.25,103,iei_100,1.0,0.0,2.8773125189505606,0.8207780859367928,5910,1.0,2.4668358714043994,13,1.731598886419503,0.5198272941173683,-780.4952362317972,-26.04604229526486,0.10870195854503617,5910
refractory_1.2,0.25,103,iei_400,1.0,0.0,2.8773125189505606,0.8207780859367928,5910,1.0,2.4668358714043994,13,1.731598886419503,0.5198272941173683,-780.4952362317972,-26.04604229526486,0.10870195854503617,5910
refractory_1.2,0.25,104,iei_float,1.4559785841760857,0.0,2.825765026748131,0.7895894846045306,5969,1.0,2.4329033338917743,12,1.7466969701984087,0.5293815520392453,-773.2855465787209,-26.044934731883536,0.10903936310192902,5969
refractory_1.2,0.25,104,iei_100,1.0,0.0,2.825765026748131,0.7895894846045306,5969,1.0,2.4329033338917743,12,1.7466969701984087,0.5293815520392453,-773.2855465787209,-26.044934731883536,0.10903936310192902,5969
refractory_1.2,0.25,104,iei_400,1.0,0.0,2.825765026748131,0.7895894846045306,5969,1.0,2.4329033338917743,12,1.7466969701984087,0.5293815520392453,-773.2855465787209,-26.044934731883536,0.10903936310192902,5969
refractory_1.2,0.25,105,iei_float,1.4348989298454222,0.0,2.9102343947253093,0.8193050829977804,5890,1.0,2.465025466893039,13,1.7359044725130506,0.5203281320046744,-749.1911259270162,-25.105286315426785,0.10371095256977808,5890
refractory_1.2,0.25,105,iei_100,1.0,0.0,2.9102343947253093,0.8193050829977804,5890,1.0,2.465025466893039,13,1.7359044725130506,0.5203281320046744,-749.1911259270162,-25.105286315426785,0.10371095256977808,5890
refractory_1.2,0.25,105,iei_400,1.0,0.0,2.9102343947253093,0.8193050829977804,5890,1.0,2.465025466893039,13,1.7359044725130506,0.5203281320046744,-749.1911259270162,-25.105286315426785,0.10371095256977808,5890
refractory_1.2,0.25,106,iei_float,1.4368209554993303,0.0,2.915087537651953,0.8162360163287461,5862,1.0,2.468952575912658,14,1.7318148257313322,0.5192429683509097,-766.0005559005688,-25.617992263259577,0.10736660032610923,5862
refractory_1.2,0.25,106,iei_100,1.0,0.0,2.915087537651953,0.8162360163287461,5862,1.0,2.468952575912658,14,1.7318148257313322,0.5192429683509097,-766.0005559005688,-25.617992263259577,0.10736660032610923,5862
refractory_1.2,0.25,106,iei_400,1.0,0.0,2.915087537651953,0.8162360163287461,5862,1.0,2.468952575912658,14,1.7318148257313322,0.5192429683509097,-766.0005559005688,-25.617992263259577,0.10736660032610923,5862
refractory_1.2,0.25,107,iei_float,1.424026167112697,0.0,2.5474414986136393,0.827767332586878,5801,1.0,2.4933632132390966,12,1.7197483752872085,0.5126000319040653,-779.7508813763817,-26.25104326986486,0.11151355990375367,5801
refractory_1.2,0.25,107,iei_100,1.0,0.0,2.5474414986136393,0.827767332586878,5801,1.0,2.4933632132390966,12,1.7197483752872085,0.5126000319040653,-779.7508813763817,-26.25104326986486,0.11151355990375367,5801
refractory_1.2,0.25,107,iei_400,1.0,0.0,2.5474414986136393,0.827767332586878,5801,1.0,2.4933632132390966,12,1.7197483752872085,0.5126000319040653,-779.7508813763817,-26.25104326986486,0.11151355990375367,5801
refractory_1.2,0.25,108,iei_float,1.4752069196927895,0.0,2.969760585032087,0.8351165957986038,6050,1.0,2.399173553719008,13,1.76004784752684,0.5392417395348772,-784.8879764677129,-26.20316042163582,0.10890472984800048,6050
refractory_1.2,0.25,108,iei_100,1.0,0.0,2.969760585032087,0.8351165957986038,6050,1.0,2.399173553719008,13,1.76004784752684,0.5392417395348772,-784.8879764677129,-26.20316042163582,0.10890472984800048,6050
refractory_1.2,0.25,108,iei_400,1.0,0.0,2.969760585032087,0.8351165957986038,6050,1.0,2.399173553719008,13,1.76004784752684,0.5392417395348772,-784.8879764677129,-26.20316042163582,0.10890472984800048,6050
refractory_1.2,0.25,109,iei_float,1.3971306019819554,0.0,3.042610362851541,0.8065198231085167,5698,1.0,2.5442260442260443,14,1.6956904349455595,0.4993012675265345,-806.4382265249021,-27.255064304853622,0.1126829439837202,5698
refractory_1.2,0.25,109,iei_100,1.0,0.0,3.042610362851541,0.8065198231085167,5698,1.0,2.5442260442260443,14,1.6956904349455595,0.4993012675265345,-806.4382265249021,-27.255064304853622,0.1126829439837202,5698
refractory_1.2,0.25,109,iei_400,1.0,0.0,3.042610362851541,0.8065198231085167,5698,1.0,2.5442260442260443,14,1.6956904349455595,0.4993012675265345,-806.4382265249021,-27.255064304853622,0.1126829439837202,5698
refractory_1.2,0.25,110,iei_float,1.4457795579290906,0.0,3.118265432059726,0.8253513971848581,5921,1.0,2.4539773686877218,16,1.7436489069138954,0.523406035460334,-725.5964393696902,-23.962208103568887,0.10449139723712819,5921
refractory_1.2,0.25,110,iei_100,1.0,0.0,3.118265432059726,0.8253513971848581,5921,1.0,2.4539773686877218,16,1.7436489069138954,0.523406035460334,-725.5964393696902,-23.962208103568887,0.10449139723712819,5921
refractory_1.2,0.25,110,iei_400,1.0,0.0,3.118265432059726,0.8253513971848581,5921,1.0,2.4539773686877218,16,1.7436489069138954,0.523406035460334,-725.5964393696902,-23.962208103568887,0.10449139723712819,5921
refractory_1.2,0.25,111,iei_float,1.466566265060241,0.0,2.8453309688895136,0.8269482097614823,5951,1.0,2.4133759032095448,13,1.7595444751234606,0.5350445164836013,-730.6359612793638,-24.03459192563453,0.10506288684964665,5951
refractory_1.2,0.25,111,iei_100,1.0,0.0,2.8453309688895136,0.8269482097614823,5951,1.0,2.4133759032095448,13,1.7595444751234606,0.5350445164836013,-730.6359612793638,-24.03459192563453,0.10506288684964665,5951
refractory_1.2,0.25,111,iei_400,1.0,0.0,2.8453309688895136,0.8269482097614823,5951,1.0,2.4133759032095448,13,1.7595444751234606,0.5350445164836013,-730.6359612793638,-24.03459192563453,0.10506288684964665,5951
refractory_1.2,0.25,112,iei_float,1.445453192439351,0.0,3.139431832408351,0.8314648262882717,5886,1.0,2.4580360176690452,15,1.7313011754554761,0.5222710147732643,-806.6801861300976,-27.134676515141685,0.11196965220164845,5886
refractory_1.2,0.25,112,iei_100,1.0,0.0,3.139431832408351,0.8314648262882717,5886,1.0,2.4580360176690452,15,1.7313011754554761,0.5222710147732643,-806.6801861300976,-27.134676515141685,0.11196965220164845,5886
refractory_1.2,0.25,112,iei_400,1.0,0.0,3.139431832408351,0.8314648262882717,5886,1.0,2.4580360176690452,15,1.7313011754554761,0.5222710147732643,-806.6801861300976,-27.134676515141685,0.11196965220164845,5886
refractory_1.2,0.25,113,iei_float,1.469302499067512,0.0,2.921991731818868,0.7692078041171884,5995,1.0,2.4146788990825687,14,1.7587164354366767,0.5346627886572553,-738.473483391634,-24.564248461135595,0.10630340724488574,5995
refractory_1.2,0.25,113,iei_100,1.0,0.0,2.921991731818868,0.7692078041171884,5995,1.0,2.4146788990825687,14,1.7587164354366767,0.5346627886572553,-738.473483391634,-24.564248461135595,0.10630340724488574,5995
refractory_1.2,0.25,113,iei_400,1.0,0.0,2.921991731818868,0.7692078041171884,5995,1.0,2.4146788990825687,14,1.7587164354366767,0.5346627886572553,-738.473483391634,-24.564248461135595,0.10630340724488574,5995
refractory_1.2,0.25,114,iei_float,1.4627600089465445,0.0,2.682291996769371,0.8158018044254197,5993,1.0,2.4196562656432503,12,1.7577223576073688,0.5332097287613291,-730.240665784318,-24.252371892605414,0.10614155703736355,5993
refractory_1.2,0.25,114,iei_100,1.0,0.0,2.682291996769371,0.8158018044254197,5993,1.0,2.4196562656432503,12,1.7577223576073688,0.5332097287613291,-730.240665784318,-24.252371892605414,0.10614155703736355,5993
refractory_1.2,0.25,114,iei_400,1.0,0.0,2.682291996769371,0.8158018044254197,5993,1.0,2.4196562656432503,12,1.7577223576073688,0.5332097287613291,-730.240665784318,-24.252371892605414,0.10614155703736355,5993
refractory_1.2,0.25,115,iei_float,1.463775623473692,0.0,2.6432353834842144,0.8481731501817484,5974,1.0,2.434214931369267,14,1.7449067196952708,0.5290055799967877,-784.1297497900468,-26.079252358739218,0.11227713327209488,5974
refractory_1.2,0.25,115,iei_100,1.0,0.0,2.6432353834842144,0.8481731501817484,5974,1.0,2.434214931369267,14,1.7449067196952708,0.5290055799967877,-784.1297497900468,-26.079252358739218,0.11227713327209488,5974
refractory_1.2,0.25,115,iei_400,1.0,0.0,2.6432353834842144,0.8481731501817484,5974,1.0,2.434214931369267,14,1.7449067196952708,0.5290055799967877,-784.1297497900468,-26.079252358739218,0.11227713327209488,5974
refractory_1.2,0.25,116,iei_float,1.416431436636458,0.0,2.807687089706307,0.8257744465864321,5805,1.0,2.4978466838931954,15,1.7205539069543132,0.5113987591839437,-760.6148833186475,-25.377436018222564,0.11140021969391994,5805
refractory_1.2,0.25,116,iei_100,1.0,0.0,2.807687089706307,0.8257744465864321,5805,1.0,2.4978466838931954,15,1.7205539069543132,0.5113987591839437,-760.6148833186475,-25.377436018222564,0.11140021969391994,5805
refractory_1.2,0.25,116,iei_400,1.0,0.0,2.807687089706307,0.8257744465864321,5805,1.0,2.4978466838931954,15,1.7205539069543132,0.5113987591839437,-760.6148833186475,-25.377436018222564,0.11140021969391994,5805
refractory_1.2,0.25,117,iei_float,1.460970700067099,0.0,2.9109691816476815,0.8155209639608776,6003,1.0,2.4182908545727138,13,1.7607439130204323,0.5336075328201983,-711.6677364646597,-23.44565348635945,0.1034323420304048,6003
refractory_1.2,0.25,117,iei_100,1.0,0.0,2.9109691816476815,0.8155209639608776,6003,1.0,2.4182908545727138,13,1.7607439130204323,0.5336075328201983,-711.6677364646597,-23.44565348635945,0.1034323420304048,6003
refractory_1.2,0.25,117,iei_400,1.0,0.0,2.9109691816476815,0.8155209639608776,6003,1.0,2.4182908545727138,13,1.7607439130204323,0.5336075328201983,-711.6677364646597,-23.44565348635945,0.1034323420304048,6003
refractory_1.2,0.25,118,iei_float,1.3953899403490684,0.0,2.8269904949446607,0.8347121226369121,5649,1.0,2.56523278456364,16,1.692979737348848,0.49401193630595686,-761.5968400872523,-25.30986398778926,0.11101147738494216,5649
refractory_1.2,0.25,118,iei_100,1.0,0.0,2.8269904949446607,0.8347121226369121,5649,1.0,2.56523278456364,16,1.692979737348848,0.49401193630595686,-761.5968400872523,-25.30986398778926,0.11101147738494216,5649
refractory_1.2,0.25,118,iei_400,1.0,0.0,2.8269904949446607,0.8347121226369121,5649,1.0,2.56523278456364,16,1.692979737348848,0.49401193630595686,-761.5968400872523,-25.30986398778926,0.11101147738494216,5649
refractory_1.2,0.25,119,iei_float,1.4578857693162457,0.0,2.64772002263845,0.82868697825527,5922,1.0,2.448665991219183,12,1.739149587995131,0.5248990302305894,-778.0157607892497,-26.185815977787286,0.11157598192801266,5922
refractory_1.2,0.25,119,iei_100,1.0,0.0,2.64772002263845,0.82868697825527,5922,1.0,2.448665991219183,12,1.739149587995131,0.5248990302305894,-778.0157607892497,-26.185815977787286,0.11157598192801266,5922
refractory_1.2,0.25,119,iei_400,1.0,0.0,2.64772002263845,0.82868697825527,5922,1.0,2.448665991219183,12,1.739149587995131,0.5248990302305894,-778.0157607892497,-26.185815977787286,0.11157598192801266,5922
homogeneous,3.0,100,iei_float,54.257058003295846,0.8583092864637986,3.0446687469492884,0.8572790956928045,48490,0.9999793771911735,3.5586925139203958,33,1.3973334431231361,0.32979720009704383,-7838.384956052926,-81.74994064023169,0.13754405812944243,48489
homogeneous,3.0,100,iei_100,38.0,0.6042398710954942,3.7712584327054097,0.865665061465025,70625,1.0,2.443341592920354,27,1.734238412637934,0.5264044532731955,-9943.396638602937,-92.00379555294592,0.13432936962304382,70625
homogeneous,3.0,100,iei_400,62.0,0.9864683703393381,2.752642853322477,0.8124906899988436,40663,0.9997540761871972,4.243685906106288,36,1.2618897087605259,0.26855008244418543,-6419.247991380318,-74.43344016415708,0.1300020919319825,40653
homogeneous,3.0,101,iei_float,54.001730580373184,0.8742689103087731,3.0759816390978574,0.8339047135787669,48694,0.9999383907668296,3.5686942949850082,35,1.3925711068636293,0.32882755753020376,-8070.475252414229,-85.02354590435755,0.14076932084255905,48691
homogeneous,3.0,101,iei_100,38.0,0.6147955721846344,3.7837384663803775,0.86092458376491,70799,1.0,2.4544696958996597,21,1.7267646463741837,0.5232680850386913,-10269.264650301237,-95.26384428235136,0.1367450710363139,70799
homogeneous,3.0,101,iei_400,62.0,1.0042727811151535,2.595720479027312,0.831695323068367,40486,0.9998765005186978,4.292199772760954,32,1.2516577982095942,0.2647262106314824,-6424.368203004883,-73.39390612830559,0.13208821495986836,40481
homogeneous,3.0,102,iei_float,54.275407896563586,0.8578337829834836,3.1954683851399754,0.8313564296031873,48546,0.9999588019610266,3.554587401639682,35,1.3963047870659313,0.33032222940593836,-7996.809967151876,-84.66713017934369,0.1399314602305713,48544
homogeneous,3.0,102,iei_100,38.0,0.6022074798261949,3.688956172977028,0.865762484949752,70860,1.0,2.435238498447643,22,1.7359343225147779,0.5287125517530062,-10117.398020518427,-93.93303348840561,0.1357315578037746,70860
homogeneous,3.0,102,iei_400,62.0,0.9866097828841768,2.658347052255703,0.820804046047827,40543,0.999778013467183,4.256246454381768,42,1.2569752643092489,0.2675825397848174,-6545.366447904295,-75.66966737489147,0.1340985748521086,40534
homogeneous,3.0,103,iei_float,53.934153635512,0.8695794041831174,3.0620756925920216,0.8371199769491546,48709,0.9999178796526309,3.5615389353096965,35,1.3946270270960763,0.32968523667029337,-8050.727666973716,-84.45134691725882,0.14093981679490197,48705
homogeneous,3.0,103,iei_100,37.0,0.5991868381240545,3.828109432476967,0.8791364805170055,72088,1.0,2.4064892908667184,26,1.74716088230325,0.5370713331416832,-10309.494330567823,-95.60204398372086,0.1360969922688257,72088
homogeneous,3.0,103,iei_400,62.0,0.9954077727697933,2.619610235062713,0.8291091653638349,40459,0.9997528362045528,4.287772807039225,35,1.252432613175431,0.2653135837580065,-6461.311214580178,-74.37798350677004,0.13378220505307326,40449
homogeneous,3.0,104,iei_float,54.00625825033001,0.8718885590317424,3.165095532072664,0.8263976045053372,48628,0.9999588714320967,3.5684790655589373,36,1.3941762344924467,0.3287940732082396,-7940.109516224861,-83.20650884347445,0.13996544840087305,48626
homogeneous,3.0,104,iei_100,37.0,0.5953732159354437,3.63508231921375,0.8680494167224646,72201,1.0,2.4034016149360813,21,1.7500609596076107,0.537985188319275,-10165.06525354372,-94.54729744706235,0.1336520643742407,72201
homogeneous,3.0,104,iei_400,62.0,1.0019377395846498,2.5924650430673424,0.8259735625666417,40638,0.999778532408091,4.270092032088193,49,1.2580940264300704,0.26658395836776017,-6347.414040402272,-71.7233305927956,0.13280198185289133,40629
homogeneous,3.0,105,iei_float,53.8972299318423,0.8662197514715501,3.242298072032252,0.8372927393023388,48834,0.9999590449277143,3.5567022975795552,38,1.3949136703482647,0.3300920714405825,-8110.530110737707,-85.35072521740571,0.1417348108780473,48832
homogeneous,3.0,105,iei_100,37.0,0.5904292618212831,3.7441810610314477,0.8677252320517388,72350,1.0,2.4006634416033172,21,1.751221717223002,0.5387982697215974,-10180.343579588118,-94.03269414939608,0.13519931872713142,72350
homogeneous,3.0,105,iei_400,61.0,0.9834053942763022,2.776637113607502,0.8104732311370502,41504,0.9997590593677718,4.1848496530454895,45,1.269687674149596,0.2730111726199871,-6750.669012156922,-77.3783208438587,0.13468454688839052,41494
homogeneous,3.0,106,iei_float,53.983495640188174,0.869556701703989,3.0467444539754167,0.8522762311613472,48668,0.999958905235473,3.5686282567600887,34,1.3941481127761808,0.32877309549859357,-7945.590927929979,-82.64234288451692,0.13953335837065445,48666
homogeneous,3.0,106,iei_100,37.0,0.594008694008694,3.670897387467472,0.8756099394164171,72132,1.0,2.4077801807796817,23,1.7493352343887363,0.536690211708569,-10055.710352136372,-92.62052436337284,0.1328005046914466,72132
homogeneous,3.0,106,iei_400,62.0,0.9879335077208674,2.589811859882583,0.8423654008801953,40584,0.9997782377291543,4.279469741770156,41,1.2547487239264807,0.2658955036610826,-6432.5466301358,-73.8626519753229,0.13143921054177893,40575
homogeneous,3.0,107,iei_float,54.03286901711715,0.8695935807945724,3.1400756815429363,0.8387629495640506,48470,1.0,3.5727872911079017,30,1.392832798497425,0.32818333998458815,-7921.4855772237215,-83.07012906900782,0.13856697038477794,48470
homogeneous,3.0,107,iei_100,38.0,0.6092400271765506,3.548833553922389,0.8595306942227757,70671,1.0,2.4504110596991695,20,1.730342294227297,0.5244075426777941,-10059.052119373253,-93.60556224412521,0.1354038828735183,70671
homogeneous,3.0,107,iei_400,62.0,0.9914850566960334,2.5637881412853907,0.8441393589167187,40433,0.999777409541711,4.282961937031633,40,1.2557058996585315,0.26562561172138277,-6312.958372084287,-71.87924354016047,0.1301195663186223,40424
homogeneous,3.0,108,iei_float,54.18354048509714,0.8745041940308212,3.0999621606823036,0.8531414531771382,48516,0.9999793882430539,3.559135130678539,34,1.3955514670163236,0.32975062019267365,-7962.892528112131,-83.76512395398225,0.13850686090779596,48515
homogeneous,3.0,108,iei_100,37.0,0.5884800783309483,3.793500602260021,0.8749776322037659,72387,1.0,2.385442137400362,23,1.75812753046114,0.5433644121777355,-10114.253459719188,-93.88270884686098,0.1328579378698615,72387
homogeneous,3.0,108,iei_400,62.0,0.9964768056371109,2.675560095116728,0.8284614966068027,40628,0.9995815693610318,4.250147681401989,51,1.2584078376151897,0.26847177653346344,-6605.059830413283,-76.46124161649493,0.13231313074485881,40611
homogeneous,3.0,109,iei_float,54.09136129595616,0.8688632186925702,3.097530688388494,0.8477144998127436,48499,0.9999793810181653,3.5663209550712387,37,1.39327108182467,0.3289668804885003,-8008.850466478106,-84.1759906456592,0.1401711557912948,48498
homogeneous,3.0,109,iei_100,37.0,0.5938665404637955,3.7919042399449863,0.8570073425469037,72005,1.0,2.4020970765919034,20,1.7498646528801718,0.5383722482549527,-10206.94130628047,-94.6732368969988,0.134912900666726,72005
homogeneous,3.0,109,iei_400,62.0,0.9883780115371564,2.693680280108848,0.8211722246470496,40620,0.9998030526834072,4.2580748399803054,38,1.2557516562204274,0.2673824106264566,-6600.004647011459,-76.36953265837677,0.13237700013250117,40612
homogeneous,3.0,110,iei_float,54.082625041354625,0.8647969998369477,3.133076503204674,0.8419675265896585,48700,0.999958932238193,3.5556673511293635,38,1.396530831810642,0.3302091404484555,-7989.5574061958905,-83.79019961452437,0.13993084189483013,48698
homogeneous,3.0,110,iei_100,37.0,0.5939935981924308,3.5774636791478223,0.8806062951871106,72347,1.0,2.3934786514990254,23,1.753585948164746,0.5409437570722919,-10231.902785262702,-94.74104356221822,0.13447072177894814,72347
homogeneous,3.0,110,iei_400,62.0,0.9870951417004049,2.6102194812537767,0.8363720151793055,40557,0.9998520600636142,4.2695712207510415,35,1.2567952058297767,0.2664263132987068,-6387.817350039317,-73.30681392698935,0.13187318976400433,40551
homogeneous,3.0,111,iei_float,54.21470806733144,0.8670848853166045,3.1383054921937372,0.8295511668105895,48608,0.9999794272547728,3.549168861092824,34,1.3966329954542491,0.3308531766562295,-8060.721894234961,-85.09446676811123,0.14112323913504532,48607
homogeneous,3.0,111,iei_100,38.0,0.6033506553944,3.759502419114638,0.8445335690153868,70582,1.0,2.4442209061800457,20,1.7342004212835018,0.5261552272823646,-9908.29608171321,-92.00673189416499,0.13384676398026873,70582
homogeneous,3.0,111,iei_400,62.0,0.9871127529174712,2.5711264238388902,0.848182667364981,40503,0.9997284151791226,4.25938819346715,38,1.2586606745335818,0.2674545043198948,-6421.34737244141,-73.35473154627906,0.13278884760399043,40492
homogeneous,3.0,112,iei_float,53.86206257436161,0.8577091795288383,3.0632241144851697,0.8463051218653455,48810,0.999938537185003,3.566564228641672,32,1.3982362922514948,0.3290518620705595,-7716.1417274591395,-79.58130934663819,0.1362776594714517,48807
homogeneous,3.0,112,iei_100,37.0,0.5949951731056806,3.547538917500369,0.8643635176404598,72158,1.0,2.4125391501981763,19,1.7464346555443822,0.5352899473483117,-10155.681412123633,-93.72110189095511,0.13391370897429988,72158
homogeneous,3.0,112,iei_400,61.0,0.9845851098720892,2.710399154789306,0.81333024256477,41469,0.9996865128168029,4.197930984590899,40,1.269685648542973,0.2721440688376239,-6616.023836832437,-74.86154797222967,0.13402491020128654,41456
homogeneous,3.0,113,iei_float,54.140824136810565,0.8639502536409753,2.977389395983025,0.8526831197274745,48609,1.0,3.560060894073114,29,1.3956233168778116,0.3295794274369592,-7948.298137567549,-82.8880551470314,0.13810113399430268,48609
homogeneous,3.0,113,iei_100,37.0,0.592764099088924,3.585358635276041,0.8659286140432735,72328,1.0,2.3925865501603805,19,1.7556020760747817,0.5412113739279527,-10069.414493768887,-92.76173568807792,0.13359737536303895,72328
homogeneous,3.0,113,iei_400,62.0,0.9947306297951269,2.6902685054398865,0.8037151693649023,40496,0.9997530620308178,4.273286250493876,37,1.2545626088348403,0.2663735859849855,-6500.00940993017,-74.48711574838947,0.13318774847796333,40486
homogeneous,3.0,114,iei_float,53.86769190294536,0.862985016030884,3.141798872987603,0.8323739891925142,48686,0.9999383806433061,3.574929137739802,39,1.3933176403354128,0.32815417990272444,-7917.341861881401,-82.83970416181293,0.13898838144025122,48683
homogeneous,3.0,114,iei_100,37.0,0.5955024249772658,3.853741280492101,0.8600271991184752,72178,1.0,2.4113857408074484,24,1.7473803744277223,0.5356286358209874,-10111.580069847298,-92.9564432703795,0.13444380519609983,72178
homogeneous,3.0,114,iei_400,61.0,0.9682631275245239,2.641887568915995,0.8414883517431261,41391,0.9996617622188398,4.204996255224565,40,1.2694436440997645,0.271636549830895,-6542.609331162747,-74.10341703118578,0.13237433788240863,41377
homogeneous,3.0,115,iei_float,54.06858863045059,0.8679844225545702,3.041044254078083,0.8423662407362505,48663,0.99995890101309,3.560960072334217,32,1.395293080513289,0.3296068748384483,-7984.41438077815,-83.53673245005642,0.14090488706637472,48661
homogeneous,3.0,115,iei_100,37.0,0.591397442687448,3.7187230147646964,0.8813228357381095,72234,1.0,2.3989672453415287,21,1.7524247739182304,0.5393032067988659,-10113.869520973654,-92.72461871610352,0.1341471693568348,72234
homogeneous,3.0,115,iei_400,62.0,0.992318406280336,2.6011543561144372,0.8431848907958102,40584,0.9996303962152573,4.269835403114528,46,1.2554339282360711,0.26695765695268203,-6548.841405553049,-75.37909421170635,0.13350197556766108,40569
homogeneous,3.0,116,iei_float,54.275389219746664,0.8700281763973527,3.2117159966912907,0.8300485178039549,48463,1.0,3.5552689680787406,30,1.395678833667743,0.33010815167576946,-7997.070625505812,-84.45652340296917,0.1405016069657784,48463
homogeneous,3.0,116,iei_100,38.0,0.6028448728163075,3.6368760390362587,0.8526208711291897,70601,1.0,2.440461183269359,21,1.7359215710851128,0.5272225489185394,-9886.955594127603,-91.2707333544458,0.13400141499894913,70601
homogeneous,3.0,116,iei_400,62.0,1.0030047575327603,2.6387058134303327,0.8392271350490013,40611,0.9998522567777203,4.242668242594371,37,1.2583953575259006,0.26841448008165103,-6596.378638632828,-76.16110842860517,0.13338442112823834,40605
homogeneous,3.0,117,iei_float,54.20343315630244,0.860795547552791,3.0481156504975933,0.8310043247922949,48699,1.0,3.5537074683258383,29,1.3969312710395538,0.33028080481724376,-7971.480953118503,-84.25964394576395,0.1405054396180085,48699
homogeneous,3.0,117,iei_100,37.0,0.5907582044511505,3.7164328008779766,0.8494431295677001,72322,1.0,2.392937142225049,20,1.7554175421152376,0.5411061692937662,-10072.670115219678,-93.37727686476353,0.1343972741836763,72322
homogeneous,3.0,117,iei_400,62.0,0.9864977844661817,2.6625734237911582,0.8279612605931487,40753,0.9997055431501976,4.2466076117095675,35,1.2618574523830066,0.2684315921460624,-6417.538577616216,-73.74845443405982,0.13267437523951575,40741
homogeneous,3.0,118,iei_float,54.095402998018585,0.8592331308380691,3.18952451597172,0.8326935336472423,48711,0.9999794707560921,3.5509638480014782,39,1.3990318638729793,0.33066527180855887,-7878.777742074393,-82.57198263844172,0.13891215121003003,48710
homogeneous,3.0,118,iei_100,37.0,0.5925674912459054,3.862850801747007,0.8886896562597005,72316,1.0,2.3918773162232423,24,1.7557452134627756,0.5414243269144927,-10081.693319360982,-92.79437812203314,0.13405068329359576,72316
homogeneous,3.0,118,iei_400,62.0,0.9846050307058131,2.6406078731489195,0.8274180354650484,40716,0.9996561548285686,4.248231653404067,38,1.262144553756892,0.26841833879872223,-6392.574249401942,-72.96892773807275,0.13135087479151125,40702
homogeneous,3.0,119,iei_float,54.29114604407351,0.8681455714895153,3.126620967835838,0.8320391686984321,48517,0.9999587773357792,3.554382999773275,34,1.3944729876827058,0.33033808940672527,-8124.942539329702,-86.14008660244718,0.14172828551444633,48515
homogeneous,3.0,119,iei_100,38.0,0.6048642248490848,3.4817546892632665,0.8724140901794842,70733,1.0,2.438013374238333,20,1.735229543054741,0.5279198241781753,-10062.756280889229,-93.4932970069463,0.13562973908646853,70733
homogeneous,3.0,119,iei_400,62.0,0.9966721428872319,2.690638269596513,0.8242688695326749,40621,0.9998522931488639,4.245291844120036,35,1.2578970484638798,0.26821121253925473,-6597.233447720409,-76.411831551007,0.13434854937627766,40615
uniform,3.0,100,iei_float,4.512880949954133,0.9872775840992439,2.437876917466392,0.8862737000118586,38455,0.9986477701209205,4.189702249382395,86,1.2751927448217355,0.27555730571519343,-6289.674029058047,-70.91647313582334,0.13628609273075626,38403
uniform,3.0,100,iei_100,4.0,0.8892210111909015,2.839980105701534,0.8853556640759227,44167,0.99927547716621,3.647859261439536,75,1.3808165639037906,0.3227778304072274,-7269.784241600465,-76.87518935889942,0.1399883722842521,44135
uniform,3.0,100,iei_400,5.0,1.11584251619691,2.1965685809642723,0.8607823871865872,32968,0.9972094151904878,4.887011647658335,70,1.162800976528116,0.2325979161177269,-5264.0988238750015,-67.64458275680734,0.1294609259592727,32876
uniform,3.0,101,iei_float,4.493490748674982,0.9815023685991427,2.5099760897766576,0.8670475530853381,38419,0.998958848486426,4.208464561805357,58,1.2721701985044245,0.27336978874144935,-6155.1979316947245,-70.29307816859368,0.13354547798256278,38379
uniform,3.0,101,iei_100,4.0,0.887256514271096,2.776861093031404,0.8850981585121981,44062,0.9994553129680904,3.6694884480958647,46,1.3774202192553044,0.3197514711974466,-7064.756567178126,-73.74823676478321,0.138983247808471,44038
uniform,3.0,101,iei_400,5.0,1.0916722259283966,2.190378713227997,0.8533479788939466,32878,0.9970192834113997,4.917726139059553,71,1.1626776444607128,0.23111762975106143,-5055.6702183808875,-64.38982012777312,0.12442603348610218,32780
uniform,3.0,102,iei_float,4.469958335450435,0.9804551539491299,2.5251895591802116,0.8792208621970403,38942,0.9985362847311386,4.150120692311643,77,1.2818147929622494,0.279095882800785,-6480.063202234262,-73.97544430162664,0.13846406277060502,38885
uniform,3.0,102,iei_100,4.0,0.8927098674521355,2.8362907453720467,0.8822613279198717,44165,0.9992980867202536,3.6593229933205027,72,1.3761898200509162,0.32148795001734676,-7395.449487152977,-78.37379133655209,0.14243100052806895,44134
uniform,3.0,102,iei_400,5.0,1.1097588084917194,2.207357746699506,0.8567784503700822,33117,0.997614518223269,4.8800917957544465,131,1.1627520850486714,0.23254118981443983,-5284.628633786574,-67.60632693694062,0.1279434478942471,33038
uniform,3.0,103,iei_float,4.477324032974002,0.9682298192231967,2.5227823296813745,0.8752333922693517,38961,0.9984599984599984,4.1552834886168215,75,1.2854745226357043,0.2788309813110019,-6240.061316256875,-70.58545488388977,0.13622555703311814,38901
uniform,3.0,103,iei_100,4.0,0.8834630208712093,2.7743979404932464,0.8928631015317332,44382,0.9992564553197242,3.647740074805101,61,1.383305580511534,0.322862095490552,-7154.255310440883,-74.47990321862876,0.14016548574767718,44349
uniform,3.0,103,iei_400,5.0,1.0914355043291237,2.2295166584630404,0.8561446098603553,33269,0.9966335026601341,4.866211788752292,78,1.1742244070600751,0.23518426854954394,-5129.7872767037,-65.14632446222113,0.1264515742817376,33157
uniform,3.0,104,iei_float,4.504536165173711,0.9843869516310462,2.480714644643124,0.8793319750869354,38478,0.9987265450387234,4.191226155205572,61,1.2755131737730192,0.2753909093694151,-6253.4424416960155,-71.10281664798448,0.1354423978960815,38429
uniform,3.0,104,iei_100,4.0,0.8859334853255166,2.7727020241212776,0.8943515480277616,44363,0.9994139260194306,3.6352365710163874,56,1.3858103945622968,0.32364532961373815,-7095.010195019294,-73.50623691221148,0.1381784627308107,44337
uniform,3.0,104,iei_400,5.0,1.0959784639050654,2.196680212025066,0.861441801145667,33174,0.9973473201905106,4.861337191776693,69,1.1696447277010389,0.23408311905354662,-5182.59024990009,-65.45487493315878,0.12526252872756322,33086
uniform,3.0,105,iei_float,4.460395568717224,0.9730892488695728,2.589079579780572,0.8668356731815368,39036,0.9986678963008505,4.147351163028999,86,1.2856063667381026,0.279095535213136,-6282.045089652969,-71.74607576047093,0.13218759732975488,38984
uniform,3.0,105,iei_100,4.0,0.8759751805217896,2.824299905598245,0.8845513425411632,44364,0.9993463168334685,3.6492651699576233,52,1.3849544632227317,0.32233638399589504,-6973.379030376613,-72.8815155618074,0.13471490269684833,44335
uniform,3.0,105,iei_400,5.0,1.0864374140302613,2.215128184671018,0.8531339240308993,33077,0.9970372161925205,4.894518849956163,70,1.1704595656839718,0.23270922973551184,-4943.7627136090405,-62.740458237095076,0.12041780262983473,32979
uniform,3.0,106,iei_float,4.489438717938965,0.9804245810055866,2.5345101522111824,0.8729133047074283,38715,0.9984760428774376,4.1826940462353095,71,1.2783276262371448,0.2767930733380646,-6324.440017282473,-72.45050686042455,0.13567747070901837,38656
uniform,3.0,106,iei_100,4.0,0.8897291401563352,2.810571687005337,0.8894146817865416,44337,0.9991429280285089,3.6523219884069738,62,1.3816500552538802,0.3228069151337397,-7246.483074171204,-76.0575272448764,0.14095605423634627,44299
uniform,3.0,106,iei_400,5.0,1.1077735599933982,2.2313642036897803,0.8512248505887365,33082,0.9969469802309413,4.8948975273562665,61,1.1648448477821898,0.23289353982243505,-5226.944176730693,-67.18588993451927,0.12746747514861734,32981
uniform,3.0,107,iei_float,4.472958938115865,0.9812386075667986,2.5054436188752116,0.8776520237200851,38897,0.9985603002802272,4.167339383500013,83,1.2801625530591263,0.277684040519779,-6373.319315150817,-72.23609738669707,0.1368397591729,38841
uniform,3.0,107,iei_100,4.0,0.8799781181619256,2.7763513387876713,0.8931282054351458,44528,0.999393639956881,3.6403386633129715,63,1.383268317318242,0.3231180132077498,-7215.961997456463,-74.92051492118632,0.13999942632743267,44501
uniform,3.0,107,iei_400,5.0,1.1044368980682515,2.188703783170787,0.8587691600565319,33055,0.9972167599455453,4.903857207684163,83,1.1623807677853666,0.23168165521385192,-5173.7380677550855,-65.98758104795786,0.12659313234469005,32963
uniform,3.0,108,iei_float,4.494845032977796,0.980802009509285,2.558250624975926,0.8683624583018665,38636,0.9985505745936433,4.177347551506367,93,1.2788792191048035,0.2770581617123449,-6317.231585951498,-72.68452759031287,0.13595268073556546,38580
uniform,3.0,108,iei_100,4.0,0.8823443437591347,2.797870490933857,0.8899199731981045,44393,0.9995044263735273,3.6356182280990246,67,1.383764758164089,0.3233125111136401,-7188.830911243922,-74.94337793279858,0.13984447609434142,44371
uniform,3.0,108,iei_400,5.0,1.0984527283739882,2.2446447753945153,0.8461703537961591,33285,0.99735616644134,4.848910920835211,93,1.1713245804772736,0.23479964461692038,-5218.718167422169,-66.14675000868387,0.12645637599271253,33197
uniform,3.0,109,iei_float,4.505309503661617,0.9858175006689858,2.577108034882781,0.8631696394836947,38608,0.9985754247824286,4.179496477414007,84,1.2774884543983251,0.27666243402328283,-6336.695021122797,-73.13404186838245,0.13413172608687346,38553
uniform,3.0,109,iei_100,4.0,0.8832925600805871,2.830299513732487,0.8892791194493384,44566,0.9993492797199659,3.6207422698918457,105,1.3887450506884296,0.32549789135259577,-7185.511320230017,-75.25824318259087,0.13757306208252845,44537
uniform,3.0,109,iei_400,5.0,1.1075345081564734,2.2208399551959443,0.8540856049827757,33169,0.9973469203171637,4.864843679339142,120,1.168578266071469,0.23369054537184203,-5178.19063328236,-65.85007729293241,0.12515234860090052,33081
uniform,3.0,110,iei_float,4.473315042801112,0.9858716900657544,2.5104555863073945,0.876815831037771,38762,0.9987358753418296,4.179325112223312,84,1.2787527606454905,0.276388975634725,-6254.683844704284,-71.17965340534968,0.13418249622035594,38713
uniform,3.0,110,iei_100,4.0,0.891439205955335,2.811345199766732,0.8848282898929681,44274,0.9992772281700321,3.659009802592944,57,1.3810402119587994,0.32163883640599544,-7118.750081261671,-74.79135968364332,0.13984093071241444,44242
uniform,3.0,110,iei_400,5.0,1.1023186320624205,2.2336075176284864,0.8472026726290555,33104,0.9969490091831803,4.893638231029483,84,1.167010264609198,0.23314502942825943,-5164.769701988818,-66.07127929666626,0.12661284309879306,33003
uniform,3.0,111,iei_float,4.524877596509834,0.9868908778591448,2.4728405602608468,0.881504803503377,38565,0.9990146505899131,4.191520809023726,56,1.2719084538632384,0.27444080240724744,-6340.486524383443,-72.3676649394729,0.1370157341719429,38527
uniform,3.0,111,iei_100,4.0,0.8851996527777778,2.905889062722187,0.8691745782062066,44627,0.9995742487731643,3.622156990162906,59,1.3847475672425222,0.3243392345974744,-7302.208069552824,-77.05438710486479,0.14102623299146605,44608
uniform,3.0,111,iei_400,5.0,1.1000055099454515,2.2108269440551465,0.858561552007711,33293,0.9978373832337127,4.855254858378638,83,1.16613983779021,0.23327638092348868,-5256.950263471998,-67.05741513351936,0.12728837135166074,33221
uniform,3.0,112,iei_float,4.477904408965149,0.9855624446412755,2.566136274433734,0.8646179466010411,38987,0.9986918716495242,4.149126631954241,85,1.2834841807790216,0.2787484390196948,-6346.873814563955,-72.3305399000994,0.13615150298447887,38936
uniform,3.0,112,iei_100,4.0,0.8863710881999344,2.8714588578159073,0.8789875894870199,44347,0.9993686156899001,3.647642456084966,49,1.3822404605647751,0.32242434142249377,-7159.515479554132,-75.58913093755227,0.13859830927104422,44319
uniform,3.0,112,iei_400,5.0,1.0939464108501489,2.2085429244280514,0.8464712616432543,33105,0.9974928258571213,4.886331369883703,78,1.1671727236572185,0.23217854661372678,-5029.941138000571,-63.570081593559905,0.12463313880734689,33022
uniform,3.0,113,iei_float,4.471305672835783,0.9721854304635762,2.546269591618024,0.8724525751267144,38933,0.9984332057637479,4.1533660390928,72,1.2857277741575412,0.27924503853220706,-6277.491897300304,-71.21965739682858,0.13590193862691005,38872
uniform,3.0,113,iei_100,4.0,0.8838222480395005,2.8378294650854716,0.8816835774407539,44362,0.9990983273973221,3.645079121770885,52,1.3853018350123119,0.3236999531836009,-7133.103668784233,-74.7171785755376,0.13980632740975718,44322
uniform,3.0,113,iei_400,5.0,1.0860599395105857,2.197616284169119,0.8601574355758864,33074,0.9968555360706295,4.8891274112596,83,1.17081537586561,0.23360759879689824,-5046.794664835844,-64.00748780526267,0.12575025390306896,32970
uniform,3.0,114,iei_float,4.488183544303798,0.9794141287844959,2.58249050015971,0.8662220836747392,38954,0.9986650921599836,4.163320839965087,73,1.2812844652299287,0.27769650491567055,-6321.750351106837,-72.7413654974864,0.13436566166779665,38902
uniform,3.0,114,iei_100,4.0,0.8903286863465948,2.895337577238657,0.8771724619642256,44314,0.9992553143476103,3.65974635555355,54,1.3790556347978526,0.321505466163281,-7236.037621895453,-77.22882893931221,0.13885231051016095,44281
uniform,3.0,114,iei_400,5.0,1.1030464458132179,2.2357432831100903,0.8482846667624858,33063,0.9970964522275656,4.9051205274778455,68,1.1621346293879622,0.2317472462616897,-5194.502874875285,-67.0867542467085,0.12633814661853976,32967
uniform,3.0,115,iei_float,4.473051417526593,0.9731102084069233,2.5258163804370577,0.8777820949996092,39043,0.9985400712035448,4.136157569858874,71,1.2898992596459617,0.28024322112518807,-6195.703433556841,-69.98833906506846,0.13526003746247206,38986
uniform,3.0,115,iei_100,4.0,0.8854945293034341,2.797717963652311,0.8875155437695862,44438,0.9993474053737792,3.6340069310049956,66,1.3873943757120113,0.32419973656229983,-7078.078762054893,-73.57349690437546,0.1401978951961385,44409
uniform,3.0,115,iei_400,5.0,1.0830989798731734,2.2078683391997656,0.8596741834366455,33175,0.9970761115297664,4.867761868877166,117,1.1716920468695182,0.23425191479817337,-5109.511160290527,-64.80373009327926,0.12552852134042874,33078
uniform,3.0,116,iei_float,4.466623823673511,0.9810432852386237,2.6325628510917256,0.8541008450422116,38862,0.9985075394987392,4.152230971128609,69,1.283822465134337,0.2790424021612795,-6346.280960017607,-73.12526695869764,0.13485776006501468,38804
uniform,3.0,116,iei_100,4.0,0.8931406102089856,2.850971234320259,0.8799846238402178,44286,0.9993225850155806,3.6436797181953664,66,1.3804892284065229,0.32300825257232124,-7342.123610080733,-77.6061032479172,0.14060793902439966,44256
uniform,3.0,116,iei_400,5.0,1.0983861128057235,2.198181798325744,0.8581446628605911,32931,0.9971759132732076,4.9000637697002825,81,1.1619439983359232,0.23194394359196013,-5209.324929731095,-66.82666597863523,0.12608600432722314,32838
uniform,3.0,117,iei_float,4.465502449812213,0.9756904102243275,2.6016008728594917,0.8668536288483648,39030,0.9983089930822444,4.139046887009992,65,1.2848063585767715,0.28052620227212843,-6518.817716014582,-74.9746514607038,0.1373230493021407,38964
uniform,3.0,117,iei_100,4.0,0.890094581714202,2.8535028437936094,0.8787747999306994,44297,0.9992776034494435,3.64690611102332,69,1.3812245767585,0.3227038145660619,-7254.657698709414,-76.37284505605474,0.14011570345684482,44265
uniform,3.0,117,iei_400,5.0,1.111591072714183,2.2511663146035654,0.8525859273475533,33255,0.9968726507292136,4.857825890843483,63,1.168937067702723,0.23500836658439878,-5349.9657562064285,-68.69828044842771,0.12858574462523248,33151
uniform,3.0,118,iei_float,4.466227640829403,0.9774246381302288,2.5255169322063136,0.8780356817841829,38887,0.9986885077275182,4.152878854115771,78,1.2813342645669454,0.27834082914216896,-6396.152702765247,-73.10258785169782,0.1355759874722835,38836
uniform,3.0,118,iei_100,4.0,0.8878048780487805,2.8598590057432927,0.8829885592738734,44335,0.9992782226232096,3.6425623096876056,60,1.3809214103826815,0.32325260792840926,-7354.80841298062,-78.09842109529328,0.14105163222646405,44303
uniform,3.0,118,iei_400,5.0,1.0965346534653466,2.2615729510238602,0.8502129394381752,33131,0.9968911291539646,4.87437747125049,77,1.167860187150099,0.2340912230041019,-5256.776064159713,-68.0166168668687,0.12547923806731834,33028
uniform,3.0,119,iei_float,4.446555623839784,0.9834127404270337,2.547639930237107,0.8676376351736295,38962,0.998665366254299,4.158744417637698,65,1.2805495047908355,0.278139328905081,-6425.086057023699,-73.12604769625833,0.1353798497694456,38910
uniform,3.0,119,iei_100,4.0,0.8873337741532584,2.7561427130785243,0.8907143115377845,44098,0.9994784343961177,3.6743843258197653,53,1.373027373295118,0.3192134853667391,-7281.965627901383,-76.40392995533347,0.14018017755369871,44075
uniform,3.0,119,iei_400,5.0,1.1038824181919025,2.219402688057982,0.8552955127547162,33007,0.9969097464174266,4.90904959554034,70,1.1634659909586933,0.2321899890375027,-5183.451031485589,-66.75144402250206,0.1245912398695837,32905
mixed,3.0,100,iei_float,4.425828243884131,0.6397236287918224,1.9343934566927519,0.9829254262008462,31303,0.9805449956873143,4.81640737309523,304,1.5518390889653393,0.33289429772533485,1681.6456308177897,14.26806102974223,0.06663632882927184,30694
mixed,3.0,100,iei_100,4.0,0.6207721359630718,1.982860847227042,0.981437108597377,34240,0.9841705607476635,4.403271028037383,304,1.5893891827858315,0.35087160397028405,1913.2255771968819,15.178635374888636,0.06487801918743996,33698
mixed,3.0,100,iei_400,5.0,0.6888645090510148,1.8735376586744654,0.9806900529196665,27421,0.9735239415046862,5.498267750993764,304,1.506003661047485,0.3127217070599818,1333.6820459230182,12.311559941729996,0.06744604469215393,26695
mixed,3.0,101,iei_float,4.545228256730647,0.6401165614375911,1.9378705135771632,0.9815520678128823,30315,0.9797789873000164,4.816526472043543,271,1.560348748094155,0.336302993226405,1692.9158336393511,14.461703197146033,0.06519734587046033,29702
mixed,3.0,101,iei_100,4.0,0.6026926141844566,1.99077368037707,0.9859730056990322,34125,0.9846446886446887,4.278769230769231,271,1.6115003301308253,0.3606691907281282,2051.2629033576063,16.047580806006657,0.06382095062675419,33601
mixed,3.0,101,iei_400,5.0,0.6676227068564317,1.8849488258047797,0.9839220975202282,27575,0.9748322756119674,5.295122393472348,271,1.5311508613033435,0.32179850497345286,1567.2660156543463,14.20781916474905,0.0643720973887017,26881
mixed,3.0,102,iei_float,4.503152115919239,0.6383377372087436,1.9588552270441162,0.9806923833649921,30726,0.9810258413070364,4.7715940896960225,297,1.5599729876088961,0.33870337501881576,1490.2742956432348,12.694518052264277,0.06878576988742224,30143
mixed,3.0,102,iei_100,4.0,0.6079566914264132,2.0401157285220024,0.9807680146168576,34082,0.9840384953934628,4.3017428554662285,297,1.6124416389291536,0.3655406708883683,1648.1030014826356,13.067852866014952,0.0686574898626347,33538
mixed,3.0,102,iei_400,5.0,0.6746087999563819,1.8673580863051502,0.9819514455232156,27363,0.9754047436319117,5.358038226802616,297,1.5204282090146979,0.3175020057125907,1494.4887346875992,13.591525141806605,0.06734958181144363,26690
mixed,3.0,103,iei_float,4.607848013129756,0.6481200058826413,1.9523009850842834,0.9815523587051471,30436,0.9806150611118413,4.7611052700749115,329,1.5451360487180725,0.33311029128952707,1327.387947308097,11.493511411180247,0.0707177895347863,29846
mixed,3.0,103,iei_100,4.0,0.6083457773353244,2.005291627546958,0.9833446785965139,34514,0.9860056788549574,4.198557107260822,329,1.6024672790632852,0.3588535626298104,1810.6504015805644,14.239962514802526,0.06858639017412121,34031
mixed,3.0,103,iei_400,5.0,0.6839594514013119,1.8719829273344573,0.9825273311744664,27744,0.976138985005767,5.2230752595155705,329,1.5102354899438897,0.31527703802981777,1302.8066960324509,11.844264603380562,0.07018921883990181,27082
mixed,3.0,104,iei_float,4.564937800117941,0.6306809966745386,1.951349521809564,0.9839971370227057,30523,0.9798512597057957,4.804442551518527,343,1.5660956885773434,0.34138513981263974,1509.2513558675535,12.775641035012178,0.06886351704069965,29908
mixed,3.0,104,iei_100,4.0,0.59644680586111,2.037298867186623,0.9846389867922638,34375,0.9841745454545454,4.266065454545455,343,1.622436225929027,0.3703696247068501,1702.6690351817167,13.317985294996168,0.0702430985459161,33831
mixed,3.0,104,iei_400,5.0,0.662267416702726,1.9300957792779287,0.9800502200011102,27698,0.9751245577298,5.2944616939851255,343,1.5333352055569183,0.32726940423270967,1211.392402293398,11.029832619017979,0.07033148769557984,27009
mixed,3.0,105,iei_float,4.397550111358575,0.6438079111989088,1.9963227834022679,0.9767302834510475,31393,0.9807281878125697,4.823877934571401,310,1.5573561843648722,0.34059573670151,1236.96289042307,10.566812909496992,0.0714280005484948,30788
mixed,3.0,105,iei_100,4.0,0.6073586172176539,2.05390633058855,0.9778729922418976,34299,0.984081168547188,4.415172454007405,310,1.6024135276829892,0.36094630289362684,1599.5861824472452,12.882186632545686,0.06846525755711996,33753
mixed,3.0,105,iei_400,5.0,0.6920782234007292,1.89838443656105,0.9804508623527995,27444,0.9746028275761551,5.518000291502696,310,1.5054738923101798,0.31519381024542126,1108.2807001336862,10.316896069167763,0.07302486758176252,26747
mixed,3.0,106,iei_float,4.401109019479456,0.6480844446538806,1.969394881268518,0.9809676842363539,31222,0.9813913266286592,4.829703414259177,299,1.5579491959428875,0.33822495753953874,1468.3650058629603,12.518150341411449,0.06900895983117039,30641
mixed,3.0,106,iei_100,4.0,0.6161879895561357,2.0183970855615465,0.9815851587667416,34042,0.9847835027319194,4.4296163562657895,299,1.5971138014582014,0.356256296800623,1768.659933429232,14.213847103697894,0.06657969038644207,33524
mixed,3.0,106,iei_400,5.0,0.6829106945975745,1.8823575201291975,0.9818491597539577,27342,0.9751664106502816,5.515068392948577,299,1.5109424501798099,0.3150141552830432,1331.9739765933994,12.301104358153262,0.06710841169242365,26663
mixed,3.0,107,iei_float,4.554397545425117,0.6321173518625748,1.9600693189955858,0.97996433098975,30413,0.9788906059908592,4.810903232170453,357,1.5690853254327966,0.3425574573575617,1529.465472392469,12.94448862717802,0.06705138262962107,29771
mixed,3.0,107,iei_100,4.0,0.5950622406639005,2.036870413674702,0.9811492239301668,34392,0.9843277506396837,4.254303326354966,357,1.6226923592982292,0.3694728204804344,1797.008530241462,14.034690789078455,0.06742238018831248,33853
mixed,3.0,107,iei_400,5.0,0.6746331463098835,1.910695727127058,0.9809177520498891,27656,0.9757737923054671,5.290497541220712,357,1.529874016780651,0.3245924479535187,1293.5413262101235,11.7423028119189,0.06988851933552231,26986
mixed,3.0,108,iei_float,4.467082961641392,0.6380662642011694,1.9715345016403705,0.9815006929293003,31058,0.9798763603580398,4.825938566552901,368,1.565577838442005,0.3419671785011179,1461.953000202906,12.389974437732763,0.06891341233524628,30433
mixed,3.0,108,iei_100,4.0,0.6025255059374477,2.0424864582338134,0.9806945916822053,34371,0.9838817607867097,4.360769253149457,368,1.61290710378921,0.36474598822850157,1756.7470303855246,13.938823057743152,0.06678763206833521,33817
mixed,3.0,108,iei_400,5.0,0.6674523130892348,1.9033020004880858,0.9799994364567791,27586,0.9751323134923512,5.433335750018125,368,1.5190997886903848,0.31874130264768663,1351.123471240871,12.464032893372028,0.06757292591130021,26900
mixed,3.0,109,iei_float,4.552692407069882,0.645405457525793,1.970895156050002,0.9789872522890017,30836,0.9805746530029835,4.780224413023738,365,1.5535488084836597,0.3370769085520341,1358.7521750284227,11.679127654310138,0.06977953106425738,30237
mixed,3.0,109,iei_100,4.0,0.6106424132680357,2.062301597587513,0.9778564354943613,34781,0.9857105891147465,4.2380322589919786,365,1.6085780213797616,0.36398771512741734,1640.9954136391816,13.088565677970449,0.06876186621166641,34284
mixed,3.0,109,iei_400,5.0,0.6797901681899302,1.9027442697880779,0.9788798331778916,27763,0.9760112379786046,5.3093325649245395,365,1.5181344220352013,0.3191885939382697,1285.5871730284161,11.767410751841453,0.06921749521505138,27097
mixed,3.0,110,iei_float,4.517468905909634,0.6266730861819932,1.9550758993966058,0.9835108786833813,30645,0.9798988415728503,4.780094632077011,295,1.5765322387047451,0.3464760303448424,1526.4002659127614,12.74294032962697,0.07073082769661926,30029
mixed,3.0,110,iei_100,4.0,0.5955295592228953,2.018217788958024,0.983251351356333,34153,0.9847451175592188,4.289110766257723,295,1.6253011890410907,0.36923302760124277,1930.665874338685,15.013118769411296,0.0671005519596683,33632
mixed,3.0,110,iei_400,5.0,0.6698246760317978,1.9010383815054803,0.9797538956630119,27451,0.9755200174857018,5.336271902662927,295,1.529047678093141,0.3236950053914819,1324.624277599887,12.003882007143318,0.06890017259800452,26779
mixed,3.0,111,iei_float,4.512170767812753,0.6489576328177539,1.9640164196137508,0.982628412237448,30562,0.979942412145802,4.823048229827891,321,1.563788449491751,0.33999343128948223,1532.7146803026285,13.144094239884483,0.06869757257235354,29949
mixed,3.0,111,iei_100,4.0,0.6126269168094263,2.0719494941592944,0.977826443810509,34237,0.9841691737009668,4.305342173671758,321,1.6118087321503776,0.3653386238130105,1643.9817109080739,13.281578533702325,0.06829338564950893,33695
mixed,3.0,111,iei_400,5.0,0.6757213767523046,1.8975850056402042,0.9771542350701842,27520,0.9763081395348837,5.356177325581395,321,1.515694799438661,0.31603815142231784,1441.9994612712064,13.365421770501756,0.06587046799371754,26868
mixed,3.0,112,iei_float,4.4457814756240115,0.6312289202413187,1.9923811742079491,0.9794977482503153,31223,0.9802389264324376,4.793453543861896,335,1.568778976405346,0.343946346696273,1436.7140188217825,12.251736230652384,0.07122530540843586,30606
mixed,3.0,112,iei_100,4.0,0.6027667984189723,2.0607586336739048,0.9751985095923366,34306,0.9829767387628986,4.362677082726054,335,1.6125567114376285,0.3658817195468582,1631.6087927412186,13.027068759620176,0.07033355172698369,33722
mixed,3.0,112,iei_400,5.0,0.6759381171823569,1.8990589189301792,0.9799499621438297,27506,0.9741147386024868,5.441212826292445,335,1.5241516360841079,0.32148106824820966,1316.3462854658685,12.023250088014125,0.06991145017616479,26794
mixed,3.0,113,iei_float,4.42668888934057,0.6367579801027865,1.97302137734915,0.9811139703543494,31386,0.9802778308800102,4.836519467278404,310,1.5581850442522143,0.33801751875226327,1503.4705264833358,12.833051947729079,0.06773806093168372,30767
mixed,3.0,113,iei_100,4.0,0.605249916135525,2.0307986202825834,0.9814437693669915,34260,0.9833917104495038,4.430793928779918,310,1.6048489581882581,0.360912629099192,1716.3480830324493,13.670213567676276,0.06719531102956555,33691
mixed,3.0,113,iei_400,5.0,0.6845969759599695,1.870137967611874,0.9835382937375434,27518,0.9742713860018897,5.516352932625917,310,1.5135417640947129,0.3153552500610409,1412.0919129286606,12.903333573773535,0.06700106790584603,26810
mixed,3.0,114,iei_float,4.437849713363771,0.6318576471710715,1.9623115953538453,0.9806461064072055,31099,0.9797742692691084,4.81922248303804,312,1.565490705290559,0.34085325524456156,1557.9987494370318,13.160481836257704,0.06828375419247357,30470
mixed,3.0,114,iei_100,4.0,0.6146502196688071,2.0374172691915966,0.9806378950599653,34167,0.9835221119793953,4.3864840343021045,312,1.600565672139945,0.3598977512175745,1600.7062850326465,12.85429094292975,0.06949744349459047,33604
mixed,3.0,114,iei_400,5.0,0.6837663412212477,1.9162101230194943,0.977978918811251,27402,0.9741259762061163,5.46941829063572,312,1.5125074554960012,0.31808590908522716,1139.1118745895665,10.613292550710685,0.07065447398069952,26693
mixed,3.0,115,iei_float,4.441474038236226,0.6307121096725057,1.973901692635605,0.9796598225693484,31082,0.980374493275851,4.803165819445338,346,1.5647677177190555,0.3413173278378042,1485.5376595449002,12.615967962153748,0.06983870058603636,30472
mixed,3.0,115,iei_100,4.0,0.6028368794326241,2.0130343158360775,0.9834253420852428,34203,0.984416571645762,4.364880273660205,346,1.6099317351590816,0.3617956092175031,1876.9803644264205,14.805752023077156,0.06703839278340962,33670
mixed,3.0,115,iei_400,5.0,0.6717553044915955,1.9156245418730329,0.9776337233391825,27387,0.9743674005915215,5.451199474203089,346,1.517136852272552,0.31890263273570585,1250.9295429045828,11.656787849809534,0.07012482974531015,26685
mixed,3.0,116,iei_float,4.636424230262026,0.6613684159045337,1.9683809453785064,0.9790946162759322,30113,0.9809052568658054,4.772556703085046,264,1.553987794760646,0.33748310712902363,1310.9382640231777,11.357337715722554,0.07108806269306855,29538
mixed,3.0,116,iei_100,4.0,0.6010526748632756,2.0438327497750572,0.9832088204050089,34521,0.9858636771820052,4.163147069899481,264,1.6213992658527037,0.3691585912506852,1772.98135636902,13.91363235883052,0.06765182051010094,34033
mixed,3.0,116,iei_400,5.0,0.6861938104655514,1.9209404137497685,0.9784254774411525,27795,0.9774779636625293,5.170570246447203,264,1.5261924447877018,0.3233534919774732,1259.7084598139224,11.516847672203653,0.07106662034902383,27169
mixed,3.0,117,iei_float,4.515894889650965,0.6405166228175078,1.9794823535607755,0.9791420322939538,30783,0.9804762368839944,4.767598999447747,308,1.562555786873082,0.3411078728930247,1393.7030903374923,11.934822955625501,0.0703887986263339,30182
mixed,3.0,117,iei_100,4.0,0.6046453127620325,2.052265051644152,0.979009553507604,34245,0.9844356840414659,4.285618338443569,308,1.612386042734494,0.3653809129944804,1668.5410806349767,13.304712492357302,0.06815819517848576,33712
mixed,3.0,117,iei_400,5.0,0.6703788623212141,1.914781049751095,0.9820986287859392,27589,0.975569973540179,5.319547645800863,308,1.524476670352895,0.3239185733794062,1134.6263276862055,10.335925281914976,0.07072251620902781,26915
mixed,3.0,118,iei_float,4.468144196661809,0.655073708315443,1.9919473230349736,0.9774279643693029,31081,0.9791512499597825,4.814516907435411,326,1.5540110802915077,0.3387570322103747,1238.5694591883416,10.681371401533301,0.07164844547044796,30433
mixed,3.0,118,iei_100,4.0,0.6281168667618168,2.0175499222803737,0.9829653845497256,34396,0.9838644028375393,4.350505872775904,326,1.598097930657362,0.3592704293144753,1551.4280434759835,12.271515857061033,0.07157897561235782,33841
mixed,3.0,118,iei_400,5.0,0.686412112504835,1.9227407534508305,0.9783737916116767,27487,0.9734783715938443,5.444028086004293,326,1.5098965957780646,0.3183564730472127,1017.8556231508057,9.49175643056178,0.07269120681918845,26758
mixed,3.0,119,iei_float,4.463877567880156,0.6424922415851039,1.9533844648695742,0.9825924492114203,31108,0.9803908962324804,4.802880288028803,353,1.5547259504033786,0.33672906353969145,1453.2785520598711,12.337223165988453,0.06915470279762348,30498
mixed,3.0,119,iei_100,4.0,0.6134220276187269,1.998363434094922,0.9819397505004255,34385,0.9847898793078377,4.345150501672241,353,1.5994373604604082,0.3564635452487076,1879.0524505339781,14.839603837266846,0.06752612078856535,33862
mixed,3.0,119,iei_400,5.0,0.6857814464549281,1.9002438016612562,0.9766395250332998,27570,0.9744649981864345,5.419223793978962,353,1.5151765888428965,0.31681243714246776,1356.909181217059,12.550902377446148,0.06794870342869724,26866
capped,3.0,100,iei_float,1.2953549076956945,0.4160938809723386,2.0004627356871967,0.9970214473871047,54101,0.9860261363006229,3.2162991441932682,59,1.8860093563890903,0.4719783884589789,8684.095117705121,45.22324623622614,0.02093174128174613,53345
capped,3.0,100,iei_100,1.0,0.36902982902167797,2.1291427950139523,0.996954950814213,63852,0.9919344734698992,2.7251299880974753,59,1.9793966688108515,0.5353872256751235,9612.500334108372,44.93898726747887,0.02089605142120521,63337
capped,3.0,100,iei_400,1.0,0.36902982902167797,2.1291427950139523,0.996954950814213,63852,0.9919344734698992,2.7251299880974753,59,1.9793966688108515,0.5353872256751235,9612.500334108372,44.93898726747887,0.02089605142120521,63337
capped,3.0,101,iei_float,1.2862704044532485,0.4184868629313074,1.9665977816521765,0.9969900590935207,53483,0.9863321055288596,3.2538563655741077,60,1.867655072480586,0.4603380104986925,8673.529874328307,45.32988593988812,0.021906142067828593,52752
capped,3.0,101,iei_100,1.0,0.3763667112404625,2.0978391992937864,0.9955782666210419,63192,0.9922300291176098,2.7539245474110645,59,1.9623795315494288,0.5231952926141337,9675.162830136669,45.303957370775684,0.021629196604229795,62701
capped,3.0,101,iei_400,1.0,0.3763667112404625,2.0978391992937864,0.9955782666210419,63192,0.9922300291176098,2.7539245474110645,59,1.9623795315494288,0.5231952926141337,9675.162830136669,45.303957370775684,0.021629196604229795,62701
capped,3.0,102,iei_float,1.3003577333911742,0.41326211443145183,1.9894343746018788,0.9961003752651969,53945,0.9865603855779034,3.225507461303179,60,1.8755424677631165,0.4661950664117539,8614.84059703186,44.974399301139975,0.022080970005642575,53220
capped,3.0,102,iei_100,1.0,0.37612395322810943,2.140250682317286,0.9969671435472485,64151,0.9926267712116724,2.712350547925987,59,1.9695612714028439,0.5315185202765413,9382.239476047944,44.246567356320426,0.022449414570884896,63678
capped,3.0,102,iei_400,1.0,0.37612395322810943,2.140250682317286,0.9969671435472485,64151,0.9926267712116724,2.712350547925987,59,1.9695612714028439,0.5315185202765413,9382.239476047944,44.246567356320426,0.022449414570884896,63678
capped,3.0,103,iei_float,1.2841108713109817,0.4187116935972286,1.9733325856106756,0.995012906715416,53488,0.9856416392461861,3.2534213281483697,60,1.8789929992463232,0.4675220052599056,8613.593351881984,44.51124171322535,0.021544133000178434,52720
capped,3.0,103,iei_100,1.0,0.37230648020484536,2.0955993100478385,0.9962293378079341,63011,0.9915887702147245,2.7617241434035327,60,1.969588388980318,0.5279358653507502,9620.680416117602,44.771141145226764,0.02120327506965991,62481
capped,3.0,103,iei_400,1.0,0.37230648020484536,2.0955993100478385,0.9962293378079341,63011,0.9915887702147245,2.7617241434035327,60,1.969588388980318,0.5279358653507502,9620.680416117602,44.771141145226764,0.02120327506965991,62481
capped,3.0,104,iei_float,1.2572292891903571,0.41919475884322976,1.988480673180433,0.9957720433739693,52983,0.9851839269199555,3.2846384689428683,59,1.8731990512405456,0.4644178354450914,8492.397116492588,44.8268125746191,0.019755441137284335,52198
capped,3.0,104,iei_100,1.0,0.3782473435416751,2.110075374242249,0.9960468672847492,61628,0.9907347309664438,2.823878756409424,59,1.9574533282459488,0.5200111248249357,9430.324013645744,45.370321483352136,0.019363832667119496,61057
capped,3.0,104,iei_400,1.0,0.3782473435416751,2.110075374242249,0.9960468672847492,61628,0.9907347309664438,2.823878756409424,59,1.9574533282459488,0.5200111248249357,9430.324013645744,45.370321483352136,0.019363832667119496,61057
capped,3.0,105,iei_float,1.294781887418467,0.4160113850161609,1.9980921286443054,0.9954522580727898,53996,0.9862582413512112,3.222868360619305,59,1.8770667097059448,0.4686531098906088,8446.654236798186,43.97883990889739,0.02151380027692018,53254
capped,3.0,105,iei_100,1.0,0.3750243105527247,2.1271587876985483,0.9962206784072486,63931,0.9922416355132878,2.722028436908542,59,1.9695040337724823,0.5310156666016752,9400.820238538794,43.99324224889162,0.021044414393301958,63435
capped,3.0,105,iei_400,1.0,0.3750243105527247,2.1271587876985483,0.9962206784072486,63931,0.9922416355132878,2.722028436908542,59,1.9695040337724823,0.5310156666016752,9400.820238538794,43.99324224889162,0.021044414393301958,63435
capped,3.0,106,iei_float,1.2940732826346553,0.4194779020106531,2.0260058317069864,0.9961566262272211,54003,0.9857785678573413,3.223061681758421,60,1.8825491593723402,0.474225942246555,8189.301637073301,43.0095813988804,0.02396571521773483,53235
capped,3.0,106,iei_100,1.0,0.37333745746984226,2.178848231517443,0.9957241280213168,63887,0.9915319235525224,2.7244196784948427,59,1.979875909859329,0.5409593709296137,9009.01268471285,42.93523683277202,0.022375615531050386,63346
capped,3.0,106,iei_400,1.0,0.37333745746984226,2.178848231517443,0.9957241280213168,63887,0.9915319235525224,2.7244196784948427,59,1.979875909859329,0.5409593709296137,9009.01268471285,42.93523683277202,0.022375615531050386,63346
capped,3.0,107,iei_float,1.2977493133551634,0.4157801418439716,2.0060976152475134,0.9962555666712527,53908,0.985697855605847,3.2285189582251244,60,1.8850962743038924,0.4741892477030828,8346.336924453903,43.315180415342844,0.02166403397282546,53137
capped,3.0,107,iei_100,1.0,0.36741831391416924,2.1263751700735933,0.993599567345838,64028,0.9918629349659523,2.7182326482164054,58,1.9822640353487788,0.5383347496788007,9510.087810534289,43.88924821623161,0.02072413502071957,63507
capped,3.0,107,iei_400,1.0,0.36741831391416924,2.1263751700735933,0.993599567345838,64028,0.9918629349659523,2.7182326482164054,58,1.9822640353487788,0.5383347496788007,9510.087810534289,43.88924821623161,0.02072413502071957,63507
capped,3.0,108,iei_float,1.297442443984681,0.41394001771224775,1.9914863753764513,0.9958603589443219,54048,0.9857164002368265,3.2194715808170513,60,1.889687069899617,0.4747710233561002,8607.119410736304,44.2485496191068,0.02260938315937122,53276
capped,3.0,108,iei_100,1.0,0.36930228969348583,2.1085333687549888,0.9957876582344354,63995,0.9919212438471756,2.7190561762637704,59,1.9838202449095999,0.5366951862296128,9809.706553496571,45.09185135597047,0.0211848618203746,63478
capped,3.0,108,iei_400,1.0,0.36930228969348583,2.1085333687549888,0.9957876582344354,63995,0.9919212438471756,2.7190561762637704,59,1.9838202449095999,0.5366951862296128,9809.706553496571,45.09185135597047,0.0211848618203746,63478
capped,3.0,109,iei_float,1.2968550772883443,0.4247984163005166,1.9919799839503023,0.996454742540642,53812,0.9862855868579499,3.2335724373745633,60,1.8716846659444943,0.4665631014008924,8294.219777217722,43.235977726820565,0.02275402598533871,53074
capped,3.0,109,iei_100,1.0,0.37985443959243087,2.174433711896725,0.9948055061831824,63849,0.9918244608372879,2.7252580306661027,59,1.9705071981025117,0.535962108573198,8885.977292355938,42.441489785792264,0.023035120134091147,63327
capped,3.0,109,iei_400,1.0,0.37985443959243087,2.174433711896725,0.9948055061831824,63849,0.9918244608372879,2.7252580306661027,59,1.9705071981025117,0.535962108573198,8885.977292355938,42.441489785792264,0.023035120134091147,63327
capped,3.0,110,iei_float,1.2968886651775884,0.4096607493181492,1.995925706308112,0.9951249559702615,54065,0.9857948765375012,3.2184407657449365,60,1.893250059924819,0.4758101180024773,8730.87589515241,45.003340986221176,0.021482572095021246,53297
capped,3.0,110,iei_100,1.0,0.36626473534170584,2.1165099928089166,0.9954554397724165,64051,0.991897082012771,2.7166632839456057,59,1.9886253127759073,0.5389057228697576,9917.532335205357,45.70345555956609,0.019800712758409333,63532
capped,3.0,110,iei_400,1.0,0.36626473534170584,2.1165099928089166,0.9954554397724165,64051,0.991897082012771,2.7166632839456057,59,1.9886253127759073,0.5389057228697576,9917.532335205357,45.70345555956609,0.019800712758409333,63532
capped,3.0,111,iei_float,1.2983232080817726,0.4112228208581874,1.984874445988575,0.99501588986906,53963,0.9861201193410299,3.224524211033486,60,1.8829595906985563,0.47028205131535583,8649.384274724021,44.68759799561281,0.022658587658607177,53214
capped,3.0,111,iei_100,1.0,0.37021852639721525,2.121946975644977,0.9951170233147612,63953,0.9921817584788829,2.7208262317639518,59,1.9786491865895695,0.5344120215443027,9687.729209174986,45.013110356466235,0.02074040843706726,63453
capped,3.0,111,iei_400,1.0,0.37021852639721525,2.121946975644977,0.9951170233147612,63953,0.9921817584788829,2.7208262317639518,59,1.9786491865895695,0.5344120215443027,9687.729209174986,45.013110356466235,0.02074040843706726,63453
capped,3.0,112,iei_float,1.296099190398007,0.40865786394785225,1.9955427249772362,0.9949083322510329,54190,0.9855692932275327,3.2114596789075476,60,1.8937615609625045,0.4769150855569131,8661.227029611118,44.369438880616386,0.02200028324953962,53408
capped,3.0,112,iei_100,1.0,0.3666325959925173,2.1097544212945323,0.9953766971729273,64039,0.9919111791252205,2.717547119723918,58,1.986348050178636,0.5372695815908586,9936.574656326271,45.69140563588642,0.020146097317181644,63521
capped,3.0,112,iei_400,1.0,0.3666325959925173,2.1097544212945323,0.9953766971729273,64039,0.9919111791252205,2.717547119723918,58,1.986348050178636,0.5372695815908586,9936.574656326271,45.69140563588642,0.020146097317181644,63521
capped,3.0,113,iei_float,1.2910041289642449,0.4150692547559767,2.0017227727086047,0.9933533811558845,53677,0.985207817128379,3.2426365109823574,60,1.8837581652236626,0.4732049867924554,8326.43308936318,43.176366043515905,0.023535039686086612,52883
capped,3.0,113,iei_100,1.0,0.3696143798494951,2.134540211849335,0.9968044817160981,63436,0.9914874834478845,2.7437890157008638,60,1.9769991161793659,0.5341635807449243,9510.06125228569,44.853657757175775,0.021051644522376622,62896
capped,3.0,113,iei_400,1.0,0.3696143798494951,2.134540211849335,0.9968044817160981,63436,0.9914874834478845,2.7437890157008638,60,1.9769991161793659,0.5341635807449243,9510.06125228569,44.853657757175775,0.021051644522376622,62896
capped,3.0,114,iei_float,1.2708473193838818,0.4133443203024648,1.9836659290121852,0.9949871845693831,53539,0.985898130334896,3.250116737331665,59,1.8779548252808755,0.4668665716689404,8628.48156278316,44.97272537522362,0.021180228596120343,52784
capped,3.0,114,iei_100,1.0,0.3708631662688942,2.1315123917939065,0.9944131003410881,62620,0.991168955605238,2.7787927179814758,59,1.9699727828547626,0.5291044452000095,9450.868930850465,45.02072670906885,0.020450594430110658,62067
capped,3.0,114,iei_400,1.0,0.3708631662688942,2.1315123917939065,0.9944131003410881,62620,0.991168955605238,2.7787927179814758,59,1.9699727828547626,0.5291044452000095,9450.868930850465,45.02072670906885,0.020450594430110658,62067
capped,3.0,115,iei_float,1.2954525452922465,0.414228659416803,2.020135640092704,0.9951135697593134,53837,0.9852889276891357,3.232238051897394,60,1.8874233422956106,0.47686261568593635,8192.32447321473,42.65997444668896,0.023526371867722662,53045
capped,3.0,115,iei_100,1.0,0.3720646361311323,2.146472770877061,0.9964900584493769,63760,0.9915150564617315,2.729203262233375,58,1.981437081563863,0.5396395320570218,9256.69768337552,43.39494842942818,0.022033096760696202,63219
capped,3.0,115,iei_400,1.0,0.3720646361311323,2.146472770877061,0.9964900584493769,63760,0.9915150564617315,2.729203262233375,58,1.981437081563863,0.5396395320570218,9256.69768337552,43.39494842942818,0.022033096760696202,63219
capped,3.0,116,iei_float,1.284445365121812,0.411897771574337,2.003313849091137,0.9937526650534952,53738,0.9854479139528826,3.2388068033793593,60,1.8860239931552396,0.47258810210472346,8554.631183612075,44.52327255239842,0.020707914872640232,52956
capped,3.0,116,iei_100,1.0,0.3710683217671782,2.1352314202621083,0.9953280374669975,63308,0.99140708915145,2.7492102103999496,60,1.9779172050800344,0.5342056549081229,9552.578210750462,45.06388922997096,0.020488854264965606,62764
capped,3.0,116,iei_400,1.0,0.3710683217671782,2.1352314202621083,0.9953280374669975,63308,0.99140708915145,2.7492102103999496,60,1.9779172050800344,0.5342056549081229,9552.578210750462,45.06388922997096,0.020488854264965606,62764
capped,3.0,117,iei_float,1.2850006920241075,0.4187572087658593,2.031789182324032,0.9944649211014771,53875,0.9852436194895592,3.230663573085847,60,1.8866373494801518,0.4762794710384085,8209.749801125045,43.093296434138715,0.02243280190828656,53080
capped,3.0,117,iei_100,1.0,0.3699982441422635,2.1452033271520206,0.9964820137618484,63549,0.9917858660246424,2.7388629246723,60,1.9763437767058196,0.5339483147640378,9506.4085807312,45.0805826805891,0.019382158690395057,63027
capped,3.0,117,iei_400,1.0,0.3699982441422635,2.1452033271520206,0.9964820137618484,63549,0.9917858660246424,2.7388629246723,60,1.9763437767058196,0.5339483147640378,9506.4085807312,45.0805826805891,0.019382158690395057,63027
capped,3.0,118,iei_float,1.2891740931341784,0.4164534967903856,1.9934321059944584,0.9926023631882659,53697,0.9853623107436169,3.2405907220142653,60,1.8869106637408617,0.4747464027504785,8368.922974937243,42.94753170141906,0.022995500228432886,52911
capped,3.0,118,iei_100,1.0,0.3714134732062473,2.1327575573184783,0.9963466861696129,63344,0.9911278100530437,2.7470636524374843,59,1.9805337250008481,0.5381049775881308,9301.14617860902,43.488810026956244,0.02264682239186322,62782
capped,3.0,118,iei_400,1.0,0.3714134732062473,2.1327575573184783,0.9963466861696129,63344,0.9911278100530437,2.7470636524374843,59,1.9805337250008481,0.5381049775881308,9301.14617860902,43.488810026956244,0.02264682239186322,62782
capped,3.0,119,iei_float,1.3061160428411787,0.4167837248728506,2.025800055361652,0.995986429864072,53927,0.9860552228011942,3.227251655015113,60,1.8717072823217809,0.4688629773592051,8054.787845839769,42.65764237107551,0.024119822389524703,53175
capped,3.0,119,iei_100,1.0,0.3706285603939365,2.187052346075944,0.9960858886751117,64373,0.9920152859117953,2.703555838627996,60,1.9736973036233625,0.5391942723384007,8824.616835175675,42.14287435766825,0.02302278985762718,63859
capped,3.0,119,iei_400,1.0,0.3706285603939365,2.187052346075944,0.9960858886751117,64373,0.9920152859117953,2.703555838627996,60,1.9736973036233625,0.5391942723384007,8824.616835175675,42.14287435766825,0.02302278985762718,63859
refractory_0.8,3.0,100,iei_float,16.910374543284277,0.8836614952665491,1.9527561444781931,0.957651431887979,47394,0.9965396463687387,3.6682913448959784,77,1.5901422667078808,0.3302494299123163,5554.560819774522,38.87892543388026,0.023043126799216662,47230
refractory_0.8,3.0,100,iei_100,2.0,0.0,4.718003719940602,0.8928374197542908,122023,1.0,1.4247723789777338,11,2.626992585475689,1.2102138993182838,-2942.2559975415807,-29.87150239285183,0.041029702935558965,122023
refractory_0.8,3.0,100,iei_400,62.0,0.34989674754775424,1.9527561444781931,0.957651431887979,47394,0.9965396463687387,3.6682913448959784,77,1.5901422667078808,0.3302494299123163,5554.560819774522,38.87892543388026,0.023043126799216662,47230
refractory_0.8,3.0,101,iei_float,15.395903163009908,0.9251294874084658,1.9239203893426373,0.9653413562874711,46903,0.9967379485320769,3.7062661237021084,67,1.5823759358252563,0.3254896692757555,5648.550914532486,39.829470146303336,0.0202727523088142,46750
refractory_0.8,3.0,101,iei_100,2.0,0.0,4.330985516172396,0.8905197810542642,121668,1.0,1.4287651642173784,10,2.618491895848388,1.2036564623864163,-3061.7910507302586,-30.775180076221105,0.04217746279106571,121668
refractory_0.8,3.0,101,iei_400,62.0,0.36347386319047825,1.9239203893426373,0.9653413562874711,46903,0.9967379485320769,3.7062661237021084,67,1.5823759358252563,0.3254896692757555,5648.550914532486,39.829470146303336,0.0202727523088142,46750
refractory_0.8,3.0,102,iei_float,17.64229312121696,0.8555660104226983,1.9719061601483092,0.958541654187312,47621,0.9965141429201403,3.6510153083723567,65,1.5932911077091578,0.33227222660346567,5508.3892245036195,38.83233807585059,0.023743069326476074,47455
refractory_0.8,3.0,102,iei_100,2.0,0.0,4.779131978437706,0.8883624361114211,122327,1.0,1.421313364997098,11,2.6333595949513633,1.2159597363493155,-2928.364026619649,-29.805115700717508,0.040819727843551146,122327
refractory_0.8,3.0,102,iei_400,62.0,0.36166210670314636,1.9719061601483092,0.958541654187312,47621,0.9965141429201403,3.6510153083723567,65,1.5932911077091578,0.33227222660346567,5508.3892245036195,38.83233807585059,0.023743069326476074,47455
refractory_0.8,3.0,103,iei_float,17.49184111959583,0.8321556057405114,1.9505392904814338,0.961090394787429,47562,0.9965308439510534,3.656574576342458,61,1.5951277694127644,0.3317861824921138,5694.1475477247095,39.73273750609714,0.021601100348951408,47397
refractory_0.8,3.0,103,iei_100,2.0,0.0,4.82433335452582,0.8860102491734878,122071,1.0,1.4246954641151461,12,2.6269778378595046,1.2103410034177764,-2956.0156971689776,-30.233725691193943,0.04088865177371337,122071
refractory_0.8,3.0,103,iei_400,62.0,0.3458646616541353,1.950534651314494,0.9610877623423755,47561,0.996530771009861,3.6566514581274574,61,1.5951134894915473,0.3317778449577863,5694.237647412577,39.733994643524234,0.02158600497731189,47396
refractory_0.8,3.0,104,iei_float,15.694929240116254,0.9035664260316776,1.9340122798293713,0.9624711236161415,46986,0.9966372962158941,3.702315583365258,59,1.5822487624758867,0.3264763423663113,5509.73624909089,38.84616432055027,0.022923016490906056,46828
refractory_0.8,3.0,104,iei_100,2.0,0.0,4.668087051830386,0.8663270382381756,121900,1.0,1.4270467596390484,10,2.6226607040592977,1.2064688701473525,-2968.371931671527,-30.52506863941758,0.04112260090918518,121900
refractory_0.8,3.0,104,iei_400,62.0,0.36722200358563994,1.9340122798293713,0.9624711236161415,46986,0.9966372962158941,3.702315583365258,59,1.5822487624758867,0.3264763423663113,5509.73624909089,38.84616432055027,0.022923016490906056,46828
refractory_0.8,3.0,105,iei_float,18.092205667289285,0.8111284413653016,1.9515758573971604,0.9619614805831426,47785,0.9963168358271424,3.6413100345296643,66,1.601478420225229,0.3343984416061937,5781.745881260713,40.08577636457372,0.023043461071536764,47609
refractory_0.8,3.0,105,iei_100,2.0,0.0,4.670574230503767,0.8970323684574231,122304,1.0,1.4226844583987441,11,2.6329530304708033,1.2136748901323795,-2758.13683424,-28.030382150233702,0.039723385762281516,122304
refractory_0.8,3.0,105,iei_400,62.0,0.35005706073798554,1.9515758573971604,0.9619614805831426,47785,0.9963168358271424,3.6413100345296643,66,1.601478420225229,0.3343984416061937,5781.745881260713,40.08577636457372,0.023043461071536764,47609
refractory_0.8,3.0,106,iei_float,18.485731628885052,0.8393812346392945,1.9549087907509108,0.9629301471861091,47872,0.9963235294117647,3.634859625668449,58,1.6004945760098703,0.3344316609481195,5720.900299146608,39.680252688634,0.022735758136336548,47696
refractory_0.8,3.0,106,iei_100,2.0,0.0,4.648324910356429,0.9046742648905316,122299,1.0,1.422808036042813,12,2.630035603702323,1.2134694275671838,-2984.2647681309863,-30.173708093409164,0.041203552265131504,122299
refractory_0.8,3.0,106,iei_400,62.0,0.35916473317865427,1.9549087907509108,0.9629301471861091,47872,0.9963235294117647,3.634859625668449,58,1.6004945760098703,0.3344316609481195,5720.900299146608,39.680252688634,0.022735758136336548,47696
refractory_0.8,3.0,107,iei_float,18.59794552236648,0.8190689605320226,1.9439869807737513,0.9636458559951103,47926,0.9966823853440722,3.629094854567458,64,1.6032579932949478,0.33415338212218393,5956.314755342493,41.089535563128514,0.02017144818421085,47767
refractory_0.8,3.0,107,iei_100,2.0,0.0,4.876055132839476,0.9015608408242408,122179,1.0,1.4235506920174499,12,2.629972640826738,1.2122363121878066,-2876.566198634633,-29.008210543312906,0.040759347298300885,122179
refractory_0.8,3.0,107,iei_400,62.0,0.35523114355231145,1.9439869807737513,0.9636458559951103,47926,0.9966823853440722,3.629094854567458,64,1.6032579932949478,0.33415338212218393,5956.314755342493,41.089535563128514,0.02017144818421085,47767
refractory_0.8,3.0,108,iei_float,18.39018284167951,0.8064738292011019,1.961488917022531,0.9613048542570116,47847,0.9963216084603005,3.634418040838506,64,1.599574451743349,0.33463417493060776,5627.036771470103,38.97624241466026,0.021496506766024492,47671
refractory_0.8,3.0,108,iei_100,2.0,0.0,4.876668595009588,0.9060069693978373,122465,1.0,1.419964887927163,12,2.6350368439050715,1.2182163158684207,-2992.1881029282704,-30.352942010270027,0.04138511817073953,122465
refractory_0.8,3.0,108,iei_400,62.0,0.3500571573733012,1.961488917022531,0.9613048542570116,47847,0.9963216084603005,3.634418040838506,64,1.599574451743349,0.33463417493060776,5627.036771470103,38.97624241466026,0.021496506766024492,47671
refractory_0.8,3.0,109,iei_float,17.54420031771132,0.8416147950922894,1.9344181356395873,0.9634402518900113,47639,0.9965154600222507,3.6528054745061818,66,1.598552848478585,0.3320616415230162,5895.974646538262,40.816516324156275,0.02137792070141714,47473
refractory_0.8,3.0,109,iei_100,2.0,0.0,4.212768777003022,0.9074051667530637,121883,1.0,1.4277298720904474,10,2.6246743781928448,1.205349103449222,-2698.1594449269387,-26.929296959041856,0.04035539727089554,121883
refractory_0.8,3.0,109,iei_400,62.0,0.3192730058738401,1.9342854219166856,0.9634686759030717,47638,0.9965153868760234,3.6528821529031443,66,1.5985484484913233,0.3320533094506297,5896.727875178809,40.82032212127471,0.02136654974405211,47472
refractory_0.8,3.0,110,iei_float,17.004607424202785,0.8532030401737242,1.940075287255004,0.9647508158975593,47431,0.9966477620121861,3.668507937846556,79,1.5920649372613855,0.33018923314811643,5697.654115737668,39.86734431329462,0.021786465425015278,47272
refractory_0.8,3.0,110,iei_100,2.0,0.0,4.8477570709763755,0.8746256756247253,121991,1.0,1.426342926937233,11,2.6226548128866316,1.2076250385394651,-3074.7228652859685,-31.15366832294652,0.04212562892479399,121991
refractory_0.8,3.0,110,iei_400,62.0,0.35717961914565105,1.940075287255004,0.9647508158975593,47431,0.9966477620121861,3.668507937846556,79,1.5920649372613855,0.33018923314811643,5697.654115737668,39.86734431329462,0.021786465425015278,47272
refractory_0.8,3.0,111,iei_float,16.87215508340241,0.8556369806144183,1.9358455949672582,0.9646598778559601,47404,0.9966247574044385,3.6705763226731922,65,1.591753636880897,0.32965060066238216,5749.359501433431,40.17863233187081,0.020719758735495475,47244
refractory_0.8,3.0,111,iei_100,2.0,0.0,4.298521788104175,0.9072124515957221,122032,1.0,1.4258555133079849,10,2.624003603492964,1.2084271546753058,-3033.9741635700484,-30.66949733501159,0.04182831147306809,122032
refractory_0.8,3.0,111,iei_400,62.0,0.3604710920770878,1.9358455949672582,0.9646598778559601,47404,0.9966247574044385,3.6705763226731922,65,1.591753636880897,0.32965060066238216,5749.359501433431,40.17863233187081,0.020719758735495475,47244
refractory_0.8,3.0,112,iei_float,18.15821126679018,0.851621308627678,1.9508827595109932,0.9650909928899896,47787,0.9967773662293092,3.6411994894008832,59,1.5944128414613292,0.3325153614676638,5570.848760395328,38.79239925013163,0.023858228435515605,47633
refractory_0.8,3.0,112,iei_100,2.0,0.0,4.819234154272462,0.8933445148281894,122561,1.0,1.4197175284144221,11,2.633912813167308,1.2186312735365057,-3125.66158749243,-32.189558403299735,0.0414569791888052,122561
refractory_0.8,3.0,112,iei_400,62.0,0.36474047558169265,1.9508827595109932,0.9650909928899896,47787,0.9967773662293092,3.6411994894008832,59,1.5944128414613292,0.3325153614676638,5570.848760395328,38.79239925013163,0.023858228435515605,47633
refractory_0.8,3.0,113,iei_float,18.231197348232637,0.8326690339879701,1.9495502697128948,0.9671786313768873,47834,0.9965714763557302,3.6368900781870637,80,1.5975883024945663,0.33352201307341856,5648.682829086619,39.20568744513786,0.021805975922119247,47670
refractory_0.8,3.0,113,iei_100,2.0,0.0,4.633526312348592,0.8976145752920189,122156,1.0,1.4241379874914044,11,2.6289609024784912,1.211263144121673,-2873.961499929783,-29.080683246538808,0.040629568333034216,122156
refractory_0.8,3.0,113,iei_400,62.0,0.3594735282915062,1.9495502697128948,0.9671786313768873,47834,0.9965714763557302,3.6368900781870637,80,1.5975883024945663,0.33352201307341856,5648.682829086619,39.20568744513786,0.021805975922119247,47670
refractory_0.8,3.0,114,iei_float,15.39175061775328,0.9103547115729129,1.9333937035720985,0.9615430940822304,46915,0.996269849728232,3.7081743578812745,58,1.5841524687049553,0.32664810249579335,5602.376784444118,39.55617618490235,0.022343959717126216,46740
refractory_0.8,3.0,114,iei_100,2.0,0.0,4.7417751586828,0.8923267055859234,121769,1.0,1.428680534454582,11,2.618419970898019,1.203794627533835,-3082.809837900306,-31.354991234665377,0.041955492960842444,121769
refractory_0.8,3.0,114,iei_400,62.0,0.3417395104895105,1.9333937035720985,0.9615430940822304,46915,0.996269849728232,3.7081743578812745,58,1.5841524687049553,0.32664810249579335,5602.376784444118,39.55617618490235,0.022343959717126216,46740
refractory_0.8,3.0,115,iei_float,18.808782861722637,0.8030840512560631,1.953856171531482,0.9650923198310258,47992,0.9964785797632939,3.625375062510418,76,1.6023352635075003,0.3352889157899198,5740.554720782293,39.6945587367476,0.02231101546974773,47823
refractory_0.8,3.0,115,iei_100,2.0,0.0,4.743439276136453,0.8897616583718817,122435,1.0,1.421072405766325,11,2.63548933347454,1.216362276804308,-2788.540201775175,-28.362513488280502,0.039966244308017096,122435
refractory_0.8,3.0,115,iei_400,62.0,0.34708236781124924,1.953856171531482,0.9650923198310258,47992,0.9964785797632939,3.625375062510418,76,1.6023352635075003,0.3352889157899198,5740.554720782293,39.6945587367476,0.02231101546974773,47823
refractory_0.8,3.0,116,iei_float,17.38926335362222,0.8327337475925725,1.9732441123614637,0.9561362296809224,47504,0.9962318962613674,3.6601128326035703,57,1.593387343443366,0.3321382571950696,5518.613251826155,38.844930891025825,0.02220857702016127,47325
refractory_0.8,3.0,116,iei_100,2.0,0.0,4.552588120310024,0.9029543815840693,122747,1.0,1.416490830733134,12,2.6398293561364934,1.2240733997463251,-3118.6424469669737,-32.074974819834665,0.041624743689672394,122747
refractory_0.8,3.0,116,iei_400,62.0,0.34912686183872627,1.9732441123614637,0.9561362296809224,47504,0.9962318962613674,3.6601128326035703,57,1.593387343443366,0.3321382571950696,5518.613251826155,38.844930891025825,0.02220857702016127,47325
refractory_0.8,3.0,117,iei_float,17.460095191107758,0.8528630191838666,1.9408809437101793,0.966910060891016,47557,0.9962360956326093,3.6579893601362574,72,1.5959465669974318,0.33258854760779866,5634.274158133963,39.23591329127167,0.024639453060092298,47378
refractory_0.8,3.0,117,iei_100,2.0,0.0,4.568743682915569,0.9053761505401094,121969,1.0,1.4262886471152505,12,2.625474181488441,1.2077143056157547,-2844.9068727037466,-28.4664800805194,0.040815899573719894,121969
refractory_0.8,3.0,117,iei_400,62.0,0.3446403172277057,1.9408809437101793,0.966910060891016,47557,0.9962360956326093,3.6579893601362574,72,1.5959465669974318,0.33258854760779866,5634.274158133963,39.23591329127167,0.024639453060092298,47378
refractory_0.8,3.0,118,iei_float,16.563200570646636,0.8737304617157675,1.9344425964311216,0.9666597721146821,47292,0.9963630212298064,3.679269221009896,57,1.5896052210207277,0.3297152428147099,5580.727018886079,38.93684055356219,0.02164766612880409,47120
refractory_0.8,3.0,118,iei_100,2.0,0.0,4.385785321647288,0.920876224442431,121865,1.0,1.4278094612891314,11,2.621287062874403,1.2052187909729666,-2971.1481299602074,-29.625832049721765,0.04162368816225237,121865
refractory_0.8,3.0,118,iei_400,62.0,0.34655343363365954,1.9344425964311216,0.9666597721146821,47292,0.9963630212298064,3.679269221009896,57,1.5896052210207277,0.3297152428147099,5580.727018886079,38.93684055356219,0.02164766612880409,47120
refractory_0.8,3.0,119,iei_float,16.836748206464005,0.8763207851284072,1.9410873010255965,0.968265885735526,47441,0.9960582618410236,3.667544950570182,58,1.5952190627716991,0.3321616288182996,5630.411221132781,39.22991711466196,0.021409538126862748,47254
refractory_0.8,3.0,119,iei_100,2.0,0.0,4.410443786302406,0.8876056956036603,121949,1.0,1.4267603670386801,10,2.6216404665645303,1.2069390212002253,-3097.6944894438475,-31.34814571318542,0.04220092480194604,121949
refractory_0.8,3.0,119,iei_400,62.0,0.3600598035027766,1.9410873010255965,0.968265885735526,47441,0.9960582618410236,3.667544950570182,58,1.5952190627716991,0.3321616288182996,5630.411221132781,39.22991711466196,0.021409538126862748,47254
refractory_1.0,3.0,100,iei_float,1.8758316952736067,0.0,3.703940062182543,0.8582291661967396,95227,1.0,1.8255641782267633,12,2.1245163191747576,0.7935773510760431,-6386.336201007229,-58.332527350515925,0.07640807326175847,95227
refractory_1.0,3.0,100,iei_100,2.0,0.0,3.703940062182543,0.8582291661967396,95227,1.0,1.8255641782267633,12,2.1245163191747576,0.7935773510760431,-6386.336201007229,-58.332527350515925,0.07640807326175847,95227
refractory_1.0,3.0,100,iei_400,28.0,1.4583891493636973,1.3031645343580593,0.9935053689490756,25802,0.9597318037361445,6.737578482288194,108,1.332866312748573,0.20805876360431003,4658.056245706809,48.92969123706832,0.01036602564077349,24763
refractory_1.0,3.0,101,iei_float,1.872670786524426,0.0,4.0398501615537965,0.8398915160427619,95002,1.0,1.8306877749942108,13,2.121191964309171,0.7901930053328778,-6317.494683194203,-57.5616859133185,0.07646213822408998,95002
refractory_1.0,3.0,101,iei_100,2.0,0.0,4.0398501615537965,0.8398915160427619,95002,1.0,1.8306877749942108,13,2.121191964309171,0.7901930053328778,-6317.494683194203,-57.5616859133185,0.07646213822408998,95002
refractory_1.0,3.0,101,iei_400,25.0,1.4726135889954148,1.304849581256154,0.9950855665011529,25532,0.9575043083189723,6.81180479398402,141,1.3354716789212038,0.20905983256467614,4583.76864305603,48.102456364352555,0.00834561554972335,24447
refractory_1.0,3.0,102,iei_float,1.8910873657552243,0.0,4.144753833778884,0.8448486155618604,96151,1.0,1.8097679691318862,13,2.138474900384315,0.8042061727436287,-6261.384024393449,-57.47229712967638,0.0750669235363004,96151
refractory_1.0,3.0,102,iei_100,2.0,0.0,4.144753833778884,0.8448486155618604,96151,1.0,1.8097679691318862,13,2.138474900384315,0.8042061727436287,-6261.384024393449,-57.47229712967638,0.0750669235363004,96151
refractory_1.0,3.0,102,iei_400,33.0,1.284147974556411,1.3210387489428181,0.9937099107346536,26333,0.9617969847719592,6.608096305016519,122,1.3434428811694215,0.21179192348161557,4740.682617889848,48.76497204314657,0.009065616577455193,25327
refractory_1.0,3.0,103,iei_float,1.8782930252645218,0.0,4.348392888244725,0.8413093953500761,95451,1.0,1.8235115399524364,14,2.1293296307415392,0.794941774994655,-6075.949440985427,-55.16628224717526,0.07456477674558315,95451
refractory_1.0,3.0,103,iei_100,2.0,0.0,4.348392888244725,0.8413093953500761,95451,1.0,1.8235115399524364,14,2.1293296307415392,0.794941774994655,-6075.949440985427,-55.16628224717526,0.07456477674558315,95451
refractory_1.0,3.0,103,iei_400,29.0,1.4651597552685247,1.3228300103212132,0.9948766452320104,25864,0.9592097123414784,6.729662851840396,114,1.3345980299565863,0.21062969040223123,4448.616241113117,46.371849773747506,0.00491853465167047,24809
refractory_1.0,3.0,104,iei_float,1.8784169065088439,0.0,4.303309919036172,0.8467073702728791,95464,1.0,1.8223623564904048,14,2.130339351806777,0.795707814708382,-6063.33314255415,-55.22611054498524,0.07418137163855298,95464
refractory_1.0,3.0,104,iei_100,2.0,0.0,4.303309919036172,0.8467073702728791,95464,1.0,1.8223623564904048,14,2.130339351806777,0.795707814708382,-6063.33314255415,-55.22611054498524,0.07418137163855298,95464
refractory_1.0,3.0,104,iei_400,29.0,1.463240841646408,1.3051330773339973,0.9934829279427364,25956,0.9606256742179072,6.70249653259362,117,1.3337074467558505,0.20864370328237614,4656.46633840191,48.45342044633243,0.008075829582600114,24934
refractory_1.0,3.0,105,iei_float,1.8756529976992826,0.0,3.566755007329113,0.8772351073175891,95442,1.0,1.8223214098614866,12,2.1305724334979157,0.7957351381811173,-6041.817727608588,-54.72044474951793,0.07434204599918537,95442
refractory_1.0,3.0,105,iei_100,2.0,0.0,3.566755007329113,0.8772351073175891,95442,1.0,1.8223214098614866,12,2.1305724334979157,0.7957351381811173,-6041.817727608588,-54.72044474951793,0.07434204599918537,95442
refractory_1.0,3.0,105,iei_400,31.0,1.3151688705466185,1.3380608727982612,0.9958168741022737,26146,0.9589229710089497,6.65210739692496,88,1.3475237016127988,0.21430842040203957,4568.220673682967,47.07131731605798,0.007441722462285916,25072
refractory_1.0,3.0,106,iei_float,1.8722529515978523,0.0,4.133662281888254,0.8257639277027784,95336,1.0,1.8251447511957708,13,2.129079453008755,0.7938557507517914,-5969.866089318919,-54.42525701844317,0.07353962872046449,95336
refractory_1.0,3.0,106,iei_100,2.0,0.0,4.133662281888254,0.8257639277027784,95336,1.0,1.8251447511957708,13,2.129079453008755,0.7938557507517914,-5969.866089318919,-54.42525701844317,0.07353962872046449,95336
refractory_1.0,3.0,106,iei_400,31.0,1.37743093230949,1.3402491113852923,0.995588520870825,26116,0.9578802266809618,6.662658906417522,109,1.3525138682278293,0.21560596597308024,4600.604060200724,47.152313554292476,0.008176931025709822,25016
refractory_1.0,3.0,107,iei_float,1.8742218372760244,0.0,4.0905748098236625,0.8484499926102251,95462,1.0,1.822725272883451,14,2.129318643711988,0.7954657287560423,-6137.432645903696,-55.95836064717583,0.07480702995106392,95462
refractory_1.0,3.0,107,iei_100,2.0,0.0,4.0905748098236625,0.8484499926102251,95462,1.0,1.822725272883451,14,2.129318643711988,0.7954657287560423,-6137.432645903696,-55.95836064717583,0.07480702995106392,95462
refractory_1.0,3.0,107,iei_400,32.0,1.3375115672583495,1.3152060948472635,0.9965745710055751,26217,0.9602929396956174,6.6369531220200635,130,1.3459684021888396,0.2125520291845278,4722.052621718123,48.32443872326659,0.006798248352098413,25176
refractory_1.0,3.0,108,iei_float,1.8828699697100821,0.0,4.081806417299036,0.8703037880874849,95679,1.0,1.8181837184753185,16,2.1309104230967915,0.7985064180041999,-6338.633667535251,-58.265790633393536,0.0754645485683042,95679
refractory_1.0,3.0,108,iei_100,2.0,0.0,4.081806417299036,0.8703037880874849,95679,1.0,1.8181837184753185,16,2.1309104230967915,0.7985064180041999,-6338.633667535251,-58.265790633393536,0.0754645485683042,95679
refractory_1.0,3.0,108,iei_400,30.0,1.3669270177206685,1.3190259295086784,0.9937538918494032,26058,0.959743648783483,6.675953641875815,104,1.3396159360079043,0.21100113335453696,4627.502776471476,47.93713474663451,0.008454695505353271,25009
refractory_1.0,3.0,109,iei_float,1.8701551435212713,0.0,4.02199397763198,0.8387345637360276,95203,1.0,1.8277050092959255,13,2.127013785527824,0.7921595426342125,-5973.967814859742,-54.178306235270604,0.0738704773519474,95203
refractory_1.0,3.0,109,iei_100,2.0,0.0,4.02199397763198,0.8387345637360276,95203,1.0,1.8277050092959255,13,2.127013785527824,0.7921595426342125,-5973.967814859742,-54.178306235270604,0.0738704773519474,95203
refractory_1.0,3.0,109,iei_400,30.0,1.4762938230383973,1.3081381940259231,0.9928848200843182,26011,0.9597093537349582,6.689592864557302,96,1.3395565629482231,0.2099746282507995,4729.294834138661,49.19429510972251,0.008468978070870103,24963
refractory_1.0,3.0,110,iei_float,1.8730954520577563,0.0,4.340393077009972,0.8432217032945875,95208,1.0,1.8265691958658936,14,2.125090772801178,0.7929110936824744,-6251.80361188333,-57.016897788899755,0.07562290576133768,95208
refractory_1.0,3.0,110,iei_100,2.0,0.0,4.340393077009972,0.8432217032945875,95208,1.0,1.8265691958658936,14,2.125090772801178,0.7929110936824744,-6251.80361188333,-57.016897788899755,0.07562290576133768,95208
refractory_1.0,3.0,110,iei_400,29.0,1.4049399311098043,1.3254502883190054,0.9935893026317262,25903,0.9584990155580435,6.713662510133961,98,1.34045778200562,0.2116489768766881,4554.214406886423,47.337249995947765,0.008014628522620193,24828
refractory_1.0,3.0,111,iei_float,1.8660569146819375,0.0,4.1567954339298225,0.8270676201385873,94938,1.0,1.8331016031515304,13,2.1191254850842878,0.7886090679391622,-6338.814313865522,-58.09666382201964,0.0759561462088838,94938
refractory_1.0,3.0,111,iei_100,2.0,0.0,4.1567954339298225,0.8270676201385873,94938,1.0,1.8331016031515304,13,2.1191254850842878,0.7886090679391622,-6338.814313865522,-58.09666382201964,0.0759561462088838,94938
refractory_1.0,3.0,111,iei_400,28.0,1.388431141752144,1.30600737216662,0.9962584609213506,25774,0.9577869170481881,6.752192131605494,114,1.3431167512414088,0.2107056381445468,4726.323701438013,49.017616531111365,0.01021247126902336,24686
refractory_1.0,3.0,112,iei_float,1.890732606691611,0.0,4.1103964488891584,0.8572882315194943,96196,1.0,1.8087030645764897,14,2.1413908219672653,0.8049335182430992,-6055.992307377457,-55.34277320813233,0.0735782320519951,96196
refractory_1.0,3.0,112,iei_100,2.0,0.0,4.1103964488891584,0.8572882315194943,96196,1.0,1.8087030645764897,14,2.1413908219672653,0.8049335182430992,-6055.992307377457,-55.34277320813233,0.0735782320519951,96196
refractory_1.0,3.0,112,iei_400,34.0,1.2388677651035065,1.3230060760950804,0.9974091621309747,26462,0.9613407905676064,6.575088806590583,109,1.3461815616435278,0.2131744860749813,4710.3498410515,47.96742408792538,0.0064896082262533294,25439
refractory_1.0,3.0,113,iei_float,1.8632733252903235,0.0,4.332232186423183,0.8433455214765606,94760,1.0,1.8363866610384127,14,2.118385948562862,0.786464128232546,-6155.609632623987,-56.182245516516744,0.07466075732471111,94760
refractory_1.0,3.0,113,iei_100,2.0,0.0,4.332232186423183,0.8433455214765606,94760,1.0,1.8363866610384127,14,2.118385948562862,0.786464128232546,-6155.609632623987,-56.182245516516744,0.07466075732471111,94760
refractory_1.0,3.0,113,iei_400,26.0,1.4910897593824424,1.2981762700730568,0.9935976318006468,25647,0.9577338480134129,6.785043084961204,166,1.3424836706373693,0.20982714913371142,4774.770271106037,49.63305374677185,0.011494229622557861,24563
refractory_1.0,3.0,114,iei_float,1.8671618993789405,0.0,4.185212371142215,0.8563417439055963,94752,1.0,1.8363306315433976,14,2.118402433862629,0.786500609226847,-6157.619143067985,-55.97616677003738,0.07550291252332786,94752
refractory_1.0,3.0,114,iei_100,2.0,0.0,4.185212371142215,0.8563417439055963,94752,1.0,1.8363306315433976,14,2.118402433862629,0.786500609226847,-6157.619143067985,-55.97616677003738,0.07550291252332786,94752
refractory_1.0,3.0,114,iei_400,24.0,1.5701689328388957,1.290573458488979,0.9954860107739236,25379,0.9576027424248394,6.855904487962489,124,1.3294392963471307,0.2066537826321893,4601.026498226261,48.54082141426939,0.010022591255072322,24303
refractory_1.0,3.0,115,iei_float,1.8793690322318692,0.0,3.693414866861182,0.8560356870224298,95541,1.0,1.8199935106394114,12,2.133570008226309,0.7972917872860177,-5926.576111688576,-53.874579221093754,0.07346653158982663,95541
refractory_1.0,3.0,115,iei_100,2.0,0.0,3.693414866861182,0.8560356870224298,95541,1.0,1.8199935106394114,12,2.133570008226309,0.7972917872860177,-5926.576111688576,-53.874579221093754,0.07346653158982663,95541
refractory_1.0,3.0,115,iei_400,31.0,1.2784746190756797,1.320926201630485,0.9957361764571454,26111,0.9603998314886446,6.659415571981158,131,1.3460472957073097,0.2124199984907637,4720.824355039524,48.73299027064709,0.00956270595508435,25077
refractory_1.0,3.0,116,iei_float,1.8765342082877627,0.0,4.2387699856535725,0.8530125740661479,95281,1.0,1.8252747137414596,15,2.126690679402005,0.7937694645992126,-6194.71614825764,-56.163841533367965,0.07551749512268147,95281
refractory_1.0,3.0,116,iei_100,2.0,0.0,4.2387699856535725,0.8530125740661479,95281,1.0,1.8252747137414596,15,2.126690679402005,0.7937694645992126,-6194.71614825764,-56.163841533367965,0.07551749512268147,95281
refractory_1.0,3.0,116,iei_400,28.0,1.3912604192978024,1.3282887263282233,0.9946483264526184,25792,0.9585918114143921,6.742943548387097,119,1.3370687645000938,0.21119613501089668,4461.419666094919,46.80469104429933,0.00838277414131261,24724
refractory_1.0,3.0,117,iei_float,1.8708221879981628,0.0,4.268047772020482,0.8413443608459796,95231,1.0,1.8274931482395438,14,2.127302821694231,0.7922996142761587,-5962.895169692316,-54.05990968680973,0.07372356801141944,95231
refractory_1.0,3.0,117,iei_100,2.0,0.0,4.268047772020482,0.8413443608459796,95231,1.0,1.8274931482395438,14,2.127302821694231,0.7922996142761587,-5962.895169692316,-54.05990968680973,0.07372356801141944,95231
refractory_1.0,3.0,117,iei_400,30.0,1.3292024953633452,1.3231981235604,0.9911976368256686,25990,0.9590996537129666,6.696190842631782,111,1.3422970825679723,0.21210958010076658,4589.368020647809,47.3794506420129,0.006820651421457213,24927
refractory_1.0,3.0,118,iei_float,1.8785116768953434,0.0,4.345958602615583,0.8380486006410226,95446,1.0,1.8230308237118371,14,2.128686153470058,0.7952620290547838,-6176.31261071893,-56.12042444093211,0.07558092814214412,95446
refractory_1.0,3.0,118,iei_100,2.0,0.0,4.345958602615583,0.8380486006410226,95446,1.0,1.8230308237118371,14,2.128686153470058,0.7952620290547838,-6176.31261071893,-56.12042444093211,0.07558092814214412,95446
refractory_1.0,3.0,118,iei_400,29.0,1.450482180293501,1.3245723499743969,0.995646922914908,25888,0.9587453646477132,6.721299443757726,128,1.338963440686987,0.2113499772991188,4530.890578303932,47.07288896469016,0.007967866714460647,24820
refractory_1.0,3.0,119,iei_float,1.883720143675634,0.0,4.13752331140062,0.8389980285115788,95806,1.0,1.816378932425944,13,2.1358332243023117,0.7997215747070792,-5993.875829558077,-54.80230096840186,0.07349069748165371,95806
refractory_1.0,3.0,119,iei_100,2.0,0.0,4.13752331140062,0.8389980285115788,95806,1.0,1.816378932425944,13,2.1358332243023117,0.7997215747070792,-5993.875829558077,-54.80230096840186,0.07349069748165371,95806
refractory_1.0,3.0,119,iei_400,31.0,1.4118387909319898,1.329412505137799,0.9939564083684487,26187,0.9603620116851873,6.645282010157712,109,1.3396402025271161,0.21170664601189232,4576.636146902775,47.49774895519219,0.007025570733998121,25149
refractory_1.2,3.0,100,iei_float,1.4442658224717433,0.0,3.966691202338494,0.8011459576493816,70690,1.0,2.461819210637997,17,1.7342085234553029,0.5212175490948217,-9271.216054313712,-89.21746373923152,0.10965974423233837,70690
refractory_1.2,3.0,100,iei_100,1.0,0.0,3.966691202338494,0.8011459576493816,70690,1.0,2.461819210637997,17,1.7342085234553029,0.5212175490948217,-9271.216054313712,-89.21746373923152,0.10965974423233837,70690
refractory_1.2,3.0,100,iei_400,1.0,0.0,3.966691202338494,0.8011459576493816,70690,1.0,2.461819210637997,17,1.7342085234553029,0.5212175490948217,-9271.216054313712,-89.21746373923152,0.10965974423233837,70690
refractory_1.2,3.0,101,iei_float,1.4360134220722642,0.0,3.9127371957613457,0.7724655697411833,70292,1.0,2.475672907300973,16,1.727115547563061,0.5173966561045957,-9386.850977517934,-91.05626579666539,0.1116030841358358,70292
refractory_1.2,3.0,101,iei_100,1.0,0.0,3.9127371957613457,0.7724655697411833,70292,1.0,2.475672907300973,16,1.727115547563061,0.5173966561045957,-9386.850977517934,-91.05626579666539,0.1116030841358358,70292
refractory_1.2,3.0,101,iei_400,1.0,0.0,3.9127371957613457,0.7724655697411833,70292,1.0,2.475672907300973,16,1.727115547563061,0.5173966561045957,-9386.850977517934,-91.05626579666539,0.1116030841358358,70292
refractory_1.2,3.0,102,iei_float,1.452969084312692,0.0,3.2833531355233987,0.7795263536096626,71311,1.0,2.4398059205452176,14,1.7439051009226265,0.5274090202907409,-9245.33261684389,-88.68177433516719,0.10973772512413932,71311
refractory_1.2,3.0,102,iei_100,1.0,0.0,3.2833531355233987,0.7795263536096626,71311,1.0,2.4398059205452176,14,1.7439051009226265,0.5274090202907409,-9245.33261684389,-88.68177433516719,0.10973772512413932,71311
refractory_1.2,3.0,102,iei_400,1.0,0.0,3.2833531355233987,0.7795263536096626,71311,1.0,2.4398059205452176,14,1.7439051009226265,0.5274090202907409,-9245.33261684389,-88.68177433516719,0.10973772512413932,71311
refractory_1.2,3.0,103,iei_float,1.4446556731418239,0.0,3.5689946031299065,0.7728606358652046,70836,1.0,2.4563922299395786,15,1.737321294384115,0.5227301009671275,-9193.87744288928,-88.20949589581642,0.10850662759190616,70836
refractory_1.2,3.0,103,iei_100,1.0,0.0,3.5689946031299065,0.7728606358652046,70836,1.0,2.4563922299395786,15,1.737321294384115,0.5227301009671275,-9193.87744288928,-88.20949589581642,0.10850662759190616,70836
refractory_1.2,3.0,103,iei_400,1.0,0.0,3.5689946031299065,0.7728606358652046,70836,1.0,2.4563922299395786,15,1.737321294384115,0.5227301009671275,-9193.87744288928,-88.20949589581642,0.10850662759190616,70836
refractory_1.2,3.0,104,iei_float,1.438236712884513,0.0,3.569326427794281,0.7745366869936319,70222,1.0,2.4747230212753837,15,1.728436151962379,0.5176568086569127,-9286.576108907644,-89.86214544903547,0.10992186318457808,70222
refractory_1.2,3.0,104,iei_100,1.0,0.0,3.569326427794281,0.7745366869936319,70222,1.0,2.4747230212753837,15,1.728436151962379,0.5176568086569127,-9286.576108907644,-89.86214544903547,0.10992186318457808,70222
refractory_1.2,3.0,104,iei_400,1.0,0.0,3.569326427794281,0.7745366869936319,70222,1.0,2.4747230212753837,15,1.728436151962379,0.5176568086569127,-9286.576108907644,-89.86214544903547,0.10992186318457808,70222
refractory_1.2,3.0,105,iei_float,1.4427630275411136,0.0,3.910333635347605,0.7739557136816613,70621,1.0,2.4620438679712833,16,1.7343261227507956,0.5211551277836401,-9242.697554300888,-89.25286199908534,0.10913317255546201,70621
refractory_1.2,3.0,105,iei_100,1.0,0.0,3.910333635347605,0.7739557136816613,70621,1.0,2.4620438679712833,16,1.7343261227507956,0.5211551277836401,-9242.697554300888,-89.25286199908534,0.10913317255546201,70621
refractory_1.2,3.0,105,iei_400,1.0,0.0,3.910333635347605,0.7739557136816613,70621,1.0,2.4620438679712833,16,1.7343261227507956,0.5211551277836401,-9242.697554300888,-89.25286199908534,0.10913317255546201,70621
refractory_1.2,3.0,106,iei_float,1.4416867454954256,0.0,3.673786252125127,0.7954372777847638,70695,1.0,2.4606124902751256,16,1.7359560041988598,0.5215530995455895,-9149.812899046363,-87.73492229673555,0.10919556393252583,70695
refractory_1.2,3.0,106,iei_100,1.0,0.0,3.673786252125127,0.7954372777847638,70695,1.0,2.4606124902751256,16,1.7359560041988598,0.5215530995455895,-9149.812899046363,-87.73492229673555,0.10919556393252583,70695
refractory_1.2,3.0,106,iei_400,1.0,0.0,3.673786252125127,0.7954372777847638,70695,1.0,2.4606124902751256,16,1.7359560041988598,0.5215530995455895,-9149.812899046363,-87.73492229673555,0.10919556393252583,70695
refractory_1.2,3.0,107,iei_float,1.4384462361260015,0.0,3.4483557925872663,0.7955834360919452,70636,1.0,2.4629225890480773,15,1.7357710438896081,0.5209111208051473,-9074.729843643054,-87.12152045885806,0.1080396446411479,70636
refractory_1.2,3.0,107,iei_100,1.0,0.0,3.4483557925872663,0.7955834360919452,70636,1.0,2.4629225890480773,15,1.7357710438896081,0.5209111208051473,-9074.729843643054,-87.12152045885806,0.1080396446411479,70636
refractory_1.2,3.0,107,iei_400,1.0,0.0,3.4483557925872663,0.7955834360919452,70636,1.0,2.4629225890480773,15,1.7357710438896081,0.5209111208051473,-9074.729843643054,-87.12152045885806,0.1080396446411479,70636
refractory_1.2,3.0,108,iei_float,1.458911121451838,0.0,3.541982127545248,0.7873366061219743,71549,1.0,2.4310472543292008,15,1.7486906523984889,0.5299145362123283,-9148.405564075534,-87.72769124971718,0.1090085653268793,71549
refractory_1.2,3.0,108,iei_100,1.0,0.0,3.541982127545248,0.7873366061219743,71549,1.0,2.4310472543292008,15,1.7486906523984889,0.5299145362123283,-9148.405564075534,-87.72769124971718,0.1090085653268793,71549
refractory_1.2,3.0,108,iei_400,1.0,0.0,3.541982127545248,0.7873366061219743,71549,1.0,2.4310472543292008,15,1.7486906523984889,0.5299145362123283,-9148.405564075534,-87.72769124971718,0.1090085653268793,71549
refractory_1.2,3.0,109,iei_float,1.4536599270059425,0.0,3.6410687122421312,0.8088135880000713,71121,1.0,2.444495999775031,16,1.7429715368259462,0.5260773063633728,-9134.143702062885,-87.32608493084125,0.10892922300648639,71121
refractory_1.2,3.0,109,iei_100,1.0,0.0,3.6410687122421312,0.8088135880000713,71121,1.0,2.444495999775031,16,1.7429715368259462,0.5260773063633728,-9134.143702062885,-87.32608493084125,0.10892922300648639,71121
refractory_1.2,3.0,109,iei_400,1.0,0.0,3.6410687122421312,0.8088135880000713,71121,1.0,2.444495999775031,16,1.7429715368259462,0.5260773063633728,-9134.143702062885,-87.32608493084125,0.10892922300648639,71121
refractory_1.2,3.0,110,iei_float,1.4498515842375643,0.0,3.573038612838317,0.7929412488754699,71120,1.0,2.4465691788526436,16,1.7415115960058802,0.5254908317717286,-9195.980418819898,-88.61245994611143,0.1084745308196009,71120
refractory_1.2,3.0,110,iei_100,1.0,0.0,3.573038612838317,0.7929412488754699,71120,1.0,2.4465691788526436,16,1.7415115960058802,0.5254908317717286,-9195.980418819898,-88.61245994611143,0.1084745308196009,71120
refractory_1.2,3.0,110,iei_400,1.0,0.0,3.573038612838317,0.7929412488754699,71120,1.0,2.4465691788526436,16,1.7415115960058802,0.5254908317717286,-9195.980418819898,-88.61245994611143,0.1084745308196009,71120
refractory_1.2,3.0,111,iei_float,1.438183888696341,0.0,3.471786400895836,0.791138416767567,70535,1.0,2.467101439001914,15,1.7341216501956023,0.5197539092565,-9065.228024071406,-87.06019410019503,0.10763704390200768,70535
refractory_1.2,3.0,111,iei_100,1.0,0.0,3.471786400895836,0.791138416767567,70535,1.0,2.467101439001914,15,1.7341216501956023,0.5197539092565,-9065.228024071406,-87.06019410019503,0.10763704390200768,70535
refractory_1.2,3.0,111,iei_400,1.0,0.0,3.471786400895836,0.791138416767567,70535,1.0,2.467101439001914,15,1.7341216501956023,0.5197539092565,-9065.228024071406,-87.06019410019503,0.10763704390200768,70535
refractory_1.2,3.0,112,iei_float,1.445094651581861,0.0,3.9130629382925846,0.7661551344080297,70836,1.0,2.456124004743351,16,1.738758194836139,0.5228050907150619,-9066.792414505813,-87.13428134165389,0.10755031983031271,70836
refractory_1.2,3.0,112,iei_100,1.0,0.0,3.9130629382925846,0.7661551344080297,70836,1.0,2.456124004743351,16,1.738758194836139,0.5228050907150619,-9066.792414505813,-87.13428134165389,0.10755031983031271,70836
refractory_1.2,3.0,112,iei_400,1.0,0.0,3.9130629382925846,0.7661551344080297,70836,1.0,2.456124004743351,16,1.738758194836139,0.5228050907150619,-9066.792414505813,-87.13428134165389,0.10755031983031271,70836
refractory_1.2,3.0,113,iei_float,1.4456712221885082,0.0,3.152316566833227,0.807391854574866,70746,1.0,2.4576654510502363,14,1.7370511114938285,0.5223744366909358,-9160.868691571235,-88.03319244544304,0.10963688533112109,70746
refractory_1.2,3.0,113,iei_100,1.0,0.0,3.152316566833227,0.807391854574866,70746,1.0,2.4576654510502363,14,1.7370511114938285,0.5223744366909358,-9160.868691571235,-88.03319244544304,0.10963688533112109,70746
refractory_1.2,3.0,113,iei_400,1.0,0.0,3.152316566833227,0.807391854574866,70746,1.0,2.4576654510502363,14,1.7370511114938285,0.5223744366909358,-9160.868691571235,-88.03319244544304,0.10963688533112109,70746
refractory_1.2,3.0,114,iei_float,1.432398187807878,0.0,3.6601674688481713,0.7483051656448588,70032,1.0,2.482964930317569,15,1.7248853569196978,0.5154083976184913,-9299.871437293163,-90.06693435261765,0.11062288829429606,70032
refractory_1.2,3.0,114,iei_100,1.0,0.0,3.6601674688481713,0.7483051656448588,70032,1.0,2.482964930317569,15,1.7248853569196978,0.5154083976184913,-9299.871437293163,-90.06693435261765,0.11062288829429606,70032
refractory_1.2,3.0,114,iei_400,1.0,0.0,3.6601674688481713,0.7483051656448588,70032,1.0,2.482964930317569,15,1.7248853569196978,0.5154083976184913,-9299.871437293163,-90.06693435261765,0.11062288829429606,70032
refractory_1.2,3.0,115,iei_float,1.4513537453311116,0.0,3.495154766635356,0.7827756365067006,71118,1.0,2.446384881464608,15,1.7441510802202504,0.5255429128746723,-8950.501311014375,-85.56211281817367,0.10737578766594075,71118
refractory_1.2,3.0,115,iei_100,1.0,0.0,3.495154766635356,0.7827756365067006,71118,1.0,2.446384881464608,15,1.7441510802202504,0.5255429128746723,-8950.501311014375,-85.56211281817367,0.10737578766594075,71118
refractory_1.2,3.0,115,iei_400,1.0,0.0,3.495154766635356,0.7827756365067006,71118,1.0,2.446384881464608,15,1.7441510802202504,0.5255429128746723,-8950.501311014375,-85.56211281817367,0.10737578766594075,71118
refractory_1.2,3.0,116,iei_float,1.4446293054928472,0.0,3.9960317717113454,0.7943638602081107,70730,1.0,2.4603421461897357,18,1.7343622011794277,0.5216283341821002,-9316.278098216884,-89.4291502969449,0.11080181126457772,70730
refractory_1.2,3.0,116,iei_100,1.0,0.0,3.9960317717113454,0.7943638602081107,70730,1.0,2.4603421461897357,18,1.7343622011794277,0.5216283341821002,-9316.278098216884,-89.4291502969449,0.11080181126457772,70730
refractory_1.2,3.0,116,iei_400,1.0,0.0,3.9960317717113454,0.7943638602081107,70730,1.0,2.4603421461897357,18,1.7343622011794277,0.5216283341821002,-9316.278098216884,-89.4291502969449,0.11080181126457772,70730
refractory_1.2,3.0,117,iei_float,1.4482921025234248,0.0,3.559306625050376,0.7726017022647047,71095,1.0,2.4479358604683874,15,1.7431003695082037,0.5251049466184874,-8989.967478709936,-85.8396775129549,0.10647012246862458,71095
refractory_1.2,3.0,117,iei_100,1.0,0.0,3.559306625050376,0.7726017022647047,71095,1.0,2.4479358604683874,15,1.7431003695082037,0.5251049466184874,-8989.967478709936,-85.8396775129549,0.10647012246862458,71095
refractory_1.2,3.0,117,iei_400,1.0,0.0,3.559306625050376,0.7726017022647047,71095,1.0,2.4479358604683874,15,1.7431003695082037,0.5251049466184874,-8989.967478709936,-85.8396775129549,0.10647012246862458,71095
refractory_1.2,3.0,118,iei_float,1.4306822259896794,0.0,3.473225048058836,0.7833124494118896,70191,1.0,2.478993033294867,16,1.7278324396776572,0.516489443217903,-9184.814491624924,-88.28814545715744,0.10909279218666351,70191
refractory_1.2,3.0,118,iei_100,1.0,0.0,3.473225048058836,0.7833124494118896,70191,1.0,2.478993033294867,16,1.7278324396776572,0.516489443217903,-9184.814491624924,-88.28814545715744,0.10909279218666351,70191
refractory_1.2,3.0,118,iei_400,1.0,0.0,3.473225048058836,0.7833124494118896,70191,1.0,2.478993033294867,16,1.7278324396776572,0.516489443217903,-9184.814491624924,-88.28814545715744,0.10909279218666351,70191
refractory_1.2,3.0,119,iei_float,1.4448634356869083,0.0,3.19964130253704,0.7978252371254742,70768,1.0,2.457763395885146,14,1.7373351708537914,0.5223470970688815,-9133.024904007589,-87.94471603790552,0.10912085315718939,70768
refractory_1.2,3.0,119,iei_100,1.0,0.0,3.19964130253704,0.7978252371254742,70768,1.0,2.457763395885146,14,1.7373351708537914,0.5223470970688815,-9133.024904007589,-87.94471603790552,0.10912085315718939,70768
refractory_1.2,3.0,119,iei_400,1.0,0.0,3.19964130253704,0.7978252371254742,70768,1.0,2.457763395885146,14,1.7373351708537914,0.5223470970688815,-9133.024904007589,-87.94471603790552,0.10912085315718939,70768
