condition,seed,control,jitter_ms,dt_ms,original_native,control_native,sigma_single,tau_regression,regression_r2,n_avalanches,fit_fraction,mean_size,max_size,tau_mle,exp_rate,llr,vuong_z,ks,fit_n
homogeneous,100,none,0,10,54,54,0.15586773700305812,4.4335862144769465,0.9336476040610806,11318,1.0,1.2594981445485067,6,2.993957646592653,1.5797190701481512,-400.52157450329565,-18.49564754112572,0.04050439375442927,11318
homogeneous,100,none,0,54,54,54,0.8440988835725678,2.504686626825956,0.8735462915219653,4048,1.0,3.52149209486166,26,1.4028667840132503,0.333883145999897,-670.6039531831648,-24.178572113321117,0.14661312000874865,4048
homogeneous,100,shuffle,0,10,54,54,0.16058885788511498,4.611572991444712,0.9549969592439858,11248,1.0,1.2673364153627311,8,2.9733095017905367,1.5561648183582366,-377.0697209134944,-16.07560959415653,0.040651414461087776,11248
homogeneous,100,shuffle,0,54,54,54,0.8987194412107101,2.5934948637218858,0.8464889805152189,4061,1.0,3.510219157842896,23,1.3993272156013017,0.33516214873802896,-709.1982662643773,-26.1493602336341,0.14579763664558348,4061
homogeneous,100,jitter,4,10,54,54,0.15581572434799162,4.454239040570304,0.929193920329953,11341,1.0,1.2569438321135702,6,3.006307162636782,1.5875810145916232,-377.4945786645221,-17.46915512983285,0.03893547120486951,11341
homogeneous,100,jitter,4,54,54,54,0.8392715756136183,2.609623149900001,0.8665767358156256,4070,1.0,3.5024570024570023,26,1.4074732851223164,0.3360484891394704,-672.6439858478897,-24.18700276146374,0.14664417413209085,4070
homogeneous,100,jitter,20,10,54,54,0.1576974822217951,4.515397505041196,0.9186844910783358,11277,1.0,1.2640773255298394,6,2.9776536928130337,1.5658557881028252,-410.5062351857929,-18.86243374207913,0.04159524201235365,11277
homogeneous,100,jitter,20,54,54,54,0.8568580542264753,2.4704859626079703,0.8704957916959177,4029,1.0,3.5380987838173246,26,1.4003011490577268,0.33201651289748824,-660.3720883890389,-23.808901530001368,0.14288452549935377,4029
homogeneous,100,jitter,80,10,54,54,0.1587073264288454,4.350570763668702,0.9320356071104337,11280,1.0,1.263741134751773,6,2.9811180822330012,1.566863683367036,-396.7541717363411,-17.98636434427013,0.04095368426664103,11280
homogeneous,100,jitter,80,54,54,54,0.8527489427143407,2.57635080486181,0.8737894447760866,4060,1.0,3.5110837438423643,28,1.408134597984093,0.33506371083105324,-655.2925877369622,-23.45001057328945,0.1410893112705448,4060
homogeneous,101,none,0,10,53,53,0.16682563906905762,4.047000229505589,0.9433523894704334,11409,1.0,1.2829345253747042,6,2.9219199407604837,1.5116898190941161,-414.8736801096261,-17.72897252654984,0.043509053916722884,11409
homogeneous,101,none,0,53,53,53,0.8415384615384616,2.666281067683373,0.8655083173551227,4159,1.0,3.519355614330368,27,1.4057219452019627,0.33412480265721634,-674.5078158388345,-23.876523538849863,0.1373599086512053,4159
homogeneous,101,shuffle,0,10,53,54,0.16748908711330424,4.579308788173084,0.932983702897648,11443,1.0,1.2791226077077689,7,2.9290935860039955,1.5222785197089945,-438.7113662604018,-18.776473776659916,0.04449863930204778,11443
homogeneous,101,shuffle,0,53,53,54,0.8719604863221885,2.508383578983919,0.8525537992103582,4188,1.0,3.4949856733524354,22,1.4100185121774853,0.3369060241597617,-687.0081957582354,-25.089852233439764,0.14236098347444975,4188
homogeneous,101,shuffle,0,54,53,54,0.8762845849802372,2.4394759674906656,0.859506418162044,4082,1.0,3.5857422831945125,28,1.3866967259072513,0.3267741344226438,-686.6156390222371,-25.288026322985562,0.1423744954944125,4082
homogeneous,101,jitter,4,10,53,53,0.16904761904761906,4.489127906408706,0.9247105205961209,11400,1.0,1.2839473684210527,7,2.9198317657591684,1.5089055945576928,-409.7931718859362,-17.417391867261554,0.04285479098634715,11400
homogeneous,101,jitter,4,53,53,53,0.8271368340360291,2.707085034534218,0.8799945403339609,4197,1.0,3.487491065046462,27,1.414623334734829,0.3377706055340718,-670.6937156638055,-23.327165477248716,0.1373663184290555,4197
homogeneous,101,jitter,20,10,53,53,0.16844207723035953,4.655406554331462,0.9297484458834588,11431,1.0,1.2804654011022658,7,2.925396927902261,1.5185285153144528,-437.30810750963275,-18.882430404746913,0.044372681103438616,11431
homogeneous,101,jitter,20,53,53,53,0.8532423208191127,2.4473827725219652,0.881789269714585,4188,0.9997612225405922,3.4949856733524354,37,1.4160121080701114,0.3378293153774762,-661.2687980373438,-23.08996944630481,0.13750046107164465,4187
homogeneous,101,jitter,80,10,53,53,0.16715793477227348,4.1661224592271315,0.9328436094905291,11429,1.0,1.2806894741447197,6,2.928521402522099,1.5179048794975372,-414.4142799857382,-17.986617734834276,0.04276326492304683,11429
homogeneous,101,jitter,80,53,53,53,0.8802652106084243,2.4053947790192454,0.8496141144713458,4131,0.9997579278625031,3.54320987654321,42,1.39441903022845,0.3324867008636172,-718.3947851492627,-26.73262777974547,0.14261393544458878,4130
homogeneous,102,none,0,10,54,54,0.16237774190485235,4.291782916783963,0.9240612874229766,11412,1.0,1.2740974412898702,7,2.9512926592915374,1.5365096494223165,-392.45851540316,-16.1059533329423,0.042052824365962804,11412
homogeneous,102,none,0,54,54,54,0.8666666666666667,2.476074480695871,0.8758633045208843,4055,1.0,3.5856966707768185,27,1.3880376127594456,0.32677907502721604,-674.1443675320355,-24.602593027301165,0.13921841618055703,4055
homogeneous,102,shuffle,0,10,54,54,0.15687382297551788,4.489685019855046,0.9480803949931862,11478,1.0,1.2667712144972991,7,2.9773803555354785,1.5578351748698762,-371.12260721863703,-16.259020679809062,0.03870950662776573,11478
homogeneous,102,shuffle,0,54,54,54,0.841233140655106,2.465623292486578,0.8702138831702287,4115,0.9995139732685298,3.5334143377885785,32,1.4085645360429897,0.3340727875307995,-649.2328253048538,-22.770414754648673,0.1371658675367693,4113
homogeneous,102,jitter,4,10,54,54,0.16494943713031865,4.212313197478298,0.9602756342690802,11382,1.0,1.277455631699174,7,2.937053243801932,1.52696455627192,-417.52818554069415,-17.320656924537186,0.043670664222399846,11382
homogeneous,102,jitter,4,54,54,54,0.8696850393700788,2.5029227054457954,0.8716378833453717,4063,1.0,3.5786364755107063,27,1.388366247407662,0.3275455986657819,-682.8970088845228,-25.023359612037964,0.13986280634686687,4063
homogeneous,102,jitter,20,10,54,54,0.1625178826895565,4.645962471806414,0.9289929551637197,11401,1.0,1.2753267257258136,7,2.9474542599679108,1.5329991942455505,-393.32433832117084,-17.107175552213324,0.04127895994333908,11401
homogeneous,102,jitter,20,54,54,54,0.8661354581673307,2.551238605897022,0.8745408775250021,4079,1.0,3.564599166462368,27,1.388628770462832,0.32908023288824706,-702.8111361267221,-25.429086974171764,0.14662781242725081,4079
homogeneous,102,jitter,80,10,54,54,0.16215701219512196,4.014371602772155,0.9494501478198932,11393,1.0,1.2762222417273765,6,2.945097009635022,1.5304538540230999,-391.42184922969216,-16.84111699791568,0.04153460443030754,11393
homogeneous,102,jitter,80,54,54,54,0.8952676493405741,2.6092368266703163,0.8516762630333186,4094,1.0,3.5515388373229118,24,1.3918006659207567,0.3305208843884526,-703.9458362585608,-26.349429917743198,0.1409982336325621,4094
homogeneous,103,none,0,10,54,54,0.15979629095800904,4.799794510506931,0.9253437512472855,11335,1.0,1.2730480811645346,7,2.9471820876544452,1.5395214666492207,-432.33337694365343,-19.165218051614733,0.0436466187483745,11335
homogeneous,103,none,0,54,54,54,0.8443564356435643,2.5329622777133087,0.8527204774218285,4088,1.0,3.529843444227006,26,1.4034454128994458,0.3329418417874036,-662.3710916021857,-23.8119123774878,0.13959771612196664,4088
homogeneous,103,shuffle,0,10,54,54,0.1621387283236994,4.446846567460973,0.9512356755906297,11297,1.0,1.2773302646720368,8,2.941037027915309,1.5273183608157246,-392.96369485723056,-16.871811970616466,0.041471148881333075,11297
homogeneous,103,shuffle,0,54,54,54,0.8401544401544402,2.484421246936487,0.8593646038221254,4126,1.0,3.497333979641299,25,1.4109706393410715,0.3366360255894322,-667.8011541237468,-24.026109146905398,0.13630581958748988,4126
homogeneous,103,jitter,4,10,54,54,0.16240298936476,4.542069045628896,0.9145203615142805,11350,1.0,1.2713656387665198,6,2.9500927328612416,1.544379775800294,-445.1622821370104,-20.184862819067327,0.044211049906587974,11350
homogeneous,103,jitter,4,54,54,54,0.8488783943329398,2.5277027945305406,0.8695208019125722,4089,1.0,3.528980190755686,27,1.405921504876817,0.33303889774630435,-648.8278483417649,-22.722883765269984,0.13672931496439905,4089
homogeneous,103,jitter,20,10,54,54,0.1593663517511213,4.487155986279151,0.9154561811811606,11369,1.0,1.2692409182865687,6,2.961025519912143,1.550567712822509,-419.0039723723533,-19.007302867806455,0.04213274475691331,11369
homogeneous,103,jitter,20,54,54,54,0.8534784298484259,2.5521014210540103,0.8651200456882687,4105,1.0,3.515225334957369,25,1.4076862302581272,0.3345929617635425,-659.5682269725618,-23.269771765805615,0.1421363747087383,4105
homogeneous,103,jitter,80,10,54,54,0.16335498662590753,4.340342800164611,0.9549575750039125,11337,1.0,1.2728234982799682,7,2.9527144618828363,1.540167879082846,-403.73490733734997,-17.216768974650133,0.04227508247580536,11337
homogeneous,103,jitter,80,54,54,54,0.8750485060147458,2.328197276152433,0.8513586690222611,4045,1.0,3.5673671199011125,22,1.3946269101793707,0.32877650101403044,-657.6131635543038,-24.135736713517968,0.13821546564958503,4045
homogeneous,104,none,0,10,54,54,0.15313950184676578,4.744947926763998,0.9373329128620923,11448,1.0,1.2587351502445843,7,2.9981768275581313,1.5820576941658158,-394.80371493571124,-17.69457941854193,0.04027765537811856,11448
homogeneous,104,none,0,54,54,54,0.8614410134600158,2.5783585919508067,0.8332490133677124,4091,0.9997555609875336,3.5223661696406747,34,1.4016438761267498,0.3346282553921778,-693.9054050989921,-26.204260542057014,0.1470840321963809,4090
homogeneous,104,shuffle,0,10,54,54,0.1529243937232525,4.857551077193146,0.9320616271544568,11429,1.0,1.260827718960539,7,2.98873946472707,1.575663595315497,-410.3863979090771,-18.62768033813785,0.04117267966159277,11429
homogeneous,104,shuffle,0,54,54,54,0.8665893271461717,2.512148186540547,0.8386714760151432,4059,1.0,3.5501355013550135,22,1.3976452517786928,0.33067642568171574,-664.9449632652803,-24.694815586734038,0.13835249653702347,4059
homogeneous,104,jitter,4,10,54,54,0.1549322467544774,4.429672180782359,0.9323456250579336,11436,1.0,1.2600559636236446,6,2.9915601694507767,1.5780145619734767,-408.3596680858419,-18.661312782285084,0.04099289485859092,11436
homogeneous,104,jitter,4,54,54,54,0.8687228153420324,2.6701663277606444,0.8366223655396315,4091,0.9997555609875336,3.5223661696406747,34,1.4016069884125297,0.3346282553921778,-694.1271477536944,-26.133263148153237,0.14682494012618902,4090
homogeneous,104,jitter,20,10,54,54,0.15767437434579884,4.376611118356404,0.9291620115612107,11391,1.0,1.26503379861294,6,2.977544819568104,1.5629967592867287,-398.2407399462276,-18.015861594198885,0.040771532756131545,11391
homogeneous,104,jitter,20,54,54,54,0.8529529931699478,2.5383780567181677,0.8515277901765662,4005,0.9997503121098626,3.5980024968789013,33,1.3874465575629724,0.32624239709897496,-662.6554219522635,-24.682703465237125,0.1399035953186391,4004
homogeneous,104,jitter,80,10,54,54,0.1636990235496841,4.614227658630039,0.9449851482624424,11320,1.0,1.2729681978798586,8,2.9522396699196296,1.5397513191017773,-403.3941316917096,-17.89751447615449,0.04129639851291489,11320
homogeneous,104,jitter,80,54,54,54,0.853515625,2.5939347761782505,0.8671755290354781,4100,1.0,3.5146341463414634,30,1.4073667223955777,0.3346600782611523,-661.5012235262918,-23.409988415360644,0.1407100302441548,4100
homogeneous,105,none,0,10,54,54,0.1558019499139744,4.952184391805274,0.9270013953307481,11371,1.0,1.266819101222408,8,2.970943134966804,1.557693487610142,-404.071230740658,-17.815740099407932,0.04137058872392718,11371
homogeneous,105,none,0,54,54,54,0.8509972624168948,2.530860968978732,0.8762820930807262,4089,1.0,3.5228662264612374,28,1.4104537933127563,0.3337279013867127,-629.9255032386063,-22.420486605728197,0.13632008472660373,4089
homogeneous,105,shuffle,0,10,54,54,0.16037735849056603,4.619502654626823,0.9287718233670922,11281,1.0,1.27692580444996,8,2.945240244429959,1.5284611365590477,-374.591608750151,-16.278477638512555,0.04042843722050016,11281
homogeneous,105,shuffle,0,54,54,54,0.8872093023255814,2.6059539492638137,0.8567987554174816,4072,1.0,3.537573673870334,24,1.3968291566324442,0.3320752199572887,-688.909163138341,-25.49302059683959,0.14059722530576196,4072
homogeneous,105,jitter,4,10,54,54,0.15659077864932083,4.800129804994608,0.9245472556793884,11351,1.0,1.2690511849176285,7,2.9654744833027653,1.5511231617400578,-395.7346382274148,-17.66432113241507,0.040894957305998125,11351
homogeneous,105,jitter,4,54,54,54,0.8373000390167772,2.4172803007348542,0.8655267111508329,4104,1.0,3.509990253411306,28,1.4163593700188155,0.3351882203795583,-614.2933770405925,-21.482326694721912,0.13331567127033234,4104
homogeneous,105,jitter,20,10,54,54,0.15995793096854383,4.4092750361985535,0.9101998718610763,11338,1.0,1.2705062621273593,6,2.962328792346094,1.5468754834043708,-388.0406807334655,-17.40360066940101,0.04043450934155868,11338
homogeneous,105,jitter,20,54,54,54,0.8608662322729015,2.5390972536242753,0.8399708663941445,4096,1.0,3.516845703125,23,1.409165978155043,0.3344091412546414,-646.9942678153204,-23.492535919728414,0.13212708842597826,4096
homogeneous,105,jitter,80,10,54,54,0.16030169944624786,4.643774281757648,0.9343467697062986,11351,1.0,1.2690511849176285,7,2.9641685120063297,1.5511231617400578,-403.340656459128,-17.662925489237196,0.04176939690291681,11351
homogeneous,105,jitter,80,54,54,54,0.847265625,2.5298382641955155,0.872278193970553,4070,1.0,3.539312039312039,30,1.4048144779828622,0.33188095005185125,-638.4548797518415,-22.493521857482815,0.13797609875118189,4070
homogeneous,106,none,0,10,54,54,0.15586404978458593,4.623564351102803,0.9197956826404401,11323,1.0,1.2637993464629516,9,2.9815373488262207,1.566689054334382,-394.8323960549906,-17.40717023527942,0.04073915054400201,11323
homogeneous,106,none,0,54,54,54,0.8745203376822717,2.501151802968158,0.8706337150635994,4060,1.0,3.5246305418719213,25,1.4032393900853908,0.3335287848172377,-666.1163921606978,-24.1575531030264,0.14161656901835173,4060
homogeneous,106,shuffle,0,10,54,54,0.16297224363916732,4.666680624170617,0.9356648153053709,11254,1.0,1.2715478940821041,7,2.954913688849805,1.543851722264078,-410.0959332820712,-18.185242334200513,0.042139067539382236,11254
homogeneous,106,shuffle,0,54,54,54,0.8566322478157268,2.4168081889310735,0.8661062838800011,4069,1.0,3.516834603096584,28,1.4017506236384758,0.3344103998014518,-687.0905032209631,-25.41411835108779,0.14579122365516423,4069
homogeneous,106,jitter,4,10,54,54,0.1617844150871147,4.48111614091341,0.9174606948503482,11305,1.0,1.2658115877930118,10,2.971903666208325,1.5606810255811854,-413.9449607231083,-17.95878273411468,0.04221751727349199,11305
homogeneous,106,jitter,4,54,54,54,0.8698841698841698,2.5074554693956763,0.8632585333070146,4055,1.0,3.528976572133169,24,1.401543984168251,0.33303930470758536,-669.5268798073553,-24.278237697771896,0.14234567501880896,4055
homogeneous,106,jitter,20,10,54,54,0.1611047180667434,4.3308443718877125,0.9269117946104959,11285,1.0,1.2680549401860877,6,2.9708062787692864,1.55404750208556,-380.1046745212813,-17.15181915737437,0.03996256062212045,11285
homogeneous,106,jitter,20,54,54,54,0.8681836014123185,2.575667067137873,0.8555063713033854,4060,1.0,3.5246305418719213,24,1.4003455356453909,0.3335287848172377,-683.3845709500907,-24.998296410379965,0.14367371021272074,4060
homogeneous,106,jitter,80,10,54,54,0.1535066679458889,4.750281353605257,0.9374538598412941,11330,1.0,1.263018534863195,7,2.9822032453170078,1.569035293051038,-405.13195681374344,-18.31466902433398,0.04114193070140171,11330
homogeneous,106,jitter,80,54,54,54,0.8673189823874755,2.39835787709322,0.8552210050007045,4013,1.0,3.5659107899327185,22,1.3902231981184539,0.3289362372356054,-680.3045936658147,-25.049665090538088,0.14432808939643815,4013
homogeneous,107,none,0,10,55,55,0.15465193791067516,4.472839185750311,0.9193515831499834,11347,1.0,1.2581299021767869,6,3.0017703645333587,1.583918737782318,-381.8921702244097,-17.490106808545647,0.0394465618487837,11347
homogeneous,107,none,0,55,55,55,0.876750700280112,2.5247196018768405,0.8511939321160771,3993,1.0,3.575256699223641,23,1.3858306438718895,0.3279137992621487,-690.4326601586998,-25.629038471184938,0.14530837715504624,3993
homogeneous,107,shuffle,0,10,55,55,0.15934912382052763,4.5352588155341955,0.9450161263802102,11269,1.0,1.2668382287691897,7,2.9706152379012227,1.5576369016215206,-401.99709075204566,-17.658255785995127,0.0417450994519335,11269
homogeneous,107,shuffle,0,55,55,55,0.8878067783404753,2.4849872880947528,0.8398392982781133,4028,1.0,3.544190665342602,25,1.3980841635040822,0.3313369425901417,-665.1943530567253,-24.386315556484636,0.1399560163460185,4028
homogeneous,107,jitter,4,10,55,55,0.15781414489424825,3.881884870457188,0.9415153240955009,11321,1.0,1.2610193445808675,5,2.9857087083023988,1.5750811547698493,-420.3600070653598,-19.499344067261486,0.04214577882117465,11321
homogeneous,107,jitter,4,55,55,55,0.8793309438470729,2.5258809556166715,0.8568333660029901,4003,1.0,3.5663252560579566,26,1.3888009271056223,0.32889076127424466,-686.4304753729892,-25.418458465652517,0.14562111379443882,4003
homogeneous,107,jitter,20,10,55,55,0.15025216481111428,4.794302168199728,0.9376803354942431,11369,1.0,1.2556953118128245,7,3.011956896827824,1.591458184051172,-369.26123008092634,-16.95604181314112,0.03813428392211193,11369
homogeneous,107,jitter,20,55,55,55,0.8680161943319838,2.5305728048198173,0.8418897195714803,3957,0.9997472832954258,3.6077836745008844,33,1.380954150103987,0.32519900570557536,-679.9590381768468,-25.24217680836606,0.143020888293038,3956
homogeneous,107,jitter,80,10,55,55,0.16202507416977702,4.355970041664847,0.9319947019047666,11278,1.0,1.2658272743394219,6,2.9726242934487193,1.5606344059475012,-408.5368406457983,-18.50332227890351,0.041765536597445196,11278
homogeneous,107,jitter,80,55,55,55,0.8988311164852882,2.6381023162609143,0.8518262557070176,3990,0.9997493734335839,3.5779448621553884,37,1.3894909401540776,0.3285355756822671,-675.7350505679999,-25.30502483876787,0.14675406295430898,3989
homogeneous,108,none,0,10,54,54,0.1654070601741127,4.446834344123153,0.9224175537183202,11314,1.0,1.272229096694361,6,2.9519813285095555,1.5418818561001264,-417.58108436916274,-19.01281559896763,0.04216968580222957,11314
homogeneous,108,none,0,54,54,54,0.8860083873427373,2.5764819457598276,0.8414292876797349,4105,1.0,3.5064555420219246,22,1.4008277457502896,0.33559132640178135,-713.0105202819543,-26.718378023063316,0.1423470656157227,4105
homogeneous,108,shuffle,0,10,54,54,0.16449338356032067,4.6514252325561145,0.9164474122507148,11277,1.0,1.2764032987496674,9,2.9373289715593796,1.5299404523004072,-430.1810531477694,-18.894238933109644,0.04363196142450132,11277
homogeneous,108,shuffle,0,54,54,54,0.884952229299363,2.4975975884022694,0.8333484585993127,4019,1.0,3.581487932321473,24,1.3838662663883223,0.32723558937524844,-698.3255336459811,-26.0120625498578,0.13945645560887632,4019
homogeneous,108,jitter,4,10,54,54,0.1637483163363479,4.796038269578488,0.9285473865030317,11291,1.0,1.2748206536179258,7,2.9431567335975277,1.5344420676193744,-423.61139323065123,-18.93007300763599,0.04312901242135292,11291
homogeneous,108,jitter,4,54,54,54,0.891395793499044,2.5975577536178163,0.8313047648239411,4105,1.0,3.5064555420219246,22,1.4003261094472084,0.33559132640178135,-716.0370603590134,-26.785816650677965,0.14312301200553218,4105
homogeneous,108,jitter,20,10,54,54,0.15894868585732166,4.3079983325789,0.9271864005643344,11297,1.0,1.2741435779410464,6,2.9484813954336193,1.5363775520945424,-404.2085346980689,-18.12069864823308,0.04146856984021008,11297
homogeneous,108,jitter,20,54,54,54,0.869482496194825,2.5515124027391143,0.8747685425152452,4145,1.0,3.472617611580217,29,1.411332657821939,0.3394995268895947,-703.3054946480397,-25.04224673811967,0.1413197666719403,4145
homogeneous,108,jitter,80,10,54,54,0.1542321530013255,4.677663535156628,0.9300395139070818,11415,1.0,1.2609724047306177,7,2.9969174533557226,1.5752237793544754,-360.5218144104831,-15.843934732696853,0.038605825449097186,11415
homogeneous,108,jitter,80,54,54,54,0.8645111624326405,2.59629411040222,0.8430528806875223,4073,1.0,3.534004419346919,24,1.3996793678537873,0.332474806538553,-676.8467060318811,-24.68207871347836,0.13712495030141447,4073
homogeneous,109,none,0,10,54,54,0.15919878488703246,4.538599651936833,0.9190977901356249,11396,1.0,1.2627237627237626,6,2.9816410669204227,1.5699232349018346,-416.00338466764424,-19.089301870484782,0.04159568089703125,11396
homogeneous,109,none,0,54,54,54,0.8630672926447575,2.518909500647376,0.8759447194901472,4085,0.9997552019583843,3.522643818849449,35,1.4026826105690926,0.3346257678151534,-686.6225412724345,-24.874843221609883,0.14515604506150676,4084
homogeneous,109,shuffle,0,10,54,54,0.1614859012607064,4.6195185740158875,0.8797779178896648,11302,1.0,1.2732259777030615,6,2.949030101855472,1.5390098887367416,-417.1082489160692,-18.702355927959687,0.04260093763188921,11302
homogeneous,109,shuffle,0,54,54,54,0.890295358649789,2.6351678714682722,0.8711276663836172,4062,1.0,3.5425898572131955,29,1.4031842918636688,0.3315152512900966,-642.5158906455716,-22.356661290825283,0.14147895921539339,4062
homogeneous,109,jitter,4,10,54,54,0.1598099762470309,4.4607971652190805,0.9275371231370342,11380,1.0,1.2644991212653778,6,2.9757523202034353,1.5645934421384928,-417.7317323373522,-19.101028453463826,0.04187010210930542,11380
homogeneous,109,jitter,4,54,54,54,0.8404213811939134,2.319684282648637,0.8759846240335356,4108,0.9997565725413826,3.502921129503408,35,1.411317574812804,0.33687538040705345,-665.5114441329146,-23.951610192265345,0.14126645956470435,4107
homogeneous,109,jitter,20,10,54,55,0.1527790973871734,4.7892951218823745,0.9160724073436688,11395,1.0,1.2628345765686704,8,2.9911139004150424,1.5695892893318626,-359.61618189531623,-16.111408134060188,0.038088884180126015,11395
homogeneous,109,jitter,20,54,54,55,0.8652373660030628,2.5533589786400444,0.8360641815545261,4097,0.9997559189650964,3.512326092262631,35,1.4078121625962812,0.3357989005423937,-671.899123400498,-24.752370713405426,0.14184579380697548,4096
homogeneous,109,jitter,20,55,54,55,0.8628548580567773,2.4106370913548756,0.8555446286832783,3957,0.9997472832954258,3.63659337882234,34,1.3864691201016495,0.32216267800841236,-611.3263472690303,-21.856659687664585,0.13206151648378184,3956
homogeneous,109,jitter,80,10,54,54,0.1600762267746546,4.820548957537368,0.9459371679513763,11359,1.0,1.2668368694427325,8,2.972830200474389,1.5576409228236066,-392.3989091907336,-17.305510277923265,0.0404495804809466,11359
homogeneous,109,jitter,80,54,54,54,0.8826945412311266,2.582046451643962,0.8671067426051215,4093,1.0,3.5157586122648423,27,1.404868541140134,0.33453244271608706,-673.8598138519433,-24.05811331057261,0.14488435025279023,4093
homogeneous,110,none,0,10,54,54,0.16028935846183134,4.288601157880117,0.9298072152379937,11344,1.0,1.2663081805359662,6,2.9745382421401327,1.5592067900267241,-391.36114776244796,-17.447526644088082,0.04079066372655027,11344
homogeneous,110,none,0,54,54,54,0.8458837300039017,2.5390874066295357,0.8574606613757518,4073,1.0,3.5268843604222933,24,1.405478183526574,0.33327476629677955,-651.786760716494,-23.719420767601644,0.13868225876290063,4073
homogeneous,110,shuffle,0,10,54,54,0.16140788337968734,4.6749321728232704,0.8815077278009918,11299,1.0,1.2713514470307108,6,2.9588866318522573,1.5444209119816321,-391.97321615071723,-17.853862130927407,0.040599047349883954,11299
homogeneous,110,shuffle,0,54,54,54,0.8750492707922743,2.337429385726078,0.8637427951141319,4076,0.9997546614327772,3.524288518155054,32,1.4000338084381259,0.3343575705452432,-697.7510916466111,-26.290381969309184,0.1440224291858973,4075
homogeneous,110,jitter,4,10,54,54,0.15955508677725572,4.233164172485961,0.9259412480673956,11306,1.0,1.2705643021404565,6,2.9617488206539004,1.5467066272624872,-389.3029224025019,-17.100845399698542,0.04122237618134994,11306
homogeneous,110,jitter,4,54,54,54,0.8511555033294164,2.5317198504343703,0.8483886573963493,4088,1.0,3.5139432485322897,24,1.40670908522147,0.33473854838656336,-664.4616275753863,-24.649408430976916,0.14137764744869735,4088
homogeneous,110,jitter,20,10,54,54,0.16677881380371046,4.95699308728535,0.909279604784776,11261,1.0,1.2756415948850013,7,2.9414896738864815,1.5321030901102861,-418.13165501569557,-18.918093007260264,0.04223078180280315,11261
homogeneous,110,jitter,20,54,54,54,0.848882035466461,2.6641195687016745,0.8690920143315959,4091,1.0,3.511366414079687,28,1.4104536364202733,0.3350315396945467,-645.9656532472427,-22.993596569213825,0.1381645239952103,4091
homogeneous,110,jitter,80,10,54,54,0.15928782252689708,4.8043954595164315,0.9452021681404538,11339,1.0,1.2668665667166417,8,2.9777899918369624,1.5575530770650823,-362.5868621891662,-15.975373338446822,0.03833625725499179,11339
homogeneous,110,jitter,80,54,54,54,0.8476302389345868,2.516905389668571,0.8750352960319656,4071,1.0,3.528617047408499,27,1.4089815061702655,0.3330797428629111,-628.1556533027683,-22.079530551163895,0.13797033347408122,4071
homogeneous,111,none,0,10,54,54,0.1592599656685104,4.724157253093731,0.9447355257579608,11394,1.0,1.2697911181323505,8,2.96218758973812,1.5489596689734446,-403.39754434884287,-17.243323619459535,0.04199906987816604,11394
homogeneous,111,none,0,54,54,54,0.8726415094339622,2.567493969385375,0.8335636922872761,4082,0.9997550220480157,3.544341009309162,35,1.397367694219911,0.33218041836912937,-688.4764228793382,-25.755960195065228,0.14065583926380298,4081
homogeneous,111,shuffle,0,10,54,54,0.16151037663335896,4.477336486773551,0.9302285765479621,11336,1.0,1.276287932251235,7,2.9422945332064447,1.5302675359612983,-404.9230576309594,-17.016175104059876,0.043196251101650374,11336
homogeneous,111,shuffle,0,54,54,54,0.8541418945699564,2.4488704156723005,0.8440720719683976,4044,1.0,3.5776458951533137,23,1.3949065126757656,0.3276534300775982,-642.1457722776512,-23.47396041682285,0.13405692151089021,4044
homogeneous,111,jitter,4,10,54,54,0.1561578697099382,4.4743902778443765,0.9500388421005013,11425,1.0,1.2663457330415755,7,2.9729167250105046,1.559095443175015,-402.91954821565724,-17.452496998362633,0.04151319623908134,11425
homogeneous,111,jitter,4,54,54,54,0.8796696814785686,2.455426560838059,0.8511330402676816,4074,0.9997545409916544,3.5513009327442315,31,1.3961994492400418,0.3312956360234247,-683.4073353304136,-25.139374757134753,0.14213125165127155,4073
homogeneous,111,jitter,20,10,54,54,0.15133001221919354,4.277942863278667,0.9442652336051259,11511,1.0,1.2568847189644687,6,3.007422651249472,1.587764073219505,-377.87861753645626,-17.096235314144884,0.03865286883536523,11511
homogeneous,111,jitter,20,54,54,54,0.8848697005056398,2.6153463204067497,0.8268241880589997,4090,0.9997555012224939,3.5374083129584353,35,1.3954537507115727,0.3329564066952081,-710.737658777144,-26.90909994827483,0.14457113523093035,4089
homogeneous,111,jitter,80,10,54,54,0.15428462853885616,4.186539940028722,0.9411254814988459,11421,1.0,1.2667892478767184,6,2.9779128534290624,1.557781814086276,-365.8725354932443,-16.283621252661387,0.03877823767681354,11421
homogeneous,111,jitter,80,54,54,54,0.8762725137039937,2.428244075004342,0.8354601601825994,4070,1.0,3.554791154791155,24,1.3918926630683348,0.33016096394578254,-694.8961626995224,-25.972148921859173,0.14441036997637713,4070
homogeneous,112,none,0,10,54,54,0.15457531675269826,4.532465835036357,0.9370995002974312,11504,1.0,1.2606050069541028,7,2.998350564704717,1.5763411712689956,-361.76868451219644,-15.609389616771695,0.03850522931402145,11504
homogeneous,112,none,0,54,54,54,0.8306574923547401,2.483498067732326,0.8652324532161968,4129,1.0,3.5122305643012837,27,1.4153626782470656,0.33493322740034615,-620.9833628053406,-21.749204865953338,0.13581775521541495,4129
homogeneous,112,shuffle,0,10,54,54,0.15633346051125524,4.239766717555746,0.9402234175134108,11414,1.0,1.270544944804626,6,2.959644315654467,1.5467629387868724,-405.73197579992956,-18.13603581713405,0.041265395767768887,11414
homogeneous,112,shuffle,0,54,54,54,0.8687304075235109,2.535559848205566,0.8619538687951697,4099,1.0,3.5379360819712127,24,1.3985300357170534,0.33203470069389895,-682.736930050158,-24.856815183865837,0.14056485140662833,4099
homogeneous,112,jitter,4,10,54,54,0.150945161894067,4.358417795330521,0.9608988254119063,11546,1.0,1.2560194006582366,7,3.0117588694750257,1.5904495678634474,-370.18365158180035,-15.949204472835927,0.03870090999370501,11546
homogeneous,112,jitter,4,54,54,54,0.8366412213740458,2.5129364815183903,0.8559716908992334,4141,1.0,3.502052644288819,27,1.417418758689676,0.33609478918917934,-624.4177532265286,-21.841465214532686,0.13597889042391076,4141
homogeneous,112,jitter,20,10,54,54,0.15270333803479078,4.189305822051473,0.9406501787273585,11503,1.0,1.2607145961922976,6,2.999980510956382,1.5760076711825315,-350.4096637406212,-15.56572302868866,0.037353709749073705,11503
homogeneous,112,jitter,20,54,54,54,0.8604651162790697,2.3570777083231667,0.8670879668401149,4105,1.0,3.5327649208282583,22,1.4045435004516005,0.33261379426828963,-654.5096032775941,-23.295538052639323,0.14211167334132813,4105
homogeneous,112,jitter,80,10,54,54,0.1648004593741028,4.406672811458442,0.9456229436954513,11341,1.0,1.278723216647562,7,2.936905159819572,1.5233981377159274,-394.9812613728993,-16.816769322875263,0.041976493830476524,11341
homogeneous,112,jitter,80,54,54,54,0.8434013081954598,2.444664282808998,0.8582638116749,4143,1.0,3.500362056480811,23,1.415110982505384,0.3362885029961119,-641.1235990961075,-22.736194267088656,0.1327869207207032,4143
homogeneous,113,none,0,10,54,54,0.15652503075612756,4.320977850615792,0.9271605266350996,11479,1.0,1.270058367453611,6,2.961882878428627,1.5481800256315763,-403.4552480352103,-17.9448230893554,0.04123591183523223,11479
homogeneous,113,none,0,54,54,54,0.9109863672814755,2.5053193539327396,0.8732431566771328,3980,0.9992462311557789,3.663065326633166,43,1.374310190239461,0.32116490001135156,-673.4585952259304,-24.656930177877722,0.14349144362393162,3977
homogeneous,113,shuffle,0,10,54,53,0.1605443471640655,4.784020625812692,0.9201152028958992,11438,1.0,1.2746109459695751,7,2.9467297500482896,1.535040916566171,-411.47721473558306,-18.026944523662735,0.042312338497811464,11438
homogeneous,113,shuffle,0,53,54,53,0.8760045924225028,2.546811134580455,0.8464257984611034,4135,1.0,3.5257557436517533,24,1.401091499650919,0.3334019200581019,-689.9236100591216,-25.502485459896263,0.14194181960590807,4135
homogeneous,113,shuffle,0,54,54,53,0.9027158492095663,2.664372300915097,0.8502370243033153,4036,1.0,3.6122398414271557,26,1.3795414585864219,0.32392871750360974,-686.5163787308703,-24.973800764119922,0.1450288813585316,4036
homogeneous,113,jitter,4,10,54,54,0.1606856927568993,4.4050505168448,0.9438618068621141,11486,1.0,1.2692843461605432,7,2.9665391347179497,1.5504406434197526,-390.0201463069681,-16.55932298105813,0.041060719311741156,11486
homogeneous,113,jitter,4,54,54,54,0.9011604641856743,2.4710249356354974,0.8666674047729168,3987,0.9994983697015299,3.6566340606972663,39,1.3745569286185084,0.32093147627446295,-670.5141174987276,-24.315160314860037,0.14283935078091287,3985
homogeneous,113,jitter,20,10,54,54,0.1598716496791242,4.504776572920419,0.9456685455351113,11490,1.0,1.2688424717145343,10,2.964654583844956,1.551734723186243,-409.1337425285995,-17.18517417767501,0.04176730022024733,11490
homogeneous,113,jitter,20,54,54,54,0.8819055244195356,2.497279548820265,0.8725753215502635,3989,0.9997493106041614,3.6548007019303084,32,1.376876032522647,0.3201971925255175,-648.4327604677729,-23.110439261904457,0.14520224159492434,3988
homogeneous,113,jitter,80,10,54,54,0.1643835616438356,4.393259776489883,0.9518818647734945,11457,1.0,1.2724971633062756,7,2.955078418271251,1.54110831502945,-399.74103273426044,-17.277114977963386,0.04095182942202191,11457
homogeneous,113,jitter,80,54,54,54,0.9010812975570685,2.5301612964535694,0.8861173278293855,4000,1.0,3.64475,29,1.3772973534246038,0.32050373014298794,-651.6794999162606,-22.735578957091302,0.14262151737866818,4000
homogeneous,114,none,0,10,54,54,0.1602256699576869,4.231841774483336,0.9369561229643117,11468,1.0,1.2658702476456225,6,2.97881423745004,1.5605067084731776,-378.5676762885694,-16.791794414126123,0.039700981517391654,11468
homogeneous,114,none,0,54,54,54,0.8644589911436272,2.491287795045135,0.8560452092164278,4033,0.9997520456236053,3.5995536821224894,34,1.3908292856564177,0.32609621455965476,-645.4643197418553,-23.53265594131819,0.1348660749704152,4032
homogeneous,114,shuffle,0,10,54,54,0.16646033711075137,4.661431732851377,0.9284221447038568,11365,1.0,1.2773427188737352,7,2.9400020989466693,1.5272832044836537,-401.2753074559857,-17.536544808363868,0.041870295912109445,11365
homogeneous,114,shuffle,0,54,54,54,0.8853754940711462,2.4152451634917043,0.8441827349462132,4067,1.0,3.5694615195475783,21,1.3856088363585801,0.3285470474708676,-712.2896879259868,-27.08633670021316,0.14394448064633086,4067
homogeneous,114,jitter,4,10,54,54,0.15942711768585696,4.448366136454708,0.9120087427478205,11455,1.0,1.2673068529026625,6,2.9734987998478086,1.5562520792438028,-383.43162332807174,-17.30852108929606,0.039552278003788244,11455
homogeneous,114,jitter,4,54,54,54,0.8608863198458574,2.483482100721727,0.8614193546831622,4034,0.9997521070897373,3.598661378284581,34,1.389960086274554,0.3261923193356313,-651.9475964565578,-23.73824393477448,0.13632364015816323,4033
homogeneous,114,jitter,20,10,54,54,0.15678776290630975,4.951554457382857,0.9092891173210086,11415,1.0,1.2717477003942181,7,2.952470739049831,1.5432733117249393,-426.8878718904727,-19.085007420550305,0.042775820070239945,11415
homogeneous,114,jitter,20,54,54,54,0.8755832037325039,2.4689469747940724,0.8557890116618336,4073,1.0,3.564203289958262,26,1.3945317635666878,0.3291237184072443,-666.9737429010872,-24.38979973568615,0.14048901851501483,4073
homogeneous,114,jitter,80,10,54,54,0.15937170769083422,4.650359105510407,0.9302349509127271,11384,1.0,1.2752108222066059,7,2.9469421498206128,1.5333293645092416,-397.7976899709858,-17.366635009648427,0.04144137539191739,11384
homogeneous,114,jitter,80,54,54,54,0.8745603751465416,2.5935671314377005,0.8527329822691229,4092,1.0,3.5476539589442817,25,1.39774695431033,0.3309518268713959,-673.0986055388953,-24.768602908099147,0.13711521947725008,4092
homogeneous,115,none,0,10,54,54,0.16507425976728787,4.855341051372957,0.9260627568301948,11462,1.0,1.2734252311987437,7,2.945663043495129,1.5384373746403788,-439.6004971544933,-19.58857635107064,0.043624795324213816,11462
homogeneous,115,none,0,54,54,54,0.8479027832222658,2.4988873825358486,0.8730098711133552,4034,1.0,3.6182449181953396,29,1.3921430724344805,0.3232906522281137,-603.638366772674,-21.416971187584217,0.12337175085061486,4034
homogeneous,115,shuffle,0,10,54,54,0.16552243017022478,4.514518899610258,0.9485845176904885,11467,1.0,1.2728699747100376,8,2.9529409608575587,1.5400340538874535,-406.1972623945436,-17.454849921954917,0.04185788307011551,11467
homogeneous,115,shuffle,0,54,54,54,0.8798403193612775,2.449627707289344,0.8407066764151929,4021,1.0,3.629942800298433,22,1.3738902206475192,0.3220547925808106,-694.3536690462648,-26.194511068141836,0.14433552749270245,4021
homogeneous,115,jitter,4,10,54,54,0.16112216851483271,4.543141221585959,0.9392640189057689,11453,1.0,1.2744259146075265,7,2.9492507134947363,1.5355697607587637,-400.2402461672968,-17.390529100770703,0.041337656372634646,11453
homogeneous,115,jitter,4,54,54,54,0.8397006695549429,2.5824090078054516,0.8719616471731616,4049,1.0,3.604840701407755,29,1.3961229161858544,0.32471833306287146,-599.7846328815058,-21.213189180183466,0.12548562777323358,4049
homogeneous,115,jitter,20,10,54,53,0.1552326130036803,4.815926881479266,0.9300517019253244,11489,1.0,1.2704325876925755,8,2.970866986203605,1.547089888163296,-344.26345332345375,-14.648251421212905,0.03795289185600237,11489
homogeneous,115,jitter,20,53,54,53,0.8267066766691673,2.527841467875605,0.8486899104835696,4143,1.0,3.5230509292783005,26,1.4101762750740914,0.3337070452118247,-639.6787618131303,-23.244957257352173,0.1310783852500364,4143
homogeneous,115,jitter,20,54,54,53,0.8429073856975381,2.6455692488361713,0.8582578987949824,4044,1.0,3.609297725024728,26,1.3956585570746807,0.3242422377224464,-595.955417921574,-21.3028705789487,0.1234743052715952,4044
homogeneous,115,jitter,80,10,54,54,0.16520244461420933,4.545440196970818,0.9292120303096377,11390,1.0,1.2814749780509218,7,2.92809020989076,1.5157234643868311,-402.029774328539,-17.221308842790044,0.04205125422992806,11390
homogeneous,115,jitter,80,54,54,54,0.8711704634721131,2.580752239385395,0.8399327280165952,4033,1.0,3.619142077857674,26,1.386382530982802,0.32319553795743017,-636.460577459387,-23.146544459517685,0.13093931102790357,4033
homogeneous,116,none,0,10,53,53,0.16467375953300065,4.382236327368506,0.9298261018829606,11531,1.0,1.2733500997311595,6,2.944302250417076,1.5386531899851583,-451.76932115020435,-20.181591849162142,0.044029181919967186,11531
homogeneous,116,none,0,53,53,53,0.8530878404296126,2.5435104550731586,0.8792397882969273,4143,1.0,3.5440502051653393,27,1.4105881631022985,0.33135258038221516,-608.241043243784,-20.93191858959064,0.13534448840255087,4143
homogeneous,116,shuffle,0,10,53,54,0.1625130294702928,4.011762698347694,0.9459022914441009,11479,1.0,1.2791183901036676,6,2.9373801756142885,1.522290332774685,-390.0144182730559,-16.602739366348434,0.0415956523659895,11479
homogeneous,116,shuffle,0,53,53,54,0.8588415803605677,2.460685004671288,0.8554618091291636,4188,0.9995224450811844,3.505969436485196,31,1.4123033887863006,0.33715387827584453,-675.6606284782782,-24.05770164423423,0.14313655602306163,4186
homogeneous,116,shuffle,0,54,53,54,0.874557609123083,2.474118550124594,0.8575215007974817,4100,0.9997560975609756,3.581219512195122,36,1.39092478504128,0.32812618720574926,-680.6925543684099,-24.690759872702927,0.148288461293355,4099
homogeneous,116,jitter,4,10,53,53,0.16544875398163764,4.8669240995786245,0.9298808376054315,11552,1.0,1.2710353185595569,7,2.95309724699184,1.545337919636534,-440.9679764750372,-19.841528899065246,0.04280030159100068,11552
homogeneous,116,jitter,4,53,53,53,0.8557175748273216,2.4602781014536963,0.8680666814096615,4148,1.0,3.539778206364513,24,1.4065755670546611,0.33182889212225963,-639.3126057238642,-22.601195022584196,0.13674032250970747,4148
homogeneous,116,jitter,20,10,53,53,0.15956746591443347,4.523896509152582,0.9142074383717864,11556,1.0,1.270595361716857,6,2.956380327511221,1.5466162835050903,-429.34502564819707,-19.40926457647479,0.04223665011981692,11556
homogeneous,116,jitter,20,53,53,53,0.8694817658349329,2.5153359278246574,0.8737352429486394,4096,1.0,3.584716796875,27,1.3942039177561032,0.3268852477754731,-645.1538810336214,-22.969173742481953,0.13524120657309707,4096
homogeneous,116,jitter,80,10,53,53,0.16476791262592977,3.969105849058769,0.9535455774183001,11506,1.0,1.2761168086215888,6,2.9451539975328114,1.5307530066934123,-396.81873087261744,-16.92940971091872,0.04141162602258941,11506
homogeneous,116,jitter,80,53,53,53,0.8550779764168885,2.4573098274920233,0.8638501651150208,4109,1.0,3.573375517157459,24,1.3982730397885863,0.3281190942263875,-637.8896997154634,-22.666769100540453,0.1372116679480052,4109
homogeneous,117,none,0,10,53,53,0.16296507213363706,4.511097635837733,0.9137113506053156,11460,1.0,1.2726876090750436,6,2.9462132329597797,1.5405593201313237,-449.24932166031266,-20.151680577343402,0.04435205390124475,11460
homogeneous,117,none,0,53,53,53,0.84472049689441,2.5322123030295605,0.8821062484345374,4136,0.9997582205029013,3.5263539651837523,35,1.4055426993891142,0.33419422237555285,-672.5520710895833,-23.608256114093003,0.14128409142942217,4135
homogeneous,117,shuffle,0,10,53,54,0.1587120129560827,4.40249110747582,0.9254174475330395,11445,1.0,1.274355613805155,6,2.9445955326107356,1.5357708033995294,-428.9568823324967,-19.30979687568319,0.04266216648370735,11445
homogeneous,117,shuffle,0,53,53,54,0.8605805958747135,2.3846815012785867,0.8541300287766196,4146,0.9997588036661843,3.5178485287023635,36,1.405329178641983,0.33518573617986747,-687.590880092178,-25.03837712757011,0.13870513360754144,4145
homogeneous,117,shuffle,0,54,53,54,0.878288182175108,2.4126774687668457,0.8647482212971547,4010,1.0,3.63715710723192,29,1.3826143976808272,0.32129724671934257,-631.7546979252259,-22.699183514731043,0.13388972706793728,4010
homogeneous,117,jitter,4,10,53,53,0.15871811889636864,4.368407768636019,0.927379767868463,11477,1.0,1.2708024745142459,6,2.957303883880078,1.5460141708142765,-417.25829165729203,-18.700111347283467,0.04193662646398544,11477
homogeneous,117,jitter,4,53,53,53,0.838473400154202,2.5569185005954838,0.8764768215033859,4163,0.9997597886139803,3.5034830650972855,35,1.4107984657668897,0.3367990737412875,-676.6689250223038,-23.792909619623984,0.1388406687029814,4162
homogeneous,117,jitter,20,10,53,54,0.15743275129778198,4.77481204179039,0.9470205906821421,11501,1.0,1.2681505956003827,8,2.9679139411068878,1.553766147618596,-402.67178330189086,-17.288174117425623,0.041496075024161416,11501
homogeneous,117,jitter,20,53,53,54,0.8427311085538933,2.4892313217296116,0.8733307456149938,4128,1.0,3.533187984496124,27,1.4045283723823605,0.3325663422598384,-657.6877158650893,-23.361390376059923,0.1372826228085579,4128
homogeneous,117,jitter,20,54,53,54,0.8676355066771406,2.4475739369922573,0.8485581077969593,4059,0.9997536338999754,3.593249568859325,36,1.3953093041084,0.32682598304066923,-631.8506137526504,-23.063239911324906,0.13366599333338447,4058
homogeneous,117,jitter,80,10,53,53,0.16188758070641854,4.640697350677736,0.9457283280720887,11445,1.0,1.274355613805155,9,2.94826478378244,1.5357708033995294,-407.0664560163099,-17.10693083241935,0.042484715952541,11445
homogeneous,117,jitter,80,53,53,53,0.8782101167315175,2.575754345497624,0.864336580587832,4066,1.0,3.587063453025086,28,1.3912157018677593,0.3266310931647566,-655.167396655583,-23.06006202419543,0.14339710506249498,4066
homogeneous,118,none,0,10,54,54,0.15902990797546013,4.187508463467973,0.9442314226323191,11305,1.0,1.2687306501547988,6,2.967480062406052,1.5520626141384866,-388.1366640593177,-17.34096908743584,0.04045118733269748,11305
homogeneous,118,none,0,54,54,54,0.8672150411280846,2.3649950037260554,0.798991243966912,4109,1.0,3.4906303236797274,19,1.4022272951980579,0.33740792378006357,-727.1341757319846,-27.83814641621939,0.14656402190698353,4109
homogeneous,118,shuffle,0,10,54,54,0.16125917342603321,4.216418550450127,0.9591573976621405,11239,1.0,1.27618115490702,7,2.9477043444111377,1.5305704159910993,-371.56219079396845,-15.601780414127738,0.04060623129462604,11239
homogeneous,118,shuffle,0,54,54,54,0.8586246638494045,2.3194418399067898,0.8691361296291615,4095,0.9997557997557998,3.5025641025641026,32,1.414633974550517,0.3368349678288275,-642.9676387475727,-23.015346692074417,0.14074779153423317,4094
homogeneous,118,jitter,4,10,54,54,0.16033755274261605,4.4528492409581855,0.912997545879003,11306,1.0,1.2686184326906067,6,2.9658381737271124,1.552391832248457,-399.64982819072566,-18.05815234811975,0.041264383796424275,11306
homogeneous,118,jitter,4,54,54,54,0.8468151621727237,2.3085089188479135,0.8128726692974485,4120,1.0,3.4813106796116506,19,1.4072043930344211,0.33848689853285774,-711.9190792673902,-26.85166939529377,0.14364253330236,4120
homogeneous,118,jitter,20,10,54,54,0.15991185206476957,4.728568944550623,0.9330335739859504,11307,1.0,1.2685062350756169,7,2.965598349935613,1.5527211587787004,-403.0450335894064,-17.973012947895572,0.04147727581925842,11307
homogeneous,118,jitter,20,54,54,54,0.8636363636363636,2.5806601558395883,0.8391420493655029,4078,1.0,3.517165277096616,23,1.3968854205971244,0.334372911247539,-717.3195360069956,-27.049669715806324,0.14640163462657008,4078
homogeneous,118,jitter,80,10,54,54,0.15603579588728103,4.355858903693834,0.933173115321688,11367,1.0,1.2618105040907892,6,2.9862479425830504,1.5726819013412285,-404.825617035347,-18.271023986209258,0.04136269044850016,11367
homogeneous,118,jitter,80,54,54,54,0.8877473363774734,2.4918615880768105,0.8393307764576895,4119,1.0,3.4821558630735616,21,1.4105293845071945,0.33838876564838816,-690.4400094050947,-25.752776051974486,0.14076555274303065,4119
homogeneous,119,none,0,10,55,55,0.1585088218554354,4.320009931146656,0.9302035496500668,11393,1.0,1.2663038707978584,6,2.97475556331632,1.5592195700372873,-391.868486065591,-17.604896280782576,0.04034786862580331,11393
homogeneous,119,none,0,55,55,55,0.8597756410256411,2.4363585829078653,0.8678959799505813,3996,0.9997497497497497,3.6103603603603602,35,1.3914226329778625,0.324968582500869,-622.4162757563703,-21.74865096790613,0.1396405070236017,3995
homogeneous,119,shuffle,0,10,55,54,0.15785953177257525,4.24729075866173,0.9352663537771536,11351,1.0,1.2709893401462427,6,2.961312559213299,1.5454713993202343,-385.94114919463533,-17.26298752498778,0.04022379754537031,11351
homogeneous,119,shuffle,0,54,55,54,0.8418803418803419,2.6001138218334,0.8737088864866934,4065,1.0,3.549077490774908,29,1.404527924252962,0.33079378803429205,-626.2296139558428,-22.032804972070586,0.13039777353071674,4065
homogeneous,119,shuffle,0,55,55,54,0.862760834670947,2.4630782627346686,0.8551160065768213,3989,1.0,3.616695913762848,24,1.384436907909242,0.3234550032140646,-644.0761313314872,-23.598810686847123,0.13447371829386356,3989
homogeneous,119,jitter,4,10,55,55,0.1608159392789374,4.7348286610039105,0.8870229645151909,11385,1.0,1.267193675889328,6,2.969732852738707,1.5565862571265288,-404.9646538544735,-18.579550978963063,0.04102784368057022,11385
homogeneous,119,jitter,4,55,55,55,0.8632341110217217,2.4811794366121847,0.8562858680721158,4007,0.9997504367357125,3.6004492138757174,35,1.3913597800287345,0.32603180655148645,-637.3988474877632,-22.43199089922543,0.14208263069025623,4006
homogeneous,119,jitter,20,10,55,55,0.15775451950523312,4.303958723574117,0.9323723637151768,11402,1.0,1.2653043325732327,6,2.9733696707395207,1.5621903594808337,-418.00860837935153,-18.56171206599656,0.042531917255973384,11402
homogeneous,119,jitter,20,55,55,55,0.8452814904819765,2.5568810710613086,0.8652938327584162,4008,1.0,3.5995508982035926,28,1.3905281814110584,0.32528517889632347,-633.557275290849,-22.23576259154987,0.13913834773576966,4008
homogeneous,119,jitter,80,10,55,54,0.1553701772679875,4.586194861870851,0.9393229860540044,11439,1.0,1.2612116443745083,7,2.9887200905742883,1.5744971836930728,-403.93955723136366,-17.670984808946038,0.04116090597724775,11439
homogeneous,119,jitter,80,54,55,54,0.8483558994197292,2.5339935714881516,0.8809052188167791,4091,1.0,3.5265216328526034,28,1.4075536705052247,0.3333156219235368,-642.6827602429814,-22.09023855250676,0.13995142085664325,4091
homogeneous,119,jitter,80,55,55,54,0.8334007278608977,2.693465470113007,0.8557574435850185,4012,1.0,3.5959621136590227,27,1.387899623350199,0.32567086019407754,-654.3736273631149,-23.566002944808638,0.1383587132524331,4012
uniform,100,none,0,4,4,4,0.8963414634146342,2.54230699867899,0.8644220427568962,3667,0.9994545950368149,3.718298336514862,31,1.3675178098478096,0.3145008309070334,-581.484903225375,-21.480692945004407,0.13494487271272704,3665
uniform,100,none,0,10,4,4,2.3131672597864767,0.5180371629967062,0.5504488421315791,832,0.8329326923076923,16.388221153846153,91,0.37466454379853253,0.05196613145033806,-22.733816875081256,-5.097386821967642,0.09317242720985386,693
uniform,100,shuffle,0,4,4,56,0.06123293338849814,5.4828807404284445,0.9387909580823611,12456,1.0,1.0946531791907514,4,4.004122486269823,2.44797339474231,-131.42950674332167,-11.324665036831009,0.011296998935671154,12456
uniform,100,shuffle,0,10,4,56,0.15047240179015414,4.301822425947703,0.9312636432833158,10872,1.0,1.2541390728476822,6,3.016085795384152,1.596322970356277,-358.00570926432874,-16.706452014014502,0.03855092206831301,10872
uniform,100,shuffle,0,56,4,56,0.8496062992125984,2.558417575940762,0.8933274463011526,3993,1.0,3.4147257700976708,30,1.4300504081030159,0.34639988118794884,-646.9779128880415,-22.776237390018146,0.14350497188125705,3993
uniform,100,jitter,4,4,4,4,0.8547700170357752,2.3709800328172257,0.8852625399370652,3674,0.9994556341861731,3.711213935764834,36,1.3798723674474456,0.31534900515682607,-525.7029797888778,-18.971497894673412,0.12018141276933819,3672
uniform,100,jitter,4,10,4,4,2.2093023255813953,0.5243511951612904,0.6766358480373709,861,0.8443670150987224,15.83623693379791,91,0.42908101092799633,0.05499522952271611,-15.572419750790266,-3.0990013234926574,0.07102083857256802,727
uniform,100,jitter,20,4,4,5,0.761611030478955,2.5584688762230914,0.9029686077891677,4139,0.9992751872432954,3.294273979222034,51,1.4992389866207052,0.365420005374371,-469.3555618731063,-15.204516096593057,0.11431277223972813,4136
uniform,100,jitter,20,5,4,5,0.874282733437663,2.1908656736918632,0.8609283683149853,3195,0.9984350547730829,4.267605633802817,69,1.315799055142394,0.2713068131226729,-285.69816945430455,-10.196141729912979,0.09710891193719601,3190
uniform,100,jitter,20,10,4,5,1.4747899159663866,0.7760876620495311,0.8660246115608757,1075,0.9032558139534884,12.683720930232559,80,0.7094270054730867,0.08558870147824388,28.36720591270608,2.8601764806141152,0.02787812793498612,971
uniform,100,jitter,80,4,4,7,0.4984025559105431,2.7365120818566115,0.9384725843769046,5794,1.0,2.3532965136347945,26,1.8315168228819463,0.5532730562103978,-355.72874875574007,-9.284309995968187,0.09517737768759049,5794
uniform,100,jitter,80,7,4,7,0.7449355432780848,2.112276534890227,0.9186146267971832,3407,0.996771353096566,4.0020545934840035,62,1.4251016351747747,0.29786242243182837,-69.92044952815219,-2.120868150572446,0.08169845953355764,3396
uniform,100,jitter,80,10,4,7,0.8838383838383839,1.415211136770427,0.9441548934746504,2097,0.9761564139246542,6.502145922746781,81,1.1901188137925214,0.1915880718165885,117.08526931426653,4.853775434581998,0.04612366268085816,2047
uniform,101,none,0,4,4,4,0.8842244807777286,2.4648072956795883,0.8841744172677943,3647,0.9986290101453249,3.649026597203181,35,1.3865645252702965,0.3243319493252317,-586.3810043225434,-21.535922924984657,0.14251773040479604,3642
uniform,101,none,0,10,4,4,2.332046332046332,0.48970278225159963,0.628459115738385,860,0.8790697674418605,15.474418604651163,85,0.39560809800516417,0.052038351810072755,-18.906061270688472,-4.000239294983662,0.07064502907782111,756
uniform,101,shuffle,0,4,4,56,0.05803948034418761,5.285208039511738,0.9831447087429133,12199,1.0,1.0909090909090908,6,4.056141234889521,2.484906649787992,-102.58477851863773,-7.7207514735172165,0.010284735297543923,12199
uniform,101,shuffle,0,10,4,56,0.14826752618855762,4.545051471825598,0.9444784063046191,10680,1.0,1.246067415730337,7,3.0457021421703434,1.6221422575338678,-337.0353226276631,-15.567597592631676,0.037616346309217286,10680
uniform,101,shuffle,0,56,4,56,0.8444355803749501,2.646031721555579,0.8823759939259311,3949,1.0,3.369967080273487,27,1.4396903827533993,0.351929319013341,-645.6678341282758,-23.192849218884145,0.1404574158301417,3949
uniform,101,jitter,4,4,4,4,0.8635375923511517,2.4775206437331327,0.8725231944229801,3677,0.9991841174870819,3.619254827304868,35,1.3966448702188305,0.3258339079283825,-553.8374291262201,-19.24290552012886,0.14058471014560403,3674
uniform,101,jitter,4,10,4,4,2.152173913043478,0.6008051334659541,0.656807788645965,870,0.8620689655172413,15.296551724137931,85,0.47411198475325556,0.061271351395644214,-17.80172791106706,-3.2798186935328397,0.05731627434425679,750
uniform,101,jitter,20,4,4,5,0.7327021121631464,2.5490603718901284,0.9109334943369486,4089,0.9992663242846662,3.2545854732208364,41,1.5180544636725788,0.3703768923611538,-406.1331022499027,-12.831735582865967,0.1099962630682153,4086
uniform,101,jitter,20,5,4,5,0.8768373035985808,2.1998678935537357,0.8818920698172324,3184,0.9978015075376885,4.1796482412060305,63,1.3387729496421823,0.27923275085372956,-267.08514526122826,-9.305036975030731,0.10101271715688348,3177
uniform,101,jitter,20,10,4,5,1.3703703703703705,0.7414712860839037,0.8562989865745076,1055,0.9109004739336493,12.614218009478673,78,0.7216213178619721,0.08390865843866996,45.79135903067508,4.516478541455599,0.01277586501638972,961
uniform,101,jitter,80,4,4,7,0.49248902241737924,2.7886118014947576,0.9600887999461979,5742,0.9998258446534308,2.317659352142111,41,1.8553085580453672,0.566915649843623,-314.92438368228363,-7.623801784708412,0.0972725093080023,5741
uniform,101,jitter,80,7,4,7,0.7763037511436414,2.184328199276097,0.888973229414336,3334,0.9946010797840432,3.991601679664067,64,1.4408354679856874,0.3066263283849201,-86.176852445677,-2.6640756251347777,0.09342774405125825,3316
uniform,101,jitter,80,10,4,7,0.8715596330275229,1.4133253050665429,0.9369025175990974,2087,0.9770004791566842,6.3766171538092955,81,1.2064918606551185,0.19701794894350322,112.71101473690877,4.556190631925873,0.06272492603271251,2039
uniform,102,none,0,4,4,4,0.8944567627494456,2.505687684523244,0.8937570834785686,3662,0.9986346258874932,3.7058984161660296,42,1.3730145140560612,0.31865699348364973,-597.9836007313611,-21.226307580920306,0.14039015812564015,3657
uniform,102,none,0,10,4,4,2.306338028169014,0.491834944575394,0.5759907233679349,848,0.8514150943396226,16.003537735849058,89,0.37338825509583096,0.05154915863460828,-22.9871538492494,-5.052713432377294,0.08356076188360817,722
uniform,102,shuffle,0,4,4,56,0.05779480346435709,5.651600524507269,0.9553775891957336,12395,1.0,1.0948769665187577,5,4.011353432293953,2.4458163136227995,-104.07010215309418,-8.07187912065427,0.010292533653067926,12395
uniform,102,shuffle,0,10,4,56,0.15078179464196792,4.747355974897748,0.9350738670696633,10815,1.0,1.2548312528895054,7,3.019990594593308,1.5941548099478275,-323.48525835414426,-15.059256928289283,0.03663509182772762,10815
uniform,102,shuffle,0,56,4,56,0.7877697841726619,2.425091118584802,0.8649455710671882,3980,1.0,3.4097989949748744,21,1.436692915253749,0.34700003295109494,-612.8498507189357,-22.624535329007617,0.13316901682848686,3980
uniform,102,jitter,4,4,4,4,0.9146816803811174,2.5492231265970346,0.9027573434250147,3713,0.9997306760032318,3.6549959601400483,32,1.381888373640793,0.3202318645246136,-576.6178482042314,-19.747765758290395,0.13824289653695432,3712
uniform,102,jitter,4,10,4,4,2.114864864864865,0.4791797018714133,0.6608135674559701,836,0.8516746411483254,16.233253588516746,89,0.3874321767266462,0.04891556814763218,-12.566960179077434,-2.8945943373982588,0.05616114928740745,712
uniform,102,jitter,20,4,4,5,0.7254761049227453,2.4804252199881236,0.9038762895609693,4151,0.9987954709708504,3.2693326909178513,36,1.5137716033274327,0.3702367218496747,-436.35389046900934,-13.715081301909468,0.11207106203107192,4146
uniform,102,jitter,20,5,4,5,0.9339139344262295,2.213159633574627,0.8926769277231612,3148,0.997141041931385,4.310991105463787,43,1.3040817783584497,0.2700089368496017,-320.10983136928996,-11.620541146894723,0.10456378233767366,3139
uniform,102,jitter,20,10,4,5,1.3805496828752644,0.7441681372659231,0.7748883581926802,1018,0.8870333988212181,13.331041257367387,90,0.7139668401231329,0.08210210903961626,44.68300042443296,4.511614420779547,0.02719356986705329,903
uniform,102,jitter,80,4,4,7,0.4945897204688909,2.7656507331318787,0.9558730916773706,5792,0.9998273480662984,2.3430593922651934,32,1.8431659210201001,0.5581391511668283,-318.82847979317137,-7.928706122578361,0.09696937997223687,5791
uniform,102,jitter,80,7,4,7,0.7616718541574032,2.111371962669166,0.9152956527883839,3367,0.9955449955449955,4.03059103059103,65,1.4326844395261826,0.2994162086489923,-48.81398077940097,-1.4556172795448965,0.08777125929324431,3352
uniform,102,jitter,80,10,4,7,0.9365461847389558,1.352299641036611,0.9635187241288143,2101,0.980009519276535,6.459305092812946,82,1.1810614217206084,0.18834298311979947,122.78404268914166,4.996769759221882,0.05585614589500393,2059
uniform,103,none,0,5,5,5,1.1307443365695793,2.1909449276956634,0.835201595924135,2830,0.9978798586572438,4.790812720848057,65,1.1738168418854773,0.2377122494557783,-467.3042980910889,-20.62331576206294,0.12810845437976348,2824
uniform,103,none,0,10,5,5,2.2964285714285713,0.5289374580703065,0.6822084229425129,891,0.8731762065095399,15.216610549943884,105,0.4256621090865682,0.053967666839246475,-14.966199813937028,-2.9945355954836543,0.05969050659923347,778
uniform,103,shuffle,0,5,5,56,0.07430472615594609,5.553264145995951,0.9408863057516849,12149,1.0,1.115976623590419,5,3.7862824716310985,2.2640965460922233,-159.8037114398843,-11.421066658944675,0.014835794588949347,12149
uniform,103,shuffle,0,10,5,56,0.1503196164602477,4.837029642529759,0.9264638617850999,10817,1.0,1.2533974299713415,8,3.016055437354799,1.5986539616881328,-369.17146030008865,-17.380291780117556,0.03939973826927057,10817
uniform,103,shuffle,0,56,5,56,0.852101506740682,2.35999458841574,0.8700361486497433,3958,1.0,3.4254674077817078,21,1.4214693397465883,0.3450985364039244,-676.498346117645,-25.470488417032136,0.13921741044741098,3958
uniform,103,jitter,4,5,5,5,1.083762886597938,2.121180855150471,0.854816632094859,2827,0.998231340643792,4.795896710293597,80,1.1800129958092942,0.23684653787374932,-432.67538227400706,-18.06094061712612,0.12627014170115514,2822
uniform,103,jitter,4,10,5,5,2.1458333333333335,0.5260182577153604,0.729024947473224,875,0.8605714285714285,15.494857142857143,105,0.4346998546913756,0.054016252096663345,-11.595717255014408,-2.366361734982941,0.056069519749201935,753
uniform,103,jitter,20,5,5,5,0.898176291793313,2.3023422446278485,0.8752049329767985,3246,0.9984596426370919,4.17683302526186,80,1.3236536767095348,0.278820910023063,-339.48824305980946,-11.986851297998156,0.10578186555199165,3241
uniform,103,jitter,20,10,5,5,1.4779116465863453,0.7889028861515565,0.9251987776575715,1069,0.8942937324602432,12.68288119738073,94,0.7430023614720174,0.0899624996164263,36.02321237258733,3.5033609709335027,0.020970201557964807,956
uniform,103,jitter,80,5,5,7,0.6098981077147017,2.494434985474579,0.9457680381108884,4721,0.9997881804702393,2.8718491844948106,35,1.6605953122371542,0.4292850383981469,-196.71545966378164,-4.879825225640321,0.09799433043904276,4720
uniform,103,jitter,80,7,5,7,0.7541998231653404,2.0875471043126104,0.9202559225768134,3386,0.9958653278204371,4.004134672179563,52,1.4353319405868117,0.29874705186061323,-28.58548179570552,-0.8390856847356903,0.08128333237128188,3372
uniform,103,jitter,80,10,5,7,0.9177631578947368,1.416505079218511,0.948905709171514,2148,0.9781191806331471,6.311918063314711,90,1.2022269768636935,0.19733914715591505,100.36358589642842,4.0055757341224565,0.06461504740587481,2101
uniform,104,none,0,4,4,4,0.92082239720035,2.4840796989528626,0.8860495874039944,3700,0.9997297297297297,3.642972972972973,33,1.371298063119342,0.3215195590303558,-646.7694651584233,-23.96058461881123,0.14340495333579212,3699
uniform,104,none,0,10,4,4,2.311864406779661,0.5618445854535644,0.6294983797595863,856,0.8492990654205608,15.746495327102803,101,0.42483873088949586,0.058689933963390534,-26.87413603801931,-5.273283511761966,0.08554711020084971,727
uniform,104,shuffle,0,4,4,56,0.060248030836266134,5.247919145694026,0.9528463850851171,12304,1.0,1.0954973992197659,4,3.9965747831965093,2.439864771160021,-125.20263849041905,-10.540821675353708,0.011198010241953882,12304
uniform,104,shuffle,0,10,4,56,0.1501552639487128,4.468807652813016,0.9221199712183875,10756,1.0,1.2531610264038675,6,3.023873024287907,1.5993987050645053,-330.0037115320665,-15.71844192481731,0.036771123618282164,10756
uniform,104,shuffle,0,56,4,56,0.8355625491738788,2.489634188736383,0.8332941386996671,3942,1.0,3.419330289193303,21,1.425842555969579,0.34584085092670414,-656.7956257612213,-25.20367460313604,0.13906838373268382,3942
uniform,104,jitter,4,4,4,4,0.8534844668345928,2.6183951970726147,0.8544810420428315,3800,0.9997368421052631,3.5471052631578948,34,1.402995966001674,0.33190583693732456,-606.3781843002706,-22.600211092048152,0.13122621931230888,3799
uniform,104,jitter,4,10,4,4,2.1624548736462095,0.5230377887268215,0.6755353420807757,848,0.8502358490566038,15.89504716981132,101,0.4162210955099912,0.054629684559184905,-18.514353958705232,-3.8876357256050547,0.06205151031979372,721
uniform,104,jitter,20,4,4,5,0.7277012327773749,2.6887348875306167,0.8861010919597747,4195,0.999761620977354,3.2131108462455304,32,1.5056094867202727,0.37375094718365,-530.3091725699228,-17.69571128161771,0.12230461999069497,4194
uniform,104,jitter,20,5,4,5,0.8865030674846626,2.179653676804824,0.8796896137654323,3233,0.9990720692854933,4.169192700278379,54,1.3132338265925068,0.27615759775239723,-357.2098328043993,-13.02147576752803,0.1115659111904666,3230
uniform,104,jitter,20,10,4,5,1.4298440979955456,0.7872136676278897,0.8996470322024702,1014,0.873767258382643,13.292899408284024,118,0.7545041440793927,0.09033705481661303,41.05507946091785,4.079578517650112,0.012047226207347106,886
uniform,104,jitter,80,4,4,7,0.4886052871467639,2.871480288354433,0.9255735152370069,5844,1.0,2.3064681724845997,27,1.8499440381012224,0.5683895886855512,-375.02202322839736,-10.06084983510335,0.09600747701344403,5844
uniform,104,jitter,80,7,4,7,0.7388591800356507,2.1528196772446577,0.8960052331046897,3438,0.9979639325189064,3.9205933682373475,59,1.4300031319445292,0.30145138422917794,-86.31248571865065,-2.6074347562660645,0.08411735398907971,3431
uniform,104,jitter,80,10,4,7,0.8622704507512521,1.4430814103608467,0.9340214079322894,2115,0.9787234042553191,6.373049645390071,110,1.1910488271688013,0.1948495382735141,89.86769115897587,3.6360706260908127,0.05486762248456872,2070
uniform,105,none,0,4,4,4,0.8922664282521234,2.5401094409970364,0.8747955317577414,3624,0.9988962472406181,3.7323399558498895,46,1.372418472764279,0.3157081578638903,-561.9525735180378,-20.59782448037582,0.13203247787496392,3620
uniform,105,none,0,10,4,4,2.1058823529411765,0.4896433577553709,0.6184495335693754,828,0.8429951690821256,16.335748792270532,99,0.3827376925409549,0.051360003954186134,-19.32164241997391,-4.3424345327166,0.07571003049924852,698
uniform,105,shuffle,0,4,4,57,0.059868256482948384,5.272226639221117,0.9552827982909857,12364,1.0,1.0939825299255905,4,4.012727534003405,2.4544711007230315,-127.13994589750035,-10.790617513221276,0.011153512107961783,12364
uniform,105,shuffle,0,10,4,57,0.15158777711204313,4.7387515244171485,0.9196812755514724,10798,1.0,1.2526393776625302,7,3.020409563664005,1.6010450191715386,-358.57480187603534,-16.47945286272753,0.03923113449902016,10798
uniform,105,shuffle,0,57,4,57,0.8544354838709678,2.605091483204396,0.8267986618194407,3884,1.0,3.4824922760041193,23,1.4150678273452169,0.3383497210056622,-624.7019130784973,-24.057015746517177,0.13635383466357015,3884
uniform,105,jitter,4,4,4,4,0.8916191311978938,2.5946705535529886,0.8735726182842529,3624,0.9988962472406181,3.7323399558498895,36,1.3705110677642605,0.31506640981371314,-564.839055372194,-20.732727404928898,0.13348603621674743,3620
uniform,105,jitter,4,10,4,4,2.01056338028169,0.5121329904414624,0.7165081111625073,825,0.84,16.395151515151515,99,0.4169029659624268,0.052551774806623514,-12.490845506283161,-2.6886408934705983,0.05672853060508409,693
uniform,105,jitter,20,4,4,5,0.732562476687803,2.497259195226172,0.908899106271582,4084,0.9995102840352595,3.311949069539667,44,1.493261196836917,0.36166728952797567,-457.22841644035213,-14.379167231719215,0.1210958508047707,4082
uniform,105,jitter,20,5,4,5,0.8710554951033732,2.2097937371215064,0.8807125652988151,3105,0.9967793880837359,4.356199677938808,67,1.3074244682283211,0.26915187743747915,-290.9621907393109,-10.630236199604346,0.10668145446918126,3095
uniform,105,jitter,20,10,4,5,1.442,0.8236328364683417,0.8711048198019422,1040,0.8817307692307692,13.00576923076923,101,0.7706107304412253,0.09313534291685513,43.70986995995541,4.149312438539145,0.01922712666784976,917
uniform,105,jitter,80,4,4,7,0.5227481617647058,2.7871458771354045,0.940061675785252,5730,0.999825479930192,2.3605584642233857,36,1.8289129643826225,0.5528368887869888,-366.45999588403174,-9.515137789114206,0.10029795515392903,5729
uniform,105,jitter,80,7,4,7,0.7594019030357952,2.0820623785813774,0.920132478873364,3336,0.9949040767386091,4.054556354916067,79,1.421659968287175,0.29836369418194897,-90.5978062141755,-2.7370883822687317,0.07893427463582275,3319
uniform,105,jitter,80,10,4,7,0.8849630238290879,1.5083220837117866,0.8893991801492707,2116,0.9773156899810964,6.392249527410208,81,1.1873822870498767,0.19515426690192605,76.20949934062078,3.1363336466179343,0.049309150851523764,2068
uniform,106,none,0,4,4,4,0.8563192904656319,2.4837176201004145,0.8492139742820245,3708,0.9991909385113269,3.6264832793959005,39,1.388687379810035,0.3251211629889903,-593.8419850606426,-21.79261288331302,0.1390963845405807,3705
uniform,106,none,0,10,4,4,2.168627450980392,0.49588195214387354,0.6748190599676435,834,0.854916067146283,16.123501199040767,86,0.4084818261326486,0.05222151702003637,-14.55488589263417,-3.0949684578735317,0.06274720230420106,713
uniform,106,shuffle,0,4,4,57,0.05792249100192517,5.226254268035433,0.9640116523643038,12318,1.0,1.0916544893651567,4,4.038808138355959,2.4774237476742096,-126.89852578077085,-10.837835018596385,0.011203931815884083,12318
uniform,106,shuffle,0,10,4,57,0.1473621578738596,4.640140575400731,0.9409135093603783,10848,1.0,1.2395833333333333,7,3.0673620721763886,1.6436292771823866,-345.72484591541956,-16.91218052935442,0.03678000135044379,10848
uniform,106,shuffle,0,57,4,57,0.834061135371179,2.5431477924733175,0.8554310487714898,3901,1.0,3.4470648551653422,22,1.4205365318029042,0.3425112505157287,-643.1364478322822,-24.23964441629078,0.139197896262723,3901
uniform,106,jitter,4,4,4,4,0.8876982426060865,2.5105132775245247,0.8750269831284608,3686,0.9994574064026045,3.6481280520889854,48,1.3861357961686966,0.3224469297159106,-574.3001204273336,-20.364681945700372,0.13550901686040423,3684
uniform,106,jitter,4,10,4,4,2.112781954887218,0.5496597011704257,0.7282699481394245,849,0.8539458186101295,15.838633686690224,86,0.4565704120469096,0.05780270304222042,-13.836953617276315,-2.6603197837184513,0.06257472466675063,725
uniform,106,jitter,20,4,4,5,0.762954796030871,2.533509429738406,0.8904726908691508,4096,0.999267578125,3.282958984375,54,1.5042546484454729,0.36709858351659497,-453.07672414979845,-14.495925327443224,0.11450917384518222,4093
uniform,106,jitter,20,5,4,5,0.8542445274959958,2.2391101830531084,0.8632011609522672,3172,0.9974779319041615,4.239281210592686,58,1.319314859426166,0.2756644121124219,-316.2977165384598,-11.384794773340321,0.1009885523857802,3164
uniform,106,jitter,20,10,4,5,1.3477366255144032,0.8112159066311374,0.8665602637733922,1045,0.8947368421052632,12.867942583732058,84,0.7347941371548945,0.08975134796085904,29.312169476379424,2.905344584144128,0.03023187654651116,935
uniform,106,jitter,80,4,4,7,0.5068618481244281,2.7589690006773506,0.9198437955098008,5702,0.9994738688179586,2.358295334970186,38,1.8389305293864577,0.5572939476429326,-336.102330488864,-8.779474361564844,0.09159111176704354,5699
uniform,106,jitter,80,7,4,7,0.7485057471264368,2.1139031699115156,0.9195010464881571,3317,0.994573409707567,4.0539644256858605,68,1.4350026800313689,0.3012630239944394,-56.745258659935615,-1.741617938130622,0.0833791169583557,3299
uniform,106,jitter,80,10,4,7,0.9018151815181518,1.4732348860762534,0.9249245282482902,2063,0.9723703344643723,6.518177411536597,78,1.208527996110659,0.19944872367778038,94.44574878268412,3.8388511875726845,0.052669512097057725,2006
uniform,107,none,0,5,5,5,1.0804289544235925,2.0980934006418392,0.840759984424579,2756,0.9960087082728593,4.879172714078375,63,1.1672845583878537,0.23562612046378645,-456.1798313151241,-20.052464632469007,0.13146273767159977,2745
uniform,107,none,0,10,5,5,2.219298245614035,0.5805337194152793,0.6883304341116754,868,0.8490783410138248,15.491935483870968,74,0.4640941996073291,0.061102437558802986,-20.67830287292775,-3.900950830895223,0.05740754434645534,737
uniform,107,shuffle,0,5,5,56,0.07125053717232488,4.806835004636793,0.9570292403135587,12071,1.0,1.1139922127412807,4,3.8079376012122896,2.2795752933305886,-145.06333154870143,-10.898589089383306,0.013784424970545994,12071
uniform,107,shuffle,0,10,5,56,0.1513092144713172,4.5019671508571255,0.9268534049761145,10757,1.0,1.2500697220414614,6,3.0298887618554513,1.60921483922799,-351.89902586975654,-16.84103713899374,0.03820144308406759,10757
uniform,107,shuffle,0,56,5,56,0.8345015576323987,2.557401225573183,0.8763634048382081,3972,1.0,3.385448136958711,29,1.4352380640521307,0.34999700773826214,-653.8089576464465,-23.91932653681053,0.13604721450011747,3972
uniform,107,jitter,4,5,5,5,1.0821656050955415,2.191882792291419,0.857869052523662,2793,0.9971356963838167,4.81453634085213,68,1.1852364119501555,0.23812952159121714,-420.9486430113138,-17.85989520159227,0.12669548156155322,2785
uniform,107,jitter,4,10,5,5,2.194244604316547,0.6517954999227091,0.6283093474327653,895,0.8547486033519553,15.024581005586592,89,0.4743729889496944,0.066301655247377,-33.50604562808954,-5.960476819305753,0.07752835583215179,765
uniform,107,jitter,20,5,5,5,0.8604651162790697,2.0800898353693094,0.8720926296545868,3187,0.9971760276121745,4.219328522121117,54,1.332171708863493,0.27763737267043276,-280.08909858875353,-9.968817150982089,0.1028855472114325,3178
uniform,107,jitter,20,10,5,5,1.4894837476099427,0.8072511251585673,0.8892135194608496,1065,0.8901408450704226,12.626291079812207,74,0.7724096819095134,0.09245668931308715,49.953365320941366,4.634808803057881,0.01249328530400784,948
uniform,107,jitter,80,5,5,7,0.5807471264367816,2.608074214418171,0.941153746314177,4837,0.9995865205706016,2.780028943560058,42,1.6860471474645724,0.44908373285794234,-245.47481758375812,-6.061444979148531,0.0953099207778324,4835
uniform,107,jitter,80,7,5,7,0.7497777777777778,2.1476844573110654,0.9216377179783799,3446,0.9953569355774812,3.9022054556006966,59,1.4504391247795336,0.3120508917982735,-99.9992500417916,-2.9743740028336227,0.09119046593835489,3430
uniform,107,jitter,80,10,5,7,0.9338235294117647,1.4745630563081888,0.94979748986864,2124,0.9764595103578154,6.330979284369115,104,1.192928214839478,0.19980733603121764,48.52435084689214,1.9662312551566437,0.06527889509063156,2074
uniform,108,none,0,4,4,4,0.9171416045594037,2.5935294789699035,0.8834320732315641,3689,0.9994578476551911,3.6671184602873406,45,1.3760174945689858,0.32025490090073827,-604.7959158416327,-21.48087492697764,0.14473266937989532,3687
uniform,108,none,0,10,4,4,2.1044776119402986,0.4788501578521039,0.5603095511163915,853,0.8628370457209847,15.859320046893318,79,0.3710608596630376,0.04936005712007856,-18.61244886274765,-4.115516099496262,0.08194470034248591,736
uniform,108,shuffle,0,4,4,55,0.057706719960029976,5.844821075258075,0.958419783464667,12386,1.0,1.092200871952204,5,4.036410125160115,2.471980500362452,-117.31083146396423,-9.715482740478622,0.010588495031230494,12386
uniform,108,shuffle,0,10,4,55,0.15371587965730224,4.604533431479954,0.9366907790772725,10811,1.0,1.2513181019332162,7,3.022314890369687,1.6052332811520649,-371.8373252706665,-17.848598959354256,0.03923961478922455,10811
uniform,108,shuffle,0,55,4,55,0.8399372302863868,2.489893711740859,0.858342115268332,3960,1.0,3.416161616161616,21,1.426393507480741,0.3462253634799112,-660.9318330547425,-24.906095951376667,0.13877375018087407,3960
uniform,108,jitter,4,4,4,5,0.8738197424892704,2.5079901364145614,0.8772868249562757,3756,0.9994675186368477,3.6017039403620874,42,1.3919242811033659,0.3269437789963031,-604.5257433095303,-21.514395900128555,0.1424601677235272,3754
uniform,108,jitter,4,5,4,5,1.115236875800256,2.065844221714745,0.8480608135899594,2826,0.9982307147912244,4.786978060863412,57,1.1738217674179001,0.23616621162017304,-449.22955172821537,-19.590893230957754,0.12861975234770667,2821
uniform,108,jitter,4,10,4,5,2.0182481751824817,0.4829894372901352,0.6351834785590909,875,0.8765714285714286,15.460571428571429,72,0.3775708447903323,0.050540832065625194,-20.586987776471652,-4.417292275774928,0.07284161185581162,767
uniform,108,jitter,20,4,4,5,0.7254830477579293,2.5647357991944584,0.904786469948301,4135,0.9990326481257558,3.271584038694075,38,1.5086734671791522,0.3688808947962774,-450.453085544151,-14.163791201157533,0.11177144875472816,4131
uniform,108,jitter,20,5,4,5,0.9050829875518672,2.2951327780021438,0.8668081142194978,3142,0.9980903882877148,4.305537873965627,44,1.2986341310330278,0.2682853672380644,-325.1287932101547,-11.759173569325137,0.10852945032488037,3136
uniform,108,jitter,20,10,4,5,1.4789356984478936,0.7730030062716812,0.8745457760382617,1013,0.876604146100691,13.354392892398815,72,0.727865075567868,0.08714128973716848,33.54945862897098,3.497849679845961,0.02299051138906738,888
uniform,108,jitter,80,4,4,7,0.4820875718708536,2.823438950721499,0.9464324767226996,5922,1.0,2.2843633907463694,28,1.8681047480830504,0.5758238804621789,-319.331008575499,-8.056693643450243,0.09094536389182595,5922
uniform,108,jitter,80,7,4,7,0.7389964788732394,2.124188309378851,0.9263489255781089,3417,0.9950248756218906,3.9590283874743926,49,1.443493451143846,0.30642508988657036,-72.90172031796938,-2.123399517606384,0.08404307636087338,3400
uniform,108,jitter,80,10,4,7,0.8938120702826585,1.444791411790618,0.9450703163264429,2174,0.9760809567617296,6.22263109475621,73,1.2302385352764116,0.2023530060478922,137.63736324630415,5.298050602386872,0.04804688189937273,2122
uniform,109,none,0,4,4,4,0.9137478108581436,2.5740496038320875,0.8738340616908685,3667,0.9994545950368149,3.676029451868012,54,1.3766742827220444,0.31962454253985495,-590.5366889976835,-21.714225446185953,0.13693863964297315,3665
uniform,109,none,0,10,4,4,2.208955223880597,0.4878008444409964,0.6789592029220763,836,0.8528708133971292,16.124401913875598,81,0.40741800334443035,0.051128040811513065,-12.181867129565468,-2.6326062982545166,0.06614559243672502,713
uniform,109,shuffle,0,4,4,56,0.0638956259931421,5.083673068468844,0.9617615176393384,12295,1.0,1.096380642537617,4,3.988568567228766,2.431464330897076,-120.79670691755595,-9.906111179003224,0.011113810342741615,12295
uniform,109,shuffle,0,10,4,56,0.1484531940538369,4.3982213726654695,0.91814290791221,10749,1.0,1.2540701460600987,6,3.0233269145536834,1.5965392629925899,-317.0373374440495,-14.821776173676527,0.036457403872140914,10749
uniform,109,shuffle,0,56,4,56,0.8399034593724859,2.612722999902965,0.8727441170263734,3957,1.0,3.406621177659843,25,1.4272296358688141,0.3473882367934509,-668.663695357052,-24.8715611007564,0.1467279355424792,3957
uniform,109,jitter,4,4,4,4,0.8871244635193133,2.5503107952659825,0.8936611125850488,3637,0.9994500962331592,3.706351388507011,49,1.385313297192491,0.31633224772724067,-502.49083604103043,-17.264456172975756,0.12942205275228097,3635
uniform,109,jitter,4,10,4,4,2.1267123287671232,0.5408874972849413,0.6743522344888973,851,0.8495887191539365,15.840188014101058,78,0.4258504444234479,0.056553635977672184,-20.629471582279177,-4.096815700794933,0.07175095458919378,723
uniform,109,jitter,20,4,4,5,0.7578870139398386,2.5246010814767725,0.9142727864096032,4065,0.9997539975399754,3.3161131611316113,42,1.4959495533949418,0.36006655182160174,-421.48433531586926,-13.113948920609367,0.11112643639648406,4064
uniform,109,jitter,20,5,4,5,0.8620504562533549,2.069179757353303,0.8977537944843548,3121,0.9974367190003204,4.3191284844601086,50,1.3124250179649675,0.268939604717384,-267.558797782291,-9.299177030914256,0.09893573672146083,3113
uniform,109,jitter,20,10,4,5,1.4273684210526316,0.8664400054909343,0.8589181563663235,1054,0.8833017077798861,12.789373814041745,76,0.7661033270031812,0.09616157321857735,26.516436232715982,2.5385888837357844,0.02748012558123658,931
uniform,109,jitter,80,4,4,7,0.5064844835572024,2.8651818312458657,0.9242321334360619,5741,0.999825814318063,2.348022992510016,35,1.8322316744342064,0.5567372888733011,-382.07913036790495,-10.086861921536158,0.09970100476057298,5740
uniform,109,jitter,80,7,4,7,0.7526291723822588,2.1277308260126375,0.899164915403401,3377,0.9955581877405981,3.9917086171157834,62,1.4289170374008062,0.3034476906600708,-111.75243576936433,-3.338781844634932,0.0887555996227517,3362
uniform,109,jitter,80,10,4,7,0.8858075040783034,1.4463046870094358,0.9370295722234683,2130,0.9788732394366197,6.328638497652582,74,1.1987251396254965,0.1966362113992613,95.98387019263217,3.8367854283399856,0.052119432132718746,2085
uniform,110,none,0,5,5,5,1.0695538057742782,2.1314002191143615,0.8676285893808855,2825,0.9978761061946902,4.715752212389381,62,1.1930902351548323,0.2419469053699887,-437.8129009044574,-18.110073188492105,0.12677424439308665,2819
uniform,110,none,0,10,5,5,2.12,0.5639277136771601,0.6485377561933482,860,0.8534883720930233,15.490697674418605,72,0.43509150702358035,0.057768081872179355,-21.245434066333083,-4.1772528496710395,0.0726813140966247,734
uniform,110,shuffle,0,5,5,57,0.07277956942386472,4.858287023859551,0.9594473181479066,11930,1.0,1.116680637049455,4,3.7735479259886926,2.2586752420787555,-178.05337816252114,-13.385161708414715,0.015859498704539066,11930
uniform,110,shuffle,0,10,5,57,0.1470528661130241,4.114429983638188,0.92251913955935,10664,1.0,1.2492498124531133,5,3.031819423107434,1.6118428436999364,-352.95555657606633,-17.68669839865756,0.037685779229961414,10664
uniform,110,shuffle,0,57,5,57,0.8178484107579462,2.5300065231713305,0.8669969696531432,3871,0.9997416688194265,3.4414879876001034,31,1.4274644912931418,0.3440277139356882,-615.5070254370944,-23.04090809606134,0.13482690362588823,3870
uniform,110,jitter,4,5,5,5,1.065096094234346,2.245581670287119,0.8391611422075627,2841,0.9978880675818373,4.689193945793734,55,1.1991146876176533,0.24353214675966117,-433.94134949678954,-18.6336806927483,0.12741678708454102,2835
uniform,110,jitter,4,10,5,5,1.9621451104100947,0.5656687820496415,0.7295747685038063,848,0.8443396226415094,15.709905660377359,72,0.465851620030568,0.057859739593255036,-10.587092614624794,-2.0390152063711846,0.056675157372011675,716
uniform,110,jitter,20,5,5,5,0.8972602739726028,2.2404991983621296,0.8700958863381416,3261,0.9987733823980374,4.0852499233363995,44,1.3394430657692258,0.2836285018585448,-320.3707113666031,-11.32420203087873,0.11214329860138789,3257
uniform,110,jitter,20,10,5,5,1.3962264150943395,0.7758451970537673,0.8388553069581104,1062,0.89924670433145,12.544256120527306,69,0.7473283416561625,0.08894627388977636,44.418095775126176,4.336694621008585,0.026076136611785317,955
uniform,110,jitter,80,5,5,8,0.5825714285714285,2.5794581363162483,0.9356007390885069,4840,0.9997933884297521,2.752479338842975,31,1.6919396459987954,0.4526761030516592,-244.32837759177644,-6.322373930622178,0.0965647322084684,4839
uniform,110,jitter,80,8,5,8,0.8202490525175961,1.9205341262578755,0.910872821332143,2920,0.9917808219178083,4.5623287671232875,59,1.3614419720115887,0.26586420308848513,-8.68823752920473,-0.28120567510713346,0.07940522103685838,2896
uniform,110,jitter,80,10,5,8,0.9206225680933852,1.4795174437846794,0.955170174631221,2154,0.9777158774373259,6.184772516248839,68,1.2107147748867373,0.20202845356934906,81.10574984645933,3.250082523485681,0.059541640336888024,2106
uniform,111,none,0,4,4,4,0.9071013845466727,2.4060855036853046,0.8660303979573106,3668,0.9989094874591058,3.6791166848418757,46,1.3748909112165837,0.32099854778387327,-615.4598278442116,-22.314917093102807,0.14544042683789443,3664
uniform,111,none,0,10,4,4,2.1985559566787005,0.5671030870289426,0.6497839335355242,882,0.8639455782312925,15.300453514739228,86,0.4291137328779211,0.0576566481766396,-23.771088721351955,-4.642155060215546,0.074507629366791,762
uniform,111,shuffle,0,4,4,56,0.06418410041841004,5.719026149209738,0.9575978070033965,12301,1.0,1.0970652792455897,5,3.979387435608823,2.4250102314995505,-125.96545443749167,-9.97536641628449,0.011499631725587545,12301
uniform,111,shuffle,0,10,4,56,0.1518429487179487,4.199486241779291,0.9523488353165538,10767,1.0,1.2533667688306864,6,3.022450367969915,1.598750506488749,-334.27494934356577,-15.604722907527863,0.0372119846484823,10767
uniform,111,shuffle,0,56,4,56,0.8361650485436893,2.460549096686793,0.8486350662423701,3901,1.0,3.4593693924634707,21,1.4176431788786186,0.3410543995308253,-643.3151251411074,-24.453065934786608,0.1416443252925198,3901
uniform,111,jitter,4,4,4,4,0.8777683134582623,2.518134355372566,0.879426737148031,3661,0.9991805517618138,3.686151324774652,36,1.3801777270385163,0.3186756641803501,-559.8670183715652,-19.860258700140296,0.13482473221275904,3658
uniform,111,jitter,4,10,4,4,2.268041237113402,0.5868257785221017,0.6753111328287984,855,0.8467836257309942,15.783625730994151,91,0.4575721285758281,0.0590978755821155,-17.013043675500796,-3.264985751377845,0.06751550475481216,724
uniform,111,jitter,20,4,4,5,0.7663043478260869,2.558690327917026,0.8929183582412101,4101,0.9992684711046086,3.2906608144355034,55,1.4988666859905901,0.3659449347423056,-473.0725327495514,-15.02918547440473,0.119406549252627,4098
uniform,111,jitter,20,5,4,5,0.8909281594126901,2.2064181078400327,0.8909102157120805,3145,0.9968203497615262,4.290937996820349,78,1.3191517881976917,0.2740803523116506,-296.51440939033347,-10.218711116726992,0.11020880685822576,3135
uniform,111,jitter,20,10,4,5,1.490238611713666,0.8318100070926445,0.9085556115124802,1033,0.8770571151984511,13.063891577928365,91,0.7452863748418093,0.09334078255076339,21.067457887920455,2.1219839611444518,0.031480307955210285,906
uniform,111,jitter,80,4,4,7,0.501827318410233,2.859860848762709,0.9210964115168223,5736,1.0,2.3526847977684797,26,1.8378368039109123,0.5534652066570906,-307.7483324041826,-7.908754690520106,0.09063715493262836,5736
uniform,111,jitter,80,7,4,7,0.7453472537448933,2.1817791466379672,0.896592916558412,3382,0.9949733885274985,3.9902424600827913,59,1.4377078544340716,0.30387837240196636,-73.10787332851316,-2.242414545252203,0.08121933499160933,3365
uniform,111,jitter,80,10,4,7,0.8708609271523179,1.3997837697402715,0.9537422314837148,2041,0.9720725134737873,6.6119549240568345,84,1.206021387503812,0.19477969455249178,128.73683477173148,5.231126516450203,0.04811522792987283,1984
uniform,112,none,0,5,5,5,1.0893997445721584,2.2014755953520937,0.8235763798496402,2893,0.9986173522295195,4.614241272035949,45,1.1887407642551988,0.24601059588085183,-512.5510339185929,-23.49397323595237,0.13745265333794413,2889
uniform,112,none,0,10,5,5,2.134831460674157,0.5673768249697677,0.6611415610616198,894,0.8668903803131991,14.931767337807607,72,0.4325618155702795,0.059292606308904,-27.781190042188317,-5.107780215953045,0.08837785857174674,775
uniform,112,shuffle,0,5,5,57,0.07165812559715104,5.196471064244875,0.9571397166975701,11955,1.0,1.116603931409452,5,3.7888908769873684,2.2592641633352697,-132.1032259965784,-9.102220671636257,0.013704712418627918,11955
uniform,112,shuffle,0,10,5,57,0.1453231633881975,4.482965141366589,0.9303018428492096,10733,1.0,1.243734277462033,6,3.054148140289639,1.6297950420786402,-336.17933606567317,-16.194086306157303,0.03679969175457509,10733
uniform,112,shuffle,0,57,5,57,0.8447154471544716,2.5444706229934,0.8672989590729493,3877,1.0,3.4431261284498325,23,1.4225363238502364,0.3429802122534731,-633.022581744498,-23.852774591517125,0.13906467451510812,3877
uniform,112,jitter,4,5,5,5,1.0513931888544892,2.318288628302993,0.848581238784485,2902,0.9968986905582357,4.5999310820124055,46,1.2072790058811496,0.2504643902629091,-487.4733623385773,-21.48705998371797,0.12732904737025108,2893
uniform,112,jitter,4,10,5,5,2.1548387096774193,0.5680788929412288,0.7526460149162811,929,0.891280947255113,14.369214208826696,73,0.4702242358826627,0.05971758631767299,-16.285707446685564,-2.8156606373577597,0.050848219948790296,828
uniform,112,jitter,20,5,5,5,0.8423173803526448,2.331220449698561,0.8477657595379672,3274,0.9990836896762371,4.077275503970678,65,1.3294977443431666,0.2841472044542632,-375.2165138579027,-14.117321806001181,0.1102636009173465,3271
uniform,112,jitter,20,10,5,5,1.379668049792531,0.7589218524326705,0.8942741761764633,1065,0.9014084507042254,12.534272300469484,80,0.7209020099325141,0.08610290973364212,35.1801193893708,3.5576521655307034,0.024057281288430266,960
uniform,112,jitter,80,5,5,8,0.5702902675014229,2.6164072242568333,0.9456193737986349,4840,0.9993801652892562,2.7580578512396694,42,1.6984769422066126,0.45468973081779784,-221.91756587129692,-5.7358404444986615,0.09029102604391864,4837
uniform,112,jitter,80,8,5,8,0.7736647276573242,1.8781502196569786,0.9015198315694173,2917,0.9938292766540967,4.576276996914638,52,1.363469471041407,0.2585782926067949,78.10983979533296,2.5031178465220876,0.05569468440686498,2899
uniform,112,jitter,80,10,5,8,0.8642160540135033,1.454315492054826,0.9375875025058674,2186,0.9807868252516011,6.106587374199451,64,1.2255637843429614,0.2006575017702344,141.1588275534579,5.454469954034613,0.0417189218494014,2144
uniform,113,none,0,4,4,4,0.8874143835616438,2.284113896114539,0.882597549851946,3739,0.9997325488098422,3.60925381117946,33,1.3847585054771319,0.3250877627727454,-620.333761969381,-23.406284124848195,0.140116438777034,3738
uniform,113,none,0,10,4,4,2.1423487544483986,0.5042202107775691,0.7086993383872839,842,0.8396674584323041,16.02731591448931,78,0.4251922127842196,0.05409065057967047,-14.055761092153451,-2.881967006207921,0.05390730511772435,707
uniform,113,shuffle,0,4,4,56,0.06141231593038822,4.8729099706099905,0.97723514895164,12321,1.0,1.095284473662852,4,4.000765097546095,2.441902525064055,-120.22191481534446,-9.46630503025183,0.01122652233411714,12321
uniform,113,shuffle,0,10,4,56,0.15149097436920314,4.284514176937431,0.965512698939555,10801,1.0,1.2494213498750115,9,3.0296064091956136,1.6112921684818002,-366.0952324729995,-17.050083672156926,0.039193206093730004,10801
uniform,113,shuffle,0,56,4,56,0.8206896551724138,2.51421565948713,0.8760829961804726,3877,1.0,3.4807841114263605,26,1.4187005257644838,0.3385480660928759,-605.1221588089348,-21.931137760877185,0.13264976745619422,3877
uniform,113,jitter,4,4,4,4,0.903347280334728,2.5566500658084053,0.8543597852895224,3797,0.9994732683697656,3.5541216750065843,39,1.3986921484956252,0.3322253248981385,-633.3459482892717,-23.172274795061192,0.13977369127442169,3795
uniform,113,jitter,4,10,4,4,2.128813559322034,0.5199605242214644,0.7439566021470911,853,0.8522860492379836,15.82063305978898,74,0.44010771058329645,0.053909484198089566,-9.135672208057473,-1.8355721551572042,0.048258688236981984,727
uniform,113,jitter,20,4,4,5,0.7544996400287977,2.5512349821284266,0.9070737665282983,4113,0.99951373693168,3.2810600534889374,38,1.4963235218777253,0.3655628742725132,-485.57880206575743,-15.515202129691795,0.11992923602089078,4111
uniform,113,jitter,20,5,4,5,0.8908616187989556,2.2383188500980427,0.8590897994354099,3144,0.9968193384223919,4.292302798982188,41,1.3047855381894156,0.2718335872730717,-336.9530996810149,-12.669383980079866,0.09868070606033047,3134
uniform,113,jitter,20,10,4,5,1.3446088794926003,0.768363029610498,0.8836292308422284,1066,0.8949343339587242,12.659474671669793,66,0.7480244883506035,0.08835766556485372,47.680391017681394,4.625812012328262,0.016522506521860547,954
uniform,113,jitter,80,4,4,7,0.49774673276250564,2.8933231330236566,0.9236175177462849,5854,1.0,2.3052613597540144,24,1.8451566061889348,0.568790374522204,-415.2541879304394,-11.254999036001559,0.1040959438149674,5854
uniform,113,jitter,80,7,4,7,0.7865367581930912,2.1181755027588975,0.9208188898253219,3391,0.9967561191388971,3.9796520200530816,50,1.4282658232070613,0.29812859826342875,-56.84651225003958,-1.7097299108508344,0.08994852198711462,3380
uniform,113,jitter,80,10,4,7,0.9536961819658814,1.3896500701648675,0.9298831745006984,2102,0.9785918173168411,6.420076117982873,62,1.1844133808694668,0.18892103361778706,126.76421915494167,5.2330585401154295,0.05399012604326647,2057
uniform,114,none,0,5,5,5,1.0868686868686868,2.0944344382815006,0.842516250262642,2739,0.9974443227455275,4.936473165388828,89,1.1624626141437755,0.23057132730850366,-416.0424962345167,-18.636885081140566,0.1232369021640026,2732
uniform,114,none,0,10,5,5,2.1203007518796992,0.5576404556369917,0.7480091576859865,850,0.8447058823529412,15.907058823529411,97,0.4565486544017663,0.05725353196463184,-12.237737366718342,-2.3949532812057717,0.056692582231262834,718
uniform,114,shuffle,0,5,5,56,0.07689014470416988,6.058824048039552,0.9232471451311218,12103,1.0,1.1171610344542675,5,3.7693424450106203,2.2549966042666796,-181.04382328546936,-13.963914004563348,0.01569089995172923,12103
uniform,114,shuffle,0,10,5,56,0.15016419544233256,4.627975973751614,0.8918171591002695,10811,1.0,1.250670613264268,6,3.032052039972905,1.6072953974850024,-331.87931562267414,-15.674320451010688,0.036923972526552995,10811
uniform,114,shuffle,0,56,5,56,0.8365805168986084,2.529921549494807,0.8702536363374658,3947,1.0,3.425639726374462,30,1.4326721025646751,0.3450777394130422,-609.434806407976,-21.60149021599478,0.13856424489179947,3947
uniform,114,jitter,4,5,5,5,1.0794871794871794,2.077177011827676,0.845374178293887,2762,0.996741491672701,4.8953656770456195,90,1.1815469317001135,0.2340042807859105,-384.5140055212849,-16.78410548392637,0.12373426266193235,2753
uniform,114,jitter,4,10,5,5,2.133956386292835,0.5684251253938117,0.803755719055113,854,0.8430913348946136,15.83255269320843,97,0.48634448233862493,0.05972040559480929,-8.248921917072092,-1.4889263089389397,0.05452728204821666,720
uniform,114,jitter,20,5,5,5,0.9187817258883249,2.233605163881214,0.8852994009420594,3188,0.9981179422835633,4.2412170639899625,57,1.3157278273652988,0.27342066405439314,-309.38998190666297,-11.016754018596576,0.10330413050915127,3182
uniform,114,jitter,20,10,5,5,1.436936936936937,0.7927909586610997,0.892771767370444,1015,0.8719211822660099,13.321182266009853,119,0.7407470050874903,0.08963557831640057,32.951899957894966,3.3328786346106245,0.02109968754056757,885
uniform,114,jitter,80,5,5,7,0.5760301799187464,2.5648295215826615,0.93568697342469,4794,0.999165623696287,2.8204005006257824,36,1.6794186529780024,0.4429439019207516,-222.16964267606915,-5.9859868064732655,0.08915518288110552,4790
uniform,114,jitter,80,7,5,7,0.749770009199632,2.1133805847849985,0.9047242380608067,3337,0.9961042852861852,4.051842972729997,89,1.4284119117051883,0.29556366189033134,-26.98893916891746,-0.8294173094087851,0.07397888930106544,3324
uniform,114,jitter,80,10,5,7,0.9008,1.4323290862414577,0.9288133467786988,2114,0.978713339640492,6.39593188268685,117,1.1985954683944566,0.19361736766441423,123.61164524562415,4.976546409443339,0.04125473908099636,2069
uniform,115,none,0,5,5,5,1.1255813953488372,2.1688420324656494,0.8236063712566642,2734,0.9970738844184345,4.912216532553036,51,1.1541965640429286,0.23195767933027306,-461.89381441073937,-21.44546014633819,0.1309945247709515,2726
uniform,115,none,0,10,5,5,2.267148014440433,0.5825711825575516,0.6206372980694538,849,0.839811542991755,15.818610129564194,94,0.44745654748475694,0.058442288750258614,-18.40144676866105,-3.619892819337524,0.06158881155527807,713
uniform,115,shuffle,0,5,5,57,0.07472109314191819,5.279413937923937,0.9587152312841009,12007,1.0,1.1185142000499708,5,3.76474782282296,2.2447236914274367,-157.76812578441164,-11.058618318593691,0.015050748536087233,12007
uniform,115,shuffle,0,10,5,57,0.1581926614778126,4.525207261589295,0.9575950258058871,10666,1.0,1.2591411963247703,8,2.997488124650909,1.5808121046297168,-364.6498157163209,-16.701177121946714,0.039794728171372196,10666
uniform,115,shuffle,0,57,5,57,0.8461855670103092,2.536744480850488,0.8313770353379434,3848,1.0,3.49012474012474,22,1.4169447518125349,0.3374662821260227,-598.374415371082,-22.371243878094063,0.13738370250810955,3848
uniform,115,jitter,4,5,5,5,1.0295250320924263,1.9957099275382442,0.8456986569074328,2771,0.9967520750631541,4.846625766871166,55,1.1883581155665635,0.23593338668541702,-380.93822023490594,-16.689685353348906,0.11290554757828436,2762
uniform,115,jitter,4,10,5,5,2.085616438356164,0.5337703499024813,0.718991061855434,826,0.8341404358353511,16.2590799031477,94,0.4341316902831043,0.0549264004307248,-13.036210216024138,-2.7574611360316386,0.07210657708821322,689
uniform,115,jitter,20,5,5,5,0.9053916581892166,2.255886871495098,0.8856221056378542,3159,0.9971509971509972,4.251345362456473,66,1.311680435717017,0.2758375068041595,-351.93576223596136,-12.958574235642606,0.10278102012695484,3150
uniform,115,jitter,20,10,5,5,1.4201680672268908,0.789396201226263,0.8156342074929112,1061,0.9010367577756834,12.657869934024506,78,0.7276791034543475,0.08709665095439317,36.166280474619846,3.6047103747847076,0.026631061839103243,956
uniform,115,jitter,80,5,5,7,0.6121728903263746,2.599344263107304,0.9298331090160151,4738,0.9997889404812157,2.834529337273111,42,1.655295106091712,0.43667197690991233,-311.959581828068,-8.452663957278215,0.10277590407673293,4737
uniform,115,jitter,80,7,5,7,0.7661252900232018,2.094706381448989,0.9097691171716045,3318,0.9978902953586498,4.0476190476190474,72,1.4053563617456373,0.2909120045523831,-87.51613798386457,-2.7443169552635376,0.08587910263969795,3311
uniform,115,jitter,80,10,5,7,0.9087269815852682,1.433877444943654,0.9406979147036418,2087,0.9770004791566842,6.435074269286057,83,1.1998445288579038,0.1935204718996149,126.33163350737483,5.230175521087749,0.04246637812095733,2039
uniform,116,none,0,4,4,4,0.9177903436276642,2.4850467208370657,0.8781133411716397,3641,0.9989014007140895,3.663828618511398,48,1.3786895497240454,0.322637554653892,-608.8829734822507,-22.409258502421235,0.1401432684360827,3637
uniform,116,none,0,10,4,4,2.2213740458015265,0.5332886162703769,0.632045382205211,844,0.8530805687203792,15.80568720379147,83,0.40907290273212205,0.0564182639835272,-25.33889152838819,-5.081538295907743,0.08627005607383642,720
uniform,116,shuffle,0,4,4,57,0.05739925499492042,5.082529855329168,0.963804017278552,12196,1.0,1.0938012463102658,4,4.02020828841991,2.456236147529866,-110.68629261269248,-9.189119550965774,0.01048261237517989,12196
uniform,116,shuffle,0,10,4,57,0.14696099183550046,4.370668151748205,0.9397232465430734,10698,1.0,1.246962048981118,6,3.0433695079166174,1.619230834387349,-334.05147711496295,-15.870027322607125,0.03735008487155278,10698
uniform,116,shuffle,0,57,4,57,0.8022022838499184,2.3314617132892197,0.8519755055014056,3872,1.0,3.4452479338842976,22,1.4300794772090821,0.34272742239008736,-586.4868250199374,-21.722231532879828,0.13445369782876088,3872
uniform,116,jitter,4,4,4,5,0.8684552141929901,2.60294389406044,0.8746252654196703,3713,0.9983840560193913,3.5927821168866148,50,1.3972642128620603,0.33270337835736763,-631.6963207681349,-23.32895670443951,0.1420938366883049,3707
uniform,116,jitter,4,5,4,5,1.106701366297983,2.1287192308383944,0.8406230635588492,2755,0.9952813067150635,4.842105263157895,73,1.178140541259987,0.24066774754517112,-469.5322178214822,-21.10016276335531,0.12928382439803848,2742
uniform,116,jitter,4,10,4,5,2.1761006289308176,0.6574460281150053,0.6520730748453278,868,0.8513824884792627,15.368663594470046,83,0.49408221285017184,0.06657086236910947,-25.63634776418733,-4.297522137614009,0.08662731332608387,739
uniform,116,jitter,20,4,4,5,0.7408772576483598,2.6226880494343567,0.9047448701957392,4088,0.9995107632093934,3.2632093933463797,50,1.5095339758722073,0.36871730586798657,-438.6413359755391,-13.026247964130775,0.11990784234917234,4086
uniform,116,jitter,20,5,4,5,0.8990585774058577,2.288583875257188,0.8594037466743454,3172,0.9974779319041615,4.205548549810845,50,1.3215551170515756,0.277696053404044,-328.6295569555145,-11.315058319677163,0.1132557487837968,3164
uniform,116,jitter,20,10,4,5,1.4103671706263499,0.8246379450083339,0.9092632542087417,1015,0.8758620689655172,13.142857142857142,91,0.7628350791253578,0.09358132698899299,33.94848806332685,3.2906719559677002,0.024482031232709534,889
uniform,116,jitter,80,4,4,7,0.5083504918782887,2.795189711678431,0.9207348104048703,5694,1.0,2.3428170003512467,27,1.846004437077264,0.5565838709853845,-277.4534055184699,-6.555644522551574,0.09443317321760708,5694
uniform,116,jitter,80,7,4,7,0.7639925373134329,2.158847260580029,0.9154578200053287,3287,0.9948281107392759,4.058411925768178,69,1.4277086120278266,0.30125215219773926,-91.15768942449337,-2.7852940269292876,0.09128949208676557,3270
uniform,116,jitter,80,10,4,7,0.9216666666666666,1.4336498975325953,0.9457519998207774,2067,0.97677793904209,6.453797774552491,85,1.1995661407311449,0.1970987767193882,91.06931569373482,3.7360363565325403,0.06431414214035225,2019
uniform,117,none,0,5,5,5,1.090851735015773,2.1319841644442055,0.8282542562991297,2789,0.9960559340265328,4.837217640731445,57,1.1812025887501871,0.23764158056789297,-430.17906725010437,-18.95721487158918,0.12427559711804351,2778
uniform,117,none,0,10,5,5,2.2651006711409396,0.49587056671557117,0.5840114956334819,873,0.870561282932417,15.45360824742268,142,0.39255662963471316,0.051151008051807764,-17.602564607053633,-3.6728548837619988,0.06824626261070643,760
uniform,117,shuffle,0,5,5,56,0.07599828252468871,5.31899806961787,0.9571106128768676,12069,1.0,1.1178225205070842,5,3.7726735402653038,2.249958465075622,-151.8620756576417,-10.75723828363462,0.014570566197338652,12069
uniform,117,shuffle,0,10,5,56,0.1534986447143861,4.541460412590075,0.9263297231768751,10758,1.0,1.2540435025097603,6,3.012446996628876,1.5966228895107526,-375.1449193484614,-17.978485640092227,0.03985383043778301,10758
uniform,117,shuffle,0,56,5,56,0.8663249211356467,2.4706541087915004,0.8413318411286738,3935,1.0,3.4284625158831004,22,1.4221005348981226,0.3447374141084776,-664.8529885686546,-25.469402826704187,0.1411664756393447,3935
uniform,117,jitter,4,5,5,5,1.0692063492063493,2.3032270080615804,0.8346465070758566,2815,0.9978685612788633,4.792539964476021,88,1.1738740586401573,0.23725913185711223,-459.48249866938505,-20.70108119849313,0.12435153208002736,2809
uniform,117,jitter,4,10,5,5,2.243076923076923,0.534185338392811,0.7023351805394671,896,0.8772321428571429,15.056919642857142,138,0.4304256315627182,0.05596126251294771,-19.12989138171093,-3.5847177553573832,0.07145077948015555,786
uniform,117,jitter,20,5,5,5,0.8738011105502271,2.1632498660938433,0.8741048075352037,3225,0.9990697674418605,4.1832558139534886,95,1.326147319361164,0.27639799036483403,-298.2822834514036,-10.750765801273106,0.10425401859272337,3222
uniform,117,jitter,20,10,5,5,1.3757828810020878,0.7612411123099716,0.8597221769807016,1057,0.8968779564806055,12.763481551561021,142,0.7395746825158209,0.08658023068042497,48.21648013074153,4.672371767424239,0.019299458823025972,948
uniform,117,jitter,80,5,5,7,0.5946872322193659,2.6704009157578703,0.9226904855919518,4885,0.9997952917093142,2.7617195496417604,74,1.6789443114187126,0.4525736277136444,-333.008060623359,-9.069028285114758,0.10204013530495648,4884
uniform,117,jitter,80,7,5,7,0.7209094962104324,2.1965322202165685,0.9112974596930801,3447,0.9976791412822744,3.9138381201044385,98,1.437556053454296,0.30462148670706624,-83.74100513686042,-2.5075408226339486,0.07972594848105202,3439
uniform,117,jitter,80,10,5,7,0.8638911128903123,1.446358168731439,0.9132659284048771,2145,0.9794871794871794,6.28951048951049,129,1.2024669949546247,0.1953014543205137,120.70882540111275,4.790483936791093,0.041862749150208434,2101
uniform,118,none,0,4,4,4,0.8540176693310896,2.4997958442537116,0.8793754564323808,3725,0.9989261744966443,3.6338255033557045,53,1.3974456948048743,0.3255140692865368,-552.9405679679562,-19.84217700941054,0.12837020950357414,3721
uniform,118,none,0,10,4,4,2.0698529411764706,0.4904594139798579,0.6178931493353528,841,0.8525564803804994,16.09512485136742,108,0.38656924536044635,0.049905585061101695,-15.256392643429379,-3.411558872960484,0.06706396174929241,717
uniform,118,shuffle,0,4,4,56,0.05887726291313735,5.08610488313229,0.970573226023435,12399,1.0,1.0917009436244858,4,4.040906280990763,2.476959588095472,-120.65807044153937,-10.015441155892802,0.010877386699604363,12399
uniform,118,shuffle,0,10,4,56,0.14877102199223805,4.701252265103831,0.8949268981255186,10818,1.0,1.2512479201331115,6,3.0306829326682436,1.6054564871349157,-329.24016983820275,-15.81752223801536,0.03642846739333072,10818
uniform,118,shuffle,0,56,4,56,0.8605750295391886,2.504465468094436,0.8615003858747674,3970,1.0,3.409571788413098,22,1.4260902988028672,0.3470277599332777,-673.4373528903664,-25.460642578729015,0.14514474325226873,3970
uniform,118,jitter,4,4,4,5,0.8613481228668942,2.504635504144129,0.8985722046301633,3715,0.9986541049798116,3.643606998654105,42,1.399546055070731,0.3257004278360851,-541.9463496649622,-18.759166954609363,0.13242698798190872,3710
uniform,118,jitter,4,5,4,5,1.0965909090909092,2.1214078562013476,0.8522784504831762,2796,0.9967811158798283,4.8412017167381975,75,1.1815182095851693,0.23705555358246694,-423.77254952703134,-18.4913211783391,0.1235910444406978,2787
uniform,118,jitter,4,10,4,5,2.1043771043771042,0.5572009641931052,0.7184773487836579,859,0.8533178114086146,15.757857974388823,108,0.45028477299404734,0.05652303845142613,-12.692267182009491,-2.489708654517969,0.05683545769499332,733
uniform,118,jitter,20,4,4,5,0.7292483078019237,2.63280690432031,0.8863614632447088,4147,0.9987943091391367,3.264046298529057,41,1.5143715636155424,0.3712818122584892,-443.8414063187152,-13.85213805069982,0.11342619084746741,4142
uniform,118,jitter,20,5,4,5,0.8954758190327613,2.124307159131407,0.87622303823217,3117,0.9967917869746551,4.342637151106834,76,1.3039172882166365,0.2703962976040556,-321.9299683981905,-11.83732068427782,0.10501345531532269,3107
uniform,118,jitter,20,10,4,5,1.4769874476987448,0.7837749019599153,0.8628241119249898,1050,0.8923809523809524,12.891428571428571,102,0.7357803015273046,0.08725836420161781,41.442684042242554,4.0622032654666445,0.016646140771426454,937
uniform,118,jitter,80,4,4,7,0.49303683737646004,2.8248122047460766,0.9332164069418593,5825,0.999656652360515,2.3237768240343346,38,1.8544188660369176,0.5666604171899388,-323.41701932697777,-8.540089664359064,0.09132380561247633,5823
uniform,118,jitter,80,7,4,7,0.7358997314234557,2.0641667922679456,0.9212212989250278,3381,0.9961549837326235,4.003549245785271,71,1.43551930973946,0.3002795608600929,-44.55546664277226,-1.3276767801830083,0.08244054164093823,3368
uniform,118,jitter,80,10,4,7,0.9103068450039339,1.4415744224801723,0.9530557881833713,2125,0.9769411764705882,6.369882352941176,106,1.2020312243442124,0.1971609269535784,100.28630203893135,4.062172349504954,0.053673096490032046,2076
uniform,119,none,0,4,4,4,0.8995614035087719,2.496740454456501,0.8701957293479788,3610,0.9994459833795014,3.740720221606648,41,1.3671473104038245,0.31269874931747443,-553.9905638016529,-20.232714264043484,0.125466978169972,3608
uniform,119,none,0,10,4,4,2.180451127819549,0.5237507546048729,0.6464582947739688,809,0.8244746600741656,16.69221260815822,89,0.4056785896037045,0.053917790740254365,-18.367999628025682,-4.003134785712503,0.07846483651518199,667
uniform,119,shuffle,0,4,4,56,0.06125689453451446,5.840298390566095,0.9561804130962454,12330,1.0,1.0952149229521493,5,4.000246141402714,2.442569216447697,-123.83451244685835,-10.147617629235738,0.01114862204567113,12330
uniform,119,shuffle,0,10,4,56,0.14890219560878243,4.395545715035223,0.9473249478371705,10817,1.0,1.2484052879726357,6,3.0314478494431594,1.614560608220243,-374.70402488786294,-17.957451264948485,0.03932151533097705,10817
uniform,119,shuffle,0,56,4,56,0.8649074438755415,2.439060770353546,0.8581372890801053,3929,0.9997454823110206,3.4370068719776024,33,1.414877064967646,0.34461482801781607,-703.9827528016534,-27.28021964640113,0.1436836550170179,3928
uniform,119,jitter,4,4,4,4,0.8414038205242115,2.395002316464066,0.8460056580711426,3645,1.0,3.70480109739369,28,1.3761655375263668,0.31436122179380077,-530.4258157593819,-18.103080316542567,0.12461659397911462,3645
uniform,119,jitter,4,10,4,4,2.1020408163265305,0.55391317480538,0.6454730382536151,852,0.8474178403755869,15.849765258215962,89,0.43656819528944446,0.0557176952340032,-14.941526826352074,-3.0359793282579877,0.07387284048952081,722
uniform,119,jitter,20,4,4,5,0.7734229189996267,2.660590225017669,0.8826373166355868,4066,0.9992621741269061,3.321200196753566,43,1.4891690649466458,0.36135456291492574,-475.89728809760743,-14.940529320203732,0.12243100775043692,4063
uniform,119,jitter,20,5,4,5,0.948580610605249,2.1634079134081947,0.880036231741828,3058,0.9970568999345978,4.415958142576848,47,1.2887821228678096,0.2626997834053826,-297.4301759586203,-10.905212688639388,0.10419550557456181,3049
uniform,119,jitter,20,10,4,5,1.4192139737991267,0.7520191506671781,0.9029697240310302,1043,0.8993288590604027,12.947267497603068,78,0.7208557921337491,0.0852612932557599,38.083557691630915,3.885000844455987,0.02252353504703064,938
uniform,119,jitter,80,4,4,7,0.5049849292835613,2.8190506568855502,0.9345166406727384,5694,1.0,2.371619248331577,30,1.827034883897392,0.5475802971259436,-324.9029537469381,-8.344784350209325,0.09610037554274592,5694
uniform,119,jitter,80,7,4,7,0.7229195722919572,2.0830108789649153,0.9065589644099763,3311,0.9954696466324373,4.078526125037753,89,1.4294407571993322,0.29655764195583645,-32.64508820885166,-1.0029845488294644,0.08118493633654877,3296
uniform,119,jitter,80,10,4,7,0.9579554822753503,1.4950466962630984,0.8806469082683843,2069,0.9753504108264862,6.526824552924118,102,1.1886918330288179,0.19415567422863084,87.37045505530827,3.697654106313009,0.05547526525252178,2018
mixed,100,none,0,4,4,4,0.6008359456635318,1.8915150668405993,0.9590068969111638,2743,0.981407218374043,4.523514400291652,183,1.6000969306092951,0.3527213935076906,179.94625553884768,4.807758398568526,0.06899410000242151,2692
mixed,100,none,0,10,4,4,0.9426644182124789,1.5111305000663995,0.9308978288532666,1091,0.9083409715857012,11.373052245646196,183,1.2808490153488297,0.22214017611676634,50.92775109715153,2.7253301954720643,0.07127856005168237,991
mixed,100,shuffle,0,4,4,59,0.055960413855150694,5.284970773845282,0.9658151450653211,11422,1.0,1.086324636666083,4,4.107358902792841,2.532440350253731,-104.25267581406763,-9.52520996093108,0.010185562610677046,11422
mixed,100,shuffle,0,10,4,59,0.13716719914802983,4.810406980417116,0.9382165692551252,10097,1.0,1.2288798653065267,8,3.1107430181660067,1.6806610945819962,-299.2682915897425,-15.01789148585808,0.03490123382715804,10097
mixed,100,shuffle,0,59,4,59,0.8120050020842018,2.49408724719795,0.8543685999180708,3726,1.0,3.3301127214170694,24,1.4481595618682395,0.3570032403636275,-615.5381285002625,-24.043508097611827,0.14204170289396084,3726
mixed,100,jitter,4,4,4,4,0.6408060453400504,2.0894112221008947,0.940766800762198,2801,0.9800071403070332,4.429846483398786,183,1.6304835285700872,0.37237125529940673,154.7047627904531,4.239170654853912,0.07127778425847026,2745
mixed,100,jitter,4,10,4,4,1.0048543689320388,1.593202128479478,0.8861972718069927,1086,0.9060773480662984,11.425414364640885,183,1.2811086866015362,0.22386732237168921,43.77412447238965,2.38942114800152,0.06324518088920078,984
mixed,100,jitter,20,4,4,5,0.5026881720430108,2.074544014179828,0.9486523488030741,3109,0.9835960115792859,3.990993888710196,180,1.7039061839223155,0.4001645274487793,266.98663981756016,6.564976446852275,0.054599323709463465,3058
mixed,100,jitter,20,5,4,5,0.59695603156708,1.8683986910247388,0.915912744125747,2512,0.9753184713375797,4.939490445859873,180,1.6181392773422925,0.3521558525977023,230.35234063538206,6.301508671052331,0.05164741329763617,2450
mixed,100,jitter,20,10,4,5,0.8081471747700394,1.6632889283349108,0.9520094502699671,1189,0.9100084104289319,10.435660218671153,183,1.4038914852049853,0.26036459705860016,86.19068326605671,4.212977635154653,0.040663911622061955,1082
mixed,100,jitter,80,4,4,7,0.4273425499231951,2.253432621410049,0.9456385226755095,4252,0.993414863593603,2.9181561618062086,164,1.8711880104146754,0.5001349386105178,369.6616440779748,7.284968628076055,0.05089373751173243,4224
mixed,100,jitter,80,7,4,7,0.5411764705882353,2.097796122846292,0.947120506802731,2695,0.9732838589981447,4.604081632653061,207,1.7181156114109495,0.411440544078578,207.9752046281117,5.711780329458659,0.052106020371660955,2623
mixed,100,jitter,80,10,4,7,0.6383307573415765,2.0086605709386482,0.9532578476617181,1889,0.9555320275277925,6.5685547908946536,212,1.588177106481437,0.34529715872251177,127.88178188804903,4.460856587956562,0.05558577499089751,1805
mixed,101,none,0,4,4,4,0.6643979057591624,2.0768216543425133,0.9338878273481118,2727,0.9853318665199853,4.359369270260359,179,1.575562073330234,0.346054831984995,136.07264013691278,3.9406865220727103,0.06487077799221336,2687
mixed,101,none,0,10,4,4,1.0797227036395147,1.5084116087892259,0.8991221332446256,1056,0.9034090909090909,11.257575757575758,179,1.2604155372259047,0.2142719175628347,52.9724594247012,2.9515639767539286,0.07723538629267185,954
mixed,101,shuffle,0,4,4,61,0.05394540014958863,5.296357964846655,0.9702311059239038,10979,1.0,1.0827944257218325,4,4.153889456235541,2.570939672780062,-95.35430685106935,-9.032428862986112,0.00988245733745663,10979
mixed,101,shuffle,0,10,4,61,0.12964183695891013,4.793393398320896,0.9425900502171634,9746,1.0,1.2197824748614816,8,3.1520658179952665,1.713789515949843,-260.0189787211339,-13.503062684176097,0.032025367578920494,9746
mixed,101,shuffle,0,61,4,61,0.8463804713804713,2.4869450081813644,0.852733948590576,3658,1.0,3.2498633132859487,22,1.4595788162407626,0.3676770034113771,-649.4116487098296,-25.88244428594261,0.14975802851938902,3658
mixed,101,jitter,4,4,4,5,0.6082687338501293,2.0307028722075025,0.9488606637639901,2776,0.9827089337175793,4.282420749279539,166,1.6186820975086302,0.3668066758103673,148.8473860978482,4.163206029141958,0.06715633798198922,2728
mixed,101,jitter,4,5,4,5,0.6627586206896552,1.9655821361668973,0.9326411868704364,2245,0.9746102449888642,5.29532293986637,179,1.5077659668978196,0.31450369946594725,102.68470909037303,3.3938966254700835,0.06944440549968939,2188
mixed,101,jitter,4,10,4,5,0.9385665529010239,1.5788068825046493,0.8868544746694282,1062,0.8983050847457628,11.1939736346516,179,1.2798412157214418,0.22151773625032722,50.14522314959603,2.8420736644335975,0.07024686760154308,954
mixed,101,jitter,20,4,4,5,0.5568435131520285,2.1622034286331893,0.9302279535391312,3089,0.9864033667853674,3.8484946584655226,178,1.6838359541540644,0.3984473923127819,194.94546791885506,4.962759619345171,0.06300863608723895,3047
mixed,101,jitter,20,5,4,5,0.6289855072463768,1.9610203539820676,0.9322683811762742,2463,0.9801055623223711,4.826634185952091,178,1.5856784311664232,0.33886663337915524,207.1864004729695,6.131592320592434,0.055231249406582805,2414
mixed,101,jitter,20,10,4,5,0.8541666666666666,1.648443760662023,0.8558871529672057,1140,0.9078947368421053,10.428070175438597,247,1.3879008500698173,0.24980320937386996,99.55364532757699,4.579707458791097,0.055395770608564765,1035
mixed,101,jitter,80,4,4,7,0.4082876294942108,2.3210592821286626,0.9489104689778638,4251,0.993413314514232,2.7965184662432367,142,1.8940045418715403,0.5148020754377545,369.8476633929697,7.33744416383719,0.046907244363058376,4223
mixed,101,jitter,80,7,4,7,0.5181585677749361,2.064438311256111,0.9445827966030621,2693,0.9788340141106573,4.414407723728184,193,1.7079862248413864,0.3995785526920529,248.64607954081035,6.5348572617970015,0.05041356200027203,2636
mixed,101,jitter,80,10,4,7,0.6285046728971962,1.826108471362309,0.9183969710746478,1840,0.9538043478260869,6.460869565217391,234,1.5888099991969131,0.3361667382687966,172.32424085973832,5.427261396834065,0.05232968492982076,1755
mixed,102,none,0,5,5,5,0.6453104359313078,1.9380818551240504,0.964933933859909,2266,0.9735216240070609,5.300970873786408,233,1.550761957510149,0.3391606159952736,76.85538683751246,2.418367495350395,0.072361397390665,2206
mixed,102,none,0,10,5,5,0.9036544850498339,1.6181963154384453,0.8393125754748563,1101,0.9100817438692098,10.91008174386921,233,1.2959239580333186,0.2299657510325021,40.70537118444786,2.146465928459181,0.061437061743120414,1002
mixed,102,shuffle,0,5,5,60,0.06955119081506785,5.102278317295633,0.9571907738276585,10875,1.0,1.104551724137931,4,3.891887015188404,2.357512935352693,-140.05385173088604,-11.898976824247674,0.013579215680493029,10875
mixed,102,shuffle,0,10,5,60,0.13888280394304492,4.583233344978056,0.9479851298319555,9770,1.0,1.2294779938587512,7,3.1076200243864402,1.6785378254711159,-293.6028936948502,-15.140695491853593,0.03528926933022225,9770
mixed,102,shuffle,0,60,5,60,0.8083507306889353,2.6704637389090253,0.8873442170526987,3720,1.0,3.229032258064516,27,1.4741128325177595,0.37055301262491447,-609.8579386430731,-22.763813028211054,0.1447780192102494,3720
mixed,102,jitter,4,5,5,5,0.6822372464658881,2.0139694669801647,0.9481109686182724,2334,0.9764353041988003,5.146529562982005,233,1.5763185124977017,0.34942255810946776,96.10158262295496,3.0175139513437355,0.06528055684085099,2279
mixed,102,jitter,4,10,5,5,0.9984423676012462,1.5510531284614972,0.938819464848882,1096,0.906021897810219,10.959854014598541,233,1.2920753312126028,0.23163245271391047,27.982161174038144,1.5269325226608637,0.05918453244343075,993
mixed,102,jitter,20,5,5,5,0.5757244395844724,2.029794281299484,0.9387830691170984,2546,0.9803613511390417,4.717989002356638,228,1.653147157011146,0.3768847992950636,190.33469228564553,5.337964044359716,0.0595476843501922,2496
mixed,102,jitter,20,10,5,5,0.8255208333333334,1.6336441762852598,0.9040120526057555,1213,0.920032976092333,9.902720527617477,233,1.372771060571809,0.2479064873097171,90.72867472296089,4.224077271031261,0.0439685616594212,1116
mixed,102,jitter,80,5,5,7,0.45215485756026297,2.2697956692322436,0.9659708932688771,3572,0.9888017917133258,3.362821948488242,222,1.8309700088271104,0.4768303343277178,294.38576291708677,6.803440050862231,0.04713760071762774,3532
mixed,102,jitter,80,7,5,7,0.5017650025214322,1.998534180785609,0.9500953641449679,2726,0.9805575935436537,4.406456346294938,229,1.720021940558171,0.3986911129022158,301.7933431543185,7.739630368102913,0.04856889639964751,2673
mixed,102,jitter,80,10,5,7,0.607566765578635,1.8415988700309471,0.9666334622964216,1917,0.9587897756911842,6.2660406885759,233,1.603587446541896,0.34191100712269706,188.43823018586477,6.328753489782636,0.05159525979485291,1838
mixed,103,none,0,4,4,4,0.6125385405960946,1.9798433554604027,0.9389597095377706,2804,0.9835948644793152,4.508559201141227,248,1.601006090520423,0.355857400994693,163.83249589763352,4.349339556951965,0.06981321982192962,2758
mixed,103,none,0,10,4,4,1.0118243243243243,1.5733131814959673,0.9284164823077817,1085,0.9032258064516129,11.651612903225807,248,1.2706037906793899,0.22231186064980996,35.11031928884033,1.9246875510397374,0.06604647095695332,980
mixed,103,shuffle,0,4,4,58,0.05562379364800842,5.8887549741928,0.9684612290374216,11679,1.0,1.0824556896994606,5,4.157235917607318,2.574726471234115,-103.81882642431464,-9.408398919806341,0.010051704053472443,11679
mixed,103,shuffle,0,10,4,58,0.14120346230055272,4.661925813552311,0.936626211395932,10268,1.0,1.2312037397740554,6,3.098301181374781,1.6724483078626373,-322.5164489682154,-16.581232935079296,0.035966556058163124,10268
mixed,103,shuffle,0,58,4,58,0.8015390846496557,2.648148694269184,0.8553002729404561,3817,1.0,3.3120251506418654,22,1.4565360881910916,0.3593545357078459,-608.4160410241607,-22.91196907067552,0.13843426978279533,3817
mixed,103,jitter,4,4,4,4,0.6556324110671937,1.9657049519468741,0.958462788412188,2822,0.9836995038979447,4.479801559177888,248,1.6007665461404574,0.3566032703908101,158.21987151310526,4.171642351514077,0.06519831898710587,2776
mixed,103,jitter,4,10,4,4,1.050080775444265,1.5699828846688513,0.9024526776647507,1076,0.9052044609665427,11.74907063197026,248,1.2561007268390068,0.2174943808698973,34.48295379533051,1.8866041570599081,0.058539238408824745,974
mixed,103,jitter,20,4,4,5,0.5416666666666666,2.088778866395545,0.9443957699424075,3106,0.9867997424339987,4.070186735350934,248,1.694355376620626,0.3959815096577791,259.23623238874325,6.401289214635792,0.05611454329887655,3065
mixed,103,jitter,20,5,4,5,0.6010044642857143,2.021294769944288,0.9393010228936237,2495,0.974749498997996,5.066933867735471,248,1.6385491168162272,0.3705533817531419,176.39311861794118,4.95309999562341,0.05850315993190103,2432
mixed,103,jitter,20,10,4,5,0.868766404199475,1.6427421731888496,0.9265751791199406,1207,0.9138359569179785,10.473902236951119,248,1.378882735211123,0.24889572213888372,95.34562231732293,4.60410606126428,0.03954233360656967,1103
mixed,103,jitter,80,4,4,7,0.42942583732057416,2.4414676771123585,0.9620753969731284,4274,0.9913430042115114,2.957884885353299,232,1.8899848142718856,0.5265676951753793,256.42358387614513,5.620051621326143,0.05091678335482641,4237
mixed,103,jitter,80,7,4,7,0.5520082389289392,2.1081707761524795,0.9577625832443109,2730,0.9787545787545787,4.630769230769231,247,1.6886446490308717,0.4005679496566654,174.6768711998225,4.696731174796443,0.06921703224057352,2672
mixed,103,jitter,80,10,4,7,0.6204724409448819,1.8189190455678277,0.9494475689403097,1916,0.9577244258872651,6.59812108559499,264,1.5666485113736481,0.33125141352234866,148.59976890923213,4.804704343155982,0.07882389990080585,1835
mixed,104,none,0,4,4,4,0.586856851757514,1.9655424058270377,0.9574661665671992,2812,0.9818634423897582,4.619132290184922,182,1.6101101058139111,0.35618381793753473,197.2095303261618,5.309424858072318,0.06572674930925432,2761
mixed,104,none,0,10,4,4,0.8962585034013606,1.476298520200476,0.9386970781161836,1062,0.8935969868173258,12.230696798493408,187,1.2910174511640538,0.22031286232702202,70.13065631054299,3.7750272938946767,0.0552484614468024,949
mixed,104,shuffle,0,4,4,57,0.05546942291128338,5.313772961425507,0.9644036218262668,11952,1.0,1.0867637215528783,4,4.10061103779949,2.5277709161777473,-112.51347452102442,-10.084890555367839,0.010411201028753592,11952
mixed,104,shuffle,0,10,4,57,0.1422602669927647,4.678965871645037,0.9064946986719525,10529,1.0,1.2336404216924683,6,3.0932300399326333,1.663941495480874,-312.4147922954278,-15.332559359068224,0.03544401661157326,10529
mixed,104,shuffle,0,57,4,57,0.8428513568246253,2.7053866969530205,0.8561611981963222,3877,1.0,3.3502708279597626,24,1.4352960790306657,0.35441875283499324,-685.8749995169536,-25.87143992702145,0.14899677068570305,3877
mixed,104,jitter,4,4,4,4,0.5835010060362174,1.9446476373649406,0.9535394686988112,2811,0.9793667733902526,4.620775524724297,187,1.6423762045414865,0.3705795906698306,214.2673646755874,5.440201852577558,0.061319624462524536,2753
mixed,104,jitter,4,10,4,4,1.0165016501650166,1.4757961330221807,0.9164238806220685,1065,0.8938967136150234,12.1962441314554,187,1.294409780525692,0.22157336891290397,69.95449970311215,3.6870539719216753,0.06071088482836029,952
mixed,104,jitter,20,4,4,5,0.5711805555555556,2.063387472100163,0.967663705469793,3141,0.9834447628143903,4.135307226997772,187,1.7042452377413913,0.4108007163040437,191.25720548915197,4.776068016892804,0.06167124924421191,3089
mixed,104,jitter,20,5,4,5,0.6224545954870666,2.085941535002387,0.9401008156018796,2520,0.973015873015873,5.154365079365079,186,1.6341130703307076,0.37344622182744647,143.74195723729008,4.106511651042746,0.05838930994745806,2452
mixed,104,jitter,20,10,4,5,0.8433734939759037,1.5300093107433852,0.9308952412942024,1190,0.9092436974789916,10.915126050420168,187,1.3726184576216252,0.24313669885733252,107.91481045817414,5.220038355721949,0.043064995014827134,1082
mixed,104,jitter,80,4,4,7,0.42025469981807156,2.319905089561037,0.9695428855193569,4274,0.9906410856340665,3.0390734674777726,135,1.8889919668649622,0.518627974585578,313.9209272831295,6.810661356110164,0.04737860050794385,4234
mixed,104,jitter,80,7,4,7,0.5501519756838906,2.118472713922601,0.9379105910530244,2699,0.9759170062986291,4.812523156724713,185,1.6953478782297342,0.3990216075131999,206.50902973909166,5.505137017595581,0.05116895429526713,2634
mixed,104,jitter,80,10,4,7,0.6087295401402962,1.8260617243192612,0.9551684919856451,1887,0.9533651298357181,6.883412824589295,187,1.5986435754744175,0.3362344269932691,201.50363170750887,6.504645210269716,0.04980116514206834,1799
mixed,105,none,0,4,4,4,0.6056555269922879,2.0250068052838426,0.9626950067730502,2835,0.9834215167548501,4.629982363315697,213,1.6008389145311295,0.36081189939740543,126.90836074539934,3.593399156882944,0.07419782063873653,2788
mixed,105,none,0,10,4,4,1.0704225352112675,1.4622624660642778,0.8995158369863538,1059,0.8999055712936733,12.394711992445703,225,1.1952241066636926,0.20071141303979873,21.478020446695783,1.308352866266085,0.06914745296687763,953
mixed,105,shuffle,0,4,4,57,0.061263121665806226,5.716424994486422,0.9615165116929251,11981,1.0,1.0955679826391787,5,3.9929379792751813,2.4391903590453206,-129.63515934574636,-10.489237883657918,0.011953653040730705,11981
mixed,105,shuffle,0,10,4,57,0.14550700741962078,4.736518626205943,0.9444781660160579,10513,1.0,1.2485494150099876,7,3.035074475636227,1.6140960095130557,-343.2787394625702,-16.312867851408058,0.03834100876578472,10513
mixed,105,shuffle,0,57,4,57,0.8712830957230142,2.555248180183453,0.8585810233786736,3848,1.0,3.4111226611226613,24,1.425870600442634,0.34683858805932355,-651.9137269677996,-24.38857433032457,0.1445451338812216,3848
mixed,105,jitter,4,4,4,4,0.6386512330145949,2.0130946174444753,0.9682843562979475,2868,0.9808228730822873,4.576708507670851,225,1.601107344470778,0.36352977129085906,108.28718626267508,3.0002765844720316,0.0768666959423468,2813
mixed,105,jitter,4,10,4,4,1.1313993174061434,1.4780428514155823,0.9068364300449607,1069,0.9036482694106641,12.278765201122544,225,1.1835869071988352,0.19538793153433653,29.40939745507542,1.7643164203320556,0.05768441637124655,966
mixed,105,jitter,20,4,4,5,0.533880017263703,2.2167654227150404,0.947903995791844,3221,0.9826140950015523,4.075131946600434,225,1.7100169392493871,0.4219526973539467,137.39859327774332,3.4786407346043418,0.06342203306298849,3165
mixed,105,jitter,20,5,4,5,0.5865002836074872,2.105621329175466,0.9407923339259373,2579,0.9775106630476929,5.089569600620395,225,1.5865473673012342,0.35281205120110126,119.18102539683397,3.5860448354460184,0.061577341990658896,2521
mixed,105,jitter,20,10,4,5,0.855807743658211,1.5333055061119427,0.9403256057391735,1232,0.9196428571428571,10.654220779220779,225,1.3277120061551582,0.2300490133481496,98.18076798862673,4.789140406753715,0.042818048522560936,1133
mixed,105,jitter,80,4,4,7,0.42918088737201365,2.476040573376527,0.9428225042517601,4478,0.9917373827601608,2.931219294327825,189,1.9139606279390993,0.5375520399237206,309.9471197564696,6.411578542519041,0.0524171873492697,4441
mixed,105,jitter,80,7,4,7,0.5657114624505929,2.149556925772875,0.9110814295480115,2774,0.9787310742609949,4.731795241528479,225,1.6873659087609116,0.3985562676784681,186.18374870838903,4.889389611616883,0.058510801859569195,2715
mixed,105,jitter,80,10,4,7,0.6731488406881077,1.866732725802514,0.9458688883250541,1933,0.9570615623383342,6.79048111743404,225,1.5578756711811668,0.3255272645784616,158.26881970276108,5.156002912123498,0.052153897316686904,1850
mixed,106,none,0,4,4,4,0.606508875739645,2.219797357746032,0.9183726042211832,2904,0.9855371900826446,4.306129476584022,228,1.6187180454175358,0.3761544462425037,85.2345583634013,2.3825923508627946,0.07333182169989294,2862
mixed,106,none,0,10,4,4,1.03,1.4593845938674415,0.9527910632276666,1093,0.9130832570905764,11.440988106129918,229,1.2239971116133628,0.20607714029895352,39.2000177336493,2.2742784493904247,0.05885947665197033,998
mixed,106,shuffle,0,4,4,58,0.05857027536101893,5.516702366097178,0.9514649449520748,11473,1.0,1.0899503181382375,4,4.055651988706208,2.494629897270211,-125.07127866214034,-11.618854458351,0.011520489612924956,11473
mixed,106,shuffle,0,10,4,58,0.13077981166014177,4.65069058125892,0.9468028931537876,10188,1.0,1.2274244208873184,7,3.117231953355846,1.6858553188793457,-297.0556436291278,-15.313046087230216,0.034117139101125016,10188
mixed,106,shuffle,0,58,4,58,0.8277687296416938,2.710443999794736,0.8724690655001583,3799,1.0,3.2916556988681234,24,1.4593403820320052,0.3620398226315703,-617.8449960372001,-23.3375972458957,0.14316711727561166,3799
mixed,106,jitter,4,4,4,5,0.6099221789883269,2.1300590633479537,0.9456925388429436,2891,0.9837426496022138,4.325492909028018,228,1.6292533617619842,0.3808820397191274,91.94269016174557,2.6198950204606586,0.07182804682850646,2844
mixed,106,jitter,4,5,4,5,0.684769038701623,1.9869821502480938,0.9505601604479358,2334,0.976006855184233,5.3577549271636675,228,1.5407221518524619,0.3359277656409344,67.85992278802678,2.131337236894069,0.06595520048934517,2278
mixed,106,jitter,4,10,4,5,0.9872,1.5694909214111499,0.8770079362196566,1101,0.9055404178019982,11.357856494096277,229,1.267173847263516,0.2158105501795019,58.45318583364868,3.1918459578181935,0.05154181172189187,997
mixed,106,jitter,20,4,4,5,0.5590142671854734,2.160038774565107,0.951727621476196,3209,0.9878466812090994,3.8968526020567156,229,1.69052866064993,0.4085672226934136,153.66825735144772,3.7993077808352824,0.07253709378408985,3170
mixed,106,jitter,20,5,4,5,0.6186770428015564,2.139713533685673,0.9195874402359248,2601,0.9780853517877739,4.807766243752403,229,1.6083511285357073,0.3680895262150876,92.81546263835614,2.752339611883144,0.07436983457881802,2544
mixed,106,jitter,20,10,4,5,0.8402597402597403,1.5469522026133509,0.9143033899689746,1246,0.9229534510433387,10.036115569823435,229,1.3694552273762728,0.23858669563038815,130.14780327666807,6.0932315192305015,0.03822944825011676,1150
mixed,106,jitter,80,4,4,7,0.41062662431417846,2.4532303736930845,0.9585344432166698,4379,0.9942909340031971,2.855674811600822,207,1.9287573038001664,0.5512077914777409,275.43261646448065,5.802410286244725,0.051414222245418806,4354
mixed,106,jitter,80,7,4,7,0.5640259093173892,1.9722888644115473,0.9372724092745327,2755,0.9822141560798548,4.539019963702359,234,1.6750247642342568,0.3846889009944876,233.95736444278518,5.83319086567575,0.057651145660626624,2706
mixed,106,jitter,80,10,4,7,0.6448250186150409,1.8349588751756827,0.9368234918763155,1963,0.9617931737137035,6.370351502801834,238,1.5636607541454328,0.328092084657319,162.6261513310952,5.159682075618905,0.05688634033669132,1888
mixed,107,none,0,5,5,5,0.6200762388818297,1.964110180304873,0.9269114604388878,2299,0.9725967812092214,5.377120487168334,229,1.5735699237619212,0.33638131214199285,169.39310340824537,5.168742321670614,0.057718980172150214,2236
mixed,107,none,0,10,5,5,0.9825396825396825,1.5586760427584077,0.87962646706465,1104,0.907608695652174,11.197463768115941,229,1.2831566481832635,0.22307704919646398,50.88428265730935,2.6668126039876436,0.06835273574294981,1002
mixed,107,shuffle,0,5,5,59,0.07126200914093835,5.66777263666349,0.9465159569749166,11112,1.0,1.1124910007199424,5,3.81921382655503,2.2914836999228623,-139.41379331956716,-10.941117994324655,0.014005849418164185,11112
mixed,107,shuffle,0,10,5,59,0.13841052518985988,4.878353158074259,0.9456194163843937,10038,1.0,1.2315202231520224,7,3.1029683217091897,1.6713374122474174,-288.57340487994196,-14.791698246153686,0.033948338496652464,10038
mixed,107,shuffle,0,59,5,59,0.8396946564885496,2.6576281047119568,0.8850056887264998,3797,1.0,3.255728206478799,28,1.4683870028605082,0.36687533120547866,-616.9243755856508,-22.666609446110762,0.145246974108792,3797
mixed,107,jitter,4,5,5,5,0.6210131332082551,1.9685601044778516,0.9469910008440277,2333,0.9695670810115731,5.298756965280754,229,1.5916701696961209,0.34737618616811194,158.13652448544002,4.877452686090667,0.0614107493223226,2262
mixed,107,jitter,4,10,5,5,0.9537750385208013,1.6126831923819616,0.8883645787461338,1120,0.9044642857142857,11.0375,229,1.32013186217584,0.23474687804444183,57.10738597943746,2.936916473283427,0.06544067131038556,1013
mixed,107,jitter,20,5,5,5,0.6195773081201335,2.050540044821876,0.907890579474985,2497,0.97436924309171,4.95074088906688,229,1.6238461969378317,0.36471235306637395,164.2501450515555,4.709061183022399,0.06634537160532611,2433
mixed,107,jitter,20,10,5,5,0.8623376623376623,1.658363745988191,0.9270411980769243,1238,0.9176090468497576,9.985460420032311,229,1.3936541778039828,0.2609143352521539,71.07625299800324,3.21011245643717,0.06457351881719281,1136
mixed,107,jitter,80,5,5,7,0.4547121378804547,2.254899515109654,0.9699534694820959,3613,0.9875449764738444,3.4215333517852202,174,1.8239351467035991,0.46991447401372033,316.3115137263384,7.115440384721305,0.04465584832325442,3568
mixed,107,jitter,80,7,5,7,0.5239777889954569,2.1136029020889735,0.9493715413222794,2695,0.9784786641929499,4.587012987012987,229,1.691730133275394,0.39395044555884196,226.89569543843012,6.3715415522839605,0.04735034868325866,2637
mixed,107,jitter,80,10,5,7,0.6356060606060606,1.8582022994685043,0.9439792349607964,1921,0.956793336803748,6.435190005205622,229,1.592321739186664,0.34688127232686483,132.7884304702928,4.358695377261091,0.062026077268602264,1838
mixed,108,none,0,4,4,4,0.6095138525875589,2.017571321557202,0.9545501550598205,2820,0.9773049645390071,4.95886524822695,226,1.5857864052511257,0.3487535570714566,158.7613426382878,4.454744425315081,0.06411308705209012,2756
mixed,108,none,0,10,4,4,0.969335604770017,1.5390490504938572,0.9153518970922689,1076,0.8903345724907064,12.996282527881041,226,1.274797981632835,0.22070018384101503,46.67777241150387,2.515716376826333,0.06318605997073956,958
mixed,108,shuffle,0,4,4,54,0.0634082974750345,5.766062977172155,0.9529429233066028,12713,1.0,1.0999764021080785,5,3.948103493181188,2.398109826705859,-132.32007944871714,-10.291411937260166,0.011762434920077336,12713
mixed,108,shuffle,0,10,4,54,0.15680677232011025,4.932697741937574,0.9135202598017887,11048,1.0,1.2657494569152787,7,2.9716357873417127,1.5608657081609154,-407.1154241679449,-18.604128126806174,0.04208489047080466,11048
mixed,108,shuffle,0,54,4,54,0.8462738977760437,2.455355438014266,0.8748401627997964,4035,0.9997521685254027,3.4656753407682777,31,1.4183036185907891,0.3411156725326999,-662.0484262542436,-24.16511096991626,0.14189743671885124,4034
mixed,108,jitter,4,4,4,4,0.632375189107413,2.030210302625661,0.9500406748895313,2832,0.9781073446327684,4.937853107344632,226,1.6023839358731582,0.3563244117326838,166.38700300638388,4.613564225799284,0.06021073436941049,2770
mixed,108,jitter,4,10,4,4,1.1008264462809918,1.5775242029535392,0.9052498790011196,1072,0.8889925373134329,13.044776119402986,226,1.2824932215131977,0.22401130931060953,43.732044819073536,2.373070558366757,0.06784800567614996,953
mixed,108,jitter,20,4,4,4,0.5403863037752414,2.1904749602574913,0.9414029271064375,3162,0.9813409234661606,4.422517394054396,225,1.6842421920466446,0.39789754116503606,204.49198794211,5.309350856714243,0.06194930908893742,3103
mixed,108,jitter,20,10,4,4,0.844319775596073,1.6517569956572034,0.9075058285924571,1165,0.8935622317596567,12.00343347639485,226,1.3750193930444201,0.2551342259894177,59.21206128973617,3.038457477602584,0.05516080350294161,1041
mixed,108,jitter,80,4,4,7,0.4320445225541886,2.284221941846873,0.9495409601605644,4393,0.9911222399271569,3.183246073298429,176,1.86827142377639,0.4947581001266953,411.2322595429454,8.067279810379834,0.04916744422290342,4354
mixed,108,jitter,80,7,4,7,0.5541687468796804,2.0230843733620976,0.9571385502927489,2755,0.9745916515426497,5.075862068965518,220,1.6858254128200425,0.3876303938118928,252.02825488323566,6.616709006356612,0.0524731596514898,2685
mixed,108,jitter,80,10,4,7,0.6388888888888888,1.8942658079295678,0.9229557017587467,1938,0.9540763673890609,7.215686274509804,226,1.5685026629548933,0.3280111317070282,172.5789578986658,5.701609514431973,0.055993862332548106,1849
mixed,109,none,0,5,5,5,0.6616294349540078,1.9936262428011953,0.9128048521121508,2314,0.9792566983578219,4.853500432152117,161,1.531524648715683,0.32460361120422143,113.96069710008624,3.5970356397921974,0.06782407555416864,2266
mixed,109,none,0,10,5,5,0.9796557120500783,1.6210934218182882,0.902673385813544,1107,0.912375790424571,10.145438121047878,173,1.27122818170748,0.22710701050994986,16.794617714710302,0.9357453804504074,0.06295955485393201,1010
mixed,109,shuffle,0,5,5,62,0.06649874055415617,5.348870254796211,0.9737231207748395,10221,1.0,1.098816162802074,6,3.9537784084157206,2.408727481127735,-121.42877642947727,-10.147506394433739,0.012817584817414684,10221
mixed,109,shuffle,0,10,5,62,0.12548482774355466,4.913264643417882,0.9592616864416328,9329,1.0,1.2038803730303356,7,3.2174745110317655,1.7757718478576932,-247.86695129608432,-13.906329440331596,0.030632749922311353,9329
mixed,109,shuffle,0,62,5,62,0.734375,2.6630671862762934,0.8723092854646455,3624,1.0,3.0990618101545255,22,1.5159192186411534,0.3895701941352273,-552.0944094025577,-21.09119539310127,0.14042403993353642,3624
mixed,109,jitter,4,5,5,5,0.6502908855850033,1.9630531450327162,0.9295150353820748,2279,0.9815708644142168,4.928038613426942,172,1.526991698848116,0.3196348252206104,131.8104238848713,4.2117346470551995,0.0646092766696274,2237
mixed,109,jitter,4,10,5,5,1.0062402496099845,1.7576024423948102,0.9075200331961816,1110,0.9063063063063063,10.118018018018018,184,1.2918078944247835,0.23728719307664792,4.865243678209271,0.27164643888234374,0.06895981062807993,1006
mixed,109,jitter,20,5,5,5,0.5932109070673345,1.9413547277720937,0.9342377916073001,2565,0.9847953216374269,4.378557504873294,160,1.6155111735880876,0.3564858127866064,197.6410637289391,5.367060011648114,0.06462928650865002,2526
mixed,109,jitter,20,10,5,5,0.8277703604806409,1.7377604764284493,0.9266693579436156,1214,0.9176276771004942,9.251235584843492,184,1.4065462623052323,0.266208729848459,69.07413212882827,3.255202105097015,0.054022267570114635,1114
mixed,109,jitter,80,5,5,8,0.47777376219732565,2.1848218751520396,0.9188968353821079,3616,0.9917035398230089,3.1059181415929205,129,1.8275143350265086,0.47428418245160964,301.8284501929478,6.191998645265473,0.05489087883748078,3586
mixed,109,jitter,80,8,5,8,0.5775811209439528,1.9612518623104696,0.9353839606181165,2369,0.9772055719712959,4.740818910932883,230,1.6326638500214816,0.36331698198396944,193.81082550078753,5.446934977062476,0.049686330981433546,2315
mixed,109,jitter,80,10,5,8,0.6118721461187214,1.9020408055902678,0.9411564649562164,1900,0.9621052631578947,5.911052631578947,230,1.5891860603211345,0.3403931242687268,157.9432152761242,5.155828567359228,0.050893191339676735,1828
mixed,110,none,0,4,4,4,0.6109925293489862,1.8591916569472406,0.9555452177675953,2753,0.9832909553214675,4.715219760261533,219,1.555185604667967,0.3233921085405975,238.6562533104523,6.698002986114292,0.05530015064090821,2707
mixed,110,none,0,10,4,4,0.977818853974122,1.6342700016333334,0.90557822168129,1021,0.8805093046033301,12.714005876591576,219,1.2861412120729323,0.23245756395482575,14.548297831251508,0.8542857056493429,0.07853062105319403,899
mixed,110,shuffle,0,4,4,58,0.061295363778433753,5.650758362402754,0.9343006821880562,11865,1.0,1.0940581542351453,4,4.006362718790795,2.453735885951742,-136.57546215200995,-12.327198244445471,0.011841487679561058,11865
mixed,110,shuffle,0,10,4,58,0.1419030004110152,4.840360564682708,0.9463814089772514,10490,1.0,1.2374642516682555,7,3.074136831769705,1.6508025136308189,-337.62402102437926,-16.53413183905087,0.03717211525423225,10490
mixed,110,shuffle,0,58,4,58,0.8207091055600322,2.5193593292817114,0.8346593278606083,3871,1.0,3.3533970550245416,20,1.4426894946648314,0.3540212804949413,-638.5164197940956,-24.694204369052837,0.14373934019259987,3871
mixed,110,jitter,4,4,4,4,0.5769628099173554,1.9356465932061997,0.9588379314675225,2814,0.9850746268656716,4.613006396588486,219,1.5821300195880195,0.3412404485699915,204.76032115696185,5.859172273877298,0.06114130155061909,2772
mixed,110,jitter,4,10,4,4,0.9930313588850174,1.6834563584739366,0.8747023373240173,1019,0.8802747791952895,12.738959764474975,219,1.304778899531021,0.23792273555549504,18.98148151867587,1.0716941559778206,0.07080027800106337,897
mixed,110,jitter,20,4,4,5,0.5475974614687217,2.08627380738247,0.9414262159187864,3068,0.983702737940026,4.23109517601043,212,1.6686560052989012,0.37847526443543344,282.77121032180236,7.348018043046023,0.044827238419533955,3018
mixed,110,jitter,20,5,4,5,0.6026451983898793,1.9333385464363426,0.9505685999807547,2476,0.9725363489499192,5.2427302100161555,218,1.6164246515257243,0.3515586518015783,224.59571853898237,6.306574854792779,0.051670532551960024,2408
mixed,110,jitter,20,10,4,5,0.8296398891966759,1.7688369217665174,0.9158945392424838,1187,0.8980623420387531,10.935973041280539,219,1.4285744458797769,0.2769322442264439,59.57224430874315,2.914261822913986,0.06837156912471254,1066
mixed,110,jitter,80,4,4,7,0.45454545454545453,2.374103196798341,0.9441861731302533,4223,0.9912384560738812,3.073881127160786,194,1.842569593252792,0.49737097147720755,237.8372786879305,5.135679258784508,0.05493259290036745,4186
mixed,110,jitter,80,7,4,7,0.5720430107526882,1.9847117139376307,0.9521541495473793,2560,0.9734375,5.070703125,218,1.66442598762133,0.37488874005934525,242.2543883281508,6.756426373128984,0.04775310009274547,2492
mixed,110,jitter,80,10,4,7,0.6561232765612328,1.845760622487606,0.9186583144576622,1791,0.9469570072585148,7.247906197654942,225,1.5746982169749177,0.3287283267563168,169.7201341047311,5.935147221596861,0.05454374617864283,1696
mixed,111,none,0,5,5,5,0.6979236436704621,1.9176252103934286,0.9420153254849445,2261,0.9756744803184432,5.534276868642194,203,1.491720772980342,0.306626720383524,107.01085934163024,3.527414607224869,0.06673820419229937,2206
mixed,111,none,0,10,5,5,0.9637931034482758,1.5902225398618113,0.9122385441777368,1075,0.8986046511627906,11.64,205,1.2430587181486548,0.21678421706776368,19.02869631896248,1.0693009170711203,0.068591708897489,966
mixed,111,shuffle,0,5,5,59,0.07042772861356932,5.516399198623604,0.9442021182070881,11248,1.0,1.1124644381223328,5,3.8225108202707343,2.291695981703442,-132.31278212566676,-9.895196955897703,0.013714171569630285,11248
mixed,111,shuffle,0,10,5,59,0.13954963526799874,4.608188445800782,0.9462199454754944,10163,1.0,1.2312309357473188,7,3.101204087800019,1.6723527757268464,-305.26514572675546,-15.515871311993562,0.03515201690838987,10163
mixed,111,shuffle,0,59,5,59,0.8432835820895522,2.421895794036553,0.8720160995632078,3783,1.0,3.3076923076923075,21,1.4468788957433585,0.3599223888331595,-662.4648405916158,-25.590362238637727,0.15081069580288747,3783
mixed,111,jitter,4,5,5,5,0.6716710182767625,1.8237144470951403,0.9535962283654473,2326,0.9789337919174549,5.379621668099742,203,1.5035159328825163,0.30851219952079567,135.8808894737661,4.314005700684473,0.06016857390829916,2277
mixed,111,jitter,4,10,5,5,1.0798045602605864,1.5831734929099506,0.9054712313992312,1088,0.8979779411764706,11.500919117647058,210,1.2483790562000099,0.220603344368633,10.760356206926456,0.6169022812904403,0.07070873980130316,977
mixed,111,jitter,20,5,5,5,0.6305803571428571,1.9387157511384787,0.9636586975771934,2547,0.9799764428739693,4.9128386336866905,203,1.5869434545232632,0.34519366170118115,173.17923799456025,5.085166729761389,0.057960591689474816,2496
mixed,111,jitter,20,10,5,5,0.8387096774193549,1.6161675341394848,0.9227871072028513,1204,0.9061461794019934,10.392857142857142,207,1.3930541866678237,0.25552515701997824,89.35158503568366,4.225546036904539,0.0476436973794091,1091
mixed,111,jitter,80,5,5,7,0.4961748633879781,2.145487385969329,0.9687432839320805,3636,0.9892739273927392,3.4414191419141913,198,1.797840152727984,0.4585290801556601,283.85798098044194,6.223158757378893,0.055458921599139066,3597
mixed,111,jitter,80,7,5,7,0.5687789799072643,2.002599151431566,0.9348748395294488,2686,0.9784065524944154,4.6586001489203275,209,1.6662294044332864,0.37827734352974907,238.73010802681347,6.351116860378646,0.05961722788135482,2628
mixed,111,jitter,80,10,5,7,0.6139646869983949,1.9223367856538154,0.9388821383911928,1849,0.9491617090319091,6.767441860465116,208,1.5840165690378907,0.3439808298620315,120.52156987870877,4.280731690448548,0.0658948803373749,1755
mixed,112,none,0,4,4,4,0.6258811681772407,2.0706538360904676,0.934227838665282,2823,0.9844137442437123,4.411973078285512,194,1.599875599239466,0.360162355231329,127.63228658222818,3.756077984101444,0.06783176095263954,2779
mixed,112,none,0,10,4,4,1.0570469798657718,1.5034871050570222,0.9304107898558391,1063,0.8974600188146754,11.71683913452493,194,1.2343245833623637,0.21262529484931791,24.031101674647417,1.3972214642282363,0.06589165157660426,954
mixed,112,shuffle,0,4,4,58,0.05615453728661276,6.0518544883400684,0.9520651298792293,11451,1.0,1.0876779320583354,5,4.086530129879149,2.5181301274446115,-115.03189261179759,-10.536451040171382,0.010788820045136482,11451
mixed,112,shuffle,0,10,4,58,0.13943378220761318,4.8090361561427315,0.940978293791861,10120,1.0,1.2307312252964426,8,3.097418263479904,1.6741102575932754,-329.96163509711425,-16.502726555431728,0.037165651833000024,10120
mixed,112,shuffle,0,58,4,58,0.8203252032520325,2.5707212178632606,0.8602589514278087,3830,1.0,3.251958224543081,24,1.463838501795161,0.36739024724020586,-653.0968827956342,-24.47197777542383,0.1469799108385521,3830
mixed,112,jitter,4,4,4,4,0.5910687405920723,2.108302099665489,0.9350253529411192,2872,0.9850278551532033,4.336699164345404,194,1.5959209695814938,0.361622188776785,102.70861745077079,2.914728583986234,0.06589299010269284,2829
mixed,112,jitter,4,10,4,4,1.098360655737705,1.4870463370744489,0.9348405085594977,1065,0.895774647887324,11.694835680751174,194,1.2524531212643932,0.21583526552320653,35.574801795959026,1.9483064133464127,0.0709448785870137,954
mixed,112,jitter,20,4,4,5,0.5408970976253298,2.1041740114784364,0.9676957259277545,3153,0.987313669521091,3.9502061528702823,194,1.682736294883517,0.39973519466425267,184.54096821865875,4.6121928450918,0.06831241965544971,3113
mixed,112,jitter,20,5,4,5,0.5844875346260388,1.9456817702508247,0.9468420766225972,2574,0.9774669774669774,4.838772338772339,194,1.618000362763345,0.3562126521704979,207.623492740892,5.717149207494087,0.059904222447049515,2516
mixed,112,jitter,20,10,4,5,0.9013698630136986,1.6533816289718324,0.8354474335696237,1186,0.9080944350758853,10.50168634064081,194,1.358226502741699,0.2467295831687259,69.49142420934633,3.3325036665708514,0.05615275854218521,1077
mixed,112,jitter,80,4,4,7,0.446135831381733,2.278869444158312,0.9611405241829896,4375,0.9945142857142857,2.846857142857143,146,1.8708866014363412,0.49982410375706465,381.7837607423008,7.403954891070719,0.048290560087236534,4351
mixed,112,jitter,80,7,4,7,0.5355670103092783,1.9261172933518607,0.9134251071612497,2702,0.9789045151739453,4.609548482605478,192,1.682947357239593,0.38048177403391936,286.34336123715264,7.182327007835003,0.04745668055225005,2645
mixed,112,jitter,80,10,4,7,0.6333084391336818,1.9621102611564512,0.9271627729918637,1908,0.9544025157232704,6.527777777777778,194,1.6010595499889373,0.34409242313646704,168.72455572244166,5.801735220820919,0.047152248242349315,1821
mixed,113,none,0,4,4,4,0.6315255955397872,2.0489754004088763,0.9566950182836982,2811,0.9807897545357525,4.709000355745286,298,1.5922809940565568,0.3579482419443525,113.57589250596504,3.242331194248123,0.07144118334900751,2757
mixed,113,none,0,10,4,4,0.9447322970639033,1.5107930787272295,0.8905487471890905,1062,0.8888888888888888,12.464218455743879,298,1.2828822375578408,0.21840182492977556,66.30622141866301,3.617776490894392,0.05675640622715378,944
mixed,113,shuffle,0,4,4,57,0.059358789012671144,5.4553569273308264,0.9396338860189433,12112,1.0,1.0928830911492735,4,4.027992086667817,2.465232903075247,-116.57986955871198,-10.216762227281787,0.010615108429625875,12112
mixed,113,shuffle,0,10,4,57,0.15151821862348178,4.823212397451712,0.9009960097401326,10613,1.0,1.247243946103835,6,3.0425762980132394,1.6183160676497965,-330.59412691592365,-16.400991898675766,0.036486779241914125,10613
mixed,113,shuffle,0,57,4,57,0.8198558847077662,2.4359707024968835,0.8162235734054617,3954,1.0,3.347749114820435,20,1.4456702324114286,0.3547400164944532,-642.8273189988179,-24.656171989160494,0.1424063316733269,3954
mixed,113,jitter,4,4,4,4,0.6131645569620253,2.0556587918116045,0.9537496037906136,2854,0.9831814996496145,4.638051857042747,298,1.6119231920401642,0.3623423349649051,160.16486112088717,4.420311612005143,0.06923821552861537,2806
mixed,113,jitter,4,10,4,4,1.0596026490066226,1.501581907072732,0.8848803265266227,1069,0.8933582787652011,12.382600561272216,298,1.273077377597735,0.21458979417989937,69.18535893180204,3.7201830010019314,0.05320985651319693,955
mixed,113,jitter,20,4,4,5,0.5450490633363069,2.239754147288763,0.9449268200116538,3155,0.9854199683042789,4.195562599049128,284,1.6719852291181763,0.39998877478875916,136.12688428283013,3.579788654165998,0.06605184804167746,3109
mixed,113,jitter,20,5,4,5,0.6062176165803109,2.008734480787246,0.9318051060658205,2515,0.9769383697813121,5.263220675944334,298,1.5888320297353982,0.34889132963496217,151.2666790402434,4.507382673533041,0.0597454475354639,2457
mixed,113,jitter,20,10,4,5,0.8310055865921788,1.6016280741159497,0.9461314198751088,1158,0.8963730569948186,11.43091537132988,298,1.3967327137674044,0.2551160949972635,92.23071459162269,4.5007353505134855,0.05603614950861535,1038
mixed,113,jitter,80,4,4,7,0.4426973087390384,2.157914274001451,0.9689143746307207,4282,0.9929939280709948,3.0913124708080337,276,1.864166389050295,0.49350692666029794,390.23727008266235,7.630839480421753,0.05086705728603702,4252
mixed,113,jitter,80,7,4,7,0.5184994861253854,2.062184954391768,0.9609895816067618,2710,0.9763837638376384,4.88450184501845,293,1.6934605416106745,0.3909778059012665,253.72775581363672,6.865488788635122,0.048821114039278246,2646
mixed,113,jitter,80,10,4,7,0.6269662921348315,1.8649745650375509,0.9450650247690594,1936,0.9550619834710744,6.837293388429752,298,1.5884261438473626,0.33426495865088923,190.8876516238482,6.3160038840042425,0.045187782899128615,1849
mixed,114,none,0,4,4,4,0.6243550051599587,1.958424739989289,0.9470237624829457,2837,0.9820232640112795,4.575960521677828,297,1.5931623349767658,0.3501690134787465,178.68274642386476,4.836584530974073,0.07064219421981655,2786
mixed,114,none,0,10,4,4,0.9316666666666666,1.479634047305325,0.9295452360927363,1071,0.8916900093370682,12.121381886087768,297,1.2911822318968458,0.22250681218948665,61.92408645199326,3.3077049447342595,0.05305182401398961,955
mixed,114,shuffle,0,4,4,57,0.057172378164284485,5.170312233429135,0.9653795995331117,11932,1.0,1.0879986590680524,4,4.091618963073975,2.5147736184418363,-97.52106738223915,-8.470360937002292,0.00951100903783697,11932
mixed,114,shuffle,0,10,4,57,0.146650200679222,4.867541718817512,0.9434359658440633,10454,1.0,1.2418213124163,7,3.0590744729987183,1.6361353063266741,-335.66802251836555,-16.534573333197134,0.037059820753317374,10454
mixed,114,shuffle,0,57,4,57,0.8404,2.4413705176035476,0.8786276452759314,3870,1.0,3.3545219638242894,25,1.4365071415372963,0.3538784758979906,-671.9291818331506,-25.69054815943218,0.1476933789861853,3870
mixed,114,jitter,4,4,4,4,0.6093279839518556,1.991443751645178,0.9351440000948305,2881,0.9836862200624783,4.506074279763971,297,1.5858209502437557,0.3464570812772537,181.86988457202824,4.894644628201518,0.06244513235673027,2834
mixed,114,jitter,4,10,4,4,0.9834437086092715,1.4550358477432892,0.8902804612302475,1071,0.8916900093370682,12.121381886087768,297,1.291382455970167,0.2180066554759798,80.48220489902114,4.170437051152785,0.048942712298529034,955
mixed,114,jitter,20,4,4,5,0.5555555555555556,2.019606660658361,0.956615570211299,3164,0.9864096080910241,4.1030341340075855,297,1.6647484770013516,0.3782358120867818,277.4289164143853,6.7858570665512135,0.052599375674970805,3121
mixed,114,jitter,20,5,4,5,0.6036240090600227,1.968843251694439,0.9516567517411396,2507,0.9732748304746709,5.178300757877942,297,1.5938417964799907,0.3474963160646215,177.30317750684253,5.2022805755582,0.05790622426035558,2440
mixed,114,jitter,20,10,4,5,0.8717241379310345,1.554259394012957,0.9398519038540704,1134,0.8941798941798942,11.447971781305114,297,1.3718443254296577,0.24474730758878566,93.55626768443184,4.55290544549687,0.05569520318326998,1014
mixed,114,jitter,80,4,4,7,0.42618550551744705,2.358374340635854,0.9616100032033471,4319,0.9914332021301228,3.005788376939106,290,1.8736228945977285,0.5057075571030196,341.3194641604857,7.125436734660694,0.04788073365382961,4282
mixed,114,jitter,80,7,4,7,0.5416248746238717,1.9861151529083292,0.9210052804474914,2738,0.9751643535427319,4.741417092768444,297,1.7001525258970762,0.3866245440488544,310.0272553873145,7.94017753960151,0.04647566352195159,2670
mixed,114,jitter,80,10,4,7,0.6135849056603774,2.000840048174071,0.9392479677406578,1906,0.9485834207764953,6.81112277019937,297,1.6200706975355796,0.35535682174481975,158.7827760659273,5.35933362027011,0.053937392426721464,1808
mixed,115,none,0,5,5,5,0.618682021753039,1.8403869067553302,0.9137198170092169,2303,0.9756838905775076,4.972210160660008,228,1.5449303229855271,0.3175043743030047,205.5393738858926,6.2087252867318,0.05546033464322314,2247
mixed,115,none,0,10,5,5,0.916256157635468,1.549771394280026,0.9446428950046258,1083,0.9039704524469068,10.573407202216066,228,1.283529247676091,0.2243717046323785,44.915005062676,2.453854629660154,0.06984903156829936,979
mixed,115,shuffle,0,5,5,61,0.06667993630573249,5.178516196695314,0.9400361874007364,10376,1.0,1.1036044718581342,4,3.91126302547484,2.3657564008515797,-108.4368869132345,-9.523020335966113,0.011926502971734476,10376
mixed,115,shuffle,0,10,5,61,0.12969903463940943,4.099612826215991,0.9538101451368777,9408,1.0,1.2171556122448979,5,3.1639900370475598,1.723657746595717,-244.63693959710133,-13.700504205904053,0.03088602813902075,9408
mixed,115,shuffle,0,61,5,61,0.8003300330033003,2.548821970174827,0.8791413295354715,3634,1.0,3.151073197578426,22,1.4922013316146607,0.38172917270392126,-606.2577719482667,-23.323290194108516,0.14251465208476133,3634
mixed,115,jitter,4,5,5,5,0.6715189873417722,1.7916181326387275,0.9533066222297775,2289,0.9746614242027086,5.00262123197903,228,1.5414664087846166,0.31829621451664647,187.4355065283515,5.529888825749543,0.06017822500464565,2231
mixed,115,jitter,4,10,5,5,1.0338983050847457,1.6348209851369306,0.8952269156832929,1097,0.9051959890610757,10.438468550592525,228,1.2987638376127766,0.22943084797798508,46.63363294036375,2.5296154539705573,0.06687183492455051,993
mixed,115,jitter,20,5,5,5,0.6144578313253012,1.9714663200782614,0.9610914079085671,2593,0.978789047435403,4.416120323949094,226,1.6181038685458144,0.35770816237577274,199.31680350267567,5.659716145786088,0.06524342615095902,2538
mixed,115,jitter,20,10,5,5,0.8723118279569892,1.6184793081635713,0.926960528788905,1200,0.9125,9.5425,228,1.3770889480404964,0.2535466605568345,72.21716595741775,3.4502805884347234,0.0590526010198571,1095
mixed,115,jitter,80,5,5,8,0.4845799361928394,2.2606216209561167,0.9443862134086475,3645,0.9920438957475994,3.1415637860082306,198,1.8119585864847085,0.4666418676294216,289.46247391688814,6.599010239276831,0.04938740103246064,3616
mixed,115,jitter,80,8,5,8,0.5542237442922374,2.0309587778865694,0.9323517419829267,2437,0.9729175215428806,4.698810012310218,226,1.6699056175379727,0.3816790031671271,206.54447805311474,5.750260790980969,0.05080414184598736,2371
mixed,115,jitter,80,10,5,8,0.6441808747220164,1.882757455632321,0.9352789003591828,1944,0.9578189300411523,5.890432098765432,228,1.6026718366805124,0.34273072498067625,184.07661588846167,5.725474911160074,0.05145427826066867,1862
mixed,116,none,0,5,5,5,0.6905829596412556,2.0153552713738763,0.9213876641047831,2346,0.9799658994032395,4.85848252344416,218,1.5115186733101194,0.31875731049711076,90.02739781313984,2.919040222211823,0.06653183126440221,2299
mixed,116,none,0,10,5,5,1.0218408736349454,1.6154479584469177,0.859176128291281,1130,0.9088495575221239,10.086725663716814,218,1.2889220215219535,0.22615955182543623,47.47453687968771,2.4813095970719847,0.0669960928618939,1027
mixed,116,shuffle,0,5,5,62,0.06193024177566389,5.633318258093909,0.96018418084881,10396,1.0,1.096383224317045,5,3.9906713905365425,2.4314398987501233,-97.14728918053504,-8.282235681364021,0.010931568426025162,10396
mixed,116,shuffle,0,10,5,62,0.12276186213070725,5.089270868742064,0.9462551841188663,9503,1.0,1.1994107124066085,7,3.240412760498865,1.794219062878414,-238.86922046756456,-13.563589516437258,0.029320539275809798,9503
mixed,116,shuffle,0,62,5,62,0.7988992379339542,2.657875421109508,0.8675605481375676,3575,1.0,3.1882517482517483,22,1.481665388400513,0.3763160292647503,-601.0467357228881,-23.630840064357223,0.142701754698488,3575
mixed,116,jitter,4,5,5,5,0.6261799874134676,1.9247972020083821,0.9478942189711143,2353,0.9800254993625159,4.844028899277518,218,1.5309625874730397,0.32350568414122405,121.79522637803078,3.8341077339879925,0.0587396391696951,2306
mixed,116,jitter,4,10,5,5,0.9835329341317365,1.4704606071256332,0.9075412184433156,1128,0.9113475177304965,10.104609929078014,218,1.3018657226311081,0.2220036656223197,84.82185951610728,4.262443030332296,0.049068089851365404,1028
mixed,116,jitter,20,5,5,5,0.5812807881773399,2.004238004569239,0.9630630117521016,2629,0.9817421072651198,4.335488779003423,217,1.6185961685628758,0.36228510474687137,172.10598317738214,4.808491510563757,0.0647489952815829,2581
mixed,116,jitter,20,10,5,5,0.821664464993395,1.6894328949885629,0.8862869276409987,1253,0.9193934557063048,9.096568236233042,218,1.3774499732725989,0.25209053203616827,82.99300720315185,3.959877154192741,0.05764035077567142,1152
mixed,116,jitter,80,5,5,8,0.4805565465572601,2.2751995593190695,0.9732125955870592,3708,0.9924487594390508,3.0738942826321467,187,1.8007037165474191,0.46977444514897826,216.59134856387843,4.991965374317522,0.06335453320112494,3680
mixed,116,jitter,80,8,5,8,0.5630841121495327,1.9817902454834426,0.9292622646232923,2454,0.9747351263243684,4.644661776691117,218,1.6380050762188372,0.3673150175954347,192.38390525164928,5.32869617328291,0.06350568066451828,2392
mixed,116,jitter,80,10,5,8,0.6407692307692308,1.8835190011130563,0.9265368457685531,1927,0.9590036325895174,5.914893617021277,218,1.5665947518669316,0.3297579116831588,157.7444790142407,5.133770866460763,0.056122977097921356,1848
mixed,117,none,0,4,4,4,0.6226226226226226,2.176851767422697,0.9249067524549397,2837,0.9837856891082128,4.653507225942898,258,1.5884341638482322,0.3562803012561261,112.52175809723173,3.3467461479584384,0.06062655582884807,2791
mixed,117,none,0,10,4,4,0.980701754385965,1.5928577446523804,0.8668038049708531,1055,0.8815165876777251,12.513744075829385,258,1.2777312706135096,0.2201836750350029,51.30681168326231,2.8390463628702354,0.05447248359828272,930
mixed,117,shuffle,0,4,4,58,0.06119300651354131,5.611104388043026,0.9544868078630516,12030,1.0,1.0974231088944306,5,3.9807287334968624,2.4216566421117633,-109.09613382541232,-8.432510247818767,0.010919560534468964,12030
mixed,117,shuffle,0,10,4,58,0.1431778752933973,4.670040451850824,0.9390757847926817,10577,1.0,1.2481800132362675,7,3.0452573272215684,1.6152874372229977,-299.8678733990283,-13.985568706046244,0.035433151592175305,10577
mixed,117,shuffle,0,58,4,58,0.8649706457925636,2.440526608394669,0.8484035994330614,3807,1.0,3.4678224323614395,21,1.4199922992042762,0.3400606820470463,-603.7137633846895,-22.962160011878225,0.13563157908818513,3807
mixed,117,jitter,4,4,4,4,0.627895752895753,2.0528511471147444,0.9451855145857885,2925,0.9863247863247864,4.513504273504274,258,1.590301128733289,0.35129337212006384,164.1321076430979,4.635285582005308,0.05622893822807429,2885
mixed,117,jitter,4,10,4,4,0.9530988274706867,1.549979521890405,0.866936841856651,1082,0.890018484288355,12.201478743068392,258,1.286900250243134,0.21803277137326377,74.77829435246548,4.102533630857283,0.05080557393491958,963
mixed,117,jitter,20,4,4,5,0.5375,2.152560134890045,0.9269602402099589,3264,0.9883578431372549,4.044730392156863,258,1.684135360251089,0.39325739085375166,249.4371056772319,6.364097416347016,0.05001121183122781,3226
mixed,117,jitter,20,5,4,5,0.6298523783488245,1.9931641685064514,0.9061218076394904,2633,0.9802506646410938,5.0140524116976835,258,1.5770177907796903,0.33751155262591015,199.74225939094043,5.8902567071837995,0.05406709574845164,2581
mixed,117,jitter,20,10,4,5,0.8252032520325203,1.618991236961636,0.9240223695511555,1160,0.896551724137931,11.38103448275862,258,1.3732699347952906,0.24297462852282398,105.38590742567732,5.260161714000271,0.036832489089968445,1040
mixed,117,jitter,80,4,4,7,0.44031981724728725,2.4057677921707405,0.9489520236961553,4472,0.993515205724508,2.9521466905187834,221,1.8988163288656938,0.5322635058359564,270.5989442257082,5.912431577302647,0.049777181631446954,4443
mixed,117,jitter,80,7,4,7,0.5634075508228461,1.983111074697062,0.9571761483720578,2791,0.9770691508419921,4.730204227875314,258,1.6872372210557653,0.38778087260352023,260.23155391003144,6.974850810699518,0.04580549922939464,2727
mixed,117,jitter,80,10,4,7,0.6150971599402093,1.8530691178621965,0.917697987927142,1936,0.9524793388429752,6.819214876033058,258,1.5908666806126295,0.3330657026320324,203.33090225548605,6.562336564935915,0.048192264514388516,1844
mixed,118,none,0,4,4,4,0.6034308779011099,1.9370473985289989,0.9110934832255212,2878,0.9808895066018068,4.665045170257123,198,1.586833099893349,0.3437821982149969,206.83519873163226,5.510282719185302,0.06121239807030049,2823
mixed,118,none,0,10,4,4,1.0707236842105263,1.5335070092657876,0.9137722320523214,1084,0.8948339483394834,12.385608856088561,198,1.2471805892662946,0.21281232587218651,41.5295602545161,2.3481843229979256,0.06413251312198287,970
mixed,118,shuffle,0,4,4,57,0.05752396832013339,5.718971027448141,0.9622320014171497,12326,1.0,1.089242252149927,5,4.0759378339723025,2.501882945712235,-102.91766984190184,-8.348226239584653,0.009812666819036142,12326
mixed,118,shuffle,0,10,4,57,0.15054299093354587,4.488752621399533,0.9568471519978756,10778,1.0,1.2456856559658565,9,3.0492727694348982,1.6233884874417899,-328.4079229711914,-15.22622473103577,0.03636298257883841,10778
mixed,118,shuffle,0,57,4,57,0.8723580605055947,2.528130790140872,0.8562156097335609,3863,1.0,3.4755371472948484,24,1.4082146805959947,0.33915876883302454,-669.3315172320331,-25.545693959189485,0.1476841212041246,3863
mixed,118,jitter,4,4,4,4,0.6225099601593626,1.8822221103592007,0.9511366586029187,2873,0.9825965889314305,4.673163940132266,198,1.583624924447081,0.33934231202905274,230.0974831404573,6.0258742507419925,0.06318229575296574,2823
mixed,118,jitter,4,10,4,4,0.9681742043551089,1.4974960242202382,0.9248162604252743,1100,0.8972727272727272,12.205454545454545,198,1.2618639327742418,0.21419669135952313,57.18956648695112,3.1153200889692476,0.06159084359269995,987
mixed,118,jitter,20,4,4,5,0.5618964003511853,2.1002468112313943,0.9373399036567118,3121,0.9817366228772829,4.301826337712272,190,1.67138850902659,0.3840030157800214,254.86642352139427,6.534535261978477,0.05507555450893026,3064
mixed,118,jitter,20,5,4,5,0.6187214611872146,1.9683889069545157,0.943613648649164,2517,0.9733810091378625,5.3341279300754865,194,1.5982033089394196,0.3485512707233497,185.92220108140646,5.573896167476498,0.061280899145170986,2450
mixed,118,jitter,20,10,4,5,0.9373259052924791,1.58196557850388,0.9472376376975304,1184,0.9054054054054054,11.339527027027026,198,1.3404435685297518,0.2387730112474608,74.90180727401744,3.776650312500969,0.05967126795973221,1072
mixed,118,jitter,80,4,4,7,0.4393317702227433,2.2005439017304695,0.9390551348515371,4400,0.9927272727272727,3.0513636363636363,168,1.8611307035737372,0.48275742949857603,478.5010541161397,9.06906739806096,0.04619998573470496,4368
mixed,118,jitter,80,7,4,7,0.5876443997990959,2.0382220936880464,0.9426795819918241,2734,0.972201901975128,4.910753474762253,198,1.6830465467155147,0.39185911903263393,210.86308353891113,5.5105278024357105,0.06068334625984512,2658
mixed,118,jitter,80,10,4,7,0.671969696969697,1.8833071883509052,0.9418054003025113,1893,0.9498151082937136,7.092445853143159,210,1.571165322254684,0.3344273397270435,140.3422458399372,4.675694076248928,0.0641536694872677,1798
mixed,119,none,0,4,4,4,0.6309644670050761,2.039039517116373,0.9447637395798228,2841,0.986272439281943,4.294262583597325,192,1.5790130297656422,0.35017544416508717,123.01701584896196,3.4998727287594016,0.07153542698938081,2802
mixed,119,none,0,10,4,4,0.9982046678635548,1.570947150526082,0.9109129898116881,1037,0.8939247830279653,11.764705882352942,232,1.223268916657295,0.20896511610241908,23.58706664135791,1.3937685211201694,0.05141540806310557,927
mixed,119,shuffle,0,4,4,59,0.054758204589084924,5.771565583536182,0.9635357432458258,11235,1.0,1.0858923008455719,5,4.120978259232251,2.5370631293823633,-83.40764439899229,-7.31103331819849,0.008959807557665567,11235
mixed,119,shuffle,0,10,4,59,0.13730346758561274,4.713991673384342,0.9526186503880169,9935,1.0,1.2279818822345243,7,3.1217913647347917,1.6838611928042142,-259.97647559826356,-13.059049821382825,0.032384580092217674,9935
mixed,119,shuffle,0,59,4,59,0.817625458996328,2.348485508530495,0.855243619715701,3768,1.0,3.237791932059448,19,1.4718985498669799,0.36933814271699217,-617.7241358016081,-24.124433375731186,0.13910690806408088,3768
mixed,119,jitter,4,4,4,4,0.6045340050377834,1.9847633809242649,0.968966730467472,2867,0.9843041506801534,4.25531914893617,167,1.6019434363088028,0.36007631154359443,138.57202868376257,3.752503744791186,0.07068237027894925,2822
mixed,119,jitter,4,10,4,4,1.140468227424749,1.5275303875097674,0.9294943725420419,1046,0.892925430210325,11.663479923518164,232,1.2476013986331207,0.21386389116195426,36.28111671769413,2.0689745174541274,0.060985034198861254,934
mixed,119,jitter,20,4,4,5,0.548064375815572,2.1370840630096675,0.9257076485850414,3154,0.9870006341154091,3.868103994927077,192,1.6770388780976706,0.3918763562769757,220.98425776992443,5.521995726890571,0.0559476640808082,3113
mixed,119,jitter,20,5,4,5,0.6155133928571429,1.9716200826655774,0.931845230369808,2537,0.9791091840756799,4.8088293259755615,192,1.5845915853873382,0.34196208914136306,187.05189987400664,5.397568064705968,0.052623882993531934,2484
mixed,119,jitter,20,10,4,5,0.8093883357041252,1.4627253044911286,0.933324259619581,1180,0.9093220338983051,10.338983050847459,232,1.3343390036873455,0.22736241150341407,115.31240179583267,5.821003319001545,0.031452815959053526,1073
mixed,119,jitter,80,4,4,7,0.4488603156049094,2.2986133877548993,0.9600654246558697,4394,0.9945380063723259,2.7765134274010013,166,1.8807603146603338,0.510884887459921,343.662528856464,6.912432359816236,0.054317590884578215,4370
mixed,119,jitter,80,7,4,7,0.5787878787878787,2.0082917990189433,0.9267630610695817,2724,0.9787077826725403,4.47870778267254,215,1.6640563651546163,0.37674068521303694,244.83631635050318,6.648558004798346,0.054697927330522866,2666
mixed,119,jitter,80,10,4,7,0.6400625978090767,1.8731871368056512,0.8897983494871889,1883,0.9553903345724907,6.479022835900159,227,1.5484769493653818,0.321253323119697,152.96612479264985,5.1306359034927445,0.060697214448846626,1799
capped,100,none,0,1,1,1,0.39784172661870504,2.16011987920712,0.963530695940428,5180,0.9911196911196911,2.8102316602316604,51,1.9398596398438475,0.5159666902021243,724.5717334851128,12.102160680077725,0.022298667487038015,5134
capped,100,none,0,10,1,1,1.4170918367346939,1.663011897171414,0.9216747245066601,1290,0.862015503875969,11.284496124031008,60,1.520361483704237,0.2806387745187914,196.92264058482152,8.723559708044561,0.009046506381539587,1112
capped,100,shuffle,0,1,1,53,0.017555081734186212,6.445556397602649,0.9805518422337338,14188,1.0,1.0260078939949253,3,5.552005943548748,3.6750306125241314,-23.45037208040553,-4.602414390174967,0.002146525400763988,14188
capped,100,shuffle,0,10,1,53,0.17009363838208322,4.213875969795163,0.9570768315773167,11301,1.0,1.288116095920715,7,2.902598670139634,1.4975725294422308,-440.065450525825,-18.11888002207856,0.045990344014377516,11301
capped,100,shuffle,0,53,1,53,0.8670788253477589,2.7009571750493913,0.8750812248557233,4137,1.0,3.518733381677544,29,1.404297696703006,0.33419524841040893,-680.4598629319592,-23.86512030905755,0.1385031135604956,4137
capped,100,jitter,4,1,1,1,0.413835548990645,2.120726900714511,0.9516145757706105,5169,0.9936157864190366,2.816212033275295,59,1.8930546362975509,0.48883213357760735,704.1162481069308,11.879616001747303,0.029254423203909807,5136
capped,100,jitter,4,10,1,1,1.197956577266922,1.664472371644333,0.9216850474931201,1294,0.8624420401854714,11.249613601236476,60,1.5244919604166416,0.2818213857274676,199.73183505215337,8.806554209158946,0.009614607874962044,1116
capped,100,jitter,20,1,1,2,0.33152272315770415,2.61017730328111,0.9590466847410803,6759,0.9998520491196923,2.1537209646397395,32,2.066488188941518,0.6259872284793222,664.0542301703648,11.752409777445195,0.02306488329495926,6758
capped,100,jitter,20,2,1,2,0.3481769276748356,1.8533152937448576,0.9603406074421643,4202,0.9807234650166587,3.4643027129938124,58,1.9443499655043386,0.4646729043492617,1026.6691679096007,18.210780319677724,0.008504957236621813,4121
capped,100,jitter,20,10,1,2,0.6646909398814564,1.706699074276062,0.9311411794943141,1561,0.885970531710442,9.325432415118513,60,1.7727678661668467,0.3619783552761703,385.74146095122853,13.521771998613792,0.029792085696688897,1383
capped,100,jitter,80,1,1,7,0.19959784104138004,3.835559066980981,0.9262067783131501,10462,1.0,1.3914165551519786,9,2.702856792992593,1.2683052602774842,-156.0338596244693,-5.29434043261512,0.036401532150473925,10462
capped,100,jitter,80,7,1,7,0.3595056343147946,1.692431387721643,0.9486538090127211,3452,0.9646581691772885,4.216975666280417,60,1.9786981972030429,0.4595625757352987,1000.8304786627768,18.661588302968205,0.01447446510898831,3330
capped,100,jitter,80,10,1,7,0.365072202166065,1.952185024114603,0.9621404393670515,2758,0.9430746918056563,5.278100072516316,60,2.070550378258252,0.5429616168660363,626.8976416604216,13.144450968972459,0.007043362083142046,2601
capped,101,none,0,1,1,1,0.3672262946323008,2.052836873535395,0.9855643934399215,5238,0.9919816723940436,2.7701412752959143,58,1.9770753420605143,0.5246966536543203,876.8841793072143,14.345446420629592,0.018170145056842335,5196
capped,101,none,0,10,1,1,1.436337625178827,1.531768035847881,0.8552556878870163,1183,0.8478444632290786,12.265426880811496,60,1.448304730958819,0.250890236416776,181.2760213814725,8.18697064270671,0.015301735039478292,1003
capped,101,shuffle,0,1,1,54,0.015626109808935293,6.878058278449405,0.9734451955095621,14182,1.0,1.0231279086165561,3,5.698884234729922,3.789579737494095,-23.0812003812448,-5.373976584421381,0.0019771043482452733,14182
capped,101,shuffle,0,10,1,54,0.16904101730566976,4.296882507575964,0.9228153589473301,11337,1.0,1.279880038810973,6,2.9303195904101162,1.5201605542950314,-414.2343719520947,-18.34945229628315,0.0425185187676832,11337
capped,101,shuffle,0,54,1,54,0.8940321346595256,2.5188258647309367,0.8599254454598999,4005,1.0,3.622971285892634,27,1.3931153645798613,0.3227901961029086,-587.4611041096806,-20.476213565807825,0.1309776231032002,4005
capped,101,jitter,4,1,1,1,0.4028992751812047,2.0595612242364756,0.9508321482397283,5104,0.9935344827586207,2.842868338557994,52,1.898968190404732,0.4852011901750556,769.2271300298048,12.655115625701582,0.027984955454171567,5071
capped,101,jitter,4,10,1,1,1.3197755960729314,1.5341696605007575,0.8565170424387251,1188,0.8484848484848485,12.213804713804715,60,1.4531472213740368,0.2521558808824713,184.44556060780812,8.290295990628977,0.014238757331032859,1008
capped,101,jitter,20,1,1,2,0.35431147848957356,2.54823658874669,0.9552733047730249,6591,0.9996965559095736,2.2014868760430892,41,2.036998057024716,0.6096518342155883,600.9585013279506,10.202198268278929,0.03164506813558288,6589
capped,101,jitter,20,2,1,2,0.3718546132339236,1.8484888766293621,0.9616436381897512,4147,0.9804678080540149,3.498914878225223,58,1.9042654546975601,0.4547286491868734,902.1202249845907,16.151709073275835,0.006495395608664856,4066
capped,101,jitter,20,10,1,2,0.7516587677725118,1.5339266335848967,0.9039498050240962,1459,0.8779986291980809,9.945167923235093,60,1.7120127090387083,0.3271411620585831,380.64650011804025,13.25231229729531,0.019151656324114863,1281
capped,101,jitter,80,1,1,7,0.20412745936698032,4.01687924269241,0.9352370946753149,10391,1.0,1.396400731402175,10,2.681170433673495,1.2592276514421439,-236.04630395729748,-7.879995036046352,0.0416912813957977,10391
capped,101,jitter,80,7,1,7,0.3805652342237708,1.7348007558966456,0.9441948892262916,3303,0.9648804117468968,4.39297608234938,60,1.9004875615132573,0.4233133833871454,916.7638806958153,18.90905394686047,0.02105679913407288,3187
capped,101,jitter,80,10,1,7,0.3937469467513434,1.763830443959792,0.944364418963592,2581,0.9407206509104998,5.62185199535064,60,1.972812447617196,0.463841190467838,690.9228665873683,15.5209919512611,0.014520469509804013,2428
capped,102,none,0,1,1,1,0.3873684210526316,2.138844827347111,0.9342677575121389,5324,0.9934259954921112,2.7255822689706988,59,1.9510645184166098,0.518165569585425,795.1845952924559,12.674956305738363,0.022776602976850358,5289
capped,102,none,0,10,1,1,1.343342036553525,1.4613680427486877,0.9496490233978141,1261,0.8604282315622522,11.507533703409992,60,1.4702655413705603,0.26049680769228434,191.5863623745598,8.680119754594855,0.011284669465143282,1085
capped,102,shuffle,0,1,1,54,0.0170653338093538,6.617630055683727,0.9737748140778875,14135,1.0,1.0266006367173683,3,5.519879160816915,3.6530731181011875,-27.939262358665218,-5.835668200311121,0.0023950641231117453,14135
capped,102,shuffle,0,10,1,54,0.16299475441106342,4.74583083549618,0.9331700263170448,11398,1.0,1.2731180908931392,7,2.9456751948433766,1.539320091049492,-442.46095411919066,-19.55424419790864,0.04415375844711411,11398
capped,102,shuffle,0,54,1,54,0.8359193173002327,2.3111217387677674,0.8572020318127715,4066,1.0,3.5688637481554353,21,1.398370350580537,0.3286125044692496,-636.6565830893968,-23.177691146430828,0.1331944998796003,4066
capped,102,jitter,4,1,1,1,0.3975757575757576,2.2293829886686107,0.967528185949839,5251,0.9935250428489811,2.7634736240716054,54,1.9088213637674105,0.5052884421129784,647.067600253124,11.697417618834168,0.028275031542488338,5217
capped,102,jitter,4,10,1,1,1.2282749675745785,1.4623283891648646,0.9496513553114357,1265,0.8608695652173913,11.47114624505929,60,1.4746992345345458,0.2616190128961067,194.81690042419325,8.793798046973322,0.010657054154569079,1089
capped,102,jitter,20,1,1,2,0.341379931543866,2.527768582468059,0.9606893822785827,6777,0.9997048841670355,2.141212926073484,37,2.0700496909629233,0.633276346375522,616.2408761976243,10.682620016951264,0.02845356089128548,6775
capped,102,jitter,20,2,1,2,0.376187648456057,1.9272870775068358,0.9743356643943757,4276,0.9815247895229187,3.3935921421889614,57,1.9214477565166863,0.4695700146027749,886.7184129101382,15.973967504285115,0.0064384099052181565,4197
capped,102,jitter,20,10,1,2,0.646797153024911,1.6266844058914824,0.9096054450785422,1555,0.887459807073955,9.331832797427653,60,1.7345399730381903,0.34011122505634306,399.2878689729199,14.125093011836086,0.02498991963720143,1380
capped,102,jitter,80,1,1,7,0.19517102615694165,3.365756963293355,0.8841285849519914,10443,1.0,1.3895432347026717,27,2.7101192429362815,1.2717555043226483,-131.90254324392464,-3.4539163534311257,0.03496308451043484,10443
capped,102,jitter,80,7,1,7,0.33898916967509024,1.731299718791431,0.9523490356555585,3515,0.9667140825035562,4.128307254623044,60,1.9596007977914294,0.454282598943751,983.622647250835,18.619801435953278,0.015217531949918817,3398
capped,102,jitter,80,10,1,7,0.3799638989169675,1.910263082959687,0.9569775402915564,2784,0.9464798850574713,5.212284482758621,60,2.0254051634768917,0.5131114153549632,648.5145251342502,13.600444265165711,0.006770225987209111,2635
capped,103,none,0,1,1,1,0.3581254371648403,2.0608812127390315,0.9529011086909279,5331,0.9924967173138248,2.722753704745826,56,1.9791741654506279,0.5292997812589593,860.7223088817767,13.51653845196885,0.02175530844196405,5291
capped,103,none,0,10,1,1,1.5649263721552877,1.5455796493697225,0.8541887203576842,1232,0.8555194805194806,11.781655844155845,60,1.4495231879414003,0.2507674685633503,192.8745856031286,8.720557952907097,0.013280721736255385,1054
capped,103,shuffle,0,1,1,54,0.015907961082309494,6.875894680686248,0.9728335734763353,14183,1.0,1.0234083057181131,3,5.683142535001137,3.7778029075422426,-23.723872184364346,-5.510522988606302,0.002021793465632471,14183
capped,103,shuffle,0,10,1,54,0.15357782596398606,4.315563806817612,0.9337477585991942,11488,1.0,1.263492339832869,6,2.9868814037709637,1.567610567437002,-375.13353373288396,-16.930365223467962,0.03887950497892334,11488
capped,103,shuffle,0,54,1,54,0.8569200779727095,2.483168172745648,0.856380899078791,4026,0.9997516145057128,3.605315449577745,33,1.3951496233894982,0.3254504060925809,-610.9216466274707,-21.4708354666454,0.13735520484511105,4025
capped,103,jitter,4,1,1,1,0.40082444228903974,2.2171039023948844,0.9574228132687018,5209,0.991745056632751,2.7865233250143984,55,1.9325584968808531,0.5142019465423024,701.104766270889,12.148776493780163,0.028403663385895617,5166
capped,103,jitter,4,10,1,1,1.322875816993464,1.545695341383079,0.8535424070689287,1237,0.8561034761519806,11.734033953112368,60,1.455788767560085,0.2521579177493787,197.8705683018364,8.891728625556103,0.012543100750524339,1059
capped,103,jitter,20,1,1,2,0.3364063629790311,2.5648636896001578,0.9658968467365622,6755,1.0,2.148778682457439,29,2.0677748970849894,0.6262001789412512,671.0565125273968,11.087043486694622,0.026866375849284196,6755
capped,103,jitter,20,2,1,2,0.3931320307874482,1.914345355168053,0.9594862801533364,4262,0.980760206475833,3.4056780854059125,55,1.9239289090977802,0.4690136837258658,900.5568833465991,16.023917474771533,0.006779438123026393,4180
capped,103,jitter,20,10,1,2,0.6660516605166051,1.5417560348142605,0.938968001913839,1517,0.8826631509558339,9.568226763348715,60,1.702180617058188,0.3299023712366965,368.8060631119794,12.977617598353666,0.01740376663880905,1339
capped,103,jitter,80,1,1,7,0.1884073216915632,3.9353559770522266,0.9270561408325835,10538,1.0,1.3773960903397229,11,2.727352118788483,1.2946548312510342,-181.9956048996081,-5.89518791238374,0.03760565496231927,10538
capped,103,jitter,80,7,1,7,0.3760177646188009,1.6606353174329902,0.9365146142216418,3446,0.9686593151479976,4.2121300058038305,60,1.914370602478856,0.42580907258825806,997.580376006149,19.05626998223014,0.018477707206175142,3338
capped,103,jitter,80,10,1,7,0.4067717996289425,2.0389887867657106,0.9206056397969654,2689,0.9419858683525474,5.39791744142804,60,2.034297094948103,0.5338990011591978,550.4395002410096,11.803157198510908,0.008183850298582485,2533
capped,104,none,0,1,1,1,0.3765090543259557,1.982797554200303,0.9804809024326463,4962,0.9901249496170899,2.9324869004433696,59,1.9454645387842877,0.495945517562448,916.6411640995173,15.463035634424532,0.012875432196995829,4913
capped,104,none,0,10,1,1,1.5585331452750353,1.683685234967841,0.9032374275425057,1200,0.8508333333333333,12.125833333333333,60,1.4628676354884416,0.2653575010333612,150.8996449297223,7.425078215953902,0.020486488136613135,1021
capped,104,shuffle,0,1,1,54,0.016507261778250088,7.22322586617353,0.9709661351147257,14214,1.0,1.0237090192767693,4,5.665514406785727,3.7653320684079246,-25.45182459057785,-5.050411782316759,0.002214438219640291,14214
capped,104,shuffle,0,10,1,54,0.158778336336906,4.2789855286957,0.9379083230782016,11455,1.0,1.2702749890877345,6,2.9603050255496424,1.5475487640506556,-408.0742675221275,-18.301241175207277,0.04111405496580611,11455
capped,104,shuffle,0,54,1,54,0.8890196078431373,2.481159267166803,0.8557381407103375,4020,1.0,3.6196517412935325,28,1.3898707269254071,0.3231415294936857,-613.1402615977113,-21.544195178644802,0.13966073815521796,4020
capped,104,jitter,4,1,1,1,0.39832065074783524,2.123314242505135,0.9567642347635729,4935,0.99209726443769,2.9485309017223913,53,1.8751613432978989,0.4711504626271865,739.3752790578858,13.257895020936278,0.021793685574177157,4896
capped,104,jitter,4,10,1,1,1.3570432357043236,1.6847172839540985,0.905049782608201,1204,0.8513289036544851,12.085548172757475,60,1.467250819604745,0.2665014113484495,153.7835902430367,7.530210662609625,0.018924279048537218,1025
capped,104,jitter,20,1,1,2,0.35382852778308194,2.488566964304797,0.9581169356853715,6409,0.9998439694180059,2.2704009985957248,32,2.020119891731733,0.582236699963629,748.8547405839075,13.036559119192223,0.019018626900325297,6408
capped,104,jitter,20,2,1,2,0.3870763382958505,1.9029752327765728,0.9724169370338939,4001,0.9765058735316171,3.6368407898025494,59,1.9121445268877526,0.45797484883114725,877.1803517145509,16.72950662270179,0.004942446839222958,3907
capped,104,jitter,20,10,1,2,0.7116858237547893,1.6980664616437782,0.9295928956907947,1458,0.877914951989026,9.980109739368999,60,1.708407796845881,0.3402267632959436,324.5447118929164,12.706593880320494,0.019047952815787417,1280
capped,104,jitter,80,1,1,7,0.2009502213583846,3.7459557165911814,0.9213831099139829,10330,1.0,1.4086156824782188,9,2.664655659875711,1.237587652977778,-189.93546449824692,-6.296786543796446,0.038999730212396666,10330
capped,104,jitter,80,7,1,7,0.34782608695652173,1.790144649780455,0.9361474788339632,3330,0.9615615615615616,4.36966966966967,60,1.9780291321773138,0.4652456373371525,921.2064908757112,18.283287310936917,0.01367994879817358,3202
capped,104,jitter,80,10,1,7,0.38429172510518933,1.9361349437161506,0.9190698046423247,2642,0.9390613171839516,5.507570022710068,60,2.073390641655495,0.5414543085626156,612.3967559362113,12.984502927177312,0.01144266847280484,2481
capped,105,none,0,1,1,1,0.3753897817222355,2.1715908264825967,0.9525313095905893,5260,0.9929657794676806,2.7652091254752853,57,1.9387291550754053,0.5142424608390703,747.1569684535566,12.340851202182197,0.024343648442736177,5223
capped,105,none,0,10,1,1,1.4938101788170564,1.4599877959007324,0.9588919061358496,1217,0.8520953163516845,11.95152013147083,60,1.4584960169936796,0.25321886670675553,193.671675024501,9.033412099377673,0.013516338678825679,1037
capped,105,shuffle,0,1,1,54,0.01662285998437167,7.012289327275724,0.9648257841100177,14192,1.0,1.0248731679819616,3,5.602529627457914,3.718534513996003,-28.75999999558119,-6.9022732328116625,0.002334837181672267,14192
capped,105,shuffle,0,10,1,54,0.1580746226146397,4.3760469460505576,0.9253199008845869,11451,1.0,1.2701947428172211,6,2.9616027043712574,1.5477825397962959,-401.70422461019774,-18.12156159537449,0.04084712384178468,11451
capped,105,shuffle,0,54,1,54,0.8644203770557561,2.603338097748155,0.8603922509989181,4026,0.9997516145057128,3.6127670144063586,31,1.3842776641745989,0.32459834874762217,-664.8288801834701,-24.390778467386546,0.1355338987903369,4025
capped,105,jitter,4,1,1,1,0.4128395061728395,2.1928261590044116,0.9448304354830115,5176,0.9934312210200927,2.810085007727975,55,1.8890761033430703,0.4924392614163119,642.5969872985917,11.51030694234044,0.03035301802785395,5142
capped,105,jitter,4,10,1,1,1.2744565217391304,1.4601189096504157,0.9653325874202863,1226,0.8531810766721044,11.86378466557912,60,1.4679791646196545,0.2556587018626544,200.1891917655931,9.267295216691457,0.010286454022144842,1046
capped,105,jitter,20,1,1,2,0.3429304969741427,2.5807837358864876,0.9558020797696419,6651,0.9996992933393475,2.1868891895955493,35,2.042357817680598,0.6147953536173107,592.1140765714352,10.984053024150231,0.02240518985647111,6649
capped,105,jitter,20,2,1,2,0.40342822161003977,2.021225519796909,0.9414605717164001,4141,0.9792320695484182,3.51243660951461,60,1.894888726369226,0.4624830850566475,785.561664836374,15.078347016442214,0.006726838413420144,4055
capped,105,jitter,20,10,1,2,0.6666666666666666,1.5269472555802126,0.9433364800639921,1492,0.8793565683646113,9.748659517426274,60,1.724785883415743,0.3314199625601565,395.81652998583337,14.446291192060375,0.025434220997590518,1312
capped,105,jitter,80,1,1,7,0.19398416886543535,3.9403605162884507,0.9424674249425201,10519,1.0,1.3827360015210572,10,2.714070645738209,1.284473964729572,-197.82452875899344,-6.529877450628665,0.03947080775245093,10519
capped,105,jitter,80,7,1,7,0.3645833333333333,1.737507025561035,0.9669974798432595,3422,0.9658094681472823,4.250438340151958,60,1.9224398104770888,0.4400878077581164,912.8388009659963,18.27584782556371,0.014575302008872804,3305
capped,105,jitter,80,10,1,7,0.38781294284364665,1.9122032012066532,0.9289470709867413,2663,0.9402929027412692,5.461885092001502,60,2.0370073457216638,0.5236030356399515,599.3831402285083,12.78010527541157,0.005471387628105728,2504
capped,106,none,0,1,1,1,0.3520799442249593,2.176860319255174,0.9683773172946876,5364,0.9919835943325876,2.7069351230425056,56,1.98371391954697,0.5395219597125882,794.3474052774177,13.251512211186638,0.019918119675036428,5321
capped,106,none,0,10,1,1,1.5117801047120418,1.5190719819265515,0.8602146704182236,1247,0.859663191659984,11.643945469125903,60,1.4644570339632406,0.25521099174595474,201.45323018016268,9.573379665494071,0.017027015179502447,1072
capped,106,shuffle,0,1,1,54,0.01621506294004694,7.141972784812879,0.976700131893214,14174,1.0,1.0244108931847045,4,5.629112547452026,3.7368435133210554,-25.355824983687114,-4.859951788695092,0.0022518951287114897,14174
capped,106,shuffle,0,10,1,54,0.15571684418889623,4.418888303966473,0.9138622835232529,11490,1.0,1.2637075718015667,6,2.983852781868462,1.5669643898753622,-388.8655016940536,-17.409447469705785,0.03999340828447018,11490
capped,106,shuffle,0,54,1,54,0.8785519657454263,2.552917544133149,0.8635240684906755,4061,1.0,3.57547402117705,28,1.3906954560339404,0.32789009909757716,-672.8690056148853,-24.171776267185123,0.13967195264944443,4061
capped,106,jitter,4,1,1,1,0.3873430189608471,2.1639353129003998,0.9606494817155987,5175,0.9932367149758454,2.8057971014492753,54,1.91674563534899,0.49906970719669286,749.5093164384059,12.901253285802648,0.028230793199662596,5140
capped,106,jitter,4,10,1,1,1.3496774193548386,1.5225917369334878,0.8598132555482264,1251,0.8601119104716227,11.606714628297363,60,1.4680544287667399,0.2563237268666704,203.34550511837134,9.632818513779654,0.016969905358732107,1076
capped,106,jitter,20,1,1,2,0.33453822519428883,2.619995919256839,0.9546523796583046,6733,0.9998514777959305,2.156542403089262,39,2.068206569362241,0.6252735561117595,681.602955694531,11.670625488502672,0.024449886980465463,6732
capped,106,jitter,20,2,1,2,0.37011425135297654,1.88634416830449,0.9616250329886304,4262,0.9824026278742375,3.40685124354763,58,1.9060467687376192,0.45910072204297725,898.73900953347,15.865041943395278,0.006537636972245631,4187
capped,106,jitter,20,10,1,2,0.677737881508079,1.491658540788946,0.9141048107798292,1514,0.8844121532364597,9.590488771466314,60,1.7100581331583928,0.32688005032153067,395.3673301163944,14.86668376438376,0.027875327218782497,1339
capped,106,jitter,80,1,1,7,0.1970479704797048,3.9793873838630143,0.9340325671608317,10503,1.0,1.3824621536703798,12,2.7112019979630677,1.2849916540195023,-220.45956730269484,-7.365746251757557,0.03973656020827698,10503
capped,106,jitter,80,7,1,7,0.3812316715542522,1.6732593593107443,0.9551718017399914,3421,0.9669687225957322,4.244372990353698,60,1.9412221875476856,0.44100790933177814,981.7012988297938,18.81868129220132,0.014974394653640255,3308
capped,106,jitter,80,10,1,7,0.3874296435272045,2.0019421441177903,0.9343920663789044,2691,0.9409141583054627,5.395763656633222,60,2.0226637518269808,0.5269135131765197,549.607294217699,12.054966464627494,0.003045120250563693,2532
capped,107,none,0,1,1,1,0.3788300835654596,2.0793599302253427,0.969015053288394,5326,0.9915508824633872,2.7326323695080736,55,1.9804278671745248,0.5350466341109221,811.1156677570895,12.762789918829858,0.02196844802454534,5281
capped,107,none,0,10,1,1,1.4817708333333333,1.4693558053009268,0.9216149673797784,1255,0.8629482071713147,11.596812749003984,60,1.4629132084108836,0.25006345679126196,222.37265993424685,10.159274113035181,0.010631346546730036,1083
capped,107,shuffle,0,1,1,54,0.01638530287984111,7.430622054340892,0.9526068794480622,14209,1.0,1.0242803856710536,3,5.630738696889525,3.7420767318756676,-30.66396975604055,-8.300771308692987,0.00238855795807158,14209
capped,107,shuffle,0,10,1,54,0.16437837326010796,4.497282939965453,0.9370874177030766,11424,1.0,1.273984593837535,7,2.953212032965963,1.5368328653728338,-383.4795658486509,-16.45972292144397,0.04069628504003864,11424
capped,107,shuffle,0,54,1,54,0.8979591836734694,2.5747470647867483,0.8545637277469975,4053,1.0,3.5909203059462125,26,1.3811919691396017,0.3262142237184258,-707.6684322752366,-26.466967448132987,0.1383511007283767,4053
capped,107,jitter,4,1,1,1,0.4005409392672732,2.2138518357178882,0.9531398878747877,5177,0.9926598416071084,2.8112806644774966,54,1.9097467629883003,0.500581413260127,690.2977074484419,12.027965493533063,0.03150473599779269,5139
capped,107,jitter,4,10,1,1,1.1986754966887416,1.472386441853534,0.9221880339528156,1265,0.8640316205533597,11.505138339920949,60,1.473813806946266,0.25276332516876976,230.54639467609286,10.423378851949618,0.010979939548281803,1093
capped,107,jitter,20,1,1,2,0.3396294950962586,2.534860650177855,0.9645083186331047,6700,1.0,2.1722388059701494,25,2.0560050144029187,0.6168428055123902,676.5635826495671,12.524751602244443,0.01853938462223892,6700
capped,107,jitter,20,2,1,2,0.37065637065637064,1.9328996761195891,0.9385317957022846,4272,0.9826779026217228,3.4068352059925093,54,1.908461451865053,0.4521504155457374,976.4333689586487,18.04999903323235,0.005918234979135795,4198
capped,107,jitter,20,10,1,2,0.6574487065120428,1.4919711963593245,0.9302747364896372,1530,0.888235294117647,9.512418300653595,60,1.716412478548806,0.3211351732383029,436.7832352282931,15.755742553314969,0.03715460915160451,1359
capped,107,jitter,80,1,1,7,0.18904426453580064,4.144391312639579,0.9403611218588973,10546,1.0,1.3800493077944245,11,2.720137109854404,1.2895735061423306,-194.10163676021386,-6.655246821197662,0.03760057183622523,10546
capped,107,jitter,80,7,1,7,0.3685360524399126,1.7269020330182074,0.9562383745125483,3446,0.9669181659895532,4.22344747533372,60,1.933933361668986,0.4411443572056619,958.6703729926805,18.641720953615657,0.013755673960747172,3332
capped,107,jitter,80,10,1,7,0.3888888888888889,1.88096696339094,0.9524466642758571,2752,0.9465843023255814,5.288517441860465,60,1.9957205893127803,0.49829774930000204,627.5808076387357,13.773560959401442,0.006602504790786057,2605
capped,108,none,0,1,1,1,0.34181169120928157,2.187532702167492,0.9666568418817612,5515,0.9918404351767905,2.6344514959202177,55,2.0320285060357737,0.5633625104079494,888.1704214818955,13.752579660785715,0.016424016629959848,5470
capped,108,none,0,10,1,1,1.4452466907340553,1.4943101269796848,0.9053406193765541,1340,0.8753731343283582,10.842537313432835,60,1.4580827436091308,0.25152558813415693,225.95672757345386,9.84721901429892,0.006262885656688089,1173
capped,108,shuffle,0,1,1,54,0.01738263161644226,6.441844886688791,0.9801186250240064,14157,1.0,1.0262767535494808,3,5.538652638449014,3.6650080767981894,-24.02546199878607,-4.711326217302707,0.0021900620360175704,14157
capped,108,shuffle,0,10,1,54,0.15726577437858508,4.598227503587831,0.9320248499888284,11404,1.0,1.2740266573132235,7,2.9496733842743534,1.5367123689008277,-403.016093685962,-17.397432408317158,0.042063041051375594,11404
capped,108,shuffle,0,54,1,54,0.8516915814319433,2.481010152149446,0.8311410147065353,4083,1.0,3.5584129316678914,22,1.40069297846801,0.3297610686654159,-639.426986386183,-23.339208819028304,0.1374472932425176,4083
capped,108,jitter,4,1,1,1,0.39840075258701785,2.291806900944187,0.9412521504273634,5349,0.9927089175546832,2.7162086371284353,53,1.941888493453769,0.5245497383529225,676.6572362563302,11.83243028840565,0.03084279109161836,5310
capped,108,jitter,4,10,1,1,1.2797619047619047,1.494302968204375,0.9051678788099923,1345,0.8758364312267658,10.802230483271375,60,1.464257214401714,0.25277864309966747,231.92717140193471,10.051572233222657,0.007409542305075623,1178
capped,108,jitter,20,1,1,2,0.3237173950595958,2.6299778892000414,0.9627383013756214,6945,0.9995680345572354,2.0920086393088555,40,2.110615521442581,0.6567794991974703,690.2225776693499,12.111979525110067,0.02009106680331929,6942
capped,108,jitter,20,2,1,2,0.3616783216783217,1.9232658939897729,0.9796257870353363,4486,0.9843958983504235,3.23874275523852,58,1.943445114477738,0.48074004725983377,948.0608126194137,16.37106275329678,0.004658146148413311,4416
capped,108,jitter,20,10,1,2,0.6325852036575229,1.5564656966079085,0.9136904853522709,1640,0.8981707317073171,8.859146341463415,60,1.7140519352145116,0.3263187329750403,445.4452604748859,15.418439345369185,0.03313570638567265,1473
capped,108,jitter,80,1,1,7,0.18586661091365253,3.5596926356151584,0.8939425145577481,10592,1.0,1.3716956193353473,24,2.7435618338204204,1.3057276401275937,-153.94942352427893,-4.18423330583448,0.03580035450736596,10592
capped,108,jitter,80,7,1,7,0.3771899690827894,1.7751210480544242,0.9502919017712909,3661,0.9694072657743786,3.9685878175361924,60,1.963402396326936,0.46741343399884683,943.9261528097059,17.18830057801311,0.010254395569289976,3549
capped,108,jitter,80,10,1,7,0.40008594757198107,1.9778202602356325,0.9639365777890605,2902,0.9503790489317712,5.006547208821503,60,2.0313192746414597,0.5315695099897382,601.8867840919754,12.472259999081027,0.004819993216029883,2758
capped,109,none,0,1,1,1,0.3638737241870401,2.171776056196825,0.9372380887354842,5229,0.9904379422451711,2.7752916427615224,57,1.9820405714818623,0.5400667287158727,757.962976927774,12.542834883047258,0.022965545636709495,5179
capped,109,none,0,10,1,1,1.4496350364963504,1.4655415114655477,0.938819710742163,1203,0.8503740648379052,12.063175394846217,60,1.4653722036475845,0.2538451985742126,198.92130786898522,9.05170109851807,0.014734759644504991,1023
capped,109,shuffle,0,1,1,54,0.01580408628176835,6.540160657304984,0.9807831581608872,14165,1.0,1.0244969996470172,3,5.628574709324672,3.7334063924080603,-21.341236157016212,-4.358750952054342,0.0019709280876953894,14165
capped,109,shuffle,0,10,1,54,0.16338808250572956,4.605578323354841,0.9313663962084056,11385,1.0,1.2746596398770311,7,2.942905807129117,1.5349018148970752,-431.44484125072313,-18.732110611412512,0.04374644551044071,11385
capped,109,shuffle,0,54,1,54,0.8684312962242118,2.5769044942947974,0.8647251365335266,4045,1.0,3.5876390605686033,26,1.3909146398819363,0.3265688116022043,-652.8128694100807,-23.579190735581427,0.13303733502001996,4045
capped,109,jitter,4,1,1,1,0.4151128557409225,2.2298427107298022,0.9507501137291964,5145,0.9918367346938776,2.8206025267249757,56,1.9182561198023418,0.5093388881721044,651.7279529317915,11.297543908117133,0.030688373085478116,5103
capped,109,jitter,4,10,1,1,1.2834224598930482,1.466715995123819,0.9391202956160474,1206,0.8507462686567164,12.033167495854062,60,1.4678186024905262,0.25451889282744755,200.55239541478412,9.096442596881406,0.01447440526482524,1026
capped,109,jitter,20,1,1,2,0.3611111111111111,2.6703123865445404,0.9549219184708432,6603,0.9996971073754354,2.1977888838406785,37,2.0455494351136583,0.6110073851814437,650.8572111710725,11.845464340199497,0.02406015883828927,6601
capped,109,jitter,20,2,1,2,0.39754601226993863,1.819181318305497,0.9513191923635518,4122,0.9813197476952935,3.520621057738962,59,1.8994000662462422,0.4423135198937196,983.3812025399212,17.82567480339797,0.006366323725888079,4045
capped,109,jitter,20,10,1,2,0.6885844748858447,1.5512387856881833,0.9034473252308106,1485,0.8787878787878788,9.772390572390572,60,1.7357170744436399,0.33532245445595776,397.9126425057769,14.11022150172685,0.028243160228147324,1305
capped,109,jitter,80,1,1,7,0.19890862401027176,3.5538157454746564,0.9510845790150739,10422,1.0,1.3924390711955479,8,2.6883800260652233,1.2664309233180702,-239.72499713258333,-8.293293733676489,0.04095381551570221,10422
capped,109,jitter,80,7,1,7,0.3922462941847206,1.6843828640824277,0.9562414022121944,3355,0.9660208643815201,4.32548435171386,60,1.9117060422786185,0.4268500425728111,950.2717792500265,19.211801187729332,0.015154701399279102,3241
capped,109,jitter,80,10,1,7,0.4071799716580066,1.6994833269906418,0.9192151288513409,2647,0.944087646392142,5.482432942954288,60,1.9817962638454265,0.46168631260395365,748.7809737387428,15.785891632594183,0.013983366321279278,2499
capped,110,none,0,1,1,1,0.37707247749881573,2.1871628345710903,0.9462063941401949,5244,0.9914187643020596,2.7698321891685738,59,1.9661252869113444,0.528426808176689,774.6405129052123,12.648223097692792,0.019918202266329565,5199
capped,110,none,0,10,1,1,1.5343839541547277,1.4673376491613508,0.9177517981594742,1172,0.8523890784982935,12.393344709897612,60,1.4196873145878488,0.23889352920389473,185.57040978553297,9.012791760558551,0.00667174752063926,999
capped,110,shuffle,0,1,1,54,0.01612215909090909,6.640643433347361,0.9790185192817406,14186,1.0,1.0238967996616382,3,5.659390291296431,3.757626474339653,-21.59968568918972,-4.588948596723413,0.00194989026517578,14186
capped,110,shuffle,0,10,1,54,0.16315142343705666,4.790279119246268,0.9237073839143968,11441,1.0,1.2695568569181015,7,2.9641712820430595,1.5496438470368896,-397.552824041451,-17.65253610059521,0.04069481397499941,11441
capped,110,shuffle,0,54,1,54,0.862220447284345,2.6046364076388464,0.8638597539343207,4084,1.0,3.556562193927522,24,1.3919429128693022,0.3299652964108083,-694.5975466168694,-25.363461265321664,0.14188494776289268,4084
capped,110,jitter,4,1,1,1,0.4122696288815956,2.163995608567596,0.9378806812305777,5087,0.9931197169254964,2.8553174759190094,56,1.8835261216364092,0.4866587854346207,655.0551399018973,11.272866517030067,0.03190928053538977,5052
capped,110,jitter,4,10,1,1,1.3004354136429608,1.4674477245257749,0.9177860158853012,1174,0.8526405451448041,12.372231686541738,60,1.4225968581127777,0.23945348850030884,187.98101330485153,9.106592555581,0.006427605611744824,1001
capped,110,jitter,20,1,1,2,0.3553581343697946,2.5736775508956624,0.9577966604641863,6635,1.0,2.1891484551620195,29,2.036450569953127,0.6102750389254232,594.5124791356346,10.329187757949212,0.0284061658711261,6635
capped,110,jitter,20,2,1,2,0.39125038783741856,1.9157312912291633,0.9560087934788245,4105,0.9797807551766139,3.53836784409257,59,1.8987634560779032,0.45423632337006736,869.4620325069994,15.895864898598887,0.0029150359346210575,4022
capped,110,jitter,20,10,1,2,0.7354651162790697,1.5014397525887448,0.9183408157137987,1418,0.8779971791255289,10.24330042313117,60,1.6658736833151675,0.3063042597709582,371.58177541070484,14.357875697482875,0.02758440319672506,1245
capped,110,jitter,80,1,1,7,0.20587602238484717,3.913599686565172,0.927579335149362,10352,1.0,1.4031105100463679,9,2.668180704082326,1.2472361011285606,-236.8804389027248,-8.230018576875255,0.040919802272522565,10352
capped,110,jitter,80,7,1,7,0.38865784499054823,1.7145884534597562,0.945648503739983,3345,0.9656203288490284,4.342301943198804,60,1.903964508814303,0.4265260280451598,918.8745264257509,18.430790100350748,0.013663938072519421,3230
capped,110,jitter,80,10,1,7,0.4005805515239477,1.8694880080564238,0.910607191384072,2621,0.9408622663105685,5.54177794734834,60,1.9918371711125662,0.4977641386693499,585.6223362273054,12.563966441831509,0.007579756184201036,2466
capped,111,none,0,1,1,1,0.37943432406519656,2.1595073130545455,0.9539595783711313,5168,0.9905185758513931,2.812113003095975,55,1.9642739900251147,0.5237298335348801,796.2216045261273,13.118314301591118,0.019888485344972118,5119
capped,111,none,0,10,1,1,1.5555555555555556,1.448215245362844,0.9286444853450979,1196,0.8520066889632107,12.15133779264214,60,1.419748256796309,0.24297927688948745,172.83632640293476,8.2529512586052,0.024451123228888427,1019
capped,111,shuffle,0,1,1,54,0.015432757271886779,6.743735231486168,0.9745268454939348,14186,1.0,1.0244607359368392,3,5.627367881096253,3.73485242467932,-24.546759889113677,-5.408396129721207,0.0021165437707766355,14186
capped,111,shuffle,0,10,1,54,0.16253782148260212,4.368232483247682,0.9452880079140096,11433,1.0,1.271144931339106,7,2.959174793383676,1.5450198141529365,-398.57021288234836,-17.008531911343745,0.0412801550988392,11433
capped,111,shuffle,0,54,1,54,0.8493423674770825,2.4178212348414223,0.8529890376286907,4046,1.0,3.591942659416708,25,1.3902265982032294,0.3261038984052943,-651.383100192417,-23.768710529257557,0.1385158412377126,4046
capped,111,jitter,4,1,1,1,0.41113596818294806,2.1389847762027325,0.9644030364303111,5046,0.9922711058263971,2.8801030519223145,56,1.9023286314544183,0.48695885512626647,762.4434060004676,13.377057021375165,0.02031676526930848,5007
capped,111,jitter,4,10,1,1,1.327485380116959,1.4488431183566768,0.9284967940658728,1199,0.8523769808173478,12.1209341117598,60,1.422993236047846,0.24375551308744392,175.09132967631396,8.332670726192713,0.023900983059512937,1022
capped,111,jitter,20,1,1,2,0.35329008341056534,2.599297902501351,0.9615048742088838,6610,0.999697428139183,2.198638426626324,34,2.0394451487852994,0.6102106925875557,614.9137551262849,11.166197930442031,0.02289810745607712,6608
capped,111,jitter,20,2,1,2,0.3822525597269625,2.062733568142698,0.9583116828149665,4094,0.9772838299951148,3.549829018075232,60,1.918172014536955,0.47398850008192916,792.6204618632443,15.700980189611359,0.004540807703098504,4001
capped,111,jitter,20,10,1,2,0.7368421052631579,1.5158249821461995,0.9320277578821579,1463,0.8790157211209843,9.933697881066301,60,1.6744896868817651,0.3173047814869915,354.525415590564,13.24965637166007,0.019278699234290597,1286
capped,111,jitter,80,1,1,7,0.2006393180607352,3.8498168129425587,0.9283719096429924,10437,1.0,1.3924499377215676,9,2.6924103630499747,1.2664110379068307,-212.53695587976347,-7.180046228196972,0.040338697118217026,10437
capped,111,jitter,80,7,1,7,0.38216318785578746,1.7693529196038775,0.9267899933914311,3360,0.9651785714285714,4.325297619047619,60,1.9184729186475291,0.43652654381619216,906.0282773159215,17.81722298248281,0.013647198897192236,3243
capped,111,jitter,80,10,1,7,0.38257940327237727,1.983328745567601,0.9597453479039125,2623,0.9397636294319481,5.5406023637056805,60,2.027510268322258,0.5237535423988908,563.0486883767875,12.710207420147544,0.006463157500156469,2465
capped,112,none,0,1,1,1,0.3700677095493813,2.2096447304542655,0.9045566333049816,5337,0.9928798950721379,2.718755855349447,59,1.9657332250416015,0.5258841349682604,812.0690893409657,13.126686805696282,0.021492814010949712,5299
capped,112,none,0,10,1,1,1.5243101182654402,1.5930716377674854,0.9341619426298001,1253,0.8539505187549881,11.580207501995211,60,1.472151948950943,0.262192710467844,185.15573746696592,8.660507276455464,0.012768154412110877,1070
capped,112,shuffle,0,1,1,54,0.01537038354799687,6.747023689994904,0.975667566920649,14171,1.0,1.023922094418178,3,5.656421786176539,3.7565932384977954,-23.24977560011333,-5.143907642475413,0.0020286205599239215,14171
capped,112,shuffle,0,10,1,54,0.16718883508971802,4.607173913184541,0.9333078610668674,11382,1.0,1.2748198910560533,7,2.946627522936259,1.5344442442130264,-406.4190845101307,-17.672444814807342,0.04196186439522587,11382
capped,112,shuffle,0,54,1,54,0.8620287602020987,2.5161862751092445,0.8549800596702365,4131,1.0,3.512466715081094,23,1.40250219384078,0.3349063710461456,-699.0351089149345,-25.809242042021268,0.1420025838755059,4131
capped,112,jitter,4,1,1,1,0.40443480356712463,2.1445967181966625,0.9807707972646924,5232,0.9935015290519877,2.7733180428134556,54,1.9135765885016536,0.504092211520377,686.942696458648,11.624986558273797,0.02852219752520546,5198
capped,112,jitter,4,10,1,1,1.2160737812911726,1.5945810960375837,0.9346088577606803,1258,0.8545310015898251,11.534181240063592,60,1.4767238885759735,0.2636246269137935,187.52632842158934,8.725860281989029,0.012408283270824105,1075
capped,112,jitter,20,1,1,2,0.3308270676691729,2.676197861442192,0.9579902383386397,6769,0.999556803072832,2.143595804402423,38,2.0773173929084567,0.6343700891848845,657.733296648975,11.903260730514006,0.021024325791052623,6766
capped,112,jitter,20,2,1,2,0.38191395961369623,1.8845845678565745,0.9721849572404815,4255,0.981903642773208,3.410105757931845,60,1.9264554186289136,0.4633801091085993,962.4694859251379,17.095658434245784,0.0029854880669303308,4178
capped,112,jitter,20,10,1,2,0.6812891674127126,1.6448863730852186,0.94988843015674,1532,0.8805483028720626,9.471279373368146,60,1.7304712734732117,0.34234302632559577,374.2052217707642,13.76928583417541,0.022940397207990015,1349
capped,112,jitter,80,1,1,7,0.18682471415084442,3.8514152852537626,0.9598022980247015,10525,1.0,1.378622327790974,12,2.7358365725271003,1.292300754653923,-108.98650087533031,-3.5313875211568675,0.03289847417460079,10525
capped,112,jitter,80,7,1,7,0.3655797101449275,1.6588108593705544,0.9536671431807112,3506,0.9680547632629778,4.138619509412436,60,1.9352694763572469,0.4343621891108753,1033.6954354040022,19.755640169127574,0.015618294031133684,3394
capped,112,jitter,80,10,1,7,0.39807604214383874,1.8870837075969351,0.9447965256465224,2769,0.9447453954496208,5.240158902130733,60,2.0154218773806196,0.5163899706436181,597.942196172443,12.714817018926583,0.013024180324232137,2616
capped,113,none,0,1,1,1,0.3657271702367531,2.281219129828148,0.9611194745506499,5489,0.9918017853889597,2.644744033521589,57,2.007182071763266,0.5652626238648832,712.7115393186364,11.56279732057733,0.02548734888820192,5444
capped,113,none,0,10,1,1,1.5391644908616189,1.4941074174780489,0.8661839992953297,1241,0.8557614826752619,11.697824335213538,60,1.4436657821719532,0.24641226777268088,203.1252820346936,9.525228485641135,0.012483283798898293,1062
capped,113,shuffle,0,1,1,53,0.019326772215090573,6.991981125532062,0.9596847097568456,14132,1.0,1.0272431361449192,3,5.484785506083016,3.6298323211736374,-34.24525615584883,-7.970801262296835,0.0027319669893998144,14132
capped,113,shuffle,0,10,1,53,0.16663455981506453,4.125758800958074,0.943546687318405,11320,1.0,1.2824204946996467,6,2.9160172066107233,1.5131075064015795,-456.10276262095897,-19.829944447015702,0.045898817011381765,11320
capped,113,shuffle,0,53,1,53,0.8524203069657615,2.553687851383942,0.8590609900524725,4110,1.0,3.5321167883211677,25,1.3985548567943393,0.3326865166506495,-692.3683369233701,-25.163455491973924,0.13884806446431364,4110
capped,113,jitter,4,1,1,1,0.3855507868383405,2.2083051525589577,0.94831193390494,5299,0.9928288356293641,2.739573504434799,54,1.9323140391550755,0.519723486398481,657.4949001933933,10.96249992702279,0.027989376654745435,5261
capped,113,jitter,4,10,1,1,1.3579766536964981,1.494473061980668,0.8662424948639202,1245,0.8562248995983935,11.660240963855422,60,1.4485020129354051,0.24749748797959648,206.94929587200173,9.662306865472152,0.013184524763537042,1066
capped,113,jitter,20,1,1,2,0.332861940958105,2.5761172303587414,0.9694006119578678,6857,0.999854163628409,2.117106606387633,34,2.087330166137553,0.6412809082848183,669.0161880442349,11.743446843024765,0.027116609164349326,6856
capped,113,jitter,20,2,1,2,0.3797991730655641,1.9948395159588845,0.9741647804768427,4312,0.9812152133580705,3.36665120593692,59,1.9184959497428924,0.47552429670958707,826.4190757737961,15.22724865244302,0.00812495836563365,4231
capped,113,jitter,20,10,1,2,0.695852534562212,1.6142147494520354,0.8658729290757572,1516,0.8825857519788918,9.575857519788919,60,1.6795104253073792,0.31739177350505265,377.7928637790697,14.086165215057186,0.022719479846402657,1338
capped,113,jitter,80,1,1,7,0.195057556236139,3.713897226768616,0.9576576997614564,10459,1.0,1.3879912037479682,12,2.71398590722505,1.2746301350756672,-126.93272143174795,-3.9991231709963935,0.03525590060620731,10459
capped,113,jitter,80,7,1,7,0.4032258064516129,1.8103576286104583,0.9705212243326168,3552,0.9698761261261262,4.086993243243243,60,1.9075803375434628,0.4406158713358086,885.1125964631427,17.895668937961542,0.009392192080540096,3445
capped,113,jitter,80,10,1,7,0.40850869167429094,1.9224391813764756,0.9205379859920285,2777,0.94706517824991,5.227583723442564,60,1.9704665347173016,0.48632851222153195,618.9919479149584,13.463012454273986,0.006483353616226539,2630
capped,114,none,0,1,1,1,0.36526811756787075,2.206930333685098,0.9437050125217733,5471,0.9915920307073661,2.6554560409431547,56,2.009928145139641,0.5570402441655855,804.6884010613303,12.433145224327502,0.023307563971684986,5425
capped,114,none,0,10,1,1,1.4061728395061728,1.577550882669448,0.9190508476926897,1311,0.8619374523264683,11.081617086193745,60,1.5140460875180022,0.2738453654181109,216.78655842100096,9.298704523711175,0.007358237133006318,1130
capped,114,shuffle,0,1,1,54,0.016484297285775187,6.45610644699822,0.9832119528804524,14180,1.0,1.0245416078984486,3,5.62774207437918,3.731630621066577,-19.866808419742597,-3.921748966118312,0.0019036243633387961,14180
capped,114,shuffle,0,10,1,54,0.16155804960860135,4.720339247205733,0.9417819450450093,11466,1.0,1.2670504099075528,8,2.970669915551758,1.5570095246234459,-404.9158088898818,-17.786057183807213,0.04148577537396214,11466
capped,114,shuffle,0,54,1,54,0.8704,2.449663091435449,0.8738976881554208,4020,1.0,3.6139303482587066,28,1.3914008625958996,0.3237488427664461,-611.5396956509376,-21.564384211658968,0.1427542592778569,4020
capped,114,jitter,4,1,1,1,0.38571089484927606,2.205338594206153,0.9257672307732501,5322,0.9922961292747088,2.7298008267568585,54,1.9497621581932219,0.5250808677766179,717.3560040650399,11.535849448538324,0.033602836920577306,5281
capped,114,jitter,4,10,1,1,1.1681304893350062,1.5779716326952256,0.9190921865158639,1314,0.8622526636225266,11.056316590563165,60,1.5170641478295845,0.27455949110000033,219.4530264940659,9.385241761404261,0.0075486079030394615,1133
capped,114,jitter,20,1,1,2,0.33102591409300675,2.623277125454512,0.9530206326159293,6877,0.9998545877562891,2.1125490766322526,38,2.0815192063112082,0.6434700452291688,605.1169392692484,10.986733521572017,0.022883300564327858,6876
capped,114,jitter,20,2,1,2,0.35056309558186544,1.9407403763877502,0.9519509938708681,4362,0.9839523154516276,3.3305823016964693,58,1.9321000427444321,0.4641660059533135,1010.815227058825,18.47796277747346,0.006249224699423017,4292
capped,114,jitter,20,10,1,2,0.5871946082561078,1.6606227258312427,0.8968650210109912,1627,0.8887523048555623,8.929317762753534,60,1.7822466511580917,0.3625672698835509,419.0821573601773,13.839675261837277,0.020770129829914108,1446
capped,114,jitter,80,1,1,7,0.1954801083107686,3.8094015202182354,0.9426877895009697,10548,1.0,1.3773227152066743,15,2.7261759492899227,1.2947960025625918,-190.99593657549758,-6.219435464513502,0.03764387032719452,10548
capped,114,jitter,80,7,1,7,0.3611013060360042,1.7433713567548161,0.9431164492891791,3583,0.9687412782584427,4.054702763047725,60,1.95809325090009,0.4518124675001711,1017.1643089865155,19.26188560322022,0.014107913134389638,3471
capped,114,jitter,80,10,1,7,0.39072847682119205,1.9393936956320512,0.9456615267223542,2832,0.9449152542372882,5.129943502824859,60,2.0375343602505556,0.5231802633064724,644.2466568146539,13.67608920166877,0.005633597289320003,2676
capped,115,none,0,1,1,1,0.39463781749764815,2.143512432001255,0.9385210724838551,5231,0.9912062703116039,2.773848212578857,59,1.9694730155001583,0.5249715259536101,826.2013881097242,13.237783868838836,0.019947243793551506,5185
capped,115,none,0,10,1,1,1.4015645371577574,1.5881718592730976,0.9068552902287016,1255,0.8565737051792829,11.56175298804781,60,1.5097106398005788,0.2737631199631666,199.77164848602888,9.06053759489088,0.01622973977136266,1075
capped,115,shuffle,0,1,1,53,0.017275700270154983,6.454847403030302,0.9831861895086179,14162,1.0,1.0245728004519137,3,5.62610062588954,3.7303908661037513,-19.89581771273756,-3.927964853036229,0.001907754654617566,14162
capped,115,shuffle,0,10,1,53,0.1615421227986673,4.801135947526915,0.9233228772613659,11398,1.0,1.2730303562028427,7,2.9526486870629736,1.5395724605799495,-402.665291776344,-17.935515289553813,0.04110686022558663,11398
capped,115,shuffle,0,53,1,53,0.8818181818181818,2.4253539996304303,0.8615084122667808,4089,0.999755441428222,3.548544876497921,33,1.4041622430332357,0.3316545441259172,-642.4461801432703,-22.949394418218404,0.13401039955906846,4088
capped,115,jitter,4,1,1,1,0.41494280846921394,2.091013080400351,0.9718124434154574,5147,0.9931999222848261,2.8191179327763747,55,1.9076663510836038,0.4917071473955068,763.2474021084377,12.853240663409796,0.02689326925086677,5112
capped,115,jitter,4,10,1,1,1.2329842931937174,1.5902081436513,0.9057608361253042,1261,0.8572561459159397,11.506740681998414,60,1.5164751014625946,0.2755512927816415,204.6516428086552,9.210847931035323,0.01505492081818871,1081
capped,115,jitter,20,1,1,2,0.33680297397769515,2.586323272208655,0.9513928891380005,6619,1.0,2.1921740444175857,29,2.044048134242919,0.6091150643585725,661.4726326797239,11.771919850835399,0.023159663220278404,6619
capped,115,jitter,20,2,1,2,0.3795440542205792,1.9558165797279485,0.9797497181236025,4142,0.9787542250120714,3.503138580395944,59,1.923104790250493,0.470758407262323,854.5885748787517,16.016427828915777,0.0028644824959266346,4054
capped,115,jitter,20,10,1,2,0.7094474153297683,1.6134728252625763,0.9155335013248479,1515,0.8818481848184818,9.577557755775578,60,1.763800414546255,0.34952922123871377,402.8879259644672,14.600737097316843,0.025685531851698973,1336
capped,115,jitter,80,1,1,7,0.1984236872936415,3.8311730017749417,0.9408239888015962,10412,1.0,1.3935843257779486,11,2.693202430691324,1.2643390170793798,-191.72365280142867,-6.188814382163116,0.03907579362996472,10412
capped,115,jitter,80,7,1,7,0.35919433047370386,1.6867557787446614,0.898310130446435,3388,0.9648760330578512,4.282762691853601,60,1.9485392845954177,0.441591742236051,994.4342033557125,18.421552710057796,0.02125255212099053,3269
capped,115,jitter,80,10,1,7,0.3230272265805261,1.9571425123884088,0.9604518403928253,2715,0.941804788213628,5.34438305709024,60,2.1136113376802594,0.5700348429848043,613.4195777709971,12.568116003679114,0.009671234969970133,2557
capped,116,none,0,1,1,1,0.3666285714285714,2.1978458717026066,0.9709664848048715,5376,0.9914434523809523,2.7021949404761907,58,1.9981861855269702,0.5468735715756494,814.5614257904759,13.22792546366266,0.022737946068276504,5330
capped,116,none,0,10,1,1,1.458950201884253,1.5581057689706235,0.9291901609928362,1273,0.8609583660644148,11.411626080125687,60,1.4535746426791025,0.2620268299999694,160.50326980438268,7.067575969815232,0.027519063065910343,1096
capped,116,shuffle,0,1,1,54,0.015611694578484247,6.8779852469304625,0.9731651069688038,14197,1.0,1.0232443473973374,3,5.6923124565414245,3.7846716114123335,-23.38176423792939,-5.437469971519008,0.0019960937119254396,14197
capped,116,shuffle,0,10,1,54,0.15943683409436835,4.499615257315249,0.9263558899314692,11457,1.0,1.2679584533472985,6,2.9604726533895818,1.554331425291649,-448.3190135941259,-20.43311189908012,0.043718673134331865,11457
capped,116,shuffle,0,54,1,54,0.8640159045725646,2.43763772148899,0.8386738434985936,3998,1.0,3.633566783391696,26,1.38126421483239,0.3216738129700085,-642.4099904915931,-23.743717805641275,0.13456225469630634,3998
capped,116,jitter,4,1,1,1,0.39453974389949265,2.143077307878931,0.9529383016489561,5198,0.9919199692189303,2.7947287418237785,58,1.931189554905652,0.5101007930372354,731.6421438978354,12.394437199253808,0.027441673047924775,5156
capped,116,jitter,4,10,1,1,1.3320413436692506,1.5568010417892568,0.9341595318945608,1280,0.86171875,11.34921875,60,1.4625632502750623,0.26398301099790855,168.09318679263464,7.342086225980502,0.023604661298142426,1103
capped,116,jitter,20,1,1,2,0.33940042826552463,2.6159391374738346,0.9553419947215029,6763,0.999260683128789,2.1480112376164424,44,2.0779060575814317,0.6368409672320898,635.8751011927176,11.702893461074448,0.025192959472553955,6758
capped,116,jitter,20,2,1,2,0.37639788110653327,1.9734765751990926,0.9828524418555233,4304,0.9804832713754646,3.375232342007435,56,1.9389513808470316,0.4874492328009259,825.9315372883234,14.75952190211702,0.006347398996790488,4220
capped,116,jitter,20,10,1,2,0.6783523225241017,1.6069753749340236,0.9134472889998,1560,0.8865384615384615,9.312179487179487,60,1.7249457425480212,0.34296671559338054,370.8152184833567,12.660315159851026,0.015643748763886745,1383
capped,116,jitter,80,1,1,7,0.19217044500419816,3.977635537161955,0.9463436859446713,10505,1.0,1.38286530223703,11,2.723130524794156,1.284229695540291,-135.3536831330938,-4.3151843773797625,0.03489637136408541,10505
capped,116,jitter,80,7,1,7,0.35790980672870437,1.6750864091754134,0.944797781849066,3509,0.9675121117127387,4.139925904816187,60,1.9699624600778822,0.45071041276264223,1050.5419617438752,19.437726174750196,0.01581308132642567,3395
capped,116,jitter,80,10,1,7,0.3732142857142857,1.8343119507037735,0.8947946509120464,2813,0.9477426235335941,5.164237468894418,60,2.0309888876596123,0.5042104609559999,718.5784567168944,13.921144081920069,0.01149134641876981,2666
capped,117,none,0,1,1,1,0.3550420168067227,2.1360063339116753,0.9788674398577403,5376,0.9918154761904762,2.704799107142857,58,1.9931583723797441,0.5436015874222397,815.164181476979,12.884723441944075,0.02273670761191593,5332
capped,117,none,0,10,1,1,1.485981308411215,1.4910194418508294,0.8941510212621774,1248,0.8597756410256411,11.651442307692308,60,1.4536224857847824,0.2486777058132446,211.45308188754603,9.821800598452786,0.013706991203709773,1073
capped,117,shuffle,0,1,1,54,0.015636105188343994,6.635627331039249,0.977637230215748,14192,1.0,1.0245913190529876,3,5.621976154960221,3.729655602311044,-23.252328757043355,-4.920471943001775,0.002062845723113882,14192
capped,117,shuffle,0,10,1,54,0.15783978739559607,4.671050851727937,0.9348963779096086,11447,1.0,1.2702891587315455,8,2.9644790634584677,1.547507493380479,-382.97167580613984,-16.9518544340047,0.039665116303175596,11447
capped,117,shuffle,0,54,1,54,0.8865529551765172,2.5333807035982154,0.8619039533174122,4071,1.0,3.571849668386146,27,1.3847946041143704,0.3282857981084297,-714.6680910036816,-26.20945441440741,0.1451011046920344,4071
capped,117,jitter,4,1,1,1,0.38433734939759034,2.2511486628511097,0.9682823886371513,5314,0.9936018065487392,2.736356793375988,52,1.9196866674449478,0.5096146086149311,680.7106645000187,12.04519609973553,0.026948611358364682,5280
capped,117,jitter,4,10,1,1,1.2650918635170603,1.4933742463965123,0.89670309977288,1254,0.8604465709728868,11.595693779904305,60,1.458703641250386,0.2502432062126393,214.1491525054243,9.88974310343631,0.013950885808276636,1079
capped,117,jitter,20,1,1,2,0.3473873873873874,2.6668265812921264,0.9489983410842958,6740,1.0,2.1574183976261128,27,2.059112277167179,0.6227202223748891,641.7979539777746,11.548500139994143,0.02445606827922675,6740
capped,117,jitter,20,2,1,2,0.391343018084791,1.9136420948224573,0.953258453604759,4258,0.9828558008454673,3.414983560356975,60,1.9090309191327162,0.4588223938631616,916.0823208766143,16.46742962768313,0.0033229904236806718,4185
capped,117,jitter,20,10,1,2,0.6426642664266426,1.5155533337039164,0.8968734605802043,1536,0.8873697916666666,9.466796875,60,1.7149262498650604,0.3211009934506419,435.4560786936629,15.788382143640915,0.038972512341029386,1363
capped,117,jitter,80,1,1,7,0.1965892446118435,3.886665578107113,0.9456565005168612,10516,1.0,1.3827500950931912,10,2.7231406257066286,1.2844473346608227,-136.9842000125243,-4.447257137485959,0.03559273668648888,10516
capped,117,jitter,80,7,1,7,0.3837837837837838,1.7224724141978378,0.9465360900529465,3511,0.9695243520364568,4.141555112503561,60,1.9145504991255624,0.43108583114469134,976.7801675024433,19.086408776115572,0.015806560898776745,3404
capped,117,jitter,80,10,1,7,0.3846505253540429,1.8935902143655845,0.9337797404113448,2776,0.9481268011527377,5.238112391930835,60,1.9911261159689726,0.48855630742592016,671.0346799526026,14.615573389756696,0.009928619855827714,2632
capped,118,none,0,1,1,1,0.34742729306487696,2.161604267104269,0.9694266107113719,5490,0.9903460837887067,2.651912568306011,57,2.0473428141109142,0.5848748700900184,777.632915979047,11.806152604506577,0.024970182604729385,5437
capped,118,none,0,10,1,1,1.5,1.4377399696211655,0.8997707382705064,1297,0.8696993060909792,11.225134926754048,60,1.42991661973611,0.23990687085194168,221.91885354896462,9.996279754639117,0.013840019109706003,1128
capped,118,shuffle,0,1,1,54,0.015519807242576714,7.1422580980854,0.9776846929226983,14223,1.0,1.0236237080784645,4,5.671819538725638,3.7688534781101133,-23.646030876221964,-4.539060646660135,0.002125937316638571,14223
capped,118,shuffle,0,10,1,54,0.16180071576568092,4.843588494593635,0.9210812480940872,11495,1.0,1.2665506742061765,8,2.9686572642402442,1.5584881072128351,-426.709517707569,-19.170664793730918,0.04214625722942911,11495
capped,118,shuffle,0,54,1,54,0.8724569640062598,2.5619567330748403,0.8615467854397709,4037,1.0,3.6063908843200396,30,1.3872841995424015,0.3245525874876891,-648.4147111685605,-22.98915050249096,0.14196658205927437,4037
capped,118,jitter,4,1,1,1,0.39094553171421836,2.1738012049479685,0.9884624423744972,5317,0.9917246567613316,2.7381982320857627,56,1.9607631608968585,0.5304008293915612,733.1163262773581,12.228730389052464,0.03088299303412423,5273
capped,118,jitter,4,10,1,1,1.336228287841191,1.4406702691953797,0.8978174143951988,1304,0.870398773006135,11.164877300613497,60,1.4383899194313887,0.24159622570360417,229.79485336398864,10.267795934899404,0.012174802580894317,1135
capped,118,jitter,20,1,1,2,0.3204293506950554,2.5090163839638695,0.965754364305577,6862,1.0,2.1216846400466336,29,2.093852886922546,0.6373786539830562,758.2646609711254,12.204162060641135,0.020344044526770855,6862
capped,118,jitter,20,2,1,2,0.37646053006554575,1.9322843398437273,0.971409236827816,4397,0.9827154878326132,3.3111212190129633,60,1.9413536456488583,0.4815100791468383,910.0738862765298,15.702681168001504,0.004037693452848989,4321
capped,118,jitter,20,10,1,2,0.6028789161727349,1.488684653131657,0.902159929374743,1622,0.8964241676942046,8.975955610357584,60,1.714398079574396,0.31762313883154214,479.0838391000182,16.55640985804897,0.034801107821955224,1454
capped,118,jitter,80,1,1,7,0.1928009929664874,3.2804606024679903,0.9068793109417813,10627,1.0,1.3700009409993412,25,2.755119988199331,1.309061156806269,-102.0371708169866,-2.7226608181362204,0.0332756989736247,10627
capped,118,jitter,80,7,1,7,0.3719958202716823,1.7347815818663008,0.9684362090400868,3634,0.9708310401761144,4.006329113924051,60,1.9324339647558855,0.4458189770412817,972.1239146253399,18.473607773587506,0.011794941202163067,3528
capped,118,jitter,80,10,1,7,0.38737570255079984,2.035281399498192,0.9472817001953071,2886,0.9487179487179487,5.044698544698544,60,2.0199637548972955,0.520858621453776,616.8798921863631,13.45312061330854,0.0073367701687302445,2738
capped,119,none,0,1,1,1,0.369354457318515,2.0364143262102576,0.969285883769524,5213,0.9921350469978899,2.7840015346249762,58,1.966802088572214,0.5187860950684133,867.8174533043621,13.481871622335376,0.019369858889306202,5172
capped,119,none,0,10,1,1,1.507163323782235,1.5690647599239267,0.8736755081044114,1197,0.8454469507101086,12.124477861319967,60,1.469594475007428,0.2590225812465533,183.26940987803172,8.632713370032187,0.0067353513626742245,1012
capped,119,shuffle,0,1,1,53,0.016499537728468815,6.456287396110535,0.9834462292865361,14167,1.0,1.0244229547540058,3,5.634096523387251,3.7363613034126306,-19.54956093816248,-3.8611507293895477,0.0018836105135828785,14167
capped,119,shuffle,0,10,1,53,0.16895418519234487,4.434800586403131,0.9471193936082413,11289,1.0,1.2855877402781468,7,2.9074607135532045,1.5044219748438454,-452.7888990035075,-19.320306932993194,0.045973742161012465,11289
capped,119,shuffle,0,53,1,53,0.8518659558263518,2.534199606386893,0.8682195166031428,4177,1.0,3.474503231984678,25,1.415862021153293,0.339279366099832,-678.2595235085441,-24.05037962459803,0.14157346695396444,4177
capped,119,jitter,4,1,1,1,0.4057001239157373,2.20242286207394,0.937618853574842,5162,0.9941882991088725,2.8115071677644323,57,1.893799402535132,0.48881574548404993,708.4546386261136,12.334195764696043,0.024971485713556563,5132
capped,119,jitter,4,10,1,1,1.1946403385049364,1.571223741728202,0.8740494908350491,1202,0.8469217970049917,12.074043261231282,60,1.465977004111652,0.257616083799897,184.3330124761249,8.717754257860744,0.007113506340677533,1018
capped,119,jitter,20,1,1,2,0.360029525742757,2.5361930587941255,0.9652279200399821,6596,0.9990903577926016,2.2002728926622197,38,2.04247815739806,0.6167864202401847,567.0975874095913,9.933733913590011,0.03169326990070198,6590
capped,119,jitter,20,2,1,2,0.4170822942643391,1.9483736175218758,0.9609406268977235,4131,0.9803921568627451,3.513192931493585,57,1.877994540801451,0.4522594938254241,788.7165428526964,14.815446325419675,0.013404380324890663,4050
capped,119,jitter,20,10,1,2,0.6964795432921027,1.6012412714087851,0.9171328816077606,1462,0.874829001367989,9.926812585499317,60,1.7238481592394326,0.3338821199372588,374.8995314697578,13.858676261270862,0.02668998813126011,1279
capped,119,jitter,80,1,1,7,0.1928827121499263,4.052101547024864,0.9218411737223584,10504,1.0,1.3816641279512567,9,2.717258192770414,1.2865029658278626,-190.69040262021747,-6.72614956782999,0.03676342546356004,10504
capped,119,jitter,80,7,1,7,0.38914373088685017,1.676958970276988,0.935476411457955,3313,0.9652882583760942,4.380621792936915,60,1.9097194957665433,0.42410420321263087,950.2275853958836,18.88450580290636,0.01565099877454612,3198
capped,119,jitter,80,10,1,7,0.37372262773722625,1.9237772026368627,0.9578600972480267,2604,0.9385560675883257,5.5733486943164365,60,2.029004250517394,0.521637012914274,572.0405539301316,12.453587489171607,0.01000025889215006,2444
refractory_0.8,100,none,0,10,17,17,0.9128971962616822,2.063722318717933,0.9051957701452098,3942,0.9941653982749873,3.683916793505835,53,1.6067715225049657,0.33728370438779065,472.1946321179468,11.596052029570966,0.02424428796401573,3919
refractory_0.8,100,none,0,17,17,17,0.8566493955094991,2.063722318717933,0.9051957701452098,3942,0.9941653982749873,3.683916793505835,53,1.6067715225049657,0.33728370438779065,472.1946321179468,11.596052029570966,0.02424428796401573,3919
refractory_0.8,100,shuffle,0,10,17,54,0.1600837536880175,4.647233816514715,0.9401693112046158,11403,1.0,1.2735245110935718,8,2.9563865621791,1.53815230333239,-372.1067989122548,-15.64599628949051,0.040312309914859124,11403
refractory_0.8,100,shuffle,0,17,17,54,0.27167836326870465,3.771720196222124,0.9333475014203635,9662,1.0,1.5030014489753674,9,2.453745108334905,1.0946263030454362,-606.8398937430834,-20.834493200222855,0.07330140926374085,9662
refractory_0.8,100,shuffle,0,54,17,54,0.8636363636363636,2.5267837180051336,0.8504404853415098,4095,1.0,3.546275946275946,25,1.3921581170212267,0.33110495466786416,-709.0960918848831,-26.54480320521667,0.14340128050951917,4095
refractory_0.8,100,jitter,4,10,17,18,0.7498101746393319,2.0649782979593776,0.9050992818685841,3955,0.9941845764854614,3.6718078381795194,53,1.6112405647515313,0.33862027134931716,483.34813729703046,11.825872137602286,0.02287380301828118,3932
refractory_0.8,100,jitter,4,17,17,18,0.7735281478298238,2.063722318717933,0.9051957701452098,3942,0.9941653982749873,3.683916793505835,53,1.6067715225049657,0.33728370438779065,472.1946321179468,11.596052029570966,0.02424428796401573,3919
refractory_0.8,100,jitter,4,18,17,18,0.7884362680683311,2.063722318717933,0.9051957701452098,3942,0.9941653982749873,3.683916793505835,53,1.6067715225049657,0.33728370438779065,472.1946321179468,11.596052029570966,0.02424428796401573,3919
refractory_0.8,100,jitter,20,10,17,26,0.4270591272915053,2.1023171353766026,0.9213450098972169,4862,0.995269436445907,2.9868366927190455,53,1.869008139944464,0.4360831965317725,1061.3563640062687,20.90517762167919,0.013410466072106053,4839
refractory_0.8,100,jitter,20,17,17,26,0.642461738847281,2.0647102701457234,0.9075191991889059,4188,0.9945081184336199,3.467526265520535,53,1.6946497339237876,0.3628626856379149,712.8558585962821,16.395238699930154,0.013576407538625102,4165
refractory_0.8,100,jitter,20,26,17,26,0.7870405456612353,2.063924697931516,0.9054224879007404,3966,0.9942007060010086,3.6616238023197174,53,1.615808869092577,0.33975249887179737,497.2302669839896,12.124608626809373,0.021067398682630856,3943
refractory_0.8,100,jitter,80,10,17,42,0.2519574944071588,2.752673622251466,0.9743176560680119,8258,0.9990312424315815,1.7585371760716881,53,2.3751056578700354,0.8694603523738182,700.1194475422292,10.513233324217376,0.0222927324766502,8250
refractory_0.8,100,jitter,80,17,17,42,0.29907725710150174,2.3086503751490315,0.9453281638166378,6592,0.9969660194174758,2.2029733009708736,53,2.166137242086309,0.6471677214939731,1125.6411059992968,15.938798254578877,0.00849305575798276,6572
refractory_0.8,100,jitter,80,42,17,42,0.4481955762514552,1.9259382014799293,0.9522392994419902,4506,0.9942299156679982,3.222814025743453,53,1.799016352366932,0.40029403697779753,959.3754852419947,20.004406133742197,0.011709701202225364,4480
refractory_0.8,101,none,0,10,14,14,0.9656881433473122,1.9945500778082506,0.9111670860097272,3867,0.9956038272562711,3.7496767520041376,49,1.5797925479915786,0.32490284003510794,457.7927080260402,11.335919264738004,0.02290757674351207,3850
refractory_0.8,101,none,0,14,14,14,0.8687042617305208,1.9945500778082506,0.9111670860097272,3867,0.9956038272562711,3.7496767520041376,49,1.5797925479915786,0.32490284003510794,457.7927080260402,11.335919264738004,0.02290757674351207,3850
refractory_0.8,101,shuffle,0,10,14,54,0.161116367076632,4.475218821941804,0.9547005363275859,11435,1.0,1.2680367293397463,8,2.969287948195591,1.5541010800383503,-394.348974441469,-17.03428379344557,0.040909382924213866,11435
refractory_0.8,101,shuffle,0,14,14,54,0.22860847018150388,4.394361005860565,0.930940385415968,10371,1.0,1.3981293992864718,9,2.630409001571808,1.2561134025225695,-566.3737784188364,-21.108724488661927,0.06303253973252221,10371
refractory_0.8,101,shuffle,0,54,14,54,0.862607338017174,2.391408739130378,0.8318390023718454,4095,1.0,3.5409035409035408,22,1.3981483833733304,0.3317032900810504,-680.3349098246379,-24.773565313234943,0.14088857342357092,4095
refractory_0.8,101,jitter,4,10,14,14,0.8085188027628549,1.9947927232682006,0.91129535351563,3874,0.995611770779556,3.7429013939081055,49,1.582013638415118,0.32560464517395304,462.6790996417185,11.432353282829325,0.022498738323995515,3857
refractory_0.8,101,jitter,4,14,14,14,0.7782084409991387,1.9945500778082506,0.9111670860097272,3867,0.9956038272562711,3.7496767520041376,49,1.5797925479915786,0.32490284003510794,457.7927080260402,11.335919264738004,0.02290757674351207,3850
refractory_0.8,101,jitter,20,10,14,23,0.42816166883963497,1.9962936658138806,0.9454089970996792,4820,0.9968879668049793,3.008298755186722,49,1.8513971561055431,0.422783319016829,1093.789936757769,21.28522255101414,0.012097957374828994,4805
refractory_0.8,101,jitter,20,14,14,23,0.5675171126322339,2.0064903642091583,0.9174892606024355,4288,0.996035447761194,3.3815298507462686,49,1.7148969224479966,0.3679391160486586,790.6555335222256,17.569151515458966,0.00997297413961562,4271
refractory_0.8,101,jitter,20,23,14,23,0.7885117493472585,1.9950308475387817,0.9117046517151604,3926,0.9956698930208864,3.6933265410086604,49,1.6023048563197424,0.33083194254444626,520.6481582087008,12.66943331796707,0.01677838987136815,3909
refractory_0.8,101,jitter,80,10,14,41,0.24341173136865968,2.664185562896053,0.9741625853993637,8166,0.9992652461425422,1.7756551555228999,49,2.365471042363934,0.8485135236897574,812.1545122098097,11.533144121344657,0.01702701446312138,8160
refractory_0.8,101,jitter,80,14,14,41,0.2829489984851035,2.3314681384164815,0.9668395405846938,7063,0.9985841710321394,2.0529520033979893,49,2.208600614613067,0.6932889804422182,1039.330274390512,14.024723865778935,0.013891669792032602,7053
refractory_0.8,101,jitter,80,41,14,41,0.46727060198714204,1.9111333631146639,0.9534445312040304,4483,0.9962078964978809,3.2344412223957173,54,1.784500578716946,0.38869051497963414,1001.0129034958583,20.683619525336756,0.013013785691865953,4466
refractory_0.8,102,none,0,10,15,15,0.982791586998088,1.9805494566453266,0.9472103861811214,3897,0.9964074929432897,3.7261996407492943,58,1.574721286731295,0.3259515391906349,421.1774591619434,10.49045896467693,0.023274748696960168,3883
refractory_0.8,102,none,0,15,15,15,0.9797125950972105,1.9805494566453266,0.9472103861811214,3897,0.9964074929432897,3.7261996407492943,58,1.574721286731295,0.3259515391906349,421.1774591619434,10.49045896467693,0.023274748696960168,3883
refractory_0.8,102,shuffle,0,10,15,54,0.15441036387883406,4.554900657042907,0.9335370192790042,11434,1.0,1.269984257477698,7,2.965259909355373,1.5483961320285826,-383.35254415925795,-16.538310763917558,0.04045301966240389,11434
refractory_0.8,102,shuffle,0,15,15,54,0.2384512385628208,4.134147110476637,0.909306304486504,10177,1.0,1.4268448462218728,8,2.573025683073771,1.2068002949169627,-606.9052251251362,-22.377325972474065,0.0679373518685713,10177
refractory_0.8,102,shuffle,0,54,15,54,0.8840175368672778,2.2740602531524345,0.8479900288378028,4010,0.9997506234413965,3.621197007481297,31,1.3798883786971832,0.32370234227604655,-677.1181204583231,-24.99726780464632,0.14172324994873786,4009
refractory_0.8,102,jitter,4,10,15,16,0.7885360185902401,1.9806607256986712,0.9473249366071964,3908,0.996417604912999,3.715711361310133,58,1.5786296115337652,0.3270491975258373,431.26696291486945,10.710301876212869,0.02243868749520528,3894
refractory_0.8,102,jitter,4,15,15,16,0.816616444253121,1.9805494566453266,0.9472103861811214,3897,0.9964074929432897,3.7261996407492943,58,1.574721286731295,0.3259515391906349,421.1774591619434,10.49045896467693,0.023274748696960168,3883
refractory_0.8,102,jitter,4,16,15,16,0.790358248562583,1.9805494566453266,0.9472103861811214,3897,0.9964074929432897,3.7261996407492943,58,1.574721286731295,0.3259515391906349,421.1774591619434,10.49045896467693,0.023274748696960168,3883
refractory_0.8,102,jitter,20,10,15,25,0.4398406374501992,2.0269427095757564,0.9651477331920113,4805,0.9970863683662852,3.022060353798127,58,1.8251237432300638,0.42038736785786257,956.7734990352369,19.068689236990572,0.010180116428058827,4791
refractory_0.8,102,jitter,20,15,15,25,0.6395053899809765,1.9871993722315384,0.9544313892559014,4232,0.9966918714555766,3.4312381852551983,58,1.683129907198202,0.3598864844984586,689.3241198554263,15.710509204291958,0.014012123311849867,4218
refractory_0.8,102,jitter,20,25,15,25,0.7521301316808675,1.9812083111227137,0.9477757387967226,3942,0.9964485032978183,3.6836631151699644,58,1.5911445403281892,0.33044882616975946,465.23789853019764,11.436023845089029,0.02110831265273949,3928
refractory_0.8,102,jitter,80,10,15,42,0.24647985501185,2.807603470394318,0.9524949538007763,8267,0.9991532599491956,1.7565017539615337,58,2.370341693909028,0.8701641316998554,660.9619749322329,10.174701881852458,0.019740383455569943,8260
refractory_0.8,102,jitter,80,15,15,42,0.29062870699881377,2.441429012312349,0.9674351620778372,7010,0.9984308131241084,2.071469329529244,58,2.188782576207247,0.6879726004071018,945.8934930004127,13.163170534938763,0.016237746507212547,6999
refractory_0.8,102,jitter,80,42,15,42,0.4618568894145476,1.9208208107972846,0.9581234763060201,4483,0.9966540263216596,3.2391255855453935,58,1.771242824643183,0.38791078175720084,932.1502457484688,19.269459916015194,0.012280683711879181,4468
refractory_0.8,103,none,0,10,22,22,0.9864170337738619,2.0408195279072903,0.9193306303551487,4052,0.9977788746298124,3.5784797630799603,45,1.583860915471563,0.3357212777723323,373.68755853013295,9.152952299447943,0.02971662349015508,4043
refractory_0.8,103,none,0,22,22,22,0.6880400181900864,2.0408195279072903,0.9193306303551487,4052,0.9977788746298124,3.5784797630799603,45,1.583860915471563,0.3357212777723323,373.68755853013295,9.152952299447943,0.02971662349015508,4043
refractory_0.8,103,shuffle,0,10,22,54,0.16128417643136134,4.299172711994731,0.9244505445234209,11390,1.0,1.273046532045654,6,2.9560098362296525,1.5395259232353933,-382.27828349916814,-17.071205967530442,0.03988895840067541,11390
refractory_0.8,103,shuffle,0,22,22,54,0.35241552638927676,3.6637775174687515,0.8978072861368056,8594,1.0,1.687223644403072,10,2.2171582427053718,0.898179866053447,-773.7184464469524,-25.745979816926976,0.09590274996867931,8594
refractory_0.8,103,shuffle,0,54,22,54,0.8475422427035331,2.5187196952728486,0.8670623125560177,4097,1.0,3.5391750061020257,27,1.407166607509465,0.3318962559367249,-628.713455797355,-21.962256108374252,0.1360417089707872,4097
refractory_0.8,103,jitter,4,10,22,23,0.7773627194620845,2.0412828552794147,0.9194947511277758,4058,0.9977821586988664,3.5731887629374075,45,1.585347399060689,0.3363158569759048,375.77762431161653,9.189034836752118,0.02970861813649739,4049
refractory_0.8,103,jitter,4,22,22,23,0.6042143838754008,2.0408195279072903,0.9193306303551487,4052,0.9977788746298124,3.5784797630799603,45,1.583860915471563,0.3357212777723323,373.68755853013295,9.152952299447943,0.02971662349015508,4043
refractory_0.8,103,jitter,4,23,22,23,0.676056338028169,2.0408195279072903,0.9193306303551487,4052,0.9977788746298124,3.5784797630799603,45,1.583860915471563,0.3357212777723323,373.68755853013295,9.152952299447943,0.02971662349015508,4043
refractory_0.8,103,jitter,20,10,22,30,0.4508320726172466,2.015894781912768,0.9601040620072554,5039,0.9982139313355824,2.8775550704504864,43,1.8458493243339031,0.43826115193280335,931.596863272641,18.039899698813958,0.006677292516472644,5030
refractory_0.8,103,jitter,20,22,22,30,0.7367097701149425,2.041998689873804,0.9202114369434972,4121,0.9978160640621209,3.518563455471973,45,1.608401891660316,0.3425786576588504,441.77302553933606,10.604815455017349,0.024237765636894948,4112
refractory_0.8,103,jitter,20,30,22,30,0.8024593415311384,2.040834841395058,0.919365711342594,4058,0.9977821586988664,3.5731887629374075,45,1.586310091108233,0.3363158569759048,381.34693612892625,9.321067819130636,0.02834527331525183,4049
refractory_0.8,103,jitter,80,10,22,43,0.2424886998138793,2.6803570537034944,0.9775871638973196,8579,0.9996503088938105,1.690173679916074,41,2.413787987852716,0.9058548929710615,677.4792562725249,10.054663499258215,0.01875264970022117,8576
refractory_0.8,103,jitter,80,22,22,43,0.3407158394304924,2.155946483451639,0.97720494197568,6147,0.9982105091914755,2.3588742476004554,45,2.0532134774226716,0.5712430481791639,1058.3024927151453,16.183827114956607,0.009923192587739882,6136
refractory_0.8,103,jitter,80,43,22,43,0.47445887445887447,2.0697691846459785,0.9241681708451166,4600,0.9973913043478261,3.152173913043478,45,1.7630681932811054,0.39482205078357613,827.5150023872542,17.469497221031354,0.008804465773120884,4588
refractory_0.8,104,none,0,10,14,14,0.9522900763358778,1.9502583444237809,0.9139044338106203,3881,0.9969080133986086,3.7392424632826593,53,1.5777794914956988,0.32195277611066986,483.6824026565011,12.147744802719219,0.01755629837553596,3869
refractory_0.8,104,none,0,14,14,14,0.906790383804302,1.9502583444237809,0.9139044338106203,3881,0.9969080133986086,3.7392424632826593,53,1.5777794914956988,0.32195277611066986,483.6824026565011,12.147744802719219,0.01755629837553596,3869
refractory_0.8,104,shuffle,0,10,14,54,0.15842707250212684,4.569896357381598,0.9355163432224456,11453,1.0,1.2670915917226928,7,2.974202856352912,1.5568878282040188,-383.0968994564528,-16.59186920044721,0.04021074618996623,11453
refractory_0.8,104,shuffle,0,14,14,54,0.22490088931747562,4.335611462061443,0.9308204801667157,10415,1.0,1.3933749399903985,9,2.6446923225772725,1.2647208948080446,-529.7519785033646,-19.55818653304723,0.06012861907332845,10415
refractory_0.8,104,shuffle,0,54,14,54,0.8736306729264476,2.525907109640577,0.8515713611921883,4041,1.0,3.591190299430834,25,1.3918723172201748,0.326185080726195,-641.7961889503775,-23.369797846023324,0.13760515396195155,4041
refractory_0.8,104,jitter,4,10,14,15,0.7869043006586595,1.9502608948149753,0.9139248447249592,3885,0.9969111969111969,3.7353925353925352,53,1.5794006736601016,0.3223476914004134,488.4935207034478,12.252728469206437,0.017395451869408274,3873
refractory_0.8,104,jitter,4,14,14,15,0.797199830292745,1.9502583444237809,0.9139044338106203,3881,0.9969080133986086,3.7392424632826593,53,1.5777794914956988,0.32195277611066986,483.6824026565011,12.147744802719219,0.01755629837553596,3869
refractory_0.8,104,jitter,4,15,14,15,0.8536170212765958,1.9502583444237809,0.9139044338106203,3881,0.9969080133986086,3.7392424632826593,53,1.5777794914956988,0.32195277611066986,483.6824026565011,12.147744802719219,0.01755629837553596,3869
refractory_0.8,104,jitter,20,10,14,24,0.4574803149606299,1.934310879277653,0.9368592857301581,4787,0.9977021098809276,3.031543764361813,53,1.8258929069063452,0.4140348504784117,1030.1346340874609,20.914859402559937,0.012295182854890396,4776
refractory_0.8,104,jitter,20,14,14,24,0.5629699248120301,1.9647259726063888,0.9182699504680665,4278,0.9971949509116409,3.3922393641888733,53,1.7030748564885894,0.36185943936674647,791.0604753343853,18.008354641461068,0.009877531693197605,4266
refractory_0.8,104,jitter,20,24,14,24,0.7597551644988524,1.950796033602688,0.9142811363017704,3926,0.9969434538970963,3.6963830871115637,53,1.594240349068949,0.32640359010725184,528.3890095191047,13.09082528235367,0.01713384137101881,3914
refractory_0.8,104,jitter,80,10,14,41,0.2403685092127303,2.8665925032736883,0.965810382079974,8294,0.999638292741741,1.7496985772847842,51,2.364748960041192,0.8583142398545709,730.3864893823463,11.293774395706023,0.018167663721016303,8291
refractory_0.8,104,jitter,80,14,14,41,0.2818106995884774,2.6054869983296003,0.9509958813913002,7156,0.9988820570150923,2.027948574622694,53,2.211431128491233,0.7000734812070393,1006.309280694964,15.266633109662097,0.010047817480868582,7148
refractory_0.8,104,jitter,80,41,14,41,0.4792518994739918,1.9898324910433185,0.9062692375200249,4472,0.9964221824686941,3.2450805008944545,53,1.7735430928161566,0.3859244693495788,965.7745079314077,20.443473260146558,0.011048614685968738,4456
refractory_0.8,105,none,0,10,17,17,0.9061102831594635,1.93714210514521,0.9466223420442517,3954,0.9957005563985837,3.669195751138088,55,1.6022098946760135,0.3330844664232063,497.5005259203677,11.839561650956107,0.022599819768960083,3937
refractory_0.8,105,none,0,17,17,17,0.8384849804092295,1.93714210514521,0.9466223420442517,3954,0.9957005563985837,3.669195751138088,55,1.6022098946760135,0.3330844664232063,497.5005259203677,11.839561650956107,0.022599819768960083,3937
refractory_0.8,105,shuffle,0,10,17,54,0.15769450256800457,4.343421139843017,0.9520725740219654,11417,1.0,1.2707366208285888,7,2.9647643626791,1.5462055582706689,-372.39406792768085,-15.77714517166361,0.04000008396115906,11417
refractory_0.8,105,shuffle,0,17,17,54,0.2747882114306169,3.794330949107948,0.934702493785903,9623,1.0,1.5076379507430115,11,2.4493355877220235,1.0885309359256445,-589.6915381723227,-20.12536993913997,0.07308507254503482,9623
refractory_0.8,105,shuffle,0,54,17,54,0.864406779661017,2.578895006216615,0.8452191748986788,4056,1.0,3.576923076923077,26,1.3956037556230054,0.32773215805182865,-640.8555964200121,-23.35808498891125,0.13463581039509442,4056
refractory_0.8,105,jitter,4,10,17,18,0.7467581998474447,1.9376781558013547,0.9468047653179834,3959,0.9957059863601919,3.664561758019702,55,1.6038745163352477,0.33358869875866226,501.57776397277564,11.917316420544683,0.02178332479816003,3942
refractory_0.8,105,jitter,4,17,17,18,0.7135964912280702,1.93714210514521,0.9466223420442517,3954,0.9957005563985837,3.669195751138088,55,1.6022098946760135,0.3330844664232063,497.5005259203677,11.839561650956107,0.022599819768960083,3937
refractory_0.8,105,jitter,4,18,17,18,0.7285208148804252,1.93714210514521,0.9466223420442517,3954,0.9957005563985837,3.669195751138088,55,1.6022098946760135,0.3330844664232063,497.5005259203677,11.839561650956107,0.022599819768960083,3937
refractory_0.8,105,jitter,20,10,17,26,0.45767944430151786,1.9823065447055268,0.956897237762679,4877,0.9965142505638712,2.974779577609186,54,1.859354580147686,0.4303317741006313,1070.4971414240597,20.39944713165395,0.012149070032017817,4860
refractory_0.8,105,jitter,20,17,17,26,0.609432082364663,1.9404280403796244,0.9494757306360035,4180,0.995933014354067,3.4708133971291866,55,1.6788250245186003,0.3561138624857857,698.8794312932896,15.667362313258515,0.012861012236087599,4163
refractory_0.8,105,jitter,20,26,17,26,0.7851112816577129,1.937469499411725,0.9469473464358737,3985,0.9957340025094102,3.6406524466750314,55,1.613717767436187,0.3362144548586895,529.6104983342433,12.490208843774507,0.01886716411114986,3968
refractory_0.8,105,jitter,80,10,17,42,0.2549074202979257,2.6837432638212477,0.9728913720181727,8238,0.999393056567128,1.7611070648215585,53,2.3649392354678778,0.8559743491304559,747.7768692315292,11.244594065608768,0.018990571022851732,8233
refractory_0.8,105,jitter,80,17,17,42,0.30776173285198555,2.2615033798324244,0.9690186603711183,6586,0.9975706043121774,2.202854539933192,55,2.1547330657756927,0.6383053707361712,1136.4062777948755,15.523706508783201,0.008996450807774115,6570
refractory_0.8,105,jitter,80,42,17,42,0.46697566628041715,1.9113598626961323,0.9603664076850964,4522,0.9957983193277311,3.208314904909332,55,1.7937429960328917,0.39525932508378925,989.472218816381,20.12875946548872,0.010144465227139965,4503
refractory_0.8,106,none,0,10,14,14,0.936562860438293,1.9238388035264704,0.9262590174948026,3866,0.9961200206932229,3.7519399896533887,41,1.5797911087630343,0.32180653891197253,494.24719387124765,11.985585902111184,0.0214664184453629,3851
refractory_0.8,106,none,0,14,14,14,0.9826418289585097,1.9238388035264704,0.9262590174948026,3866,0.9961200206932229,3.7519399896533887,41,1.5797911087630343,0.32180653891197253,494.24719387124765,11.985585902111184,0.0214664184453629,3851
refractory_0.8,106,shuffle,0,10,14,54,0.15538417594972864,4.722129952374824,0.9383202886333426,11427,1.0,1.269362037280126,9,2.9642378083409557,1.5502133821566773,-400.1265557712246,-17.12307751108983,0.04149059606698002,11427
refractory_0.8,106,shuffle,0,14,14,54,0.225631573240811,4.271555980582386,0.9218212147237658,10367,1.0,1.3991511526960547,9,2.629152578678175,1.254280838250006,-561.8017467884201,-21.284486160064073,0.062042367719141955,10367
refractory_0.8,106,shuffle,0,54,14,54,0.8538794801102796,2.6210096954627176,0.8529669950291388,4028,1.0,3.6010427010923536,25,1.3891354844399988,0.325125122301982,-643.008667941155,-23.742273253495142,0.13616486069838313,4028
refractory_0.8,106,jitter,4,10,14,15,0.7807737397420867,1.9241336731245717,0.9263853798575842,3875,0.9961290322580645,3.743225806451613,41,1.5829676759852003,0.3226989907990815,502.40935713799803,12.148861159225905,0.020364026244406752,3860
refractory_0.8,106,jitter,4,14,14,15,0.806287170773152,1.9238388035264704,0.9262590174948026,3866,0.9961200206932229,3.7519399896533887,41,1.5797911087630343,0.32180653891197253,494.24719387124765,11.985585902111184,0.0214664184453629,3851
refractory_0.8,106,jitter,4,15,14,15,0.7721463199647421,1.9238388035264704,0.9262590174948026,3866,0.9961200206932229,3.7519399896533887,41,1.5797911087630343,0.32180653891197253,494.24719387124765,11.985585902111184,0.0214664184453629,3851
refractory_0.8,106,jitter,20,10,14,23,0.465359477124183,1.9862478940652122,0.9239610268213841,4775,0.9968586387434555,3.037696335078534,41,1.8362318633097114,0.4159374215858791,1068.2531692224104,20.62686424466308,0.012611399976679483,4760
refractory_0.8,106,jitter,20,14,14,23,0.5789959963042809,1.9347378793568737,0.9303214484246783,4291,0.9965043113493358,3.380330925192263,41,1.7167744536329987,0.3647662050373043,839.0486646095943,18.158144422185995,0.010057247207089226,4276
refractory_0.8,106,jitter,20,23,14,23,0.7348399246704331,1.9244524967431158,0.926842677355037,3924,0.996177370030581,3.6964831804281344,41,1.6013646727948565,0.32757037646326725,553.6093817797008,13.198924709182597,0.016968855707590103,3909
refractory_0.8,106,jitter,80,10,14,41,0.2451802179379715,2.646934718356968,0.9847750738511001,8249,0.9992726391077706,1.7583949569644806,37,2.3776841506184905,0.8585693477133507,815.3626318710825,11.677720091863794,0.016347603543992117,8243
refractory_0.8,106,jitter,80,14,14,41,0.28959947255645296,2.4401678533242075,0.9580645209429203,7149,0.9984613232619947,2.028955098615191,41,2.2209616055187507,0.7033890802630529,1038.9081499236536,13.837150535247915,0.01313412882532683,7138
refractory_0.8,106,jitter,80,41,14,41,0.47401665231122597,1.906629820389831,0.950766825171542,4523,0.9953570638956445,3.206942294936989,45,1.7989233092993633,0.39659897903083197,1004.7040894937514,20.152164390615255,0.011400959250177922,4502
refractory_0.8,107,none,0,10,14,14,0.8729846637829335,1.8566702624330325,0.9491659175033337,3857,0.9958516982110448,3.7593984962406015,47,1.5792587669669391,0.32278559144937624,478.53844037425785,11.618153778847491,0.021878502167478442,3841
refractory_0.8,107,none,0,14,14,14,0.909206081081081,1.8566702624330325,0.9491659175033337,3857,0.9958516982110448,3.7593984962406015,47,1.5792587669669391,0.32278559144937624,478.53844037425785,11.618153778847491,0.021878502167478442,3841
refractory_0.8,107,shuffle,0,10,14,53,0.16139150270886798,4.6981412415109665,0.9272245815084726,11401,1.0,1.2718182615560039,7,2.9584325523041084,1.5430691706209259,-389.965981439151,-17.078401233015825,0.04090109737804515,11401
refractory_0.8,107,shuffle,0,14,14,53,0.22643143197315727,4.425836371660517,0.9230599446295886,10333,1.0,1.4032710732604277,9,2.626581033420356,1.2469522969862106,-524.9918695923498,-19.605705319186608,0.06019126832730526,10333
refractory_0.8,107,shuffle,0,53,14,53,0.823370613189356,2.4734926590332873,0.8892275919330546,4111,1.0,3.527122354658234,28,1.4176088239444038,0.333247965334046,-584.2546074159848,-19.940260646903507,0.13209369433569484,4111
refractory_0.8,107,jitter,4,10,14,14,0.7523659305993691,1.8590983502081657,0.9488047290842081,3862,0.9958570688762299,3.7545313309166235,47,1.5803560618022185,0.3232843092039175,479.34983616629665,11.62660508988714,0.0220410932554157,3846
refractory_0.8,107,jitter,4,14,14,14,0.797506448839209,1.8566702624330325,0.9491659175033337,3857,0.9958516982110448,3.7593984962406015,47,1.5792587669669391,0.32278559144937624,478.53844037425785,11.618153778847491,0.021878502167478442,3841
refractory_0.8,107,jitter,20,10,14,23,0.43605588393336914,1.9313167325509837,0.9429009612979949,4778,0.9966513185433236,3.034742570113018,47,1.8382765790716125,0.418717495757144,1049.8877106707325,20.316279732359487,0.014126752888537486,4762
refractory_0.8,107,jitter,20,14,14,23,0.569264752287788,1.8679649408382308,0.9539817045978469,4249,0.9962344080960226,3.4125676629795247,47,1.7064220440257767,0.3625922106470356,795.8596969878809,17.455109131551698,0.016525598986277035,4233
refractory_0.8,107,jitter,20,23,14,23,0.7612509534706331,1.8568773769613307,0.9495323326816932,3909,0.995906881555385,3.7093885904323356,47,1.599430479480409,0.32798313270651,535.7991875998812,12.804009320770826,0.019723194874900485,3893
refractory_0.8,107,jitter,80,10,14,41,0.25760159136118216,2.5745252797086526,0.9691824052687144,8113,0.9995069641316405,1.787255022802909,42,2.3530595492922846,0.8318858268884541,871.1915106832838,11.73397481204536,0.01737357588439592,8109
refractory_0.8,107,jitter,80,14,14,41,0.29321039396479465,2.3943103992227255,0.9635472789062525,7094,0.99873132224415,2.043980828869467,42,2.201811299771167,0.6935708656466633,993.9235927512754,12.976155773777494,0.01595988928497516,7085
refractory_0.8,107,jitter,80,41,14,41,0.44033663961526903,1.9369811209915324,0.9304810622135659,4456,0.9961849192100538,3.254039497307002,65,1.7706278773434772,0.3865346040374803,938.04639297263,19.266197142068794,0.014204256696195405,4439
refractory_0.8,108,none,0,10,23,23,0.8659644024700327,2.070263338600138,0.9129949124861125,4108,0.9973222979552093,3.523612463485881,44,1.6180900078930396,0.34348987398619635,485.65136588345996,11.61660810155579,0.021852568379408077,4097
refractory_0.8,108,none,0,23,23,23,0.6592689295039165,2.070263338600138,0.9129949124861125,4108,0.9973222979552093,3.523612463485881,44,1.6180900078930396,0.34348987398619635,485.65136588345996,11.61660810155579,0.021852568379408077,4097
refractory_0.8,108,shuffle,0,10,23,54,0.15882019285309132,3.81892731877914,0.9395132917011612,11448,1.0,1.2644129979035639,5,2.980771095760298,1.5648509934194745,-392.62960817171535,-18.057170904853294,0.039989349473883995,11448
refractory_0.8,108,shuffle,0,23,23,54,0.35955702574428305,3.660366230114783,0.9140021689348556,8399,1.0,1.7234194546969877,12,2.184318701192568,0.8680764386076829,-760.2490707286669,-24.771459437657395,0.09745404733317031,8399
refractory_0.8,108,shuffle,0,54,23,54,0.9059660213354406,2.6742106270652566,0.8526754319028034,4029,1.0,3.5927029039463885,25,1.3834970570863572,0.32602190584178514,-687.4901046919512,-25.362795326408644,0.1446694778749879,4029
refractory_0.8,108,jitter,4,10,23,24,0.7046762589928057,2.0723343929383593,0.9126561723834924,4115,0.9973268529769137,3.5176184690157957,44,1.6205334694985982,0.34419269343619363,492.3809672290068,11.759744430885636,0.021563675526312442,4104
refractory_0.8,108,jitter,4,23,23,24,0.5566739606126915,2.070263338600138,0.9129949124861125,4108,0.9973222979552093,3.523612463485881,44,1.6180900078930396,0.34348987398619635,485.65136588345996,11.61660810155579,0.021852568379408077,4097
refractory_0.8,108,jitter,4,24,23,24,0.5998267648332611,2.070263338600138,0.9129949124861125,4108,0.9973222979552093,3.523612463485881,44,1.6180900078930396,0.34348987398619635,485.65136588345996,11.61660810155579,0.021852568379408077,4097
refractory_0.8,108,jitter,20,10,23,32,0.41396385243872247,2.103740308152548,0.9255847540102874,5077,0.9980303328737443,2.851093165255072,44,1.874058689582812,0.44420892439932713,1051.3638354185516,19.91092760704988,0.01168899920738864,5067
refractory_0.8,108,jitter,20,23,23,32,0.6997893258426966,2.070235039797597,0.9133787595095929,4171,0.9973627427475426,3.4703907935746825,44,1.6414907907199012,0.34983189882462695,555.1407684673428,13.042977420361009,0.019094400205610373,4160
refractory_0.8,108,jitter,20,32,23,32,0.7725880551301685,2.0702478880844977,0.9130294160253236,4115,0.9973268529769137,3.5176184690157957,44,1.6207815985144816,0.34419269343619363,493.8199348802511,11.78805489554273,0.02152601704842194,4104
refractory_0.8,108,jitter,80,10,23,44,0.2347684809098294,2.861210360948279,0.969641219363336,8498,0.9998823252530007,1.70334196281478,31,2.3979521421585996,0.8873922126215741,722.8139323651285,10.764792500581585,0.018836736013515876,8497
refractory_0.8,108,jitter,80,23,23,44,0.33898651409889663,2.1716604344291466,0.9621289935012824,5985,0.9983291562238931,2.418546365914787,44,2.0384781103213196,0.5501873579328973,1151.1745246324165,17.549798143896016,0.0044247569808553155,5975
refractory_0.8,108,jitter,80,44,23,44,0.46436915887850466,2.0399329139999174,0.9279687869038261,4550,0.996043956043956,3.181318681318681,63,1.7876481182774757,0.3984600911677989,923.6032961074691,19.617821820352656,0.010820730925155564,4532
refractory_0.8,109,none,0,10,15,15,0.9635063957863055,1.9897736803538089,0.9260313532146756,3904,0.9951331967213115,3.710297131147541,44,1.5962415447966283,0.32985858344479757,495.21975025250657,12.217047499646688,0.019209045068446784,3885
refractory_0.8,109,none,0,15,15,15,0.8992744344857021,1.9897736803538089,0.9260313532146756,3904,0.9951331967213115,3.710297131147541,44,1.5962415447966283,0.32985858344479757,495.21975025250657,12.217047499646688,0.019209045068446784,3885
refractory_0.8,109,shuffle,0,10,15,54,0.16209286867344033,4.267711724800385,0.9388954086197046,11413,1.0,1.269166739682818,6,2.961884001276923,1.550784815935892,-416.8966910747784,-18.589407952399146,0.04221200376644574,11413
refractory_0.8,109,shuffle,0,15,15,54,0.2430594269149292,4.004429072876039,0.942345876578184,10092,1.0,1.4352952833927863,9,2.5668133273217304,1.1931012662276501,-544.851678436914,-19.497671473269722,0.06384545388270157,10092
refractory_0.8,109,shuffle,0,54,15,54,0.8695309420575483,2.4920830066153394,0.8568594983177983,4016,1.0,3.6068227091633465,24,1.3908518334573383,0.32450644650169713,-623.4235595586792,-22.33540444860652,0.14103390027872742,4016
refractory_0.8,109,jitter,4,10,15,16,0.7577854671280276,1.9898260397101695,0.9260876789343678,3910,0.9951406649616368,3.70460358056266,44,1.5984648127051866,0.3304650203994085,501.2543586859589,12.343770087443959,0.01896086754654036,3891
refractory_0.8,109,jitter,4,15,15,16,0.7236614853195165,1.9897736803538089,0.9260313532146756,3904,0.9951331967213115,3.710297131147541,44,1.5962415447966283,0.32985858344479757,495.21975025250657,12.217047499646688,0.019209045068446784,3885
refractory_0.8,109,jitter,4,16,15,16,0.7660410301178525,1.9897736803538089,0.9260313532146756,3904,0.9951331967213115,3.710297131147541,44,1.5962415447966283,0.32985858344479757,495.21975025250657,12.217047499646688,0.019209045068446784,3885
refractory_0.8,109,jitter,20,10,15,24,0.43230277185501065,2.008693681459619,0.9397386644846971,4772,0.9964375523889355,3.0354149203688183,44,1.840304039840964,0.4191499210550125,1055.8063683597045,20.783519067230404,0.012679270696899225,4755
refractory_0.8,109,jitter,20,15,15,24,0.5828337014831177,1.9964768349931676,0.9298363411635798,4238,0.9955167531854648,3.417885795186409,44,1.7094669266192977,0.3641452924125548,792.9683786964006,17.948984841477166,0.015303923694724553,4219
refractory_0.8,109,jitter,20,24,15,24,0.8304832713754647,1.9901829326440326,0.9265640851846036,3967,0.9952104865137383,3.6513738341315856,44,1.6198531434449084,0.33624289915770766,560.8846534999982,13.580864500782072,0.01663686882046389,3948
refractory_0.8,109,jitter,80,10,15,42,0.24638900574954425,2.724096512407652,0.9719209153822594,8196,0.9991459248413861,1.7673255246461688,41,2.375665894843147,0.8559264065914285,819.6584092018774,11.600296764695338,0.0168552758048931,8189
refractory_0.8,109,jitter,80,15,15,42,0.2909434610757862,2.331398865479869,0.9711621890151574,6912,0.9978298611111112,2.095630787037037,42,2.192008229066781,0.6799301700806455,1032.2831282470004,14.030631931065813,0.013309388964484525,6897
refractory_0.8,109,jitter,80,42,15,42,0.4744077215560105,1.979128880166125,0.9260505938465238,4480,0.9950892857142857,3.2332589285714284,54,1.78712607769201,0.3934615617184686,960.9599434219208,20.006899494519907,0.010985035346451899,4458
refractory_0.8,110,none,0,10,17,17,0.9853603603603603,1.9898141109566778,0.9421973266854999,3941,0.9972088302461304,3.6774930220756152,48,1.5811042537160471,0.3267732296726833,452.44404680950265,11.303778281544945,0.022942487736244355,3930
refractory_0.8,110,none,0,17,17,17,0.9495254529767041,1.9898141109566778,0.9421973266854999,3941,0.9972088302461304,3.6774930220756152,48,1.5811042537160471,0.3267732296726833,452.44404680950265,11.303778281544945,0.022942487736244355,3930
refractory_0.8,110,shuffle,0,10,17,54,0.16116412213740458,4.8210963654578105,0.9226688022583427,11379,1.0,1.2736620089638808,7,2.949269081160887,1.537757700828577,-410.9029523448397,-18.251050369785933,0.04213043952218254,11379
refractory_0.8,110,shuffle,0,17,17,54,0.2715578847070033,3.918970721264749,0.8822456656282519,9669,1.0,1.4989140552280484,8,2.451162493182652,1.100062314815312,-670.6427319294202,-23.925468640598975,0.07746555593569182,9669
refractory_0.8,110,shuffle,0,54,17,54,0.8539192399049881,2.4880090984389778,0.8813793740098765,4044,1.0,3.583827893175074,27,1.394958225512406,0.3269816225657711,-633.6554851290214,-22.22786245802843,0.1363029122196715,4044
refractory_0.8,110,jitter,4,10,17,17,0.8112495281238203,2.0036217382544015,0.9348305814096641,3948,0.9972137791286727,3.6709726443768997,48,1.5828667930760094,0.32746523361367263,454.9647412941099,11.377009489729183,0.022385330907358114,3937
refractory_0.8,110,jitter,4,17,17,17,0.8078602620087336,1.9898141109566778,0.9421973266854999,3941,0.9972088302461304,3.6774930220756152,48,1.5811042537160471,0.3267732296726833,452.44404680950265,11.303778281544945,0.022942487736244355,3930
refractory_0.8,110,jitter,20,10,17,26,0.4440993788819876,2.064493496781254,0.9410235077091302,4895,0.9977528089887641,2.960776302349336,48,1.844633039194557,0.42544353652757694,1039.686684067819,20.583078136831816,0.01105212645130127,4884
refractory_0.8,110,jitter,20,17,17,26,0.6630470549522869,1.9919081835729877,0.9453643209934002,4187,0.9973728206352998,3.461428230236446,48,1.6679399261391392,0.3513287395814111,693.8363057545237,16.189133838403983,0.014897989634390596,4176
refractory_0.8,110,jitter,20,26,17,26,0.7752679938744257,1.9899356954781402,0.942386358721221,3967,0.9972271237711117,3.653390471388959,48,1.5914166684848343,0.3293457039864546,483.1335916611219,11.969378265649771,0.020504282663340145,3956
refractory_0.8,110,jitter,80,10,17,42,0.25695216907675195,2.7707752391170604,0.9733790724081308,8324,0.9992791926958193,1.7411100432484383,47,2.366254942438543,0.8749220938434219,593.7698804813011,9.158403704624702,0.024755360927366188,8318
refractory_0.8,110,jitter,80,17,17,42,0.31431159420289856,2.3586814082205256,0.9649395108953306,6655,0.9986476333583771,2.1777610818933133,47,2.123792478903175,0.6330914148474247,989.0113773765275,14.133875691889228,0.012465085400640175,6646
refractory_0.8,110,jitter,80,42,17,42,0.4774118332847566,1.982766968124273,0.9437079513483994,4517,0.996900597741864,3.208545494797432,48,1.7730960519987793,0.3887203593407673,941.2363224334613,20.013608827335663,0.011511905720447912,4503
refractory_0.8,111,none,0,10,18,18,0.9643387815750372,1.9641449092479628,0.9378070964341508,3970,0.9952141057934509,3.6503778337531485,65,1.6014135056103296,0.3383005883944237,434.23922817399114,10.55575863505217,0.026210602814164263,3951
refractory_0.8,111,none,0,18,18,18,0.8550851156700131,1.9641449092479628,0.9378070964341508,3970,0.9952141057934509,3.6503778337531485,65,1.6014135056103296,0.3383005883944237,434.23922817399114,10.55575863505217,0.026210602814164263,3951
refractory_0.8,111,shuffle,0,10,18,54,0.1590737951807229,4.19258359016811,0.948787540313407,11477,1.0,1.262699311666812,6,2.984368281458435,1.5699969428536855,-403.58991737591435,-17.886892540923718,0.04117344615142016,11477
refractory_0.8,111,shuffle,0,18,18,54,0.29069194779610935,3.821249257809221,0.9153962093607061,9387,1.0,1.5438372216895706,9,2.3918719433112177,1.0433763214152898,-657.0519611540753,-22.780578281230355,0.07892729453828107,9387
refractory_0.8,111,shuffle,0,54,18,54,0.8533123028391167,2.420760476320306,0.8635078359500277,4034,1.0,3.592464055528012,28,1.391536834657634,0.32604766131664054,-640.9976651943198,-23.12222886802381,0.1380052700007946,4034
refractory_0.8,111,jitter,4,10,18,18,0.7483870967741936,1.964943162128909,0.938141061945077,3976,0.9952213279678068,3.6448692152917506,65,1.6028939988263229,0.3389143838478611,436.1513294936665,10.581382234075155,0.025946283209916432,3957
refractory_0.8,111,jitter,4,18,18,18,0.7219789842381786,1.9641449092479628,0.9378070964341508,3970,0.9952141057934509,3.6503778337531485,65,1.6014135056103296,0.3383005883944237,434.23922817399114,10.55575863505217,0.026210602814164263,3951
refractory_0.8,111,jitter,20,10,18,27,0.4337442218798151,1.9880173835942803,0.9702776405090371,4919,0.9963407196584672,2.9461272616385443,64,1.86040048776694,0.4387583206163652,992.4624851898418,18.951215091266324,0.00880299040028143,4901
refractory_0.8,111,jitter,20,18,18,27,0.692871419053964,1.9668553435046447,0.9401902711053498,4154,0.9954260953298026,3.48868560423688,65,1.6653217313550552,0.35728505468199856,603.3811886829274,13.95487100033365,0.01922859828682799,4135
refractory_0.8,111,jitter,20,27,18,27,0.798555682250095,1.9642527579255564,0.9379502335365143,3987,0.9952345121645347,3.6348131427138197,65,1.608088140777836,0.34004057825039846,453.6478518717562,10.969598738919279,0.02462520694421677,3968
refractory_0.8,111,jitter,80,10,18,42,0.24123287671232876,2.67200680587794,0.968430967673369,8367,0.9992828970957333,1.7320425481056532,64,2.4076660318421776,0.8840694247680911,808.4959986293305,10.617891674695882,0.019451545930250003,8361
refractory_0.8,111,jitter,80,18,18,42,0.30978660779985284,2.2641105650665345,0.9592630497906585,6515,0.9973906369915579,2.224405218726017,64,2.1335126936022935,0.6342715055296357,1021.3249592210991,14.595410175278372,0.013276714939632894,6498
refractory_0.8,111,jitter,80,42,18,42,0.45087719298245615,2.0360983356732154,0.9158960383938445,4500,0.9946666666666667,3.2204444444444444,65,1.787289216914692,0.4000717525674118,892.2684695101022,18.661690527079575,0.010909358222954801,4476
refractory_0.8,112,none,0,10,18,18,0.9066967644845748,2.029119786804292,0.91937734163502,3979,0.9962302085951245,3.6373460668509674,50,1.5982112551431609,0.3351193091922041,454.55215471738154,10.998789280696549,0.02381266708759444,3964
refractory_0.8,112,none,0,18,18,18,0.8206568712186689,2.029119786804292,0.91937734163502,3979,0.9962302085951245,3.6373460668509674,50,1.5982112551431609,0.3351193091922041,454.55215471738154,10.998789280696549,0.02381266708759444,3964
refractory_0.8,112,shuffle,0,10,18,54,0.15797999047165318,3.724561380919273,0.9521697298326259,11410,1.0,1.2684487291849256,5,2.9641038426938255,1.5528900168048372,-416.4844707269331,-18.83949586437997,0.04214146499493754,11410
refractory_0.8,112,shuffle,0,18,18,54,0.2878787878787879,3.6895548442807615,0.9249753378461505,9397,1.0,1.540172395445355,9,2.4005566313947266,1.047761294802522,-625.189961281273,-21.356237526344785,0.07710690405371812,9397
refractory_0.8,112,shuffle,0,54,18,54,0.876308646762311,2.5487039731581835,0.8944796932502918,4046,1.0,3.5771131982204647,30,1.3945393066387464,0.32771144678116026,-645.3531623687779,-22.65476713272903,0.1362689639501944,4046
refractory_0.8,112,jitter,4,10,18,19,0.7892359804290553,2.0293753518215487,0.9195296006004948,3987,0.9962377727614747,3.6300476548783545,50,1.6008184445626963,0.3359262989471725,460.78133916346854,11.123714784606047,0.02350188978736023,3972
refractory_0.8,112,jitter,4,18,18,19,0.664179104477612,2.029119786804292,0.91937734163502,3979,0.9962302085951245,3.6373460668509674,50,1.5982112551431609,0.3351193091922041,454.55215471738154,10.998789280696549,0.02381266708759444,3964
refractory_0.8,112,jitter,4,19,18,19,0.6219946571682992,2.029119786804292,0.91937734163502,3979,0.9962302085951245,3.6373460668509674,50,1.5982112551431609,0.3351193091922041,454.55215471738154,10.998789280696549,0.02381266708759444,3964
refractory_0.8,112,jitter,20,10,18,27,0.4621309370988447,2.0755423420578203,0.9322713613252667,4888,0.9971358428805237,2.960924713584288,50,1.8391419652817422,0.4298703227396595,953.8053117307346,18.414383429776976,0.006641451743883975,4874
refractory_0.8,112,jitter,20,18,18,27,0.6829594911282223,2.0340328176226397,0.9204304841055165,4139,0.9963759362164775,3.4967383425948295,50,1.6531839011161669,0.35137461723761765,599.9230644122924,13.912666034250153,0.017470867098163367,4124
refractory_0.8,112,jitter,20,27,18,27,0.7875867386276022,2.0294076470830786,0.9196507177827704,4002,0.9962518740629686,3.6164417791104446,50,1.6062150818352503,0.3374410152410736,475.40422396419444,11.435982283396298,0.022844016189327743,3987
refractory_0.8,112,jitter,80,10,18,42,0.23575906241482694,2.6726751987211452,0.9655071644132105,8421,0.9994062462890393,1.7186794917468233,46,2.409652684767286,0.8896261693864262,778.3060470733726,10.067106703255243,0.020603619800608985,8416
refractory_0.8,112,jitter,80,18,18,42,0.2936653240571219,2.2502223122805036,0.9722622035222568,6585,0.9980258162490508,2.1978739559605165,50,2.1415978187195694,0.6343699207450426,1087.1470471419198,15.247609783715868,0.00954768058826394,6572
refractory_0.8,112,jitter,80,42,18,42,0.4679746105020196,1.9344610556422033,0.9618067084013592,4518,0.9960159362549801,3.2034085878707392,50,1.783196479529396,0.3950415855663246,928.9857238768287,18.85999770844546,0.01180354741276346,4500
refractory_0.8,113,none,0,10,23,23,0.9220035778175313,1.9744950532429217,0.9460090989026052,4079,0.9963226280951214,3.5552831576366755,42,1.6202997108529988,0.3430349226962095,499.75016743520166,11.55022654550162,0.022106163647656496,4064
refractory_0.8,113,none,0,23,23,23,0.7175805047867712,1.9744950532429217,0.9460090989026052,4079,0.9963226280951214,3.5552831576366755,42,1.6202997108529988,0.3430349226962095,499.75016743520166,11.55022654550162,0.022106163647656496,4064
refractory_0.8,113,shuffle,0,10,23,54,0.15529945210655582,4.369352018765586,0.931994615018813,11478,1.0,1.2634605331939361,6,2.9826491008326226,1.5677061126321217,-399.8809811380229,-18.09759991558696,0.040395577099526236,11478
refractory_0.8,113,shuffle,0,23,23,54,0.3670028818443804,3.8474925980871446,0.8972185995634278,8374,1.0,1.7317888703128732,14,2.174041934843908,0.8614181383695501,-783.876677880118,-25.40895971912656,0.09990673644913761,8374
refractory_0.8,113,shuffle,0,54,23,54,0.8604651162790697,2.497581867330246,0.8614385157488731,4077,0.9997547216090262,3.557027225901398,31,1.400251519258271,0.3306588058918287,-651.902391263844,-23.571298711049092,0.14122856745820045,4076
refractory_0.8,113,jitter,4,10,23,23,0.7252627763682493,1.975494804914273,0.9460812222956525,4088,0.9963307240704501,3.5474559686888454,42,1.6231631992030575,0.3439445798884687,506.68888461767733,11.685633154545576,0.021778434779637146,4073
refractory_0.8,113,jitter,4,23,23,23,0.6286716352476984,1.9744950532429217,0.9460090989026052,4079,0.9963226280951214,3.5552831576366755,42,1.6202997108529988,0.3430349226962095,499.75016743520166,11.55022654550162,0.022106163647656496,4064
refractory_0.8,113,jitter,20,10,23,31,0.433300395256917,2.0075531286222597,0.9554132598275851,5039,0.9972216709664616,2.8779519745981346,42,1.8829657859882172,0.4436467308026688,1104.671520568233,20.11185151137503,0.013626111334013258,5025
refractory_0.8,113,jitter,20,23,23,31,0.6872355430183357,1.9754025706869818,0.9471262105192776,4152,0.9963872832369942,3.4927745664739884,42,1.6460104012783372,0.3504356090708801,571.2373833154735,12.939588418814914,0.019137470871577245,4137
refractory_0.8,113,jitter,20,31,23,31,0.7235929067077872,1.9744691725558237,0.9460663631978239,4090,0.9963325183374083,3.545721271393643,42,1.6245773282610951,0.34414683042888816,512.7080576418123,11.811407862127904,0.021588545665242487,4075
refractory_0.8,113,jitter,80,10,23,43,0.24085576259489302,2.6527166149948873,0.9678449480335932,8343,0.9997602780774302,1.7382236605537575,39,2.3789200386301683,0.8629204496199103,794.1958910276763,10.484127776819737,0.01855526568816257,8341
refractory_0.8,113,jitter,80,23,23,43,0.3243912505158894,2.0374109350730683,0.9743853592920274,5979,0.9976584713162736,2.42548921224285,42,2.050022281902921,0.5541912960439987,1183.7888387591386,17.076934002364126,0.005949939441474816,5965
refractory_0.8,113,jitter,80,43,23,43,0.47515257192676547,1.9298411479509294,0.9649414355705666,4576,0.9960664335664335,3.1691433566433567,44,1.787810517074254,0.39818143972082165,933.017479357475,18.60706507879851,0.0077232135479959885,4558
refractory_0.8,114,none,0,10,24,24,0.9048640915593705,2.0765148000988884,0.9304227691606215,4135,0.9958887545344619,3.502055622732769,58,1.6279124250689687,0.3524336581355684,440.7995212945988,10.441798735597962,0.03163585062089386,4118
refractory_0.8,114,none,0,24,24,24,0.7235915492957746,2.0765148000988884,0.9304227691606215,4135,0.9958887545344619,3.502055622732769,58,1.6279124250689687,0.3524336581355684,440.7995212945988,10.441798735597962,0.03163585062089386,4118
refractory_0.8,114,shuffle,0,10,24,54,0.16027475672581568,4.520411221536385,0.9460835895770769,11381,1.0,1.2723837975573324,7,2.952557341878782,1.5414353338553726,-413.9395283686657,-18.06763371176381,0.042382197775421515,11381
refractory_0.8,114,shuffle,0,24,24,54,0.3861873508353222,3.1803435815780468,0.9205327986081685,8173,1.0,1.7718096170316897,10,2.1389157223306032,0.8310187759190875,-782.0933117600515,-25.117112263266417,0.10297372376111513,8173
refractory_0.8,114,shuffle,0,54,24,54,0.8610023492560689,2.5774254170038735,0.8726510804325305,4074,1.0,3.5544918998527244,25,1.4023845550882523,0.3301940488392828,-633.1599026402463,-22.287929511156726,0.13727913606734238,4074
refractory_0.8,114,jitter,4,10,24,25,0.7139258726160489,2.0766850316472345,0.930501714457861,4143,0.9958966932174752,3.495293265749457,58,1.6309185551125278,0.3532570059310558,449.62828859443124,10.624828607923957,0.03026118324389815,4126
refractory_0.8,114,jitter,4,24,24,25,0.5458612975391499,2.0765148000988884,0.9304227691606215,4135,0.9958887545344619,3.502055622732769,58,1.6279124250689687,0.3524336581355684,440.7995212945988,10.441798735597962,0.03163585062089386,4118
refractory_0.8,114,jitter,4,25,24,25,0.5640569395017794,2.0765148000988884,0.9304227691606215,4135,0.9958887545344619,3.502055622732769,58,1.6279124250689687,0.3524336581355684,440.7995212945988,10.441798735597962,0.03163585062089386,4118
refractory_0.8,114,jitter,20,10,24,33,0.41379310344827586,2.107316961932011,0.9348170108596602,5092,0.9968578161822467,2.843872741555381,58,1.8945167610255833,0.4545716208375805,1067.0754975556308,20.033757612667962,0.009875632981038884,5076
refractory_0.8,114,jitter,20,24,24,33,0.6957746478873239,2.076964176587478,0.9310311801788684,4204,0.9959562321598477,3.4445765937202664,58,1.6530405832900161,0.35955620090773555,513.1402301759703,11.916936164140369,0.022082217042605767,4187
refractory_0.8,114,jitter,20,33,24,33,0.710423197492163,2.07655733506725,0.9304682615422738,4140,0.9958937198067633,3.497826086956522,58,1.6298661846019993,0.3529481756035424,446.74947794814375,10.566730039323467,0.030743060727058014,4123
refractory_0.8,114,jitter,80,10,24,44,0.24250974069595593,2.6573619583967387,0.9508372001652701,8500,0.9996470588235294,1.7036470588235295,57,2.416411506835276,0.8967955918431929,769.5197226717951,10.2061979983488,0.018734090330947528,8497
refractory_0.8,114,jitter,80,24,24,44,0.3421967682552669,2.181672364035548,0.962226336283675,5923,0.9971298328549721,2.444875907479318,58,2.0538001842407407,0.5552243688217329,1186.0755641239293,18.40576326191798,0.0032469726451673786,5906
refractory_0.8,114,jitter,80,44,24,44,0.4843304843304843,2.0921101740654513,0.9326992042653147,4599,0.9941291585127201,3.148727984344423,58,1.7999184412599387,0.41286958922487327,845.0723549542754,17.58957507490894,0.007825924869136691,4572
refractory_0.8,115,none,0,10,21,21,0.9119971264367817,1.9403541207424186,0.9452446451250758,4050,0.997037037037037,3.576296296296296,47,1.6159717560279905,0.33893423461513983,519.7468713799568,12.043721997485934,0.01950106793006623,4038
refractory_0.8,115,none,0,21,21,21,0.7551903114186851,1.9403541207424186,0.9452446451250758,4050,0.997037037037037,3.576296296296296,47,1.6159717560279905,0.33893423461513983,519.7468713799568,12.043721997485934,0.01950106793006623,4038
refractory_0.8,115,shuffle,0,10,21,54,0.1635755258126195,4.2045286398433905,0.9321809699513228,11341,1.0,1.277136055021603,6,2.941588380602285,1.5278668340879595,-394.58496928337814,-17.38097518932076,0.041411802239990414,11341
refractory_0.8,115,shuffle,0,21,21,54,0.3438907849829351,3.642332577355937,0.9108506902276169,8729,1.0,1.659296597548402,11,2.2482763952409943,0.9229755497036716,-746.2754602055395,-24.490645635535735,0.09544229249445224,8729
refractory_0.8,115,shuffle,0,54,21,54,0.8536585365853658,2.5307386409127917,0.8651011594961475,4093,1.0,3.5387246518446127,29,1.4011047538436596,0.3319465679741863,-665.1773160623344,-24.064154066015494,0.1407080352798687,4093
refractory_0.8,115,jitter,4,10,21,22,0.7458181818181818,1.9415040859315131,0.945356988611736,4062,0.9970457902511078,3.5657311669128506,47,1.6200298773781352,0.3401382901119312,530.3681602207415,12.24953086400776,0.017970209869201115,4050
refractory_0.8,115,jitter,4,21,21,22,0.6532293021239706,1.9403541207424186,0.9452446451250758,4050,0.997037037037037,3.576296296296296,47,1.6159717560279905,0.33893423461513983,519.7468713799568,12.043721997485934,0.01950106793006623,4038
refractory_0.8,115,jitter,4,22,21,22,0.6449912126537786,1.9403541207424186,0.9452446451250758,4050,0.997037037037037,3.576296296296296,47,1.6159717560279905,0.33893423461513983,519.7468713799568,12.043721997485934,0.01950106793006623,4038
refractory_0.8,115,jitter,20,10,21,30,0.43028785982478096,1.968254787912631,0.9673243290782332,4991,0.9977960328591464,2.902023642556602,47,1.8711657763514307,0.436624563477529,1099.6595522625241,20.273984862881296,0.008013314352561363,4980
refractory_0.8,115,jitter,20,21,21,30,0.6839557399723375,1.940941362528588,0.9460811761114603,4144,0.997104247104247,3.4951737451737452,47,1.6492721725035668,0.34840218773617704,613.1374794932531,13.849592975707008,0.01483464385759925,4132
refractory_0.8,115,jitter,20,30,21,30,0.7085446742099103,1.940320934385394,0.9452722904072841,4058,0.9970428782651553,3.569245933957615,47,1.6190621322521057,0.3397367896329253,529.0238174915224,12.22846954458565,0.018128861295301002,4046
refractory_0.8,115,jitter,80,10,21,43,0.24128427724955215,2.7593829045436697,0.9685028183328145,8353,0.9996408475996648,1.7339877888183886,42,2.3826861571601032,0.8709250749125017,749.3765623977399,11.080295671396367,0.018976773420696147,8350
refractory_0.8,115,jitter,80,21,21,43,0.3272619283310236,2.095418911357722,0.9506437454337793,6100,0.9980327868852459,2.3744262295081966,47,2.0837434761072924,0.5683775002847127,1283.2220834063517,18.041984691221156,0.007406642868143187,6088
refractory_0.8,115,jitter,80,43,21,43,0.4611579866162351,1.8838228341453793,0.9617910805898022,4505,0.9960044395116537,3.2150943396226417,47,1.7899595351930007,0.3924546838361085,995.2306238925993,19.955007151944834,0.008925349055446397,4487
refractory_0.8,116,none,0,10,13,13,0.9514563106796117,1.9439003442216733,0.9187234315935199,3843,0.995576372625553,3.774134790528233,55,1.578042212159465,0.32291426446697313,468.50272510192616,11.507383916823438,0.028814207206116216,3826
refractory_0.8,116,none,0,13,13,13,0.8808003405704555,1.9439003442216733,0.9187234315935199,3843,0.995576372625553,3.774134790528233,55,1.578042212159465,0.32291426446697313,468.50272510192616,11.507383916823438,0.028814207206116216,3826
refractory_0.8,116,shuffle,0,10,13,54,0.15947699942737165,3.961682180913372,0.9541982094114846,11379,1.0,1.274628701994903,6,2.9510355908582984,1.5349901902641876,-383.5583097810349,-16.379151451822946,0.04088675251747653,11379
refractory_0.8,116,shuffle,0,13,13,54,0.21347368421052632,4.328309467503542,0.9449010644611515,10573,1.0,1.3717960843658374,9,2.6889261578337074,1.3055306270128328,-520.0597064336466,-19.399983954557452,0.05828030993645883,10573
refractory_0.8,116,shuffle,0,54,13,54,0.8730723606168446,2.429977590087989,0.8654059209760421,4055,1.0,3.5768187422934647,23,1.3914613162253158,0.32774352506774407,-665.52331692097,-24.033284690978732,0.14131418666151602,4055
refractory_0.8,116,jitter,4,10,13,14,0.7875932469572046,1.9463108831463012,0.9185323128569919,3857,0.9955924293492352,3.7604355716878404,55,1.5825980204764871,0.3243173440825532,478.84358040985745,11.711202985062386,0.027223762124453266,3840
refractory_0.8,116,jitter,4,13,13,14,0.8131545873481357,1.9439003442216733,0.9187234315935199,3843,0.995576372625553,3.774134790528233,55,1.578042212159465,0.32291426446697313,468.50272510192616,11.507383916823438,0.028814207206116216,3826
refractory_0.8,116,jitter,4,14,13,14,0.8535852297123229,1.9439003442216733,0.9187234315935199,3843,0.995576372625553,3.774134790528233,55,1.578042212159465,0.32291426446697313,468.50272510192616,11.507383916823438,0.028814207206116216,3826
refractory_0.8,116,jitter,20,10,13,22,0.45538299552513817,1.9754324496312337,0.9506515419129923,4783,0.9964457453481079,3.032406439473134,55,1.8475750141596041,0.421374644977462,1077.4803504528293,20.98317790709592,0.01171031771906439,4766
refractory_0.8,116,jitter,20,13,13,22,0.5420307321482374,1.9582153893921932,0.9251068883777589,4359,0.9961000229410415,3.327368662537279,55,1.7442686732560464,0.37576776093596786,885.9589205196436,19.13169041521946,0.01186707466004111,4342
refractory_0.8,116,jitter,20,22,13,22,0.797752808988764,1.9450939055023482,0.9197004999764733,3930,0.9956743002544529,3.69058524173028,55,1.6098271717211095,0.33166210974830024,553.3051678188834,13.243809413160774,0.01906594509019388,3913
refractory_0.8,116,jitter,80,10,13,41,0.25358435916002897,2.715432032103794,0.982403772473866,8046,0.9993785732040765,1.8026348496147153,55,2.330059554050349,0.8270485043871627,745.4333599952024,10.808228710067663,0.01797875532230131,8041
refractory_0.8,116,jitter,80,13,13,41,0.27926145730300034,2.483711293159179,0.9694079165899596,7257,0.9983464241422075,1.9986220201185063,54,2.227444737064234,0.7245860782307378,893.8224498178757,12.656120577933908,0.015591746759294312,7245
refractory_0.8,116,jitter,80,41,13,41,0.48057680988816953,1.9137036168104422,0.9269319953060866,4466,0.9957456336766681,3.2476489028213167,55,1.7844715020556254,0.3894846736255645,987.6317120023987,20.10370677059033,0.01092941791856017,4447
refractory_0.8,117,none,0,10,18,18,0.9336283185840708,1.9394805697690976,0.9433832948847507,3964,0.9969727547931383,3.6559031281533803,72,1.5997527762316164,0.3315805500648539,503.22281491408654,11.962228279929324,0.01962612218258658,3952
refractory_0.8,117,none,0,18,18,18,0.8265971316818774,1.9394805697690976,0.9433832948847507,3964,0.9969727547931383,3.6559031281533803,72,1.5997527762316164,0.3315805500648539,503.22281491408654,11.962228279929324,0.01962612218258658,3952
refractory_0.8,117,shuffle,0,10,18,54,0.1590260604907742,4.199663536093034,0.9454777415478296,11389,1.0,1.2724558784792344,9,2.9632414625811254,1.5412273875665843,-350.15928080727895,-14.428333179624179,0.038904606187098234,11389
refractory_0.8,117,shuffle,0,18,18,54,0.2849810582915801,3.832345687207622,0.9187834955561349,9474,1.0,1.5296601224403632,9,2.4138011074579904,1.060565325088033,-630.849973453358,-21.87655300181648,0.0755318356707283,9474
refractory_0.8,117,shuffle,0,54,18,54,0.8548009367681498,2.5523664995158373,0.8533042808128064,4034,1.0,3.592464055528012,26,1.3946334512014378,0.32604766131664054,-622.6389058843068,-22.151594520326668,0.13551292754422245,4034
refractory_0.8,117,jitter,4,10,18,19,0.7681766273315569,1.9386444995100918,0.9460568779321212,3974,0.9969803724207348,3.646703573225969,72,1.602740416520538,0.3325802350905568,509.56727718577855,12.07739147716131,0.018641882352550154,3962
refractory_0.8,117,jitter,4,18,18,19,0.7286652078774617,1.9394805697690976,0.9433832948847507,3964,0.9969727547931383,3.6559031281533803,72,1.5997527762316164,0.3315805500648539,503.22281491408654,11.962228279929324,0.01962612218258658,3952
refractory_0.8,117,jitter,4,19,18,19,0.7315998237108858,1.9394805697690976,0.9433832948847507,3964,0.9969727547931383,3.6559031281533803,72,1.5997527762316164,0.3315805500648539,503.22281491408654,11.962228279929324,0.01962612218258658,3952
refractory_0.8,117,jitter,20,10,18,27,0.42496132026817945,1.9892991684566355,0.9623627017665947,4899,0.9975505205143906,2.9581547254541745,71,1.8521811605687066,0.42934105575645953,1043.2496857621388,19.675084461992416,0.007256766000711012,4887
refractory_0.8,117,jitter,20,18,18,27,0.6612312811980033,1.9414331583730524,0.944772564905057,4158,0.9971139971139971,3.485329485329485,72,1.6675614847758542,0.3511405044244088,688.8657950419879,15.544277624149357,0.011624870700582934,4146
refractory_0.8,117,jitter,20,27,18,27,0.7573783058643159,1.939552597202804,0.9435617411481149,3989,0.9969917272499373,3.632990724492354,72,1.6093778652689874,0.3340814694920339,531.313166359143,12.535619643005436,0.017007706396229838,3977
refractory_0.8,117,jitter,80,10,18,42,0.23724060572069547,2.6665410260526845,0.9809590899818476,8252,0.9992729035385362,1.756180319922443,60,2.381924228268593,0.8656825553947036,781.474396693036,10.746736277951097,0.019151441328040586,8246
refractory_0.8,117,jitter,80,18,18,42,0.313228109733183,2.204147467280757,0.9826071068483345,6413,0.9984406673943552,2.259784812100421,70,2.1104280943441918,0.6068819974260877,1124.7932042468922,15.786240781179558,0.009260501483627004,6403
refractory_0.8,117,jitter,80,42,18,42,0.4665314401622718,1.9204841994395958,0.956410666961749,4547,0.9964811963932263,3.187156366835276,77,1.7954551683840112,0.39711266375667076,984.8705854175139,19.83112396746022,0.009261106838834299,4531
refractory_0.8,118,none,0,10,19,19,0.919793966151582,1.9859629393605807,0.9281617232469881,3993,0.995992987728525,3.6316053092912597,57,1.6064964560590784,0.3363732757843243,488.23362718332237,11.548662058951237,0.02206444177187955,3977
refractory_0.8,118,none,0,19,19,19,0.8432221741013426,1.9859629393605807,0.9281617232469881,3993,0.995992987728525,3.6316053092912597,57,1.6064964560590784,0.3363732757843243,488.23362718332237,11.548662058951237,0.02206444177187955,3977
refractory_0.8,118,shuffle,0,10,19,54,0.16629966491144088,4.358873011392358,0.9565328470233261,11328,1.0,1.2801024011299436,9,2.9328553940807947,1.5195400999646953,-394.910697087577,-16.769401951802145,0.04182245817302599,11328
refractory_0.8,118,shuffle,0,19,19,54,0.3018724696356275,3.9910967744390087,0.902757102219464,9223,1.0,1.5722649896996639,10,2.3567057380884417,1.0106703744823524,-653.9890660914627,-22.164448508696285,0.0814829706578718,9223
refractory_0.8,118,shuffle,0,54,19,54,0.8627374951531601,2.552403599792115,0.8596421465283001,4114,1.0,3.524793388429752,26,1.4023941208260648,0.3335104181990165,-679.8635850565735,-24.561039530345468,0.13673627562353757,4114
refractory_0.8,118,jitter,4,10,19,20,0.7366454986925663,1.9794751932381967,0.9278307715805612,3998,0.996248124062031,3.627063531765883,57,1.606842423963327,0.3359130515222938,496.30551861129237,11.703726055658276,0.021135072826319046,3983
refractory_0.8,118,jitter,4,19,19,20,0.691568370467453,1.9859629393605807,0.9281617232469881,3993,0.995992987728525,3.6316053092912597,57,1.6064964560590784,0.3363732757843243,488.23362718332237,11.548662058951237,0.02206444177187955,3977
refractory_0.8,118,jitter,4,20,19,20,0.5737924865831843,1.9859629393605807,0.9281617232469881,3993,0.995992987728525,3.6316053092912597,57,1.6064964560590784,0.3363732757843243,488.23362718332237,11.548662058951237,0.02206444177187955,3977
refractory_0.8,118,jitter,20,10,19,29,0.43292222501887745,1.9832201714796065,0.957731550659576,4966,0.9973821989528796,2.920056383407169,57,1.875117664778367,0.435909256646955,1126.155220481043,20.74433400792566,0.01560153754401672,4953
refractory_0.8,118,jitter,20,19,19,29,0.6434108527131783,1.9696834613170764,0.9337561852228536,4158,0.9963924963924964,3.4874939874939876,57,1.6644223740150874,0.3523166991422486,656.6232830630155,14.76376716393073,0.015082683825655807,4143
refractory_0.8,118,jitter,20,29,19,29,0.7718146718146718,1.9860291225321636,0.9282491237169269,4003,0.9960029977516862,3.622533100174869,57,1.6103786698576155,0.3373831217377101,499.6330521490258,11.781872144910706,0.020424479960932884,3987
refractory_0.8,118,jitter,80,10,19,42,0.2508016171755193,2.737622606071243,0.9746550138967603,8269,0.9993953319627524,1.7536582416253477,43,2.369787814934389,0.8624222649387947,726.7534466863713,10.97599384859296,0.018741058576915104,8264
refractory_0.8,118,jitter,80,19,19,42,0.31563981042654027,2.243646608243805,0.9657021275939637,6357,0.9974830895076294,2.281107440616643,57,2.112527240404509,0.6080053636639158,1116.631542143579,15.782729557256028,0.008449767983482959,6341
refractory_0.8,118,jitter,80,42,19,42,0.4725050916496945,2.0022987474701766,0.9241413435585824,4532,0.9951456310679612,3.1996910856134155,57,1.7921362665169074,0.3992852935799266,936.4598329130198,19.11778315537111,0.005983646473490034,4510
refractory_0.8,119,none,0,10,16,16,0.9494148735371838,1.9523474387007795,0.9607754653439666,3921,0.9959194083142056,3.7000765110941085,42,1.5829700349679054,0.3283998467217193,440.8706907210538,10.83360548566899,0.023945735085507236,3905
refractory_0.8,119,none,0,16,16,16,0.858980044345898,1.9523474387007795,0.9607754653439666,3921,0.9959194083142056,3.7000765110941085,42,1.5829700349679054,0.3283998467217193,440.8706907210538,10.83360548566899,0.023945735085507236,3905
refractory_0.8,119,shuffle,0,10,16,53,0.1619193270885108,4.670330404419845,0.9308906808125981,11380,1.0,1.2748681898066785,7,2.945484773301777,1.5343063987375833,-412.2853206424338,-17.996265947593635,0.04262839827443066,11380
refractory_0.8,119,shuffle,0,16,16,53,0.2513953488372093,4.201176044969288,0.9284862664308094,9838,1.0,1.4746899776377314,10,2.4970681882527135,1.1335411497397767,-593.5115139254667,-20.800664938898517,0.06986755089415231,9838
refractory_0.8,119,shuffle,0,53,16,53,0.8612292230382682,2.312402415398881,0.8722542465215214,4123,1.0,3.518796992481203,27,1.4001989095748772,0.33418804539448477,-702.9072027236865,-26.120684828517604,0.14130652951601835,4123
refractory_0.8,119,jitter,4,10,16,17,0.7908396946564885,1.9526881039351496,0.9609708361889331,3930,0.9959287531806615,3.6916030534351143,42,1.5856553335411565,0.32930041078263506,446.34199106506503,10.940582085229257,0.023650710644674056,3914
refractory_0.8,119,jitter,4,16,16,17,0.7355408388520971,1.9523474387007795,0.9607754653439666,3921,0.9959194083142056,3.7000765110941085,42,1.5829700349679054,0.3283998467217193,440.8706907210538,10.83360548566899,0.023945735085507236,3905
refractory_0.8,119,jitter,4,17,16,17,0.729982206405694,1.9523474387007795,0.9607754653439666,3921,0.9959194083142056,3.7000765110941085,42,1.5829700349679054,0.3283998467217193,440.8706907210538,10.83360548566899,0.023945735085507236,3905
refractory_0.8,119,jitter,20,10,16,25,0.42230347349177333,1.9900229975741563,0.9743562716971176,4881,0.9969268592501537,2.972341733251383,42,1.8483059370304478,0.4279158138384245,1030.796929094948,19.835353264465056,0.009091734348673053,4866
refractory_0.8,119,jitter,20,16,16,25,0.6487961476725521,1.9563355032470449,0.9642471987029348,4203,0.9961931953366643,3.4518201284796572,42,1.6785396313424226,0.35697801045316535,691.2417933840754,15.739377706190561,0.014589816471724082,4187
refractory_0.8,119,jitter,20,25,16,25,0.7384080370942813,1.95282574825613,0.9612415640440932,3964,0.9959636730575177,3.659939455095863,42,1.5991889589008768,0.33270917626794094,486.3162336315834,11.796294865729012,0.022064484345994173,3948
refractory_0.8,119,jitter,80,10,16,42,0.2465560865898229,2.614136341814589,0.9779771059553886,8211,0.999756424308854,1.7668980635732554,39,2.356300508303706,0.8406478131942889,823.921096663329,11.137542791923158,0.017617711900352107,8209
refractory_0.8,119,jitter,80,16,16,42,0.29510514225128115,2.3313229099381547,0.965508976019615,6766,0.9985220218740762,2.1442506650901567,41,2.162547763914249,0.6485940288721195,1118.1313666291503,15.283188594730431,0.008462658878730545,6756
refractory_0.8,119,jitter,80,42,16,42,0.4592375366568915,1.9122841326433726,0.9714330671800595,4529,0.9962464120114816,3.203356149260322,42,1.7832405162802534,0.3921783644028377,964.0915059994136,19.79860982900492,0.009768042495344575,4512
refractory_1.0,100,none,0,2,2,2,0.0,3.2988846008792883,0.8777095644447842,7858,1.0,1.8453805039450242,11,2.107153208792189,0.7806539425855579,-548.5029019599366,-17.34903762406294,0.0786098852890984,7858
refractory_1.0,100,none,0,10,2,2,1.5098187311178248,1.3267633266055838,0.964457741949566,2115,0.9541371158392435,6.856264775413711,85,1.3455464263292374,0.21211104594557206,381.1345769754975,13.83569446530897,0.0141499547309335,2018
refractory_1.0,100,shuffle,0,2,2,54,0.032571849668386145,5.622009766790782,0.9676437480144483,13804,1.0,1.0504926108374384,3,4.722140002519046,3.0351874807873758,-73.69223393610291,-10.07849176246505,0.005963709541192519,13804
refractory_1.0,100,shuffle,0,10,2,54,0.15587871875297024,4.923993517891622,0.9192768817246263,11417,1.0,1.2701235000437943,8,2.9665517955105347,1.5479901568646763,-372.76068083575046,-16.119602380586787,0.03972447692772485,11417
refractory_1.0,100,shuffle,0,54,2,54,0.8307508939213349,2.5283774069294065,0.8553467224350343,4062,1.0,3.569916297390448,25,1.3988250710202532,0.3284972657797338,-631.9108093790518,-22.912494736533084,0.135569155205929,4062
refractory_1.0,100,jitter,4,2,2,2,0.4308176100628931,2.15059101668745,0.9565257317977651,5013,0.9968082984240973,2.892679034510273,43,1.8145482596146518,0.44448363301838056,655.6484918064618,12.357845426161445,0.029711690724079753,4997
refractory_1.0,100,jitter,4,10,2,2,1.1561514195583595,1.3292083420968208,0.9649348285029933,2122,0.9542884071630537,6.833647502356268,85,1.3493353798525813,0.21298389822687924,385.9965624841932,13.946396502638597,0.014814396003542507,2025
refractory_1.0,100,jitter,20,2,2,4,0.3267826086956522,2.505486643058282,0.9697765270494744,6908,0.9992762015055009,2.099160393746381,41,2.116171971022654,0.6578174762597171,716.4058124774257,11.545337503399853,0.02358595445656575,6903
refractory_1.0,100,jitter,20,4,2,4,0.39424420229114276,1.898629454215581,0.9650492138891292,4524,0.9876215738284704,3.2053492484526966,79,1.8964708174516272,0.4533769489821614,961.5806738555397,16.8052875436291,0.006377148783887732,4468
refractory_1.0,100,jitter,20,10,2,4,0.6123508043591074,1.403308540515317,0.9532327560017648,2623,0.9630194433854365,5.528402592451392,84,1.5926271599092505,0.27562919586217693,754.6089267866419,21.626980171581717,0.03584806399940765,2526
refractory_1.0,100,jitter,80,2,2,12,0.1763792568057137,3.617175737586995,0.9618429250365906,10627,1.0,1.3645431448197987,12,2.784380231485839,1.3199300475809563,10.64892119475519,0.2805016562826372,0.030395568339176227,10627
refractory_1.0,100,jitter,80,10,2,12,0.35622211204759546,2.055085714896803,0.9737517361995657,5067,0.9913163607657391,2.8618511940003946,82,1.9697181587675185,0.5089461794307295,954.1265415347425,15.862888357565806,0.007733776538298653,5023
refractory_1.0,100,jitter,80,12,2,12,0.3589310829817159,2.0128154527023874,0.976456358554318,4514,0.9849357554275587,3.212450155073106,82,1.938642045749086,0.48445770831398116,895.3496842091902,16.104618420969977,0.003422620428802925,4446
refractory_1.0,101,none,0,2,2,2,0.0,3.3924081598900906,0.8748688892727067,7949,1.0,1.8240030192477041,11,2.1230316635886712,0.7946146309982349,-555.3350084374513,-17.583557775892032,0.07844030127678436,7949
refractory_1.0,101,none,0,10,2,2,1.4840386043058649,1.266170774497033,0.9630659107985579,2150,0.9646511627906976,6.743720930232558,76,1.311020238450686,0.2001049281170078,397.79971091411113,14.295754146983557,0.011022352722053652,2074
refractory_1.0,101,shuffle,0,2,2,54,0.03126843657817109,5.915248667151138,0.9745071000281885,13799,1.0,1.0507283136459165,4,4.734292356699639,3.030754625469779,-41.493259617962934,-4.46562196233521,0.004403400488338094,13799
refractory_1.0,101,shuffle,0,10,2,54,0.15933174224343674,4.326153286965585,0.9581080334047394,11386,1.0,1.2734059371157562,10,2.9539346312405446,1.5384927900715923,-388.07256281570665,-15.690322903939956,0.041603405848794406,11386
refractory_1.0,101,shuffle,0,54,2,54,0.8698710433763188,2.515170186789783,0.866388840149634,4036,1.0,3.592418235877106,28,1.387612395232372,0.3260526025953222,-664.6525033953011,-24.330885847031485,0.13757277327911926,4036
refractory_1.0,101,jitter,4,2,2,2,0.43649974186886936,2.15199510576721,0.9643041167911843,5047,0.9978204874182682,2.8727957202298393,38,1.8053611691431026,0.44055702979821953,644.7142461433814,12.211077918331997,0.027491106716816538,5036
refractory_1.0,101,jitter,4,10,2,2,1.2114068441064638,1.2689524431223158,0.9638901205797842,2156,0.9647495361781077,6.724953617810761,76,1.3135904893955885,0.20079947158891875,400.20864630143416,14.324653207295258,0.011370961685006453,2080
refractory_1.0,101,jitter,20,2,2,4,0.32794774836713647,2.6198996892582853,0.9598803707167618,7038,0.9998579141801648,2.0601023017902813,35,2.106500441135749,0.6665407663508514,568.8094217779948,9.986704937757953,0.03144841572470469,7037
refractory_1.0,101,jitter,20,4,2,4,0.39386261261261263,1.8516822376964066,0.9731000176535037,4550,0.9923076923076923,3.1865934065934067,62,1.8488138041169702,0.42362563549974497,1004.1437022484448,18.321798366749466,0.00412811315744932,4515
refractory_1.0,101,jitter,20,10,2,4,0.6031088082901555,1.3159937608422196,0.9455330691809153,2638,0.9715693707354056,5.496209249431387,76,1.552774632710749,0.25542751735205993,808.7912063630456,23.370309624602925,0.04476618461258064,2563
refractory_1.0,101,jitter,80,2,2,12,0.16943656262667206,3.603306195172296,0.9704654095411382,10772,1.0,1.3459896026735982,14,2.8348074445468665,1.3584760610339388,61.98539956921593,1.5519854838897686,0.027090521195531014,10772
refractory_1.0,101,jitter,80,10,2,12,0.37729468599033816,2.0658173578158254,0.9705010096996493,5149,0.9932025636045834,2.815886579918431,73,1.9541377415345789,0.5023146911338174,943.0144199475646,15.708813724325417,0.013397898435035471,5114
refractory_1.0,101,jitter,80,12,2,12,0.40234908494946736,1.960742186700526,0.9772192908560281,4611,0.9882888744307091,3.144437215354587,74,1.9123305863730966,0.46896387141945894,918.0289045243736,16.21945640099782,0.007506737381791639,4557
refractory_1.0,102,none,0,2,2,2,0.0,3.0456310536870594,0.9015139329024237,7980,1.0,1.8164160401002507,10,2.1331067535783657,0.7996965510261158,-521.6603454576906,-16.590043080048293,0.07471928564304209,7980
refractory_1.0,102,none,0,10,2,2,1.4819102749638204,1.3371813125827656,0.9456527107701284,2199,0.965893587994543,6.591632560254661,111,1.340793235254596,0.21013960359356482,404.70384326791384,14.655374953312817,0.014832156935007723,2124
refractory_1.0,102,shuffle,0,2,2,54,0.03119495008807986,6.64927541181363,0.9567276439919852,13835,1.0,1.0477050957715939,4,4.796037744747709,3.089319206335281,-58.77202010621514,-7.582026423338133,0.00510441524380445,13835
refractory_1.0,102,shuffle,0,10,2,54,0.15638599810785242,4.396082926422809,0.9286931167824622,11461,1.0,1.264723846086729,6,2.977434407186381,1.5639218814472784,-406.884239178233,-18.36964686844965,0.04120909526548322,11461
refractory_1.0,102,shuffle,0,54,2,54,0.870592793490895,2.403117906352383,0.8814366856868077,4065,1.0,3.5658056580565805,27,1.397167930634728,0.3289477744697442,-647.7709603763944,-22.76276555884226,0.13904795648624252,4065
refractory_1.0,102,jitter,4,2,2,2,0.442019791930982,2.176394041828534,0.9595846521929257,5097,0.9964685108887581,2.843829703747302,63,1.8289666181632516,0.4574135001685402,617.5944421184294,11.8086646831307,0.03374041621014856,5079
refractory_1.0,102,jitter,4,10,2,2,1.1818862275449102,1.3379232524231663,0.9457482906324725,2202,0.9659400544959128,6.582652134423252,111,1.3423543325120182,0.21049227468792442,406.8456348935532,14.711770156018998,0.015017211225086369,2127
refractory_1.0,102,jitter,20,2,2,4,0.3187817258883249,2.6540269859053685,0.962253239234385,7107,0.9991557619248628,2.039538483185592,54,2.139260073211508,0.689575357617884,586.0803559773352,9.90619130810694,0.030002583576882347,7101
refractory_1.0,102,jitter,20,4,2,4,0.40409836065573773,1.9544597779107016,0.9786767632986771,4639,0.9911618883380039,3.124595818064238,86,1.8786219573885372,0.45263345316778925,895.2960919258098,16.134336406867646,0.007814245938592035,4598
refractory_1.0,102,jitter,20,10,2,4,0.653,1.4027442586322099,0.9415454999848427,2693,0.9728926847382102,5.382473078351281,111,1.5671534165765149,0.2669397693045442,768.9577107842421,22.472883317632608,0.03313768827896496,2620
refractory_1.0,102,jitter,80,2,2,12,0.17474933497032943,3.5875782550966484,0.980081543170039,10679,1.0,1.357336829291132,14,2.811101986563818,1.3346010087875828,77.76437019142702,1.974167601630725,0.026001760573602817,10679
refractory_1.0,102,jitter,80,10,2,12,0.3615697535295525,2.330774993379775,0.9594622806693656,5209,0.9921290074870417,2.7826838164714918,108,1.987408029122884,0.5371706363023634,815.7149692402431,14.784666461125202,0.01174999517789943,5168
refractory_1.0,102,jitter,80,12,2,12,0.38580330533730695,2.092373966276985,0.9614778927826976,4662,0.9886314886314886,3.1091806091806093,109,1.9398074414454332,0.4900009221300663,883.2057326744831,16.13447107167962,0.00902117803895719,4609
refractory_1.0,103,none,0,2,2,2,0.0,3.175016759600172,0.8816018438659552,8143,1.0,1.7779688075647795,10,2.1713241743379204,0.8265404417285573,-467.33413933116907,-14.851325800563703,0.07071475026669072,8143
refractory_1.0,103,none,0,10,2,2,1.4917087238644557,1.368068202587597,0.959748953942871,2265,0.9682119205298013,6.39205298013245,80,1.311573511180784,0.20804765259722852,344.38638056709055,12.349932074671974,0.009731012947207685,2193
refractory_1.0,103,shuffle,0,2,2,53,0.03355952205340021,6.2711823587887014,0.9701989614015339,13778,1.0,1.050805632167223,4,4.719538181151256,3.0293051998096825,-65.2689693848378,-7.882820933740467,0.005694082516744969,13778
refractory_1.0,103,shuffle,0,10,2,53,0.165374677002584,4.73516353615926,0.9314072528098185,11348,1.0,1.2758195276700741,7,2.93893089644404,1.5315972513188858,-433.48632331442246,-19.167936285088686,0.04362981233270147,11348
refractory_1.0,103,shuffle,0,53,2,53,0.8665902140672783,2.5154803147873674,0.8490686249790924,4130,1.0,3.5055690072639227,28,1.4119983762317698,0.3356925795924841,-650.7775775342374,-23.15059961875466,0.13382882403691743,4130
refractory_1.0,103,jitter,4,2,2,2,0.42871213986702783,2.1316831272940244,0.9643629108019623,5297,0.9977345667358882,2.73324523315084,48,1.8518871195753714,0.4717223069279446,637.1754497543636,11.373578980634386,0.03853121604611787,5285
refractory_1.0,103,jitter,4,10,2,2,1.135236664162284,1.369392496126423,0.9590669458107489,2270,0.9682819383259912,6.377973568281939,80,1.3140494641481215,0.2085907902217009,347.83680689562857,12.441333013557937,0.009563689543810705,2198
refractory_1.0,103,jitter,20,2,2,4,0.31500162707452,2.677158905753909,0.9809566238759433,7324,0.999590387766248,1.976788640087384,37,2.165628755548907,0.7118235557451547,579.2029137451967,9.782187698313418,0.030080910761593915,7321
refractory_1.0,103,jitter,20,4,2,4,0.397459165154265,1.9822330851742083,0.9756252028371902,4890,0.992638036809816,2.960736196319018,76,1.8904113367454602,0.46536320807496034,883.9136584564548,15.127872189164263,0.014763396359203429,4854
refractory_1.0,103,jitter,20,10,2,4,0.5985436893203884,1.428704914325077,0.9686090349463746,2840,0.9753521126760564,5.097887323943662,79,1.5702333352907285,0.27166532454056835,777.9002365656128,21.671942339627797,0.03321986304447122,2770
refractory_1.0,103,jitter,80,2,2,13,0.15794152508889767,3.7279250128335217,0.9589921673994961,10997,1.0,1.316540874784032,17,2.896866715400991,1.4253106470416488,-5.826436440622185,-0.1550200273122072,0.026879340580412747,10997
refractory_1.0,103,jitter,80,10,2,13,0.3671376481312671,2.2361487530502826,0.9625825765651338,5495,0.9947224749772521,2.6347588717015467,80,1.976806471889832,0.5370643314134875,796.3409224944265,13.165737450706606,0.02131952433353934,5466
refractory_1.0,103,jitter,80,13,2,13,0.38897937024972856,1.984297367440353,0.9822908882162611,4685,0.9899679829242263,3.0902881536819637,80,1.8967260783161937,0.46567275749015935,877.7016855121583,15.603478272525766,0.008998315968823833,4638
refractory_1.0,104,none,0,2,2,2,0.0,3.4912757438136652,0.8929596772501208,7939,1.0,1.8284418692530546,12,2.1225638897366945,0.7916727740717509,-530.5865764314548,-16.639203255162517,0.07569228515356241,7939
refractory_1.0,104,none,0,10,2,2,1.517530487804878,1.3187893563447517,0.9395294309055038,2106,0.9582146248812915,6.892687559354226,94,1.324981192273329,0.20395603208944507,393.1781454760079,14.670575109464028,0.020079454344684222,2018
refractory_1.0,104,shuffle,0,2,2,54,0.03205692488262911,5.6344537151498235,0.9706879272098092,13848,1.0,1.0482380127094164,3,4.778741667380549,3.0787185947963165,-66.6649480966164,-9.264523313586084,0.005468859805405235,13848
refractory_1.0,104,shuffle,0,10,2,54,0.16440968910928858,4.670148279801686,0.9324464195288095,11366,1.0,1.277142354390287,7,2.938182655142482,1.5278490365132806,-415.637464497662,-18.28650471727018,0.04229473328907718,11366
refractory_1.0,104,shuffle,0,54,2,54,0.9023818820773135,2.5846034010774233,0.8370125484760449,4055,1.0,3.5797780517879163,24,1.3882915749650504,0.32742141728341656,-680.4814142206179,-25.240033076103135,0.14178510123931176,4055
refractory_1.0,104,jitter,4,2,2,2,0.4326259268729225,2.186566080319934,0.9392707646228582,5093,0.9968584331435303,2.850186530532103,49,1.8261172091358429,0.45323943966262537,644.510666950668,11.937479265990566,0.031184302253193352,5077
refractory_1.0,104,jitter,4,10,2,2,1.0496397117694156,1.321096689518566,0.9383877585119111,2114,0.9583727530747398,6.8666035950804165,94,1.329476726239788,0.20492215187991514,399.3002697483176,14.825343634929721,0.02117569989689988,2026
refractory_1.0,104,jitter,20,2,2,4,0.32515125324114086,2.5679492892259788,0.9643819365318219,6926,0.9995668495524112,2.0958706323996537,53,2.112234052664965,0.6554608316011599,713.6305796734313,11.80076157907222,0.02271112265713726,6923
refractory_1.0,104,jitter,20,4,2,4,0.3864734299516908,1.8736066707027794,0.9576195925705898,4489,0.9895299621296503,3.233682334595678,92,1.8650102829964919,0.43270597830026825,985.9837066572854,17.766049439706503,0.002918522790133382,4442
refractory_1.0,104,jitter,20,10,2,4,0.6346863468634686,1.3950679877607348,0.9453261257645695,2608,0.9666411042944786,5.565950920245399,94,1.5621754429056356,0.26330858166178617,755.4239261428629,22.635789153264284,0.040927180082615255,2521
refractory_1.0,104,jitter,80,2,2,12,0.16721277902928527,3.580475648949389,0.9830463396053605,10730,1.0,1.352842497670084,14,2.816822819714252,1.3439414365636835,49.43745748175354,1.3153094826378915,0.027070791606341738,10730
refractory_1.0,104,jitter,80,10,2,12,0.3879458794587946,2.179794633669347,0.9739524026031607,5095,0.9919528949950932,2.8490677134445535,94,1.9402257822634805,0.5091934434117542,780.8359558692173,14.150945461876383,0.015421971475225504,5054
refractory_1.0,104,jitter,80,12,2,12,0.40323496027241773,2.0664806516817396,0.9479387187992008,4502,0.9873389604620169,3.2243447356730344,94,1.8848188617291672,0.4622500231595068,807.9390471423721,15.063627766549276,0.008545766566993684,4445
refractory_1.0,105,none,0,2,2,2,0.0,3.5435296917165666,0.8712947509368227,7858,1.0,1.8463985747009417,12,2.1147914896414566,0.7800019259108626,-478.6448561090667,-15.038839924557292,0.0722379462080518,7858
refractory_1.0,105,none,0,10,2,2,1.4992784992784993,1.3411946412084639,0.9639459896144706,2177,0.958658704639412,6.664676159853009,75,1.3511366353008771,0.2128450718174364,404.58883735870165,14.728359891828518,0.013829418805368698,2087
refractory_1.0,105,shuffle,0,2,2,54,0.03206868716518676,5.669077841576386,0.9690483007910238,13840,1.0,1.0483381502890174,3,4.775402696697634,3.0767403653874448,-68.3060403136121,-9.566346281351747,0.005568705116036465,13840
refractory_1.0,105,shuffle,0,10,2,54,0.15627676786903968,4.280815936971399,0.9656967036017652,11420,1.0,1.270490367775832,9,2.9635893419905965,1.5469217325971005,-383.72995451719055,-16.003244876428408,0.04100565637341458,11420
refractory_1.0,105,shuffle,0,54,2,54,0.8579928599761999,2.4673319443586132,0.8593496538493406,4030,1.0,3.6002481389578165,25,1.3904582693289829,0.32521035208101035,-636.5350338184529,-23.022051780813037,0.13682008093200543,4030
refractory_1.0,105,jitter,4,2,2,2,0.4231750893312915,2.0798866298936662,0.955003298162279,5058,0.99644128113879,2.868525108738632,45,1.8445950287306676,0.4528447369055152,763.1812808980371,14.11261365113881,0.025782810506473575,5040
refractory_1.0,105,jitter,4,10,2,2,1.2007462686567165,1.3413155974929962,0.9637853955156072,2180,0.9587155963302753,6.6555045871559635,75,1.352902342886674,0.21320783305295216,407.28143282766814,14.8043752139395,0.014113056378031508,2090
refractory_1.0,105,jitter,20,2,2,4,0.32414268481819747,2.5565304258942376,0.970488921627376,6984,0.9992840778923253,2.077462772050401,45,2.1230840295100126,0.6684477259904624,667.2164011894454,11.193235528893874,0.026087227425800052,6979
refractory_1.0,105,jitter,20,4,2,4,0.38704318936877075,1.7912662148247598,0.9552068243272259,4549,0.9905473730490217,3.189492196087052,67,1.8958962075926724,0.4383616985984269,1115.7966446631008,19.37561430358437,0.009336796572776196,4506
refractory_1.0,105,jitter,20,10,2,4,0.6508728179551122,1.3956121630730272,0.961442648830133,2693,0.967322688451541,5.387671741552173,75,1.5960441177867022,0.2738276081894976,807.5646192925362,23.37061036221381,0.040792247343180044,2605
refractory_1.0,105,jitter,80,2,2,12,0.16739108460527646,3.795247776868305,0.9742412776739977,10802,1.0,1.3431771894093687,13,2.836876203564435,1.3645462223649463,33.61401720367837,0.9661402561197763,0.02550969751015053,10802
refractory_1.0,105,jitter,80,10,2,12,0.3834822506640908,2.123811643518258,0.956429971340377,5156,0.9918541505042668,2.8140031031807604,72,1.9636173391315683,0.5171607788451065,854.5948800334991,14.10798445066163,0.011004871416259943,5114
refractory_1.0,105,jitter,80,12,2,12,0.38786565547128926,1.9647279973135152,0.9644083177358813,4621,0.9878814109500108,3.139796580826661,75,1.9238374307192796,0.4744445823988196,931.412445679763,16.13497904699896,0.0055545933018945615,4565
refractory_1.0,106,none,0,2,2,2,0.0,3.2230566178907463,0.867960352079514,8040,1.0,1.8037313432835822,11,2.1480676824473672,0.8083477029389432,-482.9643543946741,-15.345947131845318,0.07014908854638402,8040
refractory_1.0,106,none,0,10,2,2,1.319505094614265,1.3539238080592622,0.9558135906820939,2240,0.9629464285714285,6.474107142857143,85,1.3561387543324006,0.21565220927949713,407.7246518504276,14.190443903162354,0.01189997153833866,2157
refractory_1.0,106,shuffle,0,2,2,54,0.031399367600558864,5.564866104536644,0.9729805804119549,13829,1.0,1.0486658471328367,3,4.76932483438595,3.070296520286809,-65.17136527278838,-8.889896541537382,0.0054027767315608655,13829
refractory_1.0,106,shuffle,0,10,2,54,0.16256582096696984,4.4752363365933325,0.947910245708202,11362,1.0,1.2763597958105968,8,2.9402088249867777,1.530063771029246,-417.0105024108178,-17.921999109014305,0.042837512771967456,11362
refractory_1.0,106,shuffle,0,54,2,54,0.8512096774193548,2.4994478713748864,0.8567418003574145,4045,1.0,3.585166872682324,23,1.3876263725838829,0.32683647203270694,-675.6267332362224,-24.855274900124666,0.14088207418493082,4045
refractory_1.0,106,jitter,4,2,2,2,0.4268413247652002,2.1340580619076954,0.9529201720042086,5227,0.997895542376124,2.7744404055863785,43,1.8436275145390955,0.4615005590828094,686.3767893420272,12.06180504067485,0.03175652580699573,5216
refractory_1.0,106,jitter,4,10,2,2,1.0918367346938775,1.354101468675265,0.9556831209448774,2245,0.9630289532293986,6.459688195991092,85,1.3591912636459593,0.2162436956646916,412.83710293424286,14.329115648595684,0.012539716556694003,2162
refractory_1.0,106,jitter,20,2,2,4,0.31027044964327194,2.619274969728735,0.9722853395342579,7173,0.9994423532692039,2.0217482225010457,33,2.1599306628349115,0.6906457746490242,733.4521968804542,12.025145228644408,0.023099798011199546,7169
refractory_1.0,106,jitter,20,4,2,4,0.39089234008949725,1.9278892690952196,0.9628193920584752,4728,0.9900592216582065,3.067258883248731,71,1.9179900217770598,0.46640522273167095,1000.406344365,17.06087033161763,0.010017975070248486,4681
refractory_1.0,106,jitter,20,10,2,4,0.5859030837004405,1.4185581624775947,0.9504195159374917,2774,0.9708002883922134,5.227829848594088,85,1.597131606365208,0.27737164999183017,805.2114771976801,22.359162065392788,0.03631763503838492,2693
refractory_1.0,106,jitter,80,2,2,13,0.16424581005586592,3.5982002274581317,0.9840561519572002,10786,1.0,1.344520674949008,15,2.834068460628915,1.3616387499978022,35.93985971513348,0.9752516589677005,0.026227247476117377,10786
refractory_1.0,106,jitter,80,10,2,13,0.3598218471636193,2.1065664781370295,0.9858326785404342,5275,0.9931753554502369,2.7491943127962086,85,1.9869389873322572,0.5240159667329116,950.9557097917715,15.64623474535254,0.006820900405946739,5239
refractory_1.0,106,jitter,80,13,2,13,0.38005015324602953,1.9886952659652233,0.9479699558757878,4514,0.9856003544528135,3.212671688081524,85,1.9331849810029897,0.47418367276992346,960.3417031649547,17.204351591098654,0.00600071080393938,4449
refractory_1.0,107,none,0,2,2,2,0.0,3.6236414154865435,0.8731543217130975,7897,1.0,1.8339875902241358,12,2.1234488427735965,0.7880293628041717,-485.84958004292025,-15.469070830406235,0.07196630567730378,7897
refractory_1.0,107,none,0,10,2,2,1.4538956397426734,1.382421761921092,0.9642329613834105,2200,0.9568181818181818,6.583181818181818,89,1.3682301902799257,0.22069464406337164,389.7979484738847,13.796844463704174,0.012098135715828517,2105
refractory_1.0,107,shuffle,0,2,2,54,0.028615339578454333,5.897120543081283,0.96662487340341,13872,1.0,1.0440455594002307,3,4.887219407720044,3.165633867629264,-61.92387939292928,-9.415397666709552,0.005037347046364493,13872
refractory_1.0,107,shuffle,0,10,2,54,0.15583065583065583,4.798269868289399,0.9128604574302671,11461,1.0,1.2636768170316726,7,2.9822912091130735,1.5670566839681728,-397.4763657000708,-17.684476072558272,0.04074571879081401,11461
refractory_1.0,107,shuffle,0,54,2,54,0.8626524990161354,2.636502424462651,0.8853149002245237,4031,1.0,3.592904986355743,30,1.3923910152300625,0.3260001180528487,-634.8812064529881,-21.963272253103632,0.13368181073028507,4031
refractory_1.0,107,jitter,4,2,2,2,0.4214626790650917,2.1401191487017543,0.9364991037862229,5145,0.9968901846452867,2.814965986394558,50,1.849224013278791,0.4606420062545551,720.7690773775607,13.132271230835167,0.028795061345518125,5129
refractory_1.0,107,jitter,4,10,2,2,1.1858083394294074,1.3836144487394912,0.9648907815636982,2205,0.9569160997732427,6.568253968253968,89,1.370283706932197,0.22121399158177868,392.43583614059025,13.85369117700613,0.011763797108112595,2110
refractory_1.0,107,jitter,20,2,2,4,0.3113814074717637,2.6774497570204683,0.9686410228211216,6994,0.9995710609093509,2.070774949957106,46,2.1237589836440076,0.6665704804836314,692.2641613076935,11.683790552015664,0.024925866941248653,6991
refractory_1.0,107,jitter,20,4,2,4,0.3901159580342352,1.7997253089729808,0.955059713265016,4594,0.9912929908576404,3.152590335219852,69,1.8871799350888683,0.43837215026729626,1078.519063422297,18.291289645170448,0.007724735209893363,4554
refractory_1.0,107,jitter,20,10,2,4,0.6161113873694679,1.4562029079697394,0.9483933645797082,2714,0.9653647752394989,5.336403831982314,89,1.6097218566129836,0.28335968120583166,775.5485710545187,21.90138132413063,0.03760319884237673,2620
refractory_1.0,107,jitter,80,2,2,12,0.15970088096701496,3.6969352472819,0.9759911010625034,10718,1.0,1.3512782235491696,13,2.8274297153719683,1.347227686566864,92.81412771559008,2.577371144899361,0.022651060233429443,10718
refractory_1.0,107,jitter,80,10,2,12,0.37086407998095694,2.1900414836995097,0.9523454891458226,5187,0.9917100443416232,2.7921727395411606,88,1.9803608860023107,0.5216283341821002,917.320983404895,15.499285749203509,0.009283137764957705,5144
refractory_1.0,107,jitter,80,12,2,12,0.38870967741935486,2.0365404450582614,0.9576928364301887,4635,0.9874865156418554,3.12470334412082,89,1.9291776716828597,0.48140109474125026,898.040310002489,15.963673233105613,0.006440067640250291,4577
refractory_1.0,108,none,0,2,2,2,0.0,3.344931842242884,0.8966784979698059,7981,1.0,1.8174414233805287,11,2.125268509892967,0.7990057320291923,-580.5666812649646,-18.468734042609633,0.07925182538972775,7981
refractory_1.0,108,none,0,10,2,2,1.4558710667689947,1.314465980673685,0.9511607490642366,2161,0.96298010180472,6.712170291531698,75,1.3082502508572151,0.20276490166864042,365.7422941043641,13.680675722913804,0.01666155411639081,2081
refractory_1.0,108,shuffle,0,2,2,54,0.0327724300095525,6.598396253037338,0.9516070269250937,13822,1.0,1.0494139777166835,4,4.7559785770418,3.0557538369847075,-57.43238281671722,-7.116946956923192,0.005083927008777356,13822
refractory_1.0,108,shuffle,0,10,2,54,0.15900019007793195,4.676124151777783,0.9360383554070528,11430,1.0,1.269028871391076,7,2.961230237574471,1.5511885163148795,-423.80658331538893,-18.590563971425816,0.04293756940875926,11430
refractory_1.0,108,shuffle,0,54,2,54,0.8875645609853,2.5534329557823194,0.8768262626905897,4016,1.0,3.6118027888446216,28,1.3831406008274794,0.32397525322441634,-662.4463509466668,-23.750100823330726,0.13972225256207205,4016
refractory_1.0,108,jitter,4,2,2,2,0.46685436396211927,2.170532886596706,0.9641749668384455,5111,0.9972608100176091,2.8379964781843086,44,1.809928496501028,0.45253844601264503,548.2738221887035,10.474929726409673,0.04030292248531886,5097
refractory_1.0,108,jitter,4,10,2,2,1.142969363707777,1.314653832714182,0.951077795894335,2165,0.9630484988452656,6.699769053117783,75,1.3107515838556036,0.2032094828605805,369.88593447652266,13.800259828818692,0.017017440075901114,2085
refractory_1.0,108,jitter,20,2,2,4,0.3245212675817658,2.646094767439986,0.9606541476663888,7094,0.9990132506343389,2.0446856498449395,41,2.136354052034145,0.6863731583464237,595.2585561647871,9.859728254647637,0.02865844202347667,7087
refractory_1.0,108,jitter,20,4,2,4,0.40054495912806537,2.0010401130940045,0.961180184574325,4649,0.99010539901054,3.1200258120025812,66,1.88166178835767,0.45366536459720963,903.3832217843561,16.629339215603288,0.007483820123968421,4603
refractory_1.0,108,jitter,20,10,2,4,0.6145251396648045,1.391268726220435,0.9370634070377881,2695,0.9706864564007421,5.382189239332097,75,1.559225916128847,0.263809404048748,767.9619885769715,22.436679271816057,0.040761899814083846,2616
refractory_1.0,108,jitter,80,2,2,12,0.1590931888855452,3.6423174956602415,0.9792876213547101,10894,1.0,1.3314668624931154,13,2.8637567121261878,1.390508675278054,24.05536876407018,0.6831147741127567,0.025805450852259826,10894
refractory_1.0,108,jitter,80,10,2,12,0.38233164373642287,2.181308276295037,0.950999207204,5196,0.9924942263279446,2.7915704387990763,75,1.9508517672094587,0.51607549407893,794.4181841073784,13.567368711839265,0.016723726306501763,5157
refractory_1.0,108,jitter,80,12,2,12,0.4123456790123457,1.966177243673222,0.9593676306130801,4610,0.989587852494577,3.146420824295011,75,1.8832348765250604,0.4583776035286935,857.9333673855529,15.039439109161671,0.010283992880065207,4562
refractory_1.0,109,none,0,2,2,2,0.0,3.423896853883312,0.8644556162751145,7710,1.0,1.8783398184176394,12,2.090288781007649,0.7601100324241059,-481.5293310704905,-14.962328209437297,0.07538912756028593,7710
refractory_1.0,109,none,0,10,2,2,1.528115501519757,1.351584009980463,0.9779882182221837,2114,0.9536423841059603,6.850520340586566,87,1.3559413601213794,0.2155705661735896,381.1991720047257,13.86948492637715,0.012646807569573038,2016
refractory_1.0,109,shuffle,0,2,2,54,0.032405361614376196,6.248729764312519,0.9706500003181626,13799,1.0,1.0494963403145154,4,4.753493391989407,3.054166918377965,-58.34451346806878,-6.999866140792305,0.005246966607191927,13799
refractory_1.0,109,shuffle,0,10,2,54,0.15889810313602135,4.665525048968908,0.9324791766081116,11394,1.0,1.2710198350008777,7,2.959565958820379,1.5453828668041032,-397.11553590317993,-17.423003483482507,0.04127994202572771,11394
refractory_1.0,109,shuffle,0,54,2,54,0.8682889146388567,2.570144813116567,0.8199233091452853,4093,1.0,3.5382360127046177,22,1.404185240429248,0.33200117415639674,-647.3100439240385,-23.7885612329925,0.13557428334280947,4093
refractory_1.0,109,jitter,4,2,2,2,0.4358018114011721,2.0690540526731924,0.9539239297451337,4853,0.9956727797238821,2.9841335256542343,48,1.8122301994560015,0.4334671152173415,738.8017511344037,13.91835798968166,0.023012387450184302,4832
refractory_1.0,109,jitter,4,10,2,2,1.179289026275116,1.3519915638899498,0.977763969740633,2118,0.9537299338999056,6.837582625118036,87,1.3583900992248896,0.21607668684299247,384.8013851508726,13.963491984953494,0.013357696799486007,2020
refractory_1.0,109,jitter,20,2,2,4,0.3190696022727273,2.4863138565296725,0.958984945136166,6831,0.9994144341970429,2.120040989606207,35,2.1069864706826475,0.6458481434552255,763.1037614788203,12.081633870908332,0.02378870367341923,6827
refractory_1.0,109,jitter,20,4,2,4,0.38980637813211844,1.8563086910561615,0.977329331359863,4484,0.9870651204281892,3.229705619982159,65,1.8956982835253537,0.4532249388492089,949.7866361051225,16.521694118354674,0.008056646519211452,4426
refractory_1.0,109,jitter,20,10,2,4,0.6437857514300572,1.4140649085363561,0.9658229653355255,2590,0.9625482625482625,5.591505791505791,87,1.5878994782030116,0.2750145874703679,733.3648555439494,21.503039087507922,0.034841365852891604,2493
refractory_1.0,109,jitter,80,2,2,12,0.17831172937085046,3.4740368987485466,0.9718937501300957,10480,1.0,1.3818702290076337,15,2.760328430577756,1.2861122628050907,94.28473037616834,2.2169427770943715,0.028323131452758554,10480
refractory_1.0,109,jitter,80,10,2,12,0.3700075357950264,2.1164373632155624,0.9615957148667325,5003,0.9914051569058565,2.894663202078753,82,1.952042291798323,0.5057150360921596,869.5135478016124,14.831955882786312,0.010895928678060995,4960
refractory_1.0,109,jitter,80,12,2,12,0.4031487208321619,2.0088995406044754,0.9694473590585058,4470,0.9856823266219239,3.239821029082774,86,1.9152261238639081,0.47497159770575803,848.1078958103097,15.307066595218943,0.008226863785258387,4406
refractory_1.0,110,none,0,2,2,2,0.0,3.271517714465951,0.8985250237055826,7978,1.0,1.8177488092253697,11,2.1300820885498073,0.7987988854007779,-538.2052064843954,-16.89015563884838,0.07611405299167273,7978
refractory_1.0,110,none,0,10,2,2,1.5063009636767977,1.382171110786146,0.9756121837211245,2179,0.9554841670491051,6.655346489215236,79,1.3412885507570618,0.21517003319190342,352.55719745628335,12.797962839405079,0.009789747481331434,2082
refractory_1.0,110,shuffle,0,2,2,55,0.029047164967358614,6.672799814852177,0.959255200875432,13859,1.0,1.0463958438559782,4,4.829189898442101,3.1158971256939196,-57.47646789093349,-7.568918670199745,0.004980546734527969,13859
refractory_1.0,110,shuffle,0,10,2,55,0.1610996434603115,4.202699098483792,0.947440786177927,11480,1.0,1.2632404181184669,6,2.985939057964698,1.5683677070988544,-384.8557081994234,-17.230189602149693,0.03941792657169596,11480
refractory_1.0,110,shuffle,0,55,2,55,0.8573717948717948,2.4459666257789716,0.8583051116238453,4022,1.0,3.6056688214818498,26,1.3885839779245561,0.3246297696750682,-639.2658275267265,-23.582923506007457,0.1350543578416734,4022
refractory_1.0,110,jitter,4,2,2,2,0.4422160942592128,2.0581985687893027,0.983811846733639,5134,0.9984417608102844,2.8246980911569928,39,1.8255874776587238,0.4467480685247339,719.9332875006778,12.900388876131418,0.028295741515896422,5126
refractory_1.0,110,jitter,4,10,2,2,1.2344102178812923,1.3835752269383192,0.9760502094647848,2186,0.9556267154620312,6.634034766697164,79,1.3451365118386374,0.21602631673538952,357.79679090111324,12.92844006818884,0.010376323735060033,2089
refractory_1.0,110,jitter,20,2,2,4,0.30311185870479396,2.624844965255195,0.9546104233925117,7130,1.0,2.0339410939691445,30,2.1445882669657177,0.6765975093140117,758.1092775312723,12.441959206879295,0.020292300130841046,7130
refractory_1.0,110,jitter,20,4,2,4,0.3788165360713321,1.9430726442220458,0.9128613026616481,4681,0.9899594103823969,3.098055970946379,71,1.9012603592529178,0.45443489535047754,1013.9956144864989,17.481755521175366,0.004331613909490217,4634
refractory_1.0,110,jitter,20,10,2,4,0.6126936531734133,1.4462370401015623,0.9686830451696067,2697,0.9647756766777902,5.377085650723026,79,1.5843448978997028,0.27646585356293396,738.8468968338414,21.25959891982577,0.03429946547661761,2602
refractory_1.0,110,jitter,80,2,2,13,0.1696554503324602,3.348771835379704,0.9577472746050115,10820,1.0,1.3402957486136784,24,2.8436858756271466,1.3708304881385098,33.130252997660776,0.7940408895294101,0.026763007122807214,10820
refractory_1.0,110,jitter,80,10,2,13,0.3626844359828653,2.0554382541174134,0.9815534923096791,5238,0.9914089347079038,2.7686139747995417,78,1.9813485194247615,0.5264739704218608,885.1038109028674,14.299645448612283,0.013948729711466545,5193
refractory_1.0,110,jitter,80,13,2,13,0.3937692955374684,1.9252955001025878,0.9757251038982971,4491,0.9859719438877755,3.229124916499666,78,1.906813316805371,0.4646240979676146,902.6117169454379,15.85557699530012,0.005214670619851369,4428
refractory_1.0,111,none,0,2,2,2,0.0,3.1944741403558137,0.8827592998906467,8051,1.0,1.7935660166438951,10,2.151059678021534,0.8154243713435254,-525.2881558681929,-16.905844417958566,0.07600263405460828,8051
refractory_1.0,111,none,0,10,2,2,1.4034048852701702,1.3532017476124043,0.9785817907289839,2210,0.9579185520361991,6.53393665158371,74,1.3547584696151436,0.2181458520477027,373.17670048678133,13.085270196651738,0.0076321667021771455,2117
refractory_1.0,111,shuffle,0,2,2,54,0.036028054632705794,6.50538527103346,0.941678653846646,13733,1.0,1.051481832083303,4,4.7131392262661524,3.016726746550245,-48.76935780096068,-5.659517672749976,0.004654346649400343,13733
refractory_1.0,111,shuffle,0,10,2,54,0.1601032307398203,4.557341479372169,0.9290179376925733,11348,1.0,1.2724709199859006,7,2.9609520839321934,1.5411840027395023,-361.99679919342327,-15.608097442039737,0.03926025046651249,11348
refractory_1.0,111,shuffle,0,54,2,54,0.8960587326120556,2.468911647516531,0.8627293934601389,4063,1.0,3.5540241201082945,26,1.4011342514235654,0.3302457785686109,-639.5442685572887,-22.948175369493732,0.14122542237924357,4063
refractory_1.0,111,jitter,4,2,2,2,0.43450321304992584,2.1166421083091116,0.9710085362697298,5188,0.9982652274479569,2.7833461835003854,52,1.8399176737791283,0.4583783548131244,691.5740710743657,12.38886478881614,0.029363589833530268,5179
refractory_1.0,111,jitter,4,10,2,2,1.2054292002934703,1.3553821874267078,0.9797381521267831,2213,0.9579755987347492,6.525079078174424,74,1.3559645212484686,0.2185110222902547,374.1427375205769,13.106351329912743,0.007738687288861068,2120
refractory_1.0,111,jitter,20,2,2,4,0.3166947723440135,2.504224864869268,0.9793321266063661,7106,0.9992963692654095,2.0320855614973263,56,2.146929776034197,0.6909714972726828,628.587586669228,10.629641564761535,0.026904729156367768,7101
refractory_1.0,111,jitter,20,4,2,4,0.3777188328912467,1.8317168546388238,0.9819140928596319,4735,0.9909186906019007,3.0496304118268216,65,1.921324701058678,0.45835724257776356,1101.9655282254491,18.445543341331945,0.007099800615061214,4692
refractory_1.0,111,jitter,20,10,2,4,0.6022020105313547,1.419614765033685,0.9625687541321016,2778,0.9668826493880489,5.197984161267098,74,1.6240836789752269,0.28623026789562434,823.1583127602232,22.497389271742524,0.03757672161794606,2686
refractory_1.0,111,jitter,80,2,2,13,0.1735562621807365,3.547422195983406,0.9733100135363941,10670,1.0,1.353327085285848,16,2.814438730004058,1.3429271320047627,41.257294136446376,0.9635160631136731,0.02915700090973672,10670
refractory_1.0,111,jitter,80,10,2,13,0.3411513859275053,2.1197875624862728,0.9683117909060897,5253,0.9920045688178184,2.7489053873976776,69,2.002267590361212,0.5291537094525509,988.3845570832938,16.10620417092309,0.0072789376240837145,5211
refractory_1.0,111,jitter,80,13,2,13,0.38071348940914157,1.8994016413438066,0.9416489533555218,4491,0.9846359385437542,3.2153195279447786,74,1.9472585811640872,0.47781275536269274,995.9719502546974,16.648561966070144,0.0059207439081291335,4422
refractory_1.0,112,none,0,2,2,2,0.0,3.5835141164762465,0.8586980840040479,8017,1.0,1.8087813396532368,11,2.1373467308936416,0.8048800080235989,-537.8228904084713,-17.332976423161906,0.07360147841405662,8017
refractory_1.0,112,none,0,10,2,2,1.5156794425087108,1.374424074689549,0.9693028503676157,2237,0.9606616003576218,6.482342422887796,95,1.3620208267488803,0.2204873146912713,380.24943136939356,13.277497085742896,0.005771391791906333,2149
refractory_1.0,112,shuffle,0,2,2,54,0.032139442524086195,5.340314874667842,0.9813571229335533,13819,1.0,1.0493523409798104,3,4.757990512843895,3.056943233704427,-56.39685976738295,-7.2382041303648315,0.00492107957538146,13819
refractory_1.0,112,shuffle,0,10,2,54,0.16315889268107697,4.5551299601658,0.9478449229715326,11408,1.0,1.271125525946704,9,2.964482315355715,1.545076118862828,-366.8942576043248,-15.224242119750922,0.03986534573978284,11408
refractory_1.0,112,shuffle,0,54,2,54,0.8913551401869159,2.571332439601881,0.880986218295059,4086,1.0,3.548947626040137,30,1.3980644458049323,0.3308081992720905,-668.4559998420543,-22.912648148512954,0.142967095543521,4086
refractory_1.0,112,jitter,4,2,2,2,0.42289545567419917,2.193309071479055,0.9448823697493861,5184,0.9986496913580247,2.7972608024691357,64,1.8312963806753348,0.45293258010887505,695.0591479890184,12.905815235564988,0.025660257495667138,5177
refractory_1.0,112,jitter,4,10,2,2,1.1746376811594204,1.3752276113020143,0.9691579208840371,2243,0.9607668301382077,6.4650022291573785,95,1.3652534865889994,0.22121347528445934,384.89363656054127,13.397813452357331,0.005679563722197911,2155
refractory_1.0,112,jitter,20,2,2,4,0.3207833867972311,2.573661845812561,0.9571976092239961,7096,0.9997181510710259,2.043545659526494,34,2.1372769449890523,0.6762476699892284,704.0950817060877,11.487068136034678,0.02305242549655173,7094
refractory_1.0,112,jitter,20,4,2,4,0.38336008560727663,1.9233132506523298,0.9786137438303988,4730,0.9890063424947146,3.0657505285412263,67,1.91785852988256,0.4703676404576955,960.1646369816649,16.26772631458719,0.006555559138419542,4678
refractory_1.0,112,jitter,20,10,2,4,0.6050217286335103,1.451185997814805,0.9520178658289997,2799,0.9689174705251876,5.180778849589139,83,1.619247888890465,0.28794603940515384,796.7220118960624,21.832317568172773,0.03025766292011539,2712
refractory_1.0,112,jitter,80,2,2,13,0.17002940281861503,3.648956979392002,0.9740705033684621,10758,1.0,1.3479271240007435,13,2.830791183501434,1.354330183643469,65.32830023444012,1.7624905012934775,0.025259079445761667,10758
refractory_1.0,112,jitter,80,10,2,13,0.3352059925093633,2.156659164675318,0.9450060873284154,5280,0.9912878787878788,2.7464015151515153,85,2.0176399022827933,0.5397701398274604,983.0860771591913,15.692719007144564,0.0052132110506641904,5234
refractory_1.0,112,jitter,80,13,2,13,0.3737262462131644,2.073441598394175,0.9466254325084107,4550,0.9848351648351649,3.187032967032967,91,1.9552171202378776,0.4917330938394844,925.4842687173721,16.579768983058617,0.0058358422786229935,4481
refractory_1.0,113,none,0,2,2,2,0.0,3.6177702406406045,0.881423848011645,7844,1.0,1.8494390617032126,13,2.1009705818213416,0.7780614565841251,-574.3860274851648,-18.331549556628453,0.0786389396710302,7844
refractory_1.0,113,none,0,10,2,2,1.5459418070444104,1.2508172711757526,0.9607989985691666,2083,0.9563130100816131,6.964474315890542,81,1.3267450551790834,0.20137310067081582,416.3934561038396,15.155929751842367,0.02654869555195849,1992
refractory_1.0,113,shuffle,0,2,2,54,0.03286281429201588,5.314694686326731,0.9818055197620241,13819,1.0,1.0497865257978145,3,4.74781081397291,3.0485977326055504,-56.47967905843889,-7.18662176718234,0.004938376713694459,13819
refractory_1.0,113,shuffle,0,10,2,54,0.15913183584494361,4.107881096082427,0.9412594808673365,11419,1.0,1.2704264821788247,6,2.9687279909840694,1.5471076593942348,-354.7525279613228,-15.524028712966128,0.03858993172230896,11419
refractory_1.0,113,shuffle,0,54,2,54,0.863618901267768,2.547550602293424,0.8632977409953404,4046,1.0,3.5855165595650025,27,1.3993168213155212,0.3267985855925629,-605.8168965923662,-21.571376492047115,0.12950935590668677,4046
refractory_1.0,113,jitter,4,2,2,2,0.4299554857292485,2.1262348457238596,0.9354499772370961,5007,0.9982025164769323,2.897343718793689,45,1.8061423949286617,0.43472859275042275,710.4131912055958,13.274358520856383,0.027934961791388324,4998
refractory_1.0,113,jitter,4,10,2,2,1.2279469164715067,1.2509722756889403,0.960631102492807,2088,0.9564176245210728,6.9477969348659006,81,1.3302277160672684,0.20197869893962062,422.154834453911,15.312395121940428,0.027663426146675996,1997
refractory_1.0,113,jitter,20,2,2,4,0.3345718329794763,2.507358398342921,0.9807122855000637,6850,0.9995620437956204,2.1178102189781023,56,2.0912834835635596,0.6466081491930726,642.5751042822254,10.5588347690606,0.03021059285868688,6847
refractory_1.0,113,jitter,20,4,2,4,0.4110915492957746,1.8042835065580705,0.9676102976508871,4393,0.9906669701798315,3.302299112223993,76,1.8313126662339183,0.4121799836640093,988.2048215223401,18.15386228570294,0.005155232313062141,4352
refractory_1.0,113,jitter,20,10,2,4,0.6361141602634468,1.3157422698646417,0.9403360925228785,2531,0.9644409324377716,5.7317265902805214,81,1.5478473579260648,0.2546693623967473,759.9578705631048,22.59872159388511,0.04221971469544272,2441
refractory_1.0,113,jitter,80,2,2,12,0.17158974358974358,3.761011157120096,0.9736953647492743,10702,1.0,1.3555410203700242,14,2.8074262740045217,1.3383153002431203,29.155367157574233,0.7926218132597516,0.027087356335060986,10702
refractory_1.0,113,jitter,80,10,2,12,0.3889739663093415,2.0891409849791227,0.9664777470396005,4945,0.9921132457027301,2.933670374115268,81,1.9173985623627399,0.4862209188600831,844.6770442779024,15.358550698202215,0.010823205299065775,4906
refractory_1.0,113,jitter,80,12,2,12,0.4059633027522936,1.9891565137268856,0.9514874022989908,4404,0.987511353315168,3.294050862851953,74,1.8780839217761578,0.4444483685141224,921.922581273011,17.794222424065993,0.004272542762830955,4349
refractory_1.0,114,none,0,2,2,2,0.0,3.4688792545568736,0.844529923244268,7953,1.0,1.8232113667798315,11,2.128776202137539,0.7951417190945953,-512.7482279488163,-16.17171552922379,0.0755554670876526,7953
refractory_1.0,114,none,0,10,2,2,1.4854586129753915,1.331323652653199,0.9472047334767238,2174,0.9599816007359706,6.669733210671573,94,1.3466171090635957,0.21277486061023282,391.3984597179494,13.832686083594643,0.008963076166613071,2087
refractory_1.0,114,shuffle,0,2,2,54,0.030946780358718024,5.987869112018004,0.9786316128179288,13828,1.0,1.048597049464854,4,4.781297141740504,3.0716455878855067,-46.76421831827409,-5.2575390653560525,0.004649197418105877,13828
refractory_1.0,114,shuffle,0,10,2,54,0.16598419198171602,4.221660291232321,0.9204133829749996,11363,1.0,1.2760714600017602,6,2.9457841134249048,1.530881720217994,-388.94040384065534,-16.90004816072135,0.041588932156001346,11363
refractory_1.0,114,shuffle,0,54,2,54,0.8758271701050993,2.6061683325994665,0.8818451382311194,4054,1.0,3.576714356191416,27,1.3916084555810588,0.3277548984713843,-664.6212477340031,-23.45864329105431,0.14180155412211115,4054
refractory_1.0,114,jitter,4,2,2,2,0.43371017471736895,2.0680610243143374,0.9683182225287759,5061,0.9978265164987157,2.865046433511164,47,1.8212140647054778,0.44359803662283814,715.9710027678633,13.036426811239139,0.03498211406628726,5050
refractory_1.0,114,jitter,4,10,2,2,1.1458966565349544,1.3329153834675287,0.9427940156063569,2179,0.9600734281780633,6.6544286369894445,94,1.3495178217811716,0.21337929374124004,395.72774706630867,13.940678596627281,0.009353332995110764,2092
refractory_1.0,114,jitter,20,2,2,4,0.32447817836812143,2.500108035753666,0.9656938712833514,6968,0.9998564867967853,2.0809414466130884,31,2.11835904776124,0.6568387409627594,749.1280318339009,11.548733770644596,0.02669279950348935,6967
refractory_1.0,114,jitter,20,4,2,4,0.36722389695807073,1.8582168665621683,0.9705132996391574,4643,0.989015722593151,3.122980831359035,62,1.9117398177012515,0.4603698299484651,1005.1757165775948,17.55911371542894,0.010395343974920035,4592
refractory_1.0,114,jitter,20,10,2,4,0.5950738916256157,1.3944835074209008,0.9478946665347847,2729,0.968486625137413,5.313301575668743,94,1.608870301379083,0.27935034137670267,816.0007417910087,22.54312747653249,0.036768685083450825,2643
refractory_1.0,114,jitter,80,2,2,12,0.16692442519847406,3.4014782868222877,0.9572745451213384,10662,1.0,1.3599699868692554,22,2.8071660947032324,1.3291972518410144,90.39682089007462,2.1571074923068387,0.026476320446239043,10662
refractory_1.0,114,jitter,80,10,2,12,0.34833333333333333,2.0532086035620356,0.984178708843086,5191,0.9930649200539395,2.793296089385475,94,1.9782214811332626,0.5107979903786284,1012.2003212641449,16.68079388119763,0.00458484903267431,5155
refractory_1.0,114,jitter,80,12,2,12,0.36171352074966534,1.8663328266664854,0.9606848744286107,4686,0.9886897140418267,3.094323516858728,94,1.9565033164828147,0.47985393841690505,1075.024244944522,17.541821695655514,0.006733058728351171,4633
refractory_1.0,115,none,0,2,2,2,0.0,3.5783617273818966,0.8561466664883937,8058,1.0,1.7997021593447506,11,2.1487606738164065,0.8111371050712601,-504.58564699808744,-16.180830437890815,0.07191214904988419,8058
refractory_1.0,115,none,0,10,2,2,1.4698242933537051,1.3589488261303826,0.9736266289581558,2180,0.9610091743119266,6.652293577981651,79,1.3184561020541405,0.2103814098066354,328.49769353266527,11.918862132060651,0.0072037226525139,2095
refractory_1.0,115,shuffle,0,2,2,54,0.029318833125137778,5.638614054588575,0.9719968154778886,13847,1.0,1.0473026648371488,3,4.803116288906351,3.097406614296289,-63.64322397038623,-8.9046279154319,0.00526381401995657,13847
refractory_1.0,115,shuffle,0,10,2,54,0.16029734108453256,4.349557680882657,0.9310886646055138,11411,1.0,1.2708789764262554,6,2.953537354199968,1.5457919077994293,-435.7406155495897,-19.504417342935373,0.0433532137674163,11411
refractory_1.0,115,shuffle,0,54,2,54,0.8781847133757962,2.597689344303325,0.8789243186553871,4059,1.0,3.57280118255728,28,1.388715637117249,0.3281818224806182,-687.9062209669606,-24.744372857029667,0.14541075861523511,4059
refractory_1.0,115,jitter,4,2,2,2,0.43757881462799497,2.162602810643163,0.9617426569884463,5163,0.9976757699012202,2.808832074375363,56,1.824389655403655,0.4558537431185209,613.3485521970068,11.211808772871217,0.03670059439764661,5151
refractory_1.0,115,jitter,4,10,2,2,1.1905132192846035,1.3594853395639765,0.973952139046461,2183,0.9610627576729271,6.6431516262024735,79,1.3199549273354219,0.21073930239774474,330.26637727144407,11.966851175900743,0.006711582974554209,2098
refractory_1.0,115,jitter,20,2,2,4,0.31310276022613903,2.6485875553249665,0.9589330515815232,7174,0.9995818232506273,2.0214664064678005,37,2.150301026086291,0.6891963714542237,677.4045952070918,10.807387141214011,0.026507243734141483,7171
refractory_1.0,115,jitter,20,4,2,4,0.39095531174739095,1.890587300015628,0.9841523021297008,4714,0.9908782350445482,3.076368264743318,75,1.905463660737075,0.4594533854745787,995.7698343738364,17.167238027265995,0.011189115424392826,4671
refractory_1.0,115,jitter,20,10,2,4,0.65625,1.4009043114397008,0.9695519387439236,2734,0.9707388441843453,5.304316020482809,79,1.5704366553898712,0.2727359383015725,735.9217369473231,20.63341097241323,0.02263668054998158,2654
refractory_1.0,115,jitter,80,2,2,13,0.17366720516962844,3.851275399785012,0.9732691246838243,10772,1.0,1.3462681024879317,13,2.831866512949409,1.357878337293672,47.84881844669599,1.3341681229291775,0.025608944826979396,10772
refractory_1.0,115,jitter,80,10,2,13,0.3563484708063021,2.1607973075375755,0.966179901294147,5308,0.9924642049736248,2.7321024868123587,79,2.000301459315436,0.5372051619313019,909.6048551461737,15.332588198528928,0.013130238088830737,5268
refractory_1.0,115,jitter,80,13,2,13,0.375103734439834,1.9625727377061646,0.9651404030607915,4540,0.9870044052863436,3.194273127753304,79,1.9332234797433987,0.47299753087362506,978.4706962125587,17.544500547168663,0.00965317280193656,4481
refractory_1.0,116,none,0,2,2,2,0.0,3.194847952378052,0.8387027691904142,7874,1.0,1.8436626873253747,10,2.1076759968976884,0.7817567065375695,-555.8116284463607,-17.730856644409883,0.0783984110884739,7874
refractory_1.0,116,none,0,10,2,2,1.4331306990881458,1.3301621478214125,0.9412550703119363,2130,0.9586854460093897,6.8154929577464785,82,1.3340027593040542,0.20834574066358041,384.9170941536086,14.155535252176112,0.012017895411984947,2042
refractory_1.0,116,shuffle,0,2,2,54,0.03207339449541284,5.393908693048909,0.9799894619917595,13842,1.0,1.0487646293888166,3,4.771382240892086,3.068362964588908,-57.35518275761524,-7.480201352657814,0.004953273294074578,13842
refractory_1.0,116,shuffle,0,10,2,54,0.1638316069561912,4.790575361766047,0.9231029981113904,11402,1.0,1.2731976846167339,7,2.9507257190650993,1.5390912242398782,-411.2472902528316,-18.221996764253603,0.04181164108757651,11402
refractory_1.0,116,shuffle,0,54,2,54,0.8778838504375497,2.414191486447576,0.8325189972946307,4020,1.0,3.611194029850746,21,1.3780128870026065,0.3240400935867217,-694.184311464056,-26.48236358853882,0.1416787887953726,4020
refractory_1.0,116,jitter,4,2,2,2,0.435351462288353,2.1234389639692735,0.9663558222219265,5082,0.9970484061393152,2.85655253837072,46,1.8229207573095128,0.4510458775513898,646.5693372625863,11.773976197026128,0.0300314267614461,5067
refractory_1.0,116,jitter,4,10,2,2,1.1859219586840093,1.330975138328939,0.9415378549374108,2138,0.9588400374181478,6.78999064546305,82,1.3390925666433215,0.20931706871037198,392.9163936206685,14.369087739714,0.012507659643001268,2050
refractory_1.0,116,jitter,20,2,2,4,0.3258058955352525,2.641809695000037,0.9680102702999788,7008,0.9990011415525114,2.0714897260273974,43,2.12408342485279,0.6743382605755197,617.4959998064903,10.739609401177322,0.0267755843877987,7001
refractory_1.0,116,jitter,20,4,2,4,0.3805990656773839,1.845774229560313,0.975474823177198,4588,0.9899738448125545,3.1641238012205752,70,1.9017913008288208,0.44841378628288964,1056.3753940682716,18.244913433800622,0.007452999100807434,4542
refractory_1.0,116,jitter,20,10,2,4,0.6419502285424074,1.3659305704026337,0.9393526629834833,2648,0.9682779456193353,5.4822507552870094,82,1.5799081142009914,0.26775722265647384,791.7837735820162,22.960958125372507,0.033030997227656955,2564
refractory_1.0,116,jitter,80,2,2,12,0.17500256752593202,3.7752796438917553,0.9615792380247541,10666,1.0,1.3610538158634915,12,2.7967839607574962,1.3269875216465161,40.366792167026915,1.1270435039300932,0.02725480460717533,10666
refractory_1.0,116,jitter,80,10,2,12,0.36424167694204684,2.0903832955807644,0.9759763847617449,5091,0.9909644470634453,2.851502651738362,76,1.9685923165018746,0.5193449621964328,851.8163451667423,14.414171304249258,0.011203042893529913,5045
refractory_1.0,116,jitter,80,12,2,12,0.3788716814159292,2.118967735936433,0.9362265603390879,4569,0.9855548260013132,3.1772816808929742,78,1.9276841267199085,0.48742339325351614,820.5079400195646,15.269387279527535,0.005423063048828558,4503
refractory_1.0,117,none,0,2,2,2,0.0,3.159529065739966,0.8918444222424461,8063,1.0,1.7939972714870396,10,2.1508507299843362,0.8151214963753102,-524.9675672841802,-16.81794153697048,0.07496017452636117,8063
refractory_1.0,117,none,0,10,2,2,1.3144560357675112,1.3511069767814543,0.9800922543957569,2187,0.9574759945130316,6.614083219021491,89,1.358095851455671,0.2189423275820549,372.24148298272496,13.019043366719497,0.0062622264650396,2094
refractory_1.0,117,shuffle,0,2,2,54,0.03077714117819891,5.454838712318112,0.9804085206849786,13819,1.0,1.0467472320717852,3,4.822701690438789,3.1086877136276323,-53.35427001744256,-7.139693547585435,0.004665973276483437,13819
refractory_1.0,117,shuffle,0,10,2,54,0.16214421252371916,4.86281831920137,0.9269614103104139,11404,1.0,1.2684145913714486,7,2.966325060402516,1.552990278464828,-403.8775741619723,-18.275284450422454,0.04089909809906045,11404
refractory_1.0,117,shuffle,0,54,2,54,0.8496355964710395,2.5332386137948686,0.8477114743646138,4063,1.0,3.560177208958897,27,1.4035416684224469,0.3295666144903846,-616.9205031890102,-22.01081956514334,0.1315944483332765,4063
refractory_1.0,117,jitter,4,2,2,2,0.4483450351053159,2.171175081809038,0.9621484446581384,5169,0.9976784677887406,2.7984136196556393,69,1.8283160969346195,0.4593828264309475,601.0071937484199,10.899526126219007,0.03845449931691913,5157
refractory_1.0,117,jitter,4,10,2,2,1.1580524344569287,1.3524156442329098,0.9807778865381892,2193,0.957592339261286,6.595987232102143,89,1.360672189650975,0.21963393924201735,375.0501853947677,13.097742293618545,0.007360930222928386,2100
refractory_1.0,117,jitter,20,2,2,4,0.3044588155207624,2.6100851930013342,0.9403459062065352,7097,0.9997181907848387,2.038185148654361,34,2.1412669787974696,0.6786691407361607,709.1403939319662,11.36166459693395,0.023962549272237066,7095
refractory_1.0,117,jitter,20,4,2,4,0.3934071872466901,1.9174287228929872,0.947520092059771,4660,0.9892703862660944,3.1040772532188843,71,1.912574376431225,0.4628065303119081,989.9050275097106,16.753918160602012,0.008673120563666648,4610
refractory_1.0,117,jitter,20,10,2,4,0.5754245754245755,1.4247270130029943,0.971638847223953,2729,0.9659215829974349,5.300476364968853,89,1.6147881778593014,0.2862430985771468,773.0806600345574,21.152361440493824,0.03024062811129069,2636
refractory_1.0,117,jitter,80,2,2,12,0.16706100195453144,3.644342074555753,0.9783677102488081,10693,1.0,1.3527541382212662,15,2.815941981183327,1.3441265736568866,42.50230555674261,1.1085551894831678,0.02694991124999979,10693
refractory_1.0,117,jitter,80,10,2,12,0.342042755344418,2.0498619901218493,0.9458592648778973,5196,0.9923017705927637,2.78387220939184,87,2.0033931117681743,0.5227386855062042,1046.069025554283,16.70445421536205,0.0037903808959918184,5156
refractory_1.0,117,jitter,80,12,2,12,0.3558462359850507,1.965438677982396,0.9409485323591226,4669,0.9871492825016064,3.098093810237738,88,1.969009024787093,0.49192194976795667,1025.2138745836862,17.075972233104395,0.003928027031035786,4609
refractory_1.0,118,none,0,2,2,2,0.0,3.233317729160899,0.8643047346464481,7802,1.0,1.8570879261727762,11,2.104728362945659,0.7732243961780159,-493.7569019207171,-15.375218467057763,0.07650101397868703,7802
refractory_1.0,118,none,0,10,2,2,1.4816753926701571,1.2677797620592284,0.9521722398643468,2093,0.9546106067845198,6.922599139990444,83,1.3534004556207986,0.20795938134624165,436.8270413098953,15.87824349661753,0.019530052607264925,1998
refractory_1.0,118,shuffle,0,2,2,54,0.03362151777137368,6.5230752960318945,0.9426296187349739,13770,1.0,1.0522149600580972,4,4.693936880083099,3.0032836620996646,-54.29141882993241,-6.342210089835187,0.0049874974680695905,13770
refractory_1.0,118,shuffle,0,10,2,54,0.16549937637916148,4.548654251725981,0.9396431327973583,11318,1.0,1.2801731754726984,8,2.930859448392509,1.519342745282375,-405.26925784792655,-17.443947351899283,0.04243547274046422,11318
refractory_1.0,118,shuffle,0,54,2,54,0.8691699604743083,2.4521902703392007,0.8576913695453685,4082,1.0,3.549485546300833,22,1.3913638961739832,0.33074851373328584,-707.2739211522199,-26.344899280213927,0.1449579510953124,4082
refractory_1.0,118,jitter,4,2,2,2,0.43181218675811134,2.061396889547778,0.9625374206591272,4941,0.9965594009309856,2.932402347702894,43,1.8119039654799476,0.4375993199631406,704.8181688662307,12.94623424454306,0.02804904837627753,4924
refractory_1.0,118,jitter,4,10,2,2,1.1416342412451361,1.2689646448080727,0.9528647272750137,2099,0.9547403525488328,6.9028108623153885,83,1.3566787496193609,0.20870280130827346,441.1921598272147,15.97760266797594,0.01984597238771313,2004
refractory_1.0,118,jitter,20,2,2,4,0.3227288794627077,2.6439864592623983,0.9471748199596731,6824,0.9989742086752638,2.1232415005861665,40,2.1056437254685125,0.6512137135459826,697.7856723501269,11.991318536072658,0.02322100018337403,6817
refractory_1.0,118,jitter,20,4,2,4,0.3817705299941759,1.9030737119043672,0.9204706211022713,4371,0.9869595058339052,3.3148021047815144,77,1.8769229613968168,0.4347262412056412,1002.1208712554062,18.503134960371725,0.0074838193373131245,4314
refractory_1.0,118,jitter,20,10,2,4,0.6006272869837951,1.3260096546793276,0.9318906186572479,2592,0.9633487654320988,5.589891975308642,82,1.6044468943199295,0.2694321517353542,843.3141937532522,24.569974450811692,0.04538095619538035,2497
refractory_1.0,118,jitter,80,2,2,11,0.1806607744107744,3.721258694872677,0.9749430243355371,10487,1.0,1.3816153332697625,15,2.7483889452086903,1.286595504677034,13.808569236836775,0.3684706976204848,0.02950631868714615,10487
refractory_1.0,118,jitter,80,10,2,11,0.3945945945945946,2.1459170166487183,0.9471082418658888,4859,0.9903272278246553,2.9818892776291417,75,1.9288227771761672,0.48772290613787317,880.5285834524102,15.89883640107515,0.005789616468079517,4812
refractory_1.0,118,jitter,80,11,2,11,0.3860811930405965,2.0274720147949203,0.9768255840763646,4596,0.9871627502175805,3.1525239338555266,76,1.9182421065068578,0.47692911128677207,871.6573424851135,15.819051224341141,0.005289595737025254,4537
refractory_1.0,119,none,0,2,2,2,0.0,3.0361906818400795,0.8961330720204117,8049,1.0,1.8014660206236799,10,2.150005589053203,0.8099134912938062,-482.2046911035865,-15.164272660677776,0.07357995023075514,8049
refractory_1.0,119,none,0,10,2,2,1.4574780058651027,1.3719432903214102,0.9680581933546997,2213,0.9624943515589697,6.552191595119747,75,1.3338247644485772,0.2133301732254438,354.4013429973542,12.691591543773688,0.004783511529833584,2130
refractory_1.0,119,shuffle,0,2,2,54,0.03197588944428109,6.674081677538331,0.9571474557247465,13824,1.0,1.048900462962963,4,4.763663342688934,3.065710852365707,-65.3390272617793,-8.497193210286321,0.005523502634479427,13824
refractory_1.0,119,shuffle,0,10,2,54,0.15577651515151514,4.505292171641225,0.9514116509628231,11464,1.0,1.2648290300069784,9,2.977637454560748,1.5636077898931497,-403.92375760596826,-17.78499152366402,0.0408327969538026,11464
refractory_1.0,119,shuffle,0,54,2,54,0.8649722001588562,2.5597902273299855,0.8390440537903876,4035,0.9997521685254027,3.5935563816604708,32,1.3919909100174923,0.3266904989297774,-646.1385162480888,-23.739424427450654,0.13768928819912085,4034
refractory_1.0,119,jitter,4,2,2,2,0.4307848615697231,2.067262937997647,0.9781580640302876,5147,0.9972799689139304,2.817175053429182,53,1.8365560889978543,0.457542330978125,672.6163399843273,11.832933484541886,0.03566737885152338,5133
refractory_1.0,119,jitter,4,10,2,2,1.186046511627907,1.372275351522246,0.9680048463857599,2219,0.9625957638575935,6.534474988733664,75,1.3376943783703705,0.21404240560479293,360.89081047707964,12.869806453769582,0.005340033707658787,2136
refractory_1.0,119,jitter,20,2,2,4,0.31106646576259833,2.6360832696809045,0.9762981273847423,7148,0.9995803021824287,2.0285394515948516,37,2.147735218472901,0.6858794382007825,689.2240639628283,11.48251939376413,0.022364879858280173,7145
refractory_1.0,119,jitter,20,4,2,4,0.3916139240506329,1.932474354529784,0.9857767648221174,4723,0.9896252381960619,3.070082574634766,68,1.9155201761290943,0.4652337078255573,996.4126349241582,17.460558318275023,0.0027150124445965984,4674
refractory_1.0,119,jitter,20,10,2,4,0.584192439862543,1.4390998337701502,0.9410587691103764,2748,0.9705240174672489,5.276564774381368,75,1.5890831021946692,0.2751981439132015,787.3203866323923,22.361761988580557,0.03954114438708217,2667
refractory_1.0,119,jitter,80,2,2,13,0.1611901422560609,3.6176367729575545,0.9607485384933153,10851,1.0,1.3362823702884528,12,2.8663501931862054,1.3796954919722237,112.07354154205734,2.9182770530346533,0.022713867732928716,10851
refractory_1.0,119,jitter,80,10,2,13,0.3543802423112768,2.170312488084074,0.9615598400647212,5316,0.9920993227990971,2.727614747930775,74,1.9921681570954046,0.5367815585265636,865.2500382074653,14.854796314796179,0.010575629977578882,5274
refractory_1.0,119,jitter,80,13,2,13,0.3835125448028674,2.0242597306605683,0.9375254080077147,4546,0.9872415310162781,3.189617245930488,74,1.9192719021707152,0.4724685595896533,909.2407971276374,16.33894759773936,0.0037715908366858786,4488
refractory_1.2,100,none,0,1,1,1,0.0,2.951858102796508,0.8240662959227869,5841,1.0,2.4845060777264165,14,1.7320408266842566,0.5149901819807736,-714.4957491349332,-23.437768051346737,0.10455362499155857,5841
refractory_1.2,100,none,0,10,1,1,2.1781512605042015,1.0826323558587052,0.8899075531143075,1026,0.8362573099415205,14.144249512670566,193,1.214598463881769,0.1655094344001135,186.59247357272545,11.205189409965904,0.033512885642879575,858
refractory_1.2,100,shuffle,0,1,1,54,0.016665479666690408,6.737458103506695,0.9733093739912397,14157,1.0,1.0250759341668432,3,5.5950482467171465,3.710613382879499,-25.924997890349513,-5.686997450932355,0.0022163863680166873,14157
refractory_1.2,100,shuffle,0,10,1,54,0.16336067137135227,4.112994989931405,0.9440829629963292,11387,1.0,1.274435760077281,6,2.948704932113328,1.5355416101844117,-400.99412016009825,-17.471911383224253,0.041810229538624344,11387
refractory_1.2,100,shuffle,0,54,1,54,0.853897375636506,2.3993553657794835,0.8123824184065864,4059,1.0,3.5752648435575263,21,1.3924885356590426,0.32791291101628073,-662.1198473882424,-25.25648748253005,0.13483295288142333,4059
refractory_1.2,100,jitter,4,1,1,1,0.45497953615279674,2.456500798748607,0.95985194451487,5740,0.9993031358885017,2.5282229965156793,41,1.8494369544606482,0.5093405183896589,242.39646127008055,4.734612771083587,0.05601325714869676,5736
refractory_1.2,100,jitter,4,10,1,1,1.692573402417962,1.0846530424838918,0.8876378798952085,1030,0.8368932038834952,14.089320388349515,193,1.220087814925387,0.16649304495037653,189.98252345697603,11.322550579079154,0.0350333725821344,862
refractory_1.2,100,jitter,20,1,1,2,0.36360503188006205,2.9693168870501254,0.9507787399619344,7156,1.0,2.027948574622694,24,2.0569388382052036,0.6794595664225505,61.823169732275325,1.3358125821625146,0.05654937029263474,7156
refractory_1.2,100,jitter,20,2,1,2,0.4431818181818182,2.04214114807195,0.9492542936571186,4379,0.9924640328842201,3.3139986298241606,84,1.750074154335648,0.39968958149104195,656.0292098748118,13.673687646674093,0.018910638773307675,4346
refractory_1.2,100,jitter,20,10,1,2,0.9473081328751431,1.1501894787827607,0.8603980386276356,1258,0.8672496025437202,11.53577106518283,193,1.4714538849547605,0.21872697674056923,376.51439040392603,17.425307652845397,0.0699546462587371,1091
refractory_1.2,100,jitter,80,1,1,7,0.19280394419385294,3.482290300562775,0.9831651796850939,10497,1.0,1.3824902353053252,15,2.7367308490784144,1.2849385459740557,-50.504843268484024,-1.3922877642581015,0.034074069178109845,10497
refractory_1.2,100,jitter,80,7,1,7,0.476039603960396,1.8931288367989034,0.9266959366666917,3424,0.9813084112149533,4.238317757009346,171,1.7166761982458976,0.37057572417297513,606.4665342712983,13.93384458885045,0.013651842431082306,3360
refractory_1.2,100,jitter,80,10,1,7,0.4845580404685836,1.7653634374584506,0.9427787924120449,2526,0.9572446555819477,5.745051464766429,190,1.712407343007305,0.3524272874963472,542.2119508357624,14.871602759473205,0.00741348741193204,2418
refractory_1.2,101,none,0,1,1,1,0.0,2.5028292681800064,0.8278863759451736,5708,1.0,2.5362648913805184,12,1.6938913395383697,0.5013361456432148,-844.6892180251915,-28.899153053117693,0.12114861529004833,5708
refractory_1.2,101,none,0,10,1,1,2.168695652173913,0.9794603559742432,0.8396397725592333,946,0.8192389006342494,15.30338266384778,198,1.2442154806545798,0.16201260765235648,214.87173811891566,13.511727241195466,0.053496864037101965,775
refractory_1.2,101,shuffle,0,1,1,54,0.01711543970209109,6.2867866916711375,0.9834465171441055,14096,1.0,1.0270289443813847,3,5.50486800626892,3.6375170870273523,-22.544126385426317,-4.1692212229425945,0.002162445321918227,14096
refractory_1.2,101,shuffle,0,10,1,54,0.15872563005230622,4.17428605953458,0.9465737393739251,11407,1.0,1.2691329885158236,6,2.9627496971118124,1.5508836215728001,-412.19695811561195,-18.196934560106023,0.042095922549762244,11407
refractory_1.2,101,shuffle,0,54,1,54,0.8602825745682888,2.4376662700660927,0.8353155442682105,4070,0.9997542997542997,3.557002457002457,32,1.3978091536984731,0.33069008917353215,-665.7687578666877,-24.928170550030305,0.13636729926721491,4069
refractory_1.2,101,jitter,4,1,1,1,0.48607176581680833,2.4606565993244383,0.956197076655163,5581,0.9996416412829242,2.593979573553127,39,1.8090722185069286,0.4897826597906004,160.8223132457341,3.255723193491621,0.06148996191906886,5579
refractory_1.2,101,jitter,4,10,1,1,1.6531365313653137,0.9796995373442242,0.8415767850069564,949,0.8198103266596417,15.255005268703899,198,1.2485672750175905,0.16277771050126771,217.58734680039385,13.619761328359965,0.05374723631553713,778
refractory_1.2,101,jitter,20,1,1,2,0.39064430714916154,2.749892592269492,0.9608566032515904,6937,1.0,2.0869251837970304,26,2.0295769025701222,0.6523389592535425,120.68783522791077,2.636352809354054,0.05058393171635389,6937
refractory_1.2,101,jitter,20,2,1,2,0.4993412384716733,1.9600958200543868,0.9710837883423037,4151,0.991086485184293,3.487593350999759,89,1.7071762095348735,0.381460636003231,571.7889367117878,12.162212193108104,0.02631645619047246,4114
refractory_1.2,101,jitter,20,10,1,2,0.8413878562577447,1.0453432124890667,0.8069943305350474,1156,0.8529411764705882,12.523356401384083,198,1.4943870472272298,0.21388967131272824,393.86735273451626,19.908654405300144,0.06995969631761734,986
refractory_1.2,101,jitter,80,1,1,6,0.19777249134948097,3.599072943457221,0.9717696289032396,10298,1.0,1.4058069528063701,17,2.6822817130497807,1.242489199706124,-105.26491856343934,-2.642708228710252,0.03966571945685493,10298
refractory_1.2,101,jitter,80,6,1,6,0.4914740431981811,1.9581442132360871,0.9598755507185277,3574,0.9815332960268607,4.0506435366536095,189,1.7217208633968273,0.3850405024262139,524.6847966377038,11.946896059908852,0.020826249204544456,3508
refractory_1.2,101,jitter,80,10,1,6,0.50210463018641,1.7244720744673645,0.9576573757941714,2299,0.9486733362331449,6.297085689430187,196,1.6945006804993081,0.344157243796279,486.75191684358026,14.018357345694314,0.007643715845152221,2181
refractory_1.2,102,none,0,1,1,1,0.0,2.880777442916051,0.8291755563987133,5969,1.0,2.4332383983916905,14,1.749416789497003,0.5292854531460645,-750.4788456503444,-24.90968322901586,0.11017097776234858,5969
refractory_1.2,102,none,0,10,1,1,2.0771653543307087,1.1593078989399666,0.9072385584950902,1063,0.8494825964252116,13.66321730950141,174,1.241447688976974,0.17566942076246517,185.90032717727618,10.979267272219898,0.03157120544123082,903
refractory_1.2,102,shuffle,0,1,1,53,0.015512701914182025,6.567177940659731,0.9871995550897426,14175,1.0,1.024620811287478,4,5.627925113829781,3.728485810331809,-15.482139534130894,-2.295176530311445,0.0019028156949698616,14175
refractory_1.2,102,shuffle,0,10,1,53,0.16862367661212704,4.039033198194705,0.9465523280616663,11306,1.0,1.284627631346188,6,2.915342237137983,1.50704240498189,-421.94134239430883,-18.175707434293287,0.043691371165196835,11306
refractory_1.2,102,shuffle,0,53,1,53,0.9015642884395269,2.67341481591603,0.8711501921288394,4090,1.0,3.5511002444987776,27,1.394229801445844,0.33056948106213957,-689.2495916402689,-24.87733526445506,0.13901539781252137,4090
refractory_1.2,102,jitter,4,1,1,2,0.44385264092321347,2.6074865057237844,0.941273788415619,5877,0.9989790709545686,2.47132890930747,38,1.8707880235358854,0.5278992502510558,200.5698261726776,3.920428087563664,0.05864572606580043,5871
refractory_1.2,102,jitter,4,2,1,2,0.5663797009515179,1.6863620919963112,0.9669938369620791,3182,0.9773727215587681,4.564424890006285,66,1.571954928504498,0.3103753686385675,475.0035496550142,11.955221827631448,0.03193711796107673,3110
refractory_1.2,102,jitter,4,10,1,2,1.621212121212121,1.1594349823401902,0.9070748012335172,1064,0.849624060150376,13.650375939849624,174,1.242826205968223,0.17591183374016833,186.83048716192252,11.020302980168882,0.03168100125807727,904
refractory_1.2,102,jitter,20,1,1,2,0.36305945223780894,2.870504655309202,0.9385684175414006,7274,0.9998625240582898,1.9967005773989552,31,2.086387576268704,0.6968108086818656,120.33345081237182,2.5447694499682343,0.05133819110603388,7273
refractory_1.2,102,jitter,20,2,1,2,0.4528414162451651,1.9937556967019803,0.9800896045149508,4439,0.991214237440865,3.271908087407074,98,1.7799345907519122,0.41899677238598243,634.1442488709807,12.361575546868512,0.026908377792648097,4400
refractory_1.2,102,jitter,20,10,1,2,0.8630609896432682,1.2391885618482186,0.888750592437808,1276,0.8746081504702194,11.382445141065832,174,1.4610102396101379,0.22483933073969065,339.2043911070676,16.12548932531242,0.04007720678657367,1116
refractory_1.2,102,jitter,80,1,1,7,0.1933081602685127,3.33750311862114,0.98458835283227,10463,1.0,1.3881295995412406,13,2.735120597907608,1.274373204847921,14.620719544706844,0.38170681709362175,0.03181449002277581,10463
refractory_1.2,102,jitter,80,7,1,7,0.4339908952959029,1.9567679380853542,0.9576913355059006,3470,0.9798270893371758,4.185590778097983,148,1.7925566918131306,0.40835407179189553,632.5823840367156,14.20049000348273,0.007376380171734698,3400
refractory_1.2,102,jitter,80,10,1,7,0.4710107747562853,1.8713917317457631,0.9372736346810577,2583,0.9554781262098335,5.62291908633372,166,1.7618475695828,0.38455381202880223,505.2783046817655,13.165056399945415,0.008483566234515072,2468
refractory_1.2,103,none,0,1,1,1,0.0,2.8773125189505606,0.8207780859367928,5910,1.0,2.4668358714043994,13,1.731598886419503,0.5198272941173683,-780.4952362317972,-26.04604229526486,0.10870195854503617,5910
refractory_1.2,103,none,0,10,1,1,2.2032374100719423,1.042057797700714,0.8823179004379238,998,0.8236472945891784,14.608216432865731,116,1.2149409844946586,0.16348554455591718,187.45743428396582,11.540648050747434,0.036133835004867665,822
refractory_1.2,103,shuffle,0,1,1,54,0.015504424778761062,6.947529605164553,0.9867107924602219,14239,1.0,1.0238780813259358,4,5.66421767733098,3.758391798494605,-17.76023913756717,-3.0444475127324115,0.0018675792920226364,14239
refractory_1.2,103,shuffle,0,10,1,54,0.16099773242630386,4.88960065509698,0.9014179448838805,11474,1.0,1.2706118180233572,7,2.9583322906213834,1.5465684217372413,-414.4409369128476,-18.043634035913406,0.04248636329376132,11474
refractory_1.2,103,shuffle,0,54,1,54,0.8322456813819578,2.5721486268655482,0.8811342365758257,4087,1.0,3.5671641791044775,28,1.402873286687095,0.32879875118957236,-615.1794530895211,-20.844321515630305,0.1344125459408872,4087
refractory_1.2,103,jitter,4,1,1,2,0.45550701310646124,2.465534749729213,0.9540028359439641,5751,0.9996522343940184,2.535037384802643,32,1.8316911433442247,0.5042547189886293,169.3893128578956,3.483434442629305,0.0618067462529337,5749
refractory_1.2,103,jitter,4,2,1,2,0.6103219696969697,1.5520350924024107,0.977281565338226,3062,0.9804049640757675,4.761267145656434,60,1.5191739531549562,0.2823732922979231,508.3515226050998,13.197690898641918,0.027122710935743866,3002
refractory_1.2,103,jitter,4,10,1,2,1.5793499043977055,1.044177330827842,0.8801629951395028,999,0.8238238238238238,14.593593593593594,116,1.2162177567632835,0.1637405278418541,188.13159872185474,11.564134220726508,0.03613761210524641,823
refractory_1.2,103,jitter,20,1,1,2,0.37876225904633076,2.955610619068773,0.9582003490504131,7208,0.9998612652608213,2.0226137624861265,34,2.0608856802626985,0.6841809482206944,45.59541058492816,0.99824206070664,0.05557091238872147,7207
refractory_1.2,103,jitter,20,2,1,2,0.4746184989099969,1.983046496371523,0.94451462151313,4293,0.9918471931050548,3.3959934777544842,68,1.7298000314732338,0.3873356179999886,658.4790877345472,13.730517622559114,0.01999473018844411,4258
refractory_1.2,103,jitter,20,10,1,2,0.8651275820170109,1.1197980965224448,0.8541055182680685,1209,0.8552522746071133,12.058726220016542,116,1.4554293569645314,0.21345747915244684,356.0643027240951,17.125811994659866,0.04981905123366265,1034
refractory_1.2,103,jitter,80,1,1,7,0.18847839699436444,3.8831839160977144,0.9621423417489282,10595,1.0,1.37602642756017,12,2.740482231055468,1.2972957974003307,-114.58274415309961,-3.391591898883733,0.036626336112668634,10595
refractory_1.2,103,jitter,80,7,1,7,0.5352846832397755,1.9421088979576058,0.9607778889945323,3326,0.9783523752254961,4.38334335538184,106,1.701380401462293,0.37297502983775654,498.6996965505612,12.044418908970094,0.015104791063743406,3254
refractory_1.2,103,jitter,80,10,1,7,0.5380281690140845,1.719493468982462,0.923582443688634,2452,0.9563621533442088,5.945758564437194,106,1.6587376802297822,0.3269389139219113,526.0360464601439,14.905607760280772,0.007003300396847489,2345
refractory_1.2,104,none,0,1,1,1,0.0,2.825765026748131,0.7895894846045306,5969,1.0,2.4329033338917743,12,1.7466969701984087,0.5293815520392453,-773.2855465787209,-26.044934731883536,0.10903936310192902,5969
refractory_1.2,104,none,0,10,1,1,2.301242236024845,1.0708475476859498,0.84589254099805,1074,0.8482309124767226,13.521415270018622,146,1.2149722836323722,0.16403141476767025,205.31138944350457,11.850015772544646,0.03306090756438751,911
refractory_1.2,104,shuffle,0,1,1,54,0.016961231470923602,7.183956076271478,0.9568271204909861,14157,1.0,1.0257822985095713,3,5.554528452570215,3.6835226663576845,-32.406866452204724,-8.07747224911665,0.0025603653489439937,14157
refractory_1.2,104,shuffle,0,10,1,54,0.16263042021633003,4.41521242902333,0.9248246875763279,11384,1.0,1.2756500351370343,6,2.9378381124222006,1.5320790866472156,-444.34698485383024,-19.971287731705043,0.044095773773745406,11384
refractory_1.2,104,shuffle,0,54,1,54,0.8798904538341158,2.504810935074359,0.8643360128873281,4083,1.0,3.55669850600049,26,1.3943439592780233,0.32995024592197897,-679.83593565991,-24.424443539050973,0.1395879738080349,4083
refractory_1.2,104,jitter,4,1,1,2,0.4630410654827969,2.531054871012686,0.9573383171248849,5829,0.9998284439869617,2.491336421341568,31,1.854045461630518,0.5144650753186955,223.20901358414633,4.4567944743035754,0.05660931784727907,5828
refractory_1.2,104,jitter,4,2,1,2,0.5887560867640549,1.5717897359108153,0.9635953734284367,3189,0.9818124804013797,4.553778613985576,65,1.5624448757391303,0.2958931456066122,582.517983190055,14.395945090934575,0.022633647138228186,3131
refractory_1.2,104,jitter,4,10,1,2,1.6490630323679727,1.071137503682039,0.8453306336377561,1078,0.8487940630797773,13.471243042671615,146,1.2210725907004178,0.164953057766411,209.95333690273475,12.03869848581867,0.03327491869090815,915
refractory_1.2,104,jitter,20,1,1,2,0.3582413908391842,2.8111086051241307,0.9543944173978643,7318,1.0,1.9844219732167259,20,2.0875722453782313,0.7010283023535548,88.03030262362881,1.9674519306385578,0.05027805050917722,7318
refractory_1.2,104,jitter,20,2,1,2,0.4634864546525324,1.9670231601031323,0.9698031027721583,4531,0.9958066651953211,3.205032001765615,50,1.740755458905321,0.39524400278147376,674.4483370842776,13.399208788264941,0.020286650030920006,4512
refractory_1.2,104,jitter,20,10,1,2,0.8668146503884573,1.1332081835176284,0.8655223835224413,1299,0.8745188606620478,11.179368745188606,146,1.4574947110260137,0.2135260420180371,394.28914329829837,17.850935677904662,0.05285281132497449,1136
refractory_1.2,104,jitter,80,1,1,7,0.18355464759959142,3.7359547301597593,0.9644291531629116,10725,1.0,1.354032634032634,10,2.7864584926476557,1.341453459708394,-125.88941960686702,-3.9062074044607367,0.03478431120531511,10725
refractory_1.2,104,jitter,80,7,1,7,0.466491950580307,1.9514552265696747,0.9448641380866365,3558,0.9820123664980326,4.0815064643057895,128,1.7414603851320667,0.38474806136063877,618.3391332736825,14.184693399136451,0.009535752416615084,3494
refractory_1.2,104,jitter,80,10,1,7,0.4731958762886598,1.6727636203900844,0.9381939225440014,2623,0.9595882577201678,5.536408692337019,143,1.7202053425116741,0.3492181762185921,613.8252399414969,15.917961634573652,0.008742004621737354,2517
refractory_1.2,105,none,0,1,1,1,0.0,2.9102343947253093,0.8193050829977804,5890,1.0,2.465025466893039,13,1.7359044725130506,0.5203281320046744,-749.1911259270162,-25.105286315426785,0.10371095256977808,5890
refractory_1.2,105,none,0,10,1,1,2.0323624595469254,1.1197388799160584,0.8800883621543728,1063,0.8372530573847601,13.658513640639699,165,1.2589465141710168,0.1766210931669217,201.51727331948263,11.436126186641088,0.030177209126661997,890
refractory_1.2,105,shuffle,0,1,1,54,0.015589407744874715,6.454864311294536,0.9830710902958132,14170,1.0,1.0246294989414255,3,5.623077964643402,3.728141493281268,-20.052297758987628,-3.9577482884857225,0.0019174354485467227,14170
refractory_1.2,105,shuffle,0,10,1,54,0.16160168195718655,4.272204392668598,0.9349620702761381,11390,1.0,1.2747146619841967,6,2.9443420177121755,1.5347446718147997,-422.1246872192281,-18.782705805035285,0.04271340768920162,11390
refractory_1.2,105,shuffle,0,54,1,54,0.8691079080638878,2.4797124249748568,0.8759966300487866,4040,1.0,3.593811881188119,30,1.396911927277925,0.32590237535827915,-608.2611771373527,-21.25856427786451,0.1291388070530744,4040
refractory_1.2,105,jitter,4,1,1,1,0.4462105505643861,2.677622384710811,0.9323129928075116,5753,0.9996523552928906,2.523726751260212,33,1.8360232552191516,0.5073014608354549,167.41306213088026,3.472958187065101,0.05701488865770543,5751
refractory_1.2,105,jitter,4,10,1,1,1.6245791245791246,1.120835248246316,0.8795407792270539,1064,0.8374060150375939,13.645676691729323,165,1.259555056964933,0.17686790461304952,201.46060939938442,11.421793261703565,0.030147478170329145,891
refractory_1.2,105,jitter,20,1,1,2,0.35680433310765064,2.9614422057556133,0.9549145408905579,7266,1.0,1.9982108450316542,25,2.0781631416088917,0.6940429464842814,83.27313521668898,1.7645826800379394,0.054452597779220624,7266
refractory_1.2,105,jitter,20,2,1,2,0.4811264230077891,2.0685768758047414,0.9711022426596432,4378,0.9899497487437185,3.316354499771585,59,1.7577114082201302,0.4107415217160473,581.913275300918,12.157750973701997,0.0231727281670302,4334
refractory_1.2,105,jitter,20,10,1,2,0.8424036281179138,1.1724356448580422,0.8739619722332433,1300,0.8684615384615385,11.168461538461539,165,1.5091100948135843,0.2308756095873276,394.1971662459143,17.616250051091566,0.04719132366004669,1129
refractory_1.2,105,jitter,80,1,1,7,0.1826059720192107,3.493901184041181,0.9815736683339263,10582,1.0,1.3720468720468721,16,2.7556910068063427,1.3050391245399569,-69.59004572266747,-1.8471671476748839,0.03409973811740441,10582
refractory_1.2,105,jitter,80,7,1,7,0.44793713163064836,1.8469967128247209,0.9657364631803964,3408,0.9768192488262911,4.260269953051643,135,1.7487181445024067,0.38726262283858615,600.1605498896433,14.337841638302349,0.006808590698186734,3329
refractory_1.2,105,jitter,80,10,1,7,0.4701216287678477,1.7464762859643075,0.9645557623615977,2578,0.9557796741660202,5.63188518231187,165,1.7379151935758248,0.3619126391546995,573.0694019467039,15.423149361447308,0.01055464046619492,2464
refractory_1.2,106,none,0,1,1,1,0.0,2.915087537651953,0.8162360163287461,5862,1.0,2.468952575912658,14,1.7318148257313322,0.5192429683509097,-766.0005559005688,-25.617992263259577,0.10736660032610923,5862
refractory_1.2,106,none,0,10,1,1,2.2053872053872055,1.100338629600156,0.8698035645707083,1035,0.8444444444444444,13.983574879227053,199,1.2269045805020884,0.16853599713302508,192.28144584211356,11.333119368057982,0.03515719089752212,874
refractory_1.2,106,shuffle,0,1,1,54,0.01636766492745336,7.026955779627359,0.9822300346851336,14114,1.0,1.0254357375655379,4,5.578676667921824,3.696717735149311,-24.404309665356077,-4.407550925547396,0.0022674724247997435,14114
refractory_1.2,106,shuffle,0,10,1,54,0.1655067213271046,4.744723727308619,0.9309334061661919,11369,1.0,1.2730231330811856,7,2.9494493021112707,1.5395932423344894,-420.6524751654628,-18.624797771024834,0.042786558209471415,11369
refractory_1.2,106,shuffle,0,54,1,54,0.8670886075949367,2.523930164279781,0.8734610582811093,4057,0.9997535124476213,3.5674143455755485,31,1.3976253616269023,0.3295144454577773,-650.4933981951156,-23.304313288014868,0.1383945538753174,4056
refractory_1.2,106,jitter,4,1,1,1,0.4542745817098327,2.4991247528799887,0.9667437870552024,5720,1.0,2.5302447552447553,30,1.8365545032096389,0.5028861723266336,219.34240383982367,4.33280214676234,0.06054654626849232,5720
refractory_1.2,106,jitter,4,10,1,1,1.6827586206896552,1.1006089373290044,0.8694510140360638,1038,0.8448940269749519,13.943159922928709,199,1.2317039313898928,0.16926809820767302,195.7864899770821,11.479106390963583,0.03563299590513069,877
refractory_1.2,106,jitter,20,1,1,2,0.36241267677628214,2.9713215927766843,0.9411560609048872,7131,1.0,2.0295891179357732,24,2.0630499281975734,0.6786735389401393,117.53996066252009,2.5546505669969006,0.04971036125090411,7131
refractory_1.2,106,jitter,20,2,1,2,0.4764634882317441,2.0343697885248213,0.9498073995284531,4387,0.9915659904262594,3.2990654205607477,48,1.7528607494284412,0.40326550731526867,634.6479955150621,12.918911168970569,0.01784508347983149,4350
refractory_1.2,106,jitter,20,10,1,2,0.8055878928987195,1.1531936904386857,0.8602676187377425,1262,0.873217115689382,11.468304278922345,199,1.483565123422066,0.22076398765588,390.26310033890894,18.119809282596854,0.0574735159405651,1102
refractory_1.2,106,jitter,80,1,1,7,0.19508075583236567,3.7014526306597255,0.9664103102502418,10442,1.0,1.3860371576326374,13,2.723801001790326,1.2782703605204375,-87.67758758209868,-2.405283082150103,0.03610688823022734,10442
refractory_1.2,106,jitter,80,7,1,7,0.45782659866614356,1.9746314206197135,0.95039853444395,3426,0.9786923525977816,4.224460011675423,170,1.753739268972792,0.39403374604696906,569.684821276428,13.315815260352194,0.011237980288195337,3353
refractory_1.2,106,jitter,80,10,1,7,0.45154419595314166,1.9275922600260453,0.922320745310851,2531,0.9525879099170288,5.718293164757013,182,1.7634660757081146,0.3848942781766935,496.693281135527,13.466107682304767,0.008776398062870672,2411
refractory_1.2,107,none,0,1,1,1,0.0,2.5474414986136393,0.827767332586878,5801,1.0,2.4933632132390966,12,1.7197483752872085,0.5126000319040653,-779.7508813763817,-26.25104326986486,0.11151355990375367,5801
refractory_1.2,107,none,0,10,1,1,2.0727580372250425,1.0149239885186465,0.848050545548043,1012,0.8320158102766798,14.292490118577074,144,1.2258239630234389,0.1612188268089929,214.63003645571033,12.756117081562078,0.04866715359400714,842
refractory_1.2,107,shuffle,0,1,1,54,0.014740440076906645,6.757772861501427,0.9788422729191908,14147,1.0,1.022407577578285,3,5.7420191089624435,3.820516308754697,-19.723115707474165,-4.405866753353588,0.0017872026898154703,14147
refractory_1.2,107,shuffle,0,10,1,54,0.1542157324540744,4.695922634569912,0.930131576013423,11465,1.0,1.261578717836895,7,2.9966422748083925,1.573383903882946,-352.7323473159851,-15.601554044187894,0.03775394272205623,11465
refractory_1.2,107,shuffle,0,54,1,54,0.8880769230769231,2.3449956133451835,0.8788079572250468,4066,1.0,3.55730447614363,28,1.3977492050261429,0.3298833559837526,-655.843145761661,-23.356971060483566,0.1427863585607378,4066
refractory_1.2,107,jitter,4,1,1,1,0.4653419593345656,2.51309799343545,0.9552180308549532,5663,0.9989404909058803,2.554123256224616,40,1.8384784334463067,0.5053915151728701,203.29949901723595,4.235597920777532,0.057139244880045514,5657
refractory_1.2,107,jitter,4,10,1,1,1.588850174216028,1.0155923096064265,0.8476987648888714,1015,0.8325123152709359,14.250246305418719,144,1.2301005059854244,0.1619213156772012,217.57869004476763,12.87667599726204,0.04916876864648223,845
refractory_1.2,107,jitter,20,1,1,2,0.36432637571157495,2.8881336061328278,0.941736229228431,7114,0.999859432105707,2.0331740230531348,33,2.0597320409473863,0.6790415834199064,87.56982972872281,1.9076393336774697,0.054700184720534395,7113
refractory_1.2,107,jitter,20,2,1,2,0.510886715052067,2.0099208033190408,0.9459816068439201,4226,0.9924278277330809,3.4226218646474207,80,1.7117877892262623,0.38530550582221146,567.7988913485975,12.011628135596935,0.026238656939220728,4194
refractory_1.2,107,jitter,20,10,1,2,0.8516687268232386,1.0812746958107058,0.8115235227210738,1227,0.8638956805215974,11.788101059494702,144,1.4555526996446826,0.20823918781914258,389.46042578129106,18.559231121337582,0.06354748707419322,1060
refractory_1.2,107,jitter,80,1,1,7,0.18550664017567708,3.803532048631294,0.972293112749087,10571,1.0,1.3682716866900009,13,2.750669388336904,1.3124827350215051,-154.4676518811575,-4.522552613785781,0.03795252759481593,10571
refractory_1.2,107,jitter,80,7,1,7,0.4675850891410049,1.8345314757642803,0.9311682343929778,3330,0.978978978978979,4.343543543543544,136,1.7222489689848732,0.36807893134355263,634.8362226255563,14.718553943763935,0.008162000245307,3260
refractory_1.2,107,jitter,80,10,1,7,0.5309110629067245,1.664790101332756,0.9340350333068259,2483,0.954893274265002,5.825211437776883,136,1.7018591974873036,0.3401698254382095,580.3374854944157,15.328484247434435,0.008388089698248224,2371
refractory_1.2,108,none,0,1,1,1,0.0,2.969760585032087,0.8351165957986038,6050,1.0,2.399173553719008,13,1.76004784752684,0.5392417395348772,-784.8879764677129,-26.20316042163582,0.10890472984800048,6050
refractory_1.2,108,none,0,10,1,1,2.2314814814814814,1.0059172626349597,0.8991463017468836,1104,0.8478260869565217,13.147644927536232,143,1.1791046153262617,0.155186415022098,205.23718920655404,12.312284429797737,0.03825039352231818,936
refractory_1.2,108,shuffle,0,1,1,53,0.01790299572039943,6.227132089590428,0.9857761195149332,14137,1.0,1.0267383461837731,3,5.520320309942461,3.648043680839139,-20.34686855623051,-3.6689690718730037,0.0020399274399349743,14137
refractory_1.2,108,shuffle,0,10,1,53,0.17022090465716744,4.638918499487666,0.9279458411029299,11341,1.0,1.2798695000440878,7,2.93161098122072,1.5201899753723702,-406.82549445547795,-17.647653841008065,0.042450575784227396,11341
refractory_1.2,108,shuffle,0,53,1,53,0.8531225905936777,2.450192094421299,0.8500655517970596,4142,1.0,3.504345726702076,23,1.4131142064467976,0.3358323928467888,-647.5776639300462,-23.036971103706517,0.13531086680470206,4142
refractory_1.2,108,jitter,4,1,1,2,0.43430576880894933,2.5475019365346925,0.9378360406174321,5922,0.999662276258021,2.451030057413036,39,1.8742562582608056,0.5273922406903637,233.4765983918349,4.586071776685396,0.05329105942724044,5920
refractory_1.2,108,jitter,4,2,1,2,0.5598762704374723,1.6026981535400415,0.9616626206342112,3264,0.9834558823529411,4.446997549019608,63,1.5584991301887623,0.2977407532895271,559.3718976097717,13.78692344329381,0.025242749167210865,3210
refractory_1.2,108,jitter,4,10,1,2,1.865040650406504,1.0066200094988844,0.8991382442763967,1105,0.8479638009049774,13.135746606334841,143,1.1802469489774285,0.15540414324159801,205.92082171719247,12.335427049251244,0.03832165480948879,937
refractory_1.2,108,jitter,20,1,1,3,0.35797665369649806,2.872905868496331,0.9624731810410712,7466,1.0,1.9441467988213232,25,2.11252364075545,0.7222968283364248,74.93931733821161,1.6451331899373118,0.04962975318695373,7466
refractory_1.2,108,jitter,20,3,1,3,0.5115594787725936,1.6948651732531366,0.954959047382364,3272,0.9764669926650367,4.436124694376528,127,1.6764129096664622,0.3446220114205797,629.1353628261426,14.090975853840671,0.013887802311438768,3195
refractory_1.2,108,jitter,20,10,1,3,0.8552774755168662,1.0955957100466518,0.8596459210320424,1347,0.8760207869339273,10.775798069784706,143,1.4281861889174028,0.20451678831208242,405.6916814305555,19.00450450447755,0.05324304701236904,1180
refractory_1.2,108,jitter,80,1,1,7,0.16522613065326633,3.7621948421842655,0.9595034798702604,10913,1.0,1.3300650600201593,13,2.8485916175360284,1.393693350722828,-90.46778140424442,-2.625655798418008,0.03190288428183752,10913
refractory_1.2,108,jitter,80,7,1,7,0.4857448325017819,1.9467947399004135,0.9587913358093035,3759,0.9840383080606544,3.8613993083266824,127,1.7299732713905396,0.3877661827880121,568.8449034072214,12.566732659503044,0.024542307274492692,3699
refractory_1.2,108,jitter,80,10,1,7,0.47719470328592445,1.740728179975847,0.9762910010311945,2794,0.9624194702934861,5.195060844667144,129,1.6996352328821782,0.35150237558558195,563.0304310340397,14.50075260578203,0.005463654438990884,2689
refractory_1.2,109,none,0,1,1,1,0.0,3.042610362851541,0.8065198231085167,5698,1.0,2.5442260442260443,14,1.6956904349455595,0.4993012675265345,-806.4382265249021,-27.255064304853622,0.1126829439837202,5698
refractory_1.2,109,none,0,10,1,1,2.0053475935828877,1.1214297229386478,0.8635058354220398,975,0.8215384615384616,14.868717948717949,173,1.2434980273986103,0.17284344870042795,178.29013375031167,10.872519334661355,0.037499436872953984,801
refractory_1.2,109,shuffle,0,1,1,54,0.015794739851343626,6.44193554600295,0.9805873370566937,14129,1.0,1.0260457215655743,3,5.550174775193314,3.6736140722819757,-23.379123319552924,-4.591324259033319,0.0021497216064505498,14129
refractory_1.2,109,shuffle,0,10,1,54,0.15682744243343125,4.471320844426965,0.90026692609231,11434,1.0,1.2678852545041106,8,2.9768705542539937,1.5545469036181188,-352.8366645751854,-14.988611636149502,0.03822081332060867,11434
refractory_1.2,109,shuffle,0,54,1,54,0.8646441073512252,2.5441522247311354,0.8606379554002703,4104,1.0,3.5324074074074074,25,1.401703774755207,0.3326539044352713,-671.9669767574935,-23.786966573102802,0.142385875958716,4104
refractory_1.2,109,jitter,4,1,1,1,0.4743223965763195,2.541764141329174,0.9380272719764551,5566,0.9996406755300036,2.6045634207689545,39,1.8066806633933172,0.487212882438943,171.80491313016535,3.585102461020084,0.06040738686989561,5564
refractory_1.2,109,jitter,4,10,1,1,1.7324723247232472,1.1215725510750605,0.8633452394400348,976,0.8217213114754098,14.853483606557377,173,1.2450509554880096,0.1731139347197101,179.2404852427597,10.914931012569808,0.03764297716092746,802
refractory_1.2,109,jitter,20,1,1,2,0.37576929839985934,2.8696207070025843,0.9562502732262906,6996,1.0,2.072184105202973,28,2.0373222806401845,0.6589053513531495,114.94025815513007,2.3936092033263665,0.05191206495610978,6996
refractory_1.2,109,jitter,20,2,1,2,0.466794380587484,1.948710082662441,0.9530395024814566,4201,0.9919066888835991,3.450845036895977,58,1.719429420084543,0.3818540552331803,644.4506287731444,13.437460049002036,0.017125308713547893,4167
refractory_1.2,109,jitter,20,10,1,2,0.7843137254901961,1.164897039979073,0.8739405358640324,1198,0.8555926544240401,12.101001669449081,173,1.5109839243792944,0.22814121455379188,372.2445299206837,17.6401388568514,0.06450626297092044,1025
refractory_1.2,109,jitter,80,1,1,6,0.1973287376130978,3.654931789816993,0.9611007053619209,10313,1.0,1.4057015417434306,12,2.6862245603621187,1.242674004706143,-80.150137750618,-2.3296646001096586,0.036502016532549364,10313
refractory_1.2,109,jitter,80,6,1,6,0.45036496350364963,1.9921470025188777,0.9486732704218981,3696,0.9840367965367965,3.922348484848485,150,1.7518774200254281,0.40054696585567984,550.0952876881393,12.429413980079582,0.017108051437301874,3637
refractory_1.2,109,jitter,80,10,1,6,0.5042492917847026,1.7076571816710333,0.9714546461434721,2400,0.9508333333333333,6.040416666666666,172,1.7309576270631784,0.3617233874470216,510.5083055094617,13.583431138995033,0.004099474991704488,2282
refractory_1.2,110,none,0,1,1,1,0.0,3.118265432059726,0.8253513971848581,5921,1.0,2.4539773686877218,16,1.7436489069138954,0.523406035460334,-725.5964393696902,-23.962208103568887,0.10449139723712819,5921
refractory_1.2,110,none,0,10,1,1,2.0859504132231406,1.046762897121475,0.7687622400125753,1048,0.8435114503816794,13.864503816793894,135,1.2095044483193629,0.1578507480915604,219.8008063345628,13.182184546707132,0.05480079782763503,884
refractory_1.2,110,shuffle,0,1,1,54,0.015852795470629864,6.7643403343139905,0.9793869906984409,14216,1.0,1.0220877884074282,3,5.760822036247037,3.8345777706560824,-19.152811900218886,-4.281644055058918,0.0017399620935638627,14216
refractory_1.2,110,shuffle,0,10,1,54,0.16268033409263477,4.723380576037266,0.9277724389936072,11408,1.0,1.2736676016830295,7,2.952322985828401,1.5377416554889534,-393.75975461118026,-17.37132338339037,0.040871999265322256,11408
refractory_1.2,110,shuffle,0,54,1,54,0.8731199382954107,2.5423797491747933,0.8780101417448108,4089,1.0,3.55343604793348,28,1.396638118505157,0.33031083367484704,-671.4518516455736,-23.695598365552012,0.1379477412461898,4089
refractory_1.2,110,jitter,4,1,1,2,0.4676516677859861,2.4938577862124114,0.9598158355968236,5808,1.0,2.5017217630853996,29,1.8510331340662045,0.5103651182620006,245.76633101717212,4.919965370849845,0.05399249922026994,5808
refractory_1.2,110,jitter,4,2,1,2,0.5806159420289855,1.5818029449415196,0.9707440508525478,3139,0.9799299139853457,4.628862695125836,97,1.5686178726822337,0.29927891251390604,565.199494537592,13.995318050426457,0.022872274654061553,3076
refractory_1.2,110,jitter,4,10,1,2,1.5496575342465753,1.046727636631661,0.7685487880070911,1049,0.8436606291706387,13.851286939942803,135,1.2110409476097583,0.15808333601261304,220.9394986994083,13.231258388924882,0.05497487411878066,885
refractory_1.2,110,jitter,20,1,1,2,0.3616056432650319,2.7894669383180393,0.9622531210397334,7268,1.0,1.9991744634012107,22,2.0825083812384033,0.6935601907751374,122.41114167267804,2.7518181977893317,0.0466492611730468,7268
refractory_1.2,110,jitter,20,2,1,2,0.4564762189650015,2.0249559934363592,0.9610949080541878,4413,0.9918422841604351,3.2925447541355086,97,1.7634815320833024,0.4082399149573377,647.659097693443,13.098068683919639,0.020006117969315174,4377
refractory_1.2,110,jitter,20,10,1,2,0.7790697674418605,1.0697920386836073,0.7848153206605257,1279,0.8733385457388585,11.360437842064112,135,1.462202396981871,0.20705950573809156,427.12394736189344,20.15050343221549,0.07081948401280752,1117
refractory_1.2,110,jitter,80,1,1,7,0.1762041992589543,3.6708177749799145,0.9789199696488974,10698,1.0,1.3581977939801833,14,2.7871156750996438,1.3328286174735724,-61.78291732261141,-1.7130609285584795,0.03286541546784949,10698
refractory_1.2,110,jitter,80,7,1,7,0.475864690231851,1.9717695976343146,0.953972989837332,3484,0.981630309988519,4.170493685419059,123,1.7374415218574182,0.3861715264903399,574.2950840297298,13.483075878129004,0.011939146620578933,3420
refractory_1.2,110,jitter,80,10,1,7,0.48770277341705914,1.7229778917784322,0.9467214009133149,2604,0.9589093701996928,5.5798771121351765,134,1.718199270548828,0.35196992562655605,582.8041734730679,15.447810721152424,0.009243879855684978,2497
refractory_1.2,111,none,0,1,1,1,0.0,2.8453309688895136,0.8269482097614823,5951,1.0,2.4133759032095448,13,1.7595444751234606,0.5350445164836013,-730.6359612793638,-24.03459192563453,0.10506288684964665,5951
refractory_1.2,111,none,0,10,1,1,2.0356589147286823,1.146427137785103,0.8975469839729094,1082,0.8428835489833642,13.273567467652496,147,1.2457861665141596,0.1776475138156554,184.69444638948409,10.475822343447403,0.025025362845409127,912
refractory_1.2,111,shuffle,0,1,1,54,0.014551971326164875,7.063820162238034,0.983879258709631,14051,1.0,1.0221336559675467,4,5.758958675430284,3.8325481964910306,-18.219869515658132,-3.397303274972302,0.0018102192456125321,14051
refractory_1.2,111,shuffle,0,10,1,54,0.16391263057929725,4.860447578227037,0.9348922265561379,11365,1.0,1.2637043554773426,7,2.974151818809778,1.5669740413535984,-440.5760734259071,-20.054299858212836,0.04324894298574922,11365
refractory_1.2,111,shuffle,0,54,1,54,0.844311377245509,2.2541045031073934,0.8724848292004856,4033,1.0,3.5611207537813043,22,1.397437979287906,0.3294627124465951,-647.2910316469167,-23.346481694860252,0.13804444004001498,4033
refractory_1.2,111,jitter,4,1,1,2,0.4307208623399955,2.6068000928979345,0.9291062995074924,5838,0.9998287084618019,2.460089071599863,31,1.870523986950916,0.523063705304863,249.97105721268917,4.871373006444613,0.05672548755159723,5837
refractory_1.2,111,jitter,4,2,1,2,0.5619946091644205,1.6225891020502958,0.9778733522770735,3164,0.9791403286978508,4.539190897597977,61,1.5713185325213193,0.3036356727241104,537.2460447358319,13.489029715781399,0.022887954759632456,3098
refractory_1.2,111,jitter,4,10,1,2,1.5016666666666667,1.1475060593323871,0.8982561431888698,1085,0.8433179723502304,13.236866359447005,147,1.250169114676,0.17837266819620712,187.863884177358,10.599558409255533,0.025587423990118152,915
refractory_1.2,111,jitter,20,1,1,2,0.34862080425390496,2.9852017742917556,0.9390624625677771,7302,1.0,1.966858394960285,22,2.103063270870008,0.7101407693587134,118.67159985634761,2.544648098545837,0.0520220761927872,7302
refractory_1.2,111,jitter,20,2,1,2,0.4444444444444444,2.034464216811808,0.9754594592383169,4546,0.993620765508139,3.159260888693357,72,1.7802065513013172,0.4208517569028135,632.9735774771509,12.488144205790631,0.024125085378069122,4517
refractory_1.2,111,jitter,20,10,1,2,0.8105726872246696,1.2115127048167942,0.8925056744503446,1313,0.8705255140898706,10.938309215536938,144,1.4951897993938328,0.2310968347846571,374.86664707131695,16.65613463717797,0.047415336371079086,1143
refractory_1.2,111,jitter,80,1,1,7,0.17691012418438223,3.7559600010177663,0.9474406455361519,10519,1.0,1.3653389105428273,17,2.7748565295562297,1.3183325181054166,-38.76170567448437,-1.0256876745860435,0.03262485061008802,10519
refractory_1.2,111,jitter,80,7,1,7,0.4675665541807274,1.845295295748337,0.9594314437459242,3541,0.9839028523016097,4.055916407794409,130,1.746338927978341,0.3818707827682468,665.1844854239685,14.603152534599596,0.009187144928386681,3484
refractory_1.2,111,jitter,80,10,1,7,0.4603413654618474,1.699635647140703,0.9515070978877671,2663,0.9594442358242583,5.393165602703718,147,1.7537026892770964,0.3639829227442507,633.9462580641614,16.102963305821334,0.009441289977097811,2555
refractory_1.2,112,none,0,1,1,1,0.0,3.139431832408351,0.8314648262882717,5886,1.0,2.4580360176690452,15,1.7313011754554761,0.5222710147732643,-806.6801861300976,-27.134676515141685,0.11196965220164845,5886
refractory_1.2,112,none,0,10,1,1,2.3694581280788176,1.102067447174561,0.8565855750009628,1030,0.8339805825242719,14.046601941747573,166,1.2373674958206333,0.1701016317536138,195.2039313296116,11.539181888236172,0.03495146130224036,859
refractory_1.2,112,shuffle,0,1,1,54,0.01566951566951567,6.38750332187406,0.9876450898703091,14139,1.0,1.0232689723459933,3,5.699236899937935,3.7836368423066142,-15.110268760444427,-2.8969767495046232,0.0016211949393820646,14139
refractory_1.2,112,shuffle,0,10,1,54,0.1649612699627044,4.669566264431072,0.9376592199144392,11317,1.0,1.2784306795087037,8,2.9378148971807203,1.5242194513147087,-393.7813776637653,-16.805671646972097,0.041333104198053805,11317
refractory_1.2,112,shuffle,0,54,1,54,0.8504672897196262,2.510993578148681,0.8500123991878653,4096,1.0,3.5322265625,23,1.4009689783797317,0.3326741974477242,-675.3270705393214,-24.797525565056212,0.1396275907071764,4096
refractory_1.2,112,jitter,4,1,1,1,0.47058823529411764,2.5092547390367193,0.9470681532684591,5728,0.9998254189944135,2.5258379888268156,32,1.8308088275649066,0.5053660749588536,149.92310812502248,3.1365982440733142,0.06253893184673909,5727
refractory_1.2,112,jitter,4,10,1,1,1.6021314387211367,1.1020482879164415,0.8564967609416415,1031,0.8341416100872939,14.032977691561591,166,1.2392259079163512,0.17035138343717993,196.6647333923653,11.596546080497253,0.03515608907870971,860
refractory_1.2,112,jitter,20,1,1,2,0.3566889919285592,2.8890013697461003,0.9602494607312266,7181,1.0,2.014761175323771,29,2.0653491043279626,0.6858473583902267,63.84374914763936,1.4085001475557875,0.05434568131914175,7181
refractory_1.2,112,jitter,20,2,1,2,0.48649487736727726,2.075757749909921,0.954855737683878,4323,0.993060374739764,3.3467499421697897,51,1.7169964370981798,0.3897233875358801,563.3620130710418,12.139665742230823,0.020728386505631913,4293
refractory_1.2,112,jitter,20,10,1,2,0.8687943262411347,1.144617610732622,0.8424602290734259,1244,0.864951768488746,11.630225080385852,164,1.4693639684623694,0.21732167944474462,374.5250078151647,17.55666124047179,0.05083634503584983,1076
refractory_1.2,112,jitter,80,1,1,7,0.17996425943445812,3.767230508742497,0.9659010282118373,10517,1.0,1.37567747456499,13,2.7534658778177157,1.2979706026605937,-33.87474930807946,-0.9870659610516469,0.030828654349302043,10517
refractory_1.2,112,jitter,80,7,1,7,0.4925373134328358,1.891015866812135,0.9445038725911953,3382,0.9793021880544057,4.277942046126553,156,1.7215252016341314,0.37790400307735483,555.6192857876483,13.050043364524257,0.014916336641313976,3312
refractory_1.2,112,jitter,80,10,1,7,0.4861111111111111,1.8045479440859276,0.9069254859499132,2542,0.9571203776553895,5.6915814319433515,164,1.7327055963462197,0.36000956302146314,561.4339194406815,15.395861561065427,0.00959882383254429,2433
refractory_1.2,113,none,0,1,1,1,0.0,2.921991731818868,0.7692078041171884,5995,1.0,2.4146788990825687,14,1.7587164354366767,0.5346627886572553,-738.473483391634,-24.564248461135595,0.10630340724488574,5995
refractory_1.2,113,none,0,10,1,1,1.92,1.1447525117511885,0.9284337818066772,1071,0.8412698412698413,13.516339869281046,142,1.27977662142637,0.18171456261538665,209.05902162053624,11.833778501024987,0.04545265801827297,901
refractory_1.2,113,shuffle,0,1,1,54,0.015519327970385136,6.877583513612131,0.9738513992324953,14151,1.0,1.0229665748003676,3,5.708056020276834,3.7964222023538694,-22.643159149349458,-5.281334111380055,0.0019505407142286213,14151
refractory_1.2,113,shuffle,0,10,1,54,0.15949632738719832,4.225991904085429,0.9690563082199851,11397,1.0,1.2701588137229096,10,2.957924392708245,1.5478872367591325,-422.04686567859545,-17.765651875462616,0.04292290056912518,11397
refractory_1.2,113,shuffle,0,54,1,54,0.8861660079051383,2.5152841730852376,0.8618696750331137,4024,1.0,3.5974155069582503,28,1.3860848121128004,0.32551455745331503,-665.1580951868406,-23.771447486050672,0.14339118753374303,4024
refractory_1.2,113,jitter,4,1,1,2,0.4531215530553717,2.535485576982643,0.954614815555072,5893,0.9998303071440693,2.4564737824537586,36,1.861773862199934,0.5243035510636445,173.9729251226406,3.5841458233835493,0.060052581512042846,5892
refractory_1.2,113,jitter,4,2,1,2,0.5394560855996433,1.6447097785104245,0.9660811677855783,3183,0.976751492302859,4.547910775997487,69,1.5916925805817268,0.31398161581937734,527.2724855164864,12.724297007357952,0.025146237074130717,3109
refractory_1.2,113,jitter,4,10,1,2,1.4413680781758957,1.1464743650653666,0.9271381309112813,1074,0.8417132216014898,13.478584729981378,142,1.2841378173206177,0.18245972506995783,212.25638245947465,11.96322231500519,0.04681283079445053,904
refractory_1.2,113,jitter,20,1,1,2,0.34599797365754814,2.935774350125954,0.9449252858153259,7245,1.0,1.9980676328502416,20,2.0880983330124483,0.6941147528990963,160.22600570640608,3.650623997188287,0.045390611719819396,7245
refractory_1.2,113,jitter,20,2,1,2,0.4133811230585424,1.9983228900666095,0.9597764904633599,4468,0.9921665174574754,3.2399283795881826,90,1.7822428632097154,0.41609831260083496,682.6909702436086,13.302399687341365,0.01986368433759178,4433
refractory_1.2,113,jitter,20,10,1,2,0.8222958057395143,1.2373213529785327,0.8849494954985078,1310,0.8702290076335878,11.050381679389313,142,1.526341856249756,0.23770739522586526,394.94328578217863,18.079660839034062,0.05679059826103311,1140
refractory_1.2,113,jitter,80,1,1,7,0.18504672897196262,3.6792291888695834,0.9608841407095056,10608,1.0,1.364630467571644,16,2.7648741546026567,1.3197545281104461,-113.33280037455972,-3.360522960946506,0.03419627406153081,10608
refractory_1.2,113,jitter,80,7,1,7,0.4413556740289414,1.911643913875379,0.9665656805015014,3470,0.9789625360230547,4.171757925072046,121,1.764948529146663,0.3939455615173859,628.63372360758,14.20199419737877,0.00784776585098279,3397
refractory_1.2,113,jitter,80,10,1,7,0.48291687914329423,1.710996221508283,0.9682696893273143,2616,0.9571865443425076,5.533639143730887,141,1.7543150753027472,0.3680415981799757,595.93834028052,15.210244796671672,0.012532950265576992,2504
refractory_1.2,114,none,0,1,1,1,0.0,2.682291996769371,0.8158018044254197,5993,1.0,2.4196562656432503,12,1.7577223576073688,0.5332097287613291,-730.240665784318,-24.252371892605414,0.10614155703736355,5993
refractory_1.2,114,none,0,10,1,1,2.1283987915407856,1.0699235019597977,0.8975871384833896,1088,0.8336397058823529,13.328125,115,1.2577775176674546,0.17148317418903886,226.55978228280924,12.608863226355922,0.04377327352779614,907
refractory_1.2,114,shuffle,0,1,1,54,0.01546355020309271,7.194845957158487,0.9602882982101134,14157,1.0,1.0242989333898425,3,5.631331384863914,3.741331234174506,-28.95640597899339,-7.386850145843072,0.0023153399030886312,14157
refractory_1.2,114,shuffle,0,10,1,54,0.16473184303943203,4.144844022223697,0.9378182942132729,11349,1.0,1.27773372103269,6,2.9346839041030517,1.5261804405701174,-425.6445344115218,-18.666335397669855,0.043266132357222875,11349
refractory_1.2,114,shuffle,0,54,1,54,0.8581818181818182,2.456802731651629,0.8495197241261288,4065,1.0,3.567281672816728,26,1.3908681648006596,0.32878586896271433,-683.4342706552454,-25.144423433125027,0.14467196670272586,4065
refractory_1.2,114,jitter,4,1,1,2,0.4510359869138495,2.590118030968046,0.9337998534349063,5883,0.9996600373958865,2.4648988611252762,31,1.8669582839928633,0.5230650751604269,225.55763594671143,4.486397310330096,0.053159499461209014,5881
refractory_1.2,114,jitter,4,2,1,2,0.5613103142983621,1.6290367466983933,0.9759527751012483,3201,0.9796938456732271,4.5301468291159015,80,1.5755213734452855,0.30414435489467806,557.5728621656999,13.957710728280036,0.01972668320543669,3136
refractory_1.2,114,jitter,4,10,1,2,1.7279874213836477,1.0714096029663425,0.8970527681975347,1093,0.8344007319304666,13.26715462031107,115,1.2635206993857988,0.17255510380026634,230.57469836501906,12.751440058525803,0.044833632791402844,912
refractory_1.2,114,jitter,20,1,1,2,0.33986928104575165,2.982962185287939,0.9563404079827041,7415,1.0,1.9556304787592718,22,2.1105840728736016,0.7160965986124623,120.43103819301997,2.655111109310575,0.04816759423449202,7415
refractory_1.2,114,jitter,20,2,1,2,0.483768115942029,2.0078215410604794,0.9625012617878376,4513,0.9960115222690007,3.2131619765122976,60,1.7460186567557852,0.39722529664944095,681.5095118789488,13.844436661859916,0.0170974176633224,4495
refractory_1.2,114,jitter,20,10,1,2,0.8351769911504425,1.1281665238277576,0.8564058551760868,1306,0.8614088820826953,11.103369065849924,115,1.4970672527712825,0.22128203068484048,418.1076178459128,18.834681567880157,0.06430094911818862,1125
refractory_1.2,114,jitter,80,1,1,7,0.17504035512510088,3.8633106855374364,0.9652709380976328,10858,1.0,1.3355129858169092,10,2.826252375517937,1.3814100945393375,-146.87832409373766,-4.7589270236117995,0.03377658762704272,10858
refractory_1.2,114,jitter,80,7,1,7,0.453318335208099,1.9249729915995022,0.9511100500504055,3551,0.9805688538439876,4.08363841171501,107,1.7518653914518278,0.3841211910568828,670.3839710014722,15.448471631034153,0.0060403404978136566,3482
refractory_1.2,114,jitter,80,10,1,7,0.5083713850837138,1.6996941241587407,0.9630409785613638,2627,0.953939855348306,5.5199847735059,115,1.7221252287887925,0.35329367434778824,588.9773568321529,15.423105101626083,0.008104135510852428,2506
refractory_1.2,115,none,0,1,1,1,0.0,2.6432353834842144,0.8481731501817484,5974,1.0,2.434214931369267,14,1.7449067196952708,0.5290055799967877,-784.1297497900468,-26.079252358739218,0.11227713327209488,5974
refractory_1.2,115,none,0,10,1,1,2.3577371048252913,1.0661444798555122,0.866646329977973,1029,0.8396501457725948,14.132167152575315,165,1.208999101445377,0.1639433737030317,187.76951643547926,11.20026141793088,0.03619540868050608,864
refractory_1.2,115,shuffle,0,1,1,54,0.01593625498007968,7.190584180651904,0.9583667852596672,14186,1.0,1.02509516424644,3,5.589488470377068,3.7098655623579697,-30.8728482036168,-7.775224415763548,0.0024466183947278175,14186
refractory_1.2,115,shuffle,0,10,1,54,0.16468235070006668,4.67889298263317,0.9321848401312198,11394,1.0,1.2762857644374233,7,2.9390266846933972,1.5302736836727013,-426.5381233457682,-18.656444163745743,0.04337024120930699,11394
refractory_1.2,115,shuffle,0,54,1,54,0.8746019108280255,2.6529814967094985,0.8723387230241644,4039,1.0,3.600396137657836,27,1.381288680219095,0.32519447345812746,-692.1844486230178,-25.49149751849455,0.1387285224218155,4039
refractory_1.2,115,jitter,4,1,1,2,0.4592493892960249,2.4772565097486874,0.9408612325359731,5832,0.9994855967078189,2.4934842249657065,41,1.8568338713946293,0.5171477608173229,214.1305857240119,4.101140713232711,0.0569439542161857,5829
refractory_1.2,115,jitter,4,2,1,2,0.5892531876138434,1.670061567308503,0.9720984789373852,3161,0.9769060423916482,4.600442897817146,72,1.5690053139287041,0.30710060146461204,490.8015193585592,12.449224832604397,0.027027897872388518,3088
refractory_1.2,115,jitter,4,10,1,2,1.7848537005163512,1.0666469277075765,0.8666386440619782,1031,0.8399612027158099,14.104752667313289,165,1.2120250309094285,0.164391174751171,189.98888264688597,11.285910974260448,0.03636638824964955,866
refractory_1.2,115,jitter,20,1,1,2,0.3703204047217538,2.9270544572343753,0.9599917669485916,7209,1.0,2.0172007213205716,26,2.0719653776136884,0.6846562875494311,128.33247056192332,2.6323430130121315,0.053827156002765775,7209
refractory_1.2,115,jitter,20,2,1,2,0.4724148326801326,2.030588466324146,0.9633519199919875,4397,0.9927223106663634,3.307254946554469,85,1.7541371462619022,0.4048667189776932,627.2298117712436,12.79709927852861,0.022835526738084533,4365
refractory_1.2,115,jitter,20,10,1,2,0.8112773302646721,1.1486134482370334,0.8591198310435795,1273,0.8711704634721131,11.423409269442262,165,1.471795325369774,0.21885890520345436,382.65519002448275,17.39627511671353,0.043619219664837505,1109
refractory_1.2,115,jitter,80,1,1,7,0.18490049489312416,3.392984067630416,0.9803886142174539,10497,1.0,1.3853481947223016,18,2.7384037607020435,1.2795594637174088,-1.0646630501839667,-0.024798147780419385,0.03369137688695423,10497
refractory_1.2,115,jitter,80,7,1,7,0.4681692368525109,2.0473191228153533,0.9476801382251401,3412,0.9786049237983587,4.262016412661196,139,1.7474020900686238,0.39422314099980293,537.4131366336558,13.081243192325639,0.01182424460223741,3339
refractory_1.2,115,jitter,80,10,1,7,0.5106609808102346,1.7785396719845725,0.9241455047107853,2528,0.9588607594936709,5.752373417721519,163,1.7074753845336463,0.34899239006618843,550.680399067356,15.233025906558613,0.00526667652346402,2424
refractory_1.2,116,none,0,1,1,1,0.0,2.807687089706307,0.8257744465864321,5805,1.0,2.4978466838931954,15,1.7205539069543132,0.5113987591839437,-760.6148833186475,-25.377436018222564,0.11140021969391994,5805
refractory_1.2,116,none,0,10,1,1,2.1294117647058823,1.1288310493095537,0.8615373098560046,1038,0.8285163776493256,13.96917148362235,158,1.2743989529304738,0.1782953753022951,206.96630437307087,12.193549538966204,0.03530031981218629,860
refractory_1.2,116,shuffle,0,1,1,54,0.017955112219451373,6.787770916721622,0.9843618368802669,14135,1.0,1.0258224266006368,4,5.570914352268007,3.682006574826162,-12.58601960733526,-1.9116520148690557,0.001727536004664909,14135
refractory_1.2,116,shuffle,0,10,1,54,0.16159695817490494,4.811800547879538,0.9313225109915968,11411,1.0,1.2707037069494347,7,2.9585026699882686,1.546301235490092,-409.5408233200243,-18.50362396937844,0.041161275475004255,11411
refractory_1.2,116,shuffle,0,54,1,54,0.8538338658146964,2.6118064152154297,0.8551195015669858,4049,1.0,3.5811311434922204,26,1.3929445304642218,0.3272743475762637,-649.9939230734223,-23.686681335081968,0.13731701591399148,4049
refractory_1.2,116,jitter,4,1,1,1,0.45643633002079964,2.494320538732378,0.95601313335749,5727,0.999650777021128,2.531866596822071,36,1.8394887061684901,0.5053186228506421,213.93000963574326,4.267351232180049,0.058836259613140984,5725
refractory_1.2,116,jitter,4,10,1,1,1.7262103505843072,1.1288391117230399,0.861487070077264,1039,0.8286814244465832,13.95572666025024,158,1.2762475359611205,0.17855237245688305,208.44484689265985,12.251516887601577,0.035532600110350865,861
refractory_1.2,116,jitter,20,1,1,2,0.3576124567474048,2.9633729821033628,0.9489649055845741,7151,0.9998601594182632,2.02768843518389,32,2.063654793007016,0.6816022284184824,92.97562223167543,1.9852354947005226,0.05187272890341066,7150
refractory_1.2,116,jitter,20,2,1,2,0.46676829268292686,1.9397388275071328,0.9619049743952192,4358,0.9933455713630106,3.3272143184947223,66,1.7365585143682605,0.3913857158973467,664.5219760057063,13.603733313307059,0.014856414256079642,4329
refractory_1.2,116,jitter,20,10,1,2,0.8755506607929515,1.197030444397794,0.8674802956656031,1261,0.8596352101506741,11.498810467882633,158,1.5177878272617367,0.2323906255752693,385.43285090295194,17.979204540684094,0.054232395302965586,1084
refractory_1.2,116,jitter,80,1,1,7,0.18106521283287902,3.7233234686598085,0.9650698648808799,10571,1.0,1.3716772301579794,11,2.7517390134091766,1.3057637088502143,-100.3577479970404,-2.967033567735795,0.03567256220914117,10571
refractory_1.2,116,jitter,80,7,1,7,0.4755804643714972,1.971175644977342,0.958167745798604,3366,0.9800950683303624,4.307783719548426,153,1.7258736394954841,0.3809869807306253,546.4357343128148,13.238682798680491,0.011121615030340037,3299
refractory_1.2,116,jitter,80,10,1,7,0.5297326786688489,1.664826063495271,0.9663402315110019,2480,0.9560483870967742,5.846774193548387,154,1.6937348872127753,0.3416104744570937,544.0376468789049,14.635775123567681,0.005620410330282266,2371
refractory_1.2,117,none,0,1,1,1,0.0,2.9109691816476815,0.8155209639608776,6003,1.0,2.4182908545727138,13,1.7607439130204323,0.5336075328201983,-711.6677364646597,-23.44565348635945,0.1034323420304048,6003
refractory_1.2,117,none,0,10,1,1,2.1578947368421053,1.1377791534138733,0.9009784065767983,1104,0.8460144927536232,13.14945652173913,145,1.2337898484334158,0.17530642813639113,183.68093775473542,10.548163087354835,0.0255502342404621,934
refractory_1.2,117,shuffle,0,1,1,54,0.0148021633931113,7.019375965295132,0.9671874878706944,14179,1.0,1.023838070385782,3,5.657806709039436,3.7600297599784067,-26.33015481241128,-6.399938588975246,0.0021658619279176783,14179
refractory_1.2,117,shuffle,0,10,1,54,0.15900491865304578,4.609450064704687,0.9328535722724811,11461,1.0,1.266643399354332,7,2.9731674606971357,1.558213505175011,-397.4076415368738,-17.366644981980834,0.04096637971948214,11461
refractory_1.2,117,shuffle,0,54,1,54,0.8537828302626421,2.419523611531306,0.877713811464639,4044,0.9997527200791295,3.5897626112759644,33,1.3966392915799641,0.3271269724299779,-625.2811659254272,-22.23402153319472,0.13739702630561862,4043
refractory_1.2,117,jitter,4,1,1,2,0.43937389770723106,2.475356624061822,0.9610535520633038,5896,1.0,2.4621777476255087,29,1.8758949859333622,0.5211179364275786,313.5608683929265,5.837563329433318,0.053892127301300996,5896
refractory_1.2,117,jitter,4,2,1,2,0.5532286212914486,1.6151478294683743,0.9480457013287675,3238,0.9805435453983941,4.483323038912909,74,1.5918778926452415,0.3080624857316424,598.7791720082372,14.468195852907103,0.02301050618127254,3175
refractory_1.2,117,jitter,4,10,1,2,1.6864,1.1393616605213892,0.8994871595685641,1108,0.8465703971119134,13.101985559566787,145,1.2375799487367214,0.1762036172205289,185.47246435479494,10.610461915888349,0.02575168031168562,938
refractory_1.2,117,jitter,20,1,1,2,0.361863124264335,2.986965916166353,0.9269857719912677,7260,1.0,1.9995867768595041,21,2.0791191222545837,0.6933538422911893,97.67169242167654,2.177456967583552,0.051349238649493256,7260
refractory_1.2,117,jitter,20,2,1,2,0.44831625183016105,2.00903205401939,0.9584515336210865,4549,0.9934051439876896,3.1912508243570015,66,1.7799791969458933,0.41565718439388843,687.1823526792706,13.674464176897393,0.01918820968570656,4519
refractory_1.2,117,jitter,20,10,1,2,0.8639240506329114,1.2098042725536078,0.8731733401338495,1359,0.8749080206033848,10.682119205298013,145,1.5010672762030577,0.2332253101480935,389.7896146755088,17.18740013581013,0.04120542858044862,1189
refractory_1.2,117,jitter,80,1,1,7,0.18066236029939506,3.969713817224632,0.957192554014965,10715,1.0,1.3548296780214653,11,2.779837064091618,1.3397931324130576,-156.92806501104656,-5.142325806640138,0.03513431022155855,10715
refractory_1.2,117,jitter,80,7,1,7,0.44285714285714284,1.869003887406174,0.9837849871371234,3641,0.9829717110683878,3.987091458390552,117,1.7764947866432639,0.3978498184752062,682.2395333166538,14.700181346193393,0.007814705754013773,3579
refractory_1.2,117,jitter,80,10,1,7,0.47368421052631576,1.7957507829732815,0.967603489428739,2745,0.9584699453551913,5.288524590163934,143,1.7772531521737047,0.38647394333300267,579.435686966985,14.349708776850111,0.00476014365369315,2631
refractory_1.2,118,none,0,1,1,1,0.0,2.8269904949446607,0.8347121226369121,5649,1.0,2.56523278456364,16,1.692979737348848,0.49401193630595686,-761.5968400872523,-25.30986398778926,0.11101147738494216,5649
refractory_1.2,118,none,0,10,1,1,2.326171875,1.1082987674304545,0.8902871916915269,912,0.8037280701754386,15.889254385964913,161,1.1890313769846745,0.16356757869419736,139.99505799563482,9.237280358632603,0.02425119303268153,733
refractory_1.2,118,shuffle,0,1,1,54,0.01688274683003277,6.453516632405125,0.9831589271083181,14143,1.0,1.0246058120625043,3,5.624365867387224,3.7290805662714464,-19.926494135835114,-3.934537855057489,0.0019121291337367285,14143
refractory_1.2,118,shuffle,0,10,1,54,0.16158940397350993,4.44468805667819,0.9112169597138241,11421,1.0,1.2688030820418528,6,2.9685607647188004,1.5518502054646812,-384.5199924297855,-17.350546989577087,0.03975553937597587,11421
refractory_1.2,118,shuffle,0,54,1,54,0.8598996526437669,2.4767059356249077,0.8631830799679221,4099,1.0,3.535252500609905,23,1.4029019692443239,0.3323349726088267,-660.0522103673061,-23.522062725406823,0.1357076317423458,4099
refractory_1.2,118,jitter,4,1,1,1,0.49144254278728605,2.46254677512012,0.9575851439022254,5450,0.9987155963302752,2.6588990825688072,41,1.7937807313728893,0.48142321367524066,140.32536967377013,2.8376428505982827,0.06474871697767104,5443
refractory_1.2,118,jitter,4,10,1,1,1.8085539714867618,1.1082987674304545,0.8902871916915269,912,0.8037280701754386,15.889254385964913,161,1.1890313769846745,0.16356757869419736,139.99505799563482,9.237280358632603,0.02425119303268153,733
refractory_1.2,118,jitter,20,1,1,2,0.37969252770825884,2.8360731890917115,0.9525578726848191,6920,0.9998554913294798,2.0940751445086705,33,2.0260633389284504,0.6511583041019244,105.0686856223954,2.263887165159603,0.05265210985334645,6919
refractory_1.2,118,jitter,20,2,1,2,0.47611202635914335,1.910999148183858,0.9741828045736822,4091,0.9904668785138108,3.5421657296504523,62,1.7076875186256775,0.3754606686995554,629.3824010522801,13.395046943150074,0.018169878143953433,4052
refractory_1.2,118,jitter,20,10,1,2,0.9612817089452603,1.1769293399202791,0.8791562268828103,1102,0.838475499092559,13.149727767695099,161,1.4373771970800586,0.213202251356511,294.74011423722624,15.065698638479214,0.053073035144117764,924
refractory_1.2,118,jitter,80,1,1,6,0.19652061855670103,3.718010040900558,0.9652807215849246,10338,1.0,1.401721803056684,17,2.6946550092335233,1.2496968024151682,-74.86910705465594,-2.009694632283729,0.03660665283064435,10338
refractory_1.2,118,jitter,80,6,1,6,0.46789667896678966,1.9716436215246285,0.9651226469582339,3620,0.9828729281767956,4.003038674033149,152,1.7429314174433177,0.39312556375188135,561.1047513273588,12.71405597167011,0.018100278631244526,3558
refractory_1.2,118,jitter,80,10,1,6,0.5008923259964307,1.7175481526494993,0.9477292976156222,2327,0.9484314568113451,6.227331327889987,159,1.7010713611492942,0.34913765957079923,481.15063014766713,13.327877722308925,0.005571420033418373,2207
refractory_1.2,119,none,0,1,1,1,0.0,2.64772002263845,0.82868697825527,5922,1.0,2.448665991219183,12,1.739149587995131,0.5248990302305894,-778.0157607892497,-26.185815977787286,0.11157598192801266,5922
refractory_1.2,119,none,0,10,1,1,2.417094017094017,1.0847721757304447,0.8939859928473374,1002,0.8203592814371258,14.472055888223553,173,1.1567881680513015,0.15629790732045296,150.03865714338667,9.748475788414044,0.03323605484506098,822
refractory_1.2,119,shuffle,0,1,1,53,0.01744765702891326,7.009209212771616,0.9647346775362314,14148,1.0,1.024950523042126,3,5.598522238958273,3.71550483461459,-28.82640380704631,-6.917001762262466,0.002346406315119065,14148
refractory_1.2,119,shuffle,0,10,1,53,0.16040696015974137,4.196155600385134,0.9400041540456866,11400,1.0,1.272017543859649,6,2.9590834252976936,1.5424929724474392,-382.59989173597313,-17.053655231311033,0.03978337668729537,11400
refractory_1.2,119,shuffle,0,53,1,53,0.8507972665148064,2.2829347118924943,0.8643974231270051,4092,1.0,3.5437438905180842,21,1.4053693660487756,0.3313866882470673,-632.5545924070824,-22.6249842784608,0.1327993832149263,4092
refractory_1.2,119,jitter,4,1,1,2,0.46256092157731504,2.524767599296775,0.9617418514600132,5807,0.9998277940416739,2.4971586016876186,31,1.8498481233056605,0.5128993552064214,208.82551967740162,4.29748301630113,0.05737796656607663,5806
refractory_1.2,119,jitter,4,2,1,2,0.5958314454009969,1.6196145336947547,0.9689755001300426,3094,0.9783451842275371,4.686813186813187,71,1.547923174011844,0.2952579895773513,506.2242393271537,13.036007282527185,0.021238823593072664,3027
refractory_1.2,119,jitter,4,10,1,2,1.99288256227758,1.0870346294244047,0.8965805171436557,1005,0.8208955223880597,14.428855721393035,173,1.1611348106039738,0.15704411817605585,152.4453349877487,9.852881217963077,0.033799782952837365,825
refractory_1.2,119,jitter,20,1,1,2,0.36097560975609755,2.728982276739387,0.9689776131603531,7287,1.0,1.9899821600109784,19,2.0736904016498787,0.6981940178947839,6.303181442083083,0.1436185666930154,0.05979652949646985,7287
refractory_1.2,119,jitter,20,2,1,2,0.4855315260432531,2.05578956161546,0.9561902630462049,4401,0.992274483072029,3.2949329697795955,66,1.7370687720178406,0.40384141724370526,538.4613371887161,11.02074237996274,0.0335017752612749,4367
refractory_1.2,119,jitter,20,10,1,2,0.8623629719853837,1.161668982281093,0.8645529049108962,1240,0.8588709677419355,11.694354838709678,172,1.4185539433947394,0.20671394991860598,340.65392893774765,16.6186554576905,0.06454785837747151,1065
refractory_1.2,119,jitter,80,1,1,7,0.17676245606781063,3.7469474273000705,0.9760493842225495,10665,1.0,1.3596812001875294,12,2.7764704667768694,1.3297874555445572,-108.78767530263588,-3.281941448257637,0.03399932918055015,10665
refractory_1.2,119,jitter,80,7,1,7,0.5233537519142419,2.031054048934265,0.9297885577075194,3501,0.9797200799771494,4.141959440159955,165,1.7164655219268017,0.3856966823726652,482.7742508432747,11.477428729508793,0.02315448521040353,3430
refractory_1.2,119,jitter,80,10,1,7,0.5297906602254429,1.7116787585150401,0.975308647083209,2592,0.9575617283950617,5.594521604938271,165,1.6795128868589035,0.34612325085591344,488.73128340275565,12.925152744811516,0.00954265080015404,2482
